resource_id,benchmark,unit_id,source_root_id,in_frozen_v3,selected_R5,pool_size,sample_size,inclusion_probability,design_weight
M10,CPV-MedQA,M10:medqa_00003:variant_08,medqa_00003,False,True,4691,450,0.09592837348113409,10.424444444444445
M10,CPV-MedQA,M10:medqa_00006:variant_00,medqa_00006,True,True,4691,450,0.09592837348113409,10.424444444444445
M10,CPV-MedQA,M10:medqa_00012:variant_04,medqa_00012,False,True,4691,450,0.09592837348113409,10.424444444444445
M10,CPV-MedQA,M10:medqa_00015:variant_09,medqa_00015,False,True,4691,450,0.09592837348113409,10.424444444444445
M10,CPV-MedQA,M10:medqa_00018:variant_04,medqa_00018,False,True,4691,450,0.09592837348113409,10.424444444444445
M10,CPV-MedQA,M10:medqa_00020:variant_05,medqa_00020,False,True,4691,450,0.09592837348113409,10.424444444444445
M10,CPV-MedQA,M10:medqa_00020:variant_07,medqa_00020,False,True,4691,450,0.09592837348113409,10.424444444444445
M10,CPV-MedQA,M10:medqa_00026:variant_01,medqa_00026,True,True,4691,450,0.09592837348113409,10.424444444444445
M10,CPV-MedQA,M10:medqa_00026:variant_02,medqa_00026,True,True,4691,450,0.09592837348113409,10.424444444444445
M10,CPV-MedQA,M10:medqa_00028:variant_01,medqa_00028,False,True,4691,450,0.09592837348113409,10.424444444444445
M10,CPV-MedQA,M10:medqa_00032:variant_06,medqa_00032,True,True,4691,450,0.09592837348113409,10.424444444444445
M10,CPV-MedQA,M10:medqa_00036:variant_09,medqa_00036,False,True,4691,450,0.09592837348113409,10.424444444444445
M10,CPV-MedQA,M10:medqa_00038:variant_03,medqa_00038,False,True,4691,450,0.09592837348113409,10.424444444444445
M10,CPV-MedQA,M10:medqa_00042:variant_07,medqa_00042,True,True,4691,450,0.09592837348113409,10.424444444444445
M10,CPV-MedQA,M10:medqa_00047:variant_04,medqa_00047,False,True,4691,450,0.09592837348113409,10.424444444444445
M10,CPV-MedQA,M10:medqa_00048:variant_08,medqa_00048,False,True,4691,450,0.09592837348113409,10.424444444444445
M10,CPV-MedQA,M10:medqa_00049:variant_02,medqa_00049,False,True,4691,450,0.09592837348113409,10.424444444444445
M10,CPV-MedQA,M10:medqa_00049:variant_03,medqa_00049,False,True,4691,450,0.09592837348113409,10.424444444444445
M10,CPV-MedQA,M10:medqa_00050:variant_00,medqa_00050,False,True,4691,450,0.09592837348113409,10.424444444444445
M10,CPV-MedQA,M10:medqa_00050:variant_02,medqa_00050,False,True,4691,450,0.09592837348113409,10.424444444444445
M10,CPV-MedQA,M10:medqa_00053:variant_05,medqa_00053,False,True,4691,450,0.09592837348113409,10.424444444444445
M10,CPV-MedQA,M10:medqa_00054:variant_03,medqa_00054,True,True,4691,450,0.09592837348113409,10.424444444444445
M10,CPV-MedQA,M10:medqa_00057:variant_07,medqa_00057,False,True,4691,450,0.09592837348113409,10.424444444444445
M10,CPV-MedQA,M10:medqa_00058:variant_04,medqa_00058,False,True,4691,450,0.09592837348113409,10.424444444444445
M10,CPV-MedQA,M10:medqa_00065:variant_04,medqa_00065,False,True,4691,450,0.09592837348113409,10.424444444444445
M10,CPV-MedQA,M10:medqa_00069:variant_04,medqa_00069,False,True,4691,450,0.09592837348113409,10.424444444444445
M10,CPV-MedQA,M10:medqa_00071:variant_02,medqa_00071,True,True,4691,450,0.09592837348113409,10.424444444444445
M10,CPV-MedQA,M10:medqa_00071:variant_03,medqa_00071,False,True,4691,450,0.09592837348113409,10.424444444444445
M10,CPV-MedQA,M10:medqa_00075:variant_05,medqa_00075,False,True,4691,450,0.09592837348113409,10.424444444444445
M10,CPV-MedQA,M10:medqa_00080:variant_03,medqa_00080,False,True,4691,450,0.09592837348113409,10.424444444444445
M10,CPV-MedQA,M10:medqa_00087:variant_00,medqa_00087,True,True,4691,450,0.09592837348113409,10.424444444444445
M10,CPV-MedQA,M10:medqa_00090:variant_05,medqa_00090,False,True,4691,450,0.09592837348113409,10.424444444444445
M10,CPV-MedQA,M10:medqa_00090:variant_08,medqa_00090,False,True,4691,450,0.09592837348113409,10.424444444444445
M10,CPV-MedQA,M10:medqa_00093:variant_08,medqa_00093,False,True,4691,450,0.09592837348113409,10.424444444444445
M10,CPV-MedQA,M10:medqa_00095:variant_02,medqa_00095,True,True,4691,450,0.09592837348113409,10.424444444444445
M10,CPV-MedQA,M10:medqa_00096:variant_08,medqa_00096,False,True,4691,450,0.09592837348113409,10.424444444444445
M10,CPV-MedQA,M10:medqa_00098:variant_03,medqa_00098,False,True,4691,450,0.09592837348113409,10.424444444444445
M10,CPV-MedQA,M10:medqa_00098:variant_04,medqa_00098,True,True,4691,450,0.09592837348113409,10.424444444444445
M10,CPV-MedQA,M10:medqa_00103:variant_05,medqa_00103,True,True,4691,450,0.09592837348113409,10.424444444444445
M10,CPV-MedQA,M10:medqa_00105:variant_06,medqa_00105,True,True,4691,450,0.09592837348113409,10.424444444444445
M10,CPV-MedQA,M10:medqa_00110:variant_03,medqa_00110,False,True,4691,450,0.09592837348113409,10.424444444444445
M10,CPV-MedQA,M10:medqa_00110:variant_04,medqa_00110,False,True,4691,450,0.09592837348113409,10.424444444444445
M10,CPV-MedQA,M10:medqa_00117:variant_01,medqa_00117,False,True,4691,450,0.09592837348113409,10.424444444444445
M10,CPV-MedQA,M10:medqa_00121:variant_00,medqa_00121,False,True,4691,450,0.09592837348113409,10.424444444444445
M10,CPV-MedQA,M10:medqa_00131:variant_04,medqa_00131,False,True,4691,450,0.09592837348113409,10.424444444444445
M10,CPV-MedQA,M10:medqa_00132:variant_05,medqa_00132,False,True,4691,450,0.09592837348113409,10.424444444444445
M10,CPV-MedQA,M10:medqa_00134:variant_01,medqa_00134,False,True,4691,450,0.09592837348113409,10.424444444444445
M10,CPV-MedQA,M10:medqa_00137:variant_06,medqa_00137,True,True,4691,450,0.09592837348113409,10.424444444444445
M10,CPV-MedQA,M10:medqa_00141:variant_07,medqa_00141,False,True,4691,450,0.09592837348113409,10.424444444444445
M10,CPV-MedQA,M10:medqa_00143:variant_01,medqa_00143,True,True,4691,450,0.09592837348113409,10.424444444444445
M10,CPV-MedQA,M10:medqa_00148:variant_04,medqa_00148,True,True,4691,450,0.09592837348113409,10.424444444444445
M10,CPV-MedQA,M10:medqa_00150:variant_01,medqa_00150,False,True,4691,450,0.09592837348113409,10.424444444444445
M10,CPV-MedQA,M10:medqa_00150:variant_04,medqa_00150,False,True,4691,450,0.09592837348113409,10.424444444444445
M10,CPV-MedQA,M10:medqa_00153:variant_03,medqa_00153,True,True,4691,450,0.09592837348113409,10.424444444444445
M10,CPV-MedQA,M10:medqa_00155:variant_01,medqa_00155,False,True,4691,450,0.09592837348113409,10.424444444444445
M10,CPV-MedQA,M10:medqa_00158:variant_01,medqa_00158,False,True,4691,450,0.09592837348113409,10.424444444444445
M10,CPV-MedQA,M10:medqa_00158:variant_03,medqa_00158,False,True,4691,450,0.09592837348113409,10.424444444444445
M10,CPV-MedQA,M10:medqa_00158:variant_04,medqa_00158,False,True,4691,450,0.09592837348113409,10.424444444444445
M10,CPV-MedQA,M10:medqa_00170:variant_01,medqa_00170,False,True,4691,450,0.09592837348113409,10.424444444444445
M10,CPV-MedQA,M10:medqa_00172:variant_00,medqa_00172,False,True,4691,450,0.09592837348113409,10.424444444444445
M10,CPV-MedQA,M10:medqa_00172:variant_01,medqa_00172,False,True,4691,450,0.09592837348113409,10.424444444444445
M10,CPV-MedQA,M10:medqa_00172:variant_03,medqa_00172,False,True,4691,450,0.09592837348113409,10.424444444444445
M10,CPV-MedQA,M10:medqa_00178:variant_00,medqa_00178,False,True,4691,450,0.09592837348113409,10.424444444444445
M10,CPV-MedQA,M10:medqa_00178:variant_03,medqa_00178,True,True,4691,450,0.09592837348113409,10.424444444444445
M10,CPV-MedQA,M10:medqa_00189:variant_05,medqa_00189,False,True,4691,450,0.09592837348113409,10.424444444444445
M10,CPV-MedQA,M10:medqa_00194:variant_04,medqa_00194,True,True,4691,450,0.09592837348113409,10.424444444444445
M10,CPV-MedQA,M10:medqa_00198:variant_05,medqa_00198,False,True,4691,450,0.09592837348113409,10.424444444444445
M10,CPV-MedQA,M10:medqa_00201:variant_08,medqa_00201,False,True,4691,450,0.09592837348113409,10.424444444444445
M10,CPV-MedQA,M10:medqa_00211:variant_04,medqa_00211,False,True,4691,450,0.09592837348113409,10.424444444444445
M10,CPV-MedQA,M10:medqa_00214:variant_05,medqa_00214,False,True,4691,450,0.09592837348113409,10.424444444444445
M10,CPV-MedQA,M10:medqa_00215:variant_02,medqa_00215,False,True,4691,450,0.09592837348113409,10.424444444444445
M10,CPV-MedQA,M10:medqa_00226:variant_02,medqa_00226,False,True,4691,450,0.09592837348113409,10.424444444444445
M10,CPV-MedQA,M10:medqa_00226:variant_03,medqa_00226,True,True,4691,450,0.09592837348113409,10.424444444444445
M10,CPV-MedQA,M10:medqa_00228:variant_03,medqa_00228,False,True,4691,450,0.09592837348113409,10.424444444444445
M10,CPV-MedQA,M10:medqa_00229:variant_09,medqa_00229,False,True,4691,450,0.09592837348113409,10.424444444444445
M10,CPV-MedQA,M10:medqa_00230:variant_05,medqa_00230,False,True,4691,450,0.09592837348113409,10.424444444444445
M10,CPV-MedQA,M10:medqa_00235:variant_02,medqa_00235,False,True,4691,450,0.09592837348113409,10.424444444444445
M10,CPV-MedQA,M10:medqa_00240:variant_04,medqa_00240,True,True,4691,450,0.09592837348113409,10.424444444444445
M10,CPV-MedQA,M10:medqa_00242:variant_07,medqa_00242,True,True,4691,450,0.09592837348113409,10.424444444444445
M10,CPV-MedQA,M10:medqa_00245:variant_06,medqa_00245,True,True,4691,450,0.09592837348113409,10.424444444444445
M10,CPV-MedQA,M10:medqa_00246:variant_02,medqa_00246,False,True,4691,450,0.09592837348113409,10.424444444444445
M10,CPV-MedQA,M10:medqa_00251:variant_02,medqa_00251,False,True,4691,450,0.09592837348113409,10.424444444444445
M10,CPV-MedQA,M10:medqa_00254:variant_00,medqa_00254,False,True,4691,450,0.09592837348113409,10.424444444444445
M10,CPV-MedQA,M10:medqa_00260:variant_05,medqa_00260,False,True,4691,450,0.09592837348113409,10.424444444444445
M10,CPV-MedQA,M10:medqa_00260:variant_08,medqa_00260,False,True,4691,450,0.09592837348113409,10.424444444444445
M10,CPV-MedQA,M10:medqa_00260:variant_09,medqa_00260,True,True,4691,450,0.09592837348113409,10.424444444444445
M10,CPV-MedQA,M10:medqa_00262:variant_04,medqa_00262,False,True,4691,450,0.09592837348113409,10.424444444444445
M10,CPV-MedQA,M10:medqa_00267:variant_00,medqa_00267,False,True,4691,450,0.09592837348113409,10.424444444444445
M10,CPV-MedQA,M10:medqa_00268:variant_02,medqa_00268,False,True,4691,450,0.09592837348113409,10.424444444444445
M10,CPV-MedQA,M10:medqa_00269:variant_04,medqa_00269,True,True,4691,450,0.09592837348113409,10.424444444444445
M10,CPV-MedQA,M10:medqa_00275:variant_03,medqa_00275,False,True,4691,450,0.09592837348113409,10.424444444444445
M10,CPV-MedQA,M10:medqa_00279:variant_00,medqa_00279,False,True,4691,450,0.09592837348113409,10.424444444444445
M10,CPV-MedQA,M10:medqa_00280:variant_01,medqa_00280,False,True,4691,450,0.09592837348113409,10.424444444444445
M10,CPV-MedQA,M10:medqa_00281:variant_03,medqa_00281,False,True,4691,450,0.09592837348113409,10.424444444444445
M10,CPV-MedQA,M10:medqa_00286:variant_06,medqa_00286,False,True,4691,450,0.09592837348113409,10.424444444444445
M10,CPV-MedQA,M10:medqa_00291:variant_09,medqa_00291,False,True,4691,450,0.09592837348113409,10.424444444444445
M10,CPV-MedQA,M10:medqa_00292:variant_06,medqa_00292,False,True,4691,450,0.09592837348113409,10.424444444444445
M10,CPV-MedQA,M10:medqa_00297:variant_07,medqa_00297,True,True,4691,450,0.09592837348113409,10.424444444444445
M10,CPV-MedQA,M10:medqa_00301:variant_04,medqa_00301,False,True,4691,450,0.09592837348113409,10.424444444444445
M10,CPV-MedQA,M10:medqa_00302:variant_00,medqa_00302,True,True,4691,450,0.09592837348113409,10.424444444444445
M10,CPV-MedQA,M10:medqa_00302:variant_01,medqa_00302,True,True,4691,450,0.09592837348113409,10.424444444444445
M10,CPV-MedQA,M10:medqa_00303:variant_06,medqa_00303,False,True,4691,450,0.09592837348113409,10.424444444444445
M10,CPV-MedQA,M10:medqa_00304:variant_03,medqa_00304,False,True,4691,450,0.09592837348113409,10.424444444444445
M10,CPV-MedQA,M10:medqa_00305:variant_01,medqa_00305,False,True,4691,450,0.09592837348113409,10.424444444444445
M10,CPV-MedQA,M10:medqa_00306:variant_01,medqa_00306,False,True,4691,450,0.09592837348113409,10.424444444444445
M10,CPV-MedQA,M10:medqa_00309:variant_01,medqa_00309,False,True,4691,450,0.09592837348113409,10.424444444444445
M10,CPV-MedQA,M10:medqa_00309:variant_02,medqa_00309,False,True,4691,450,0.09592837348113409,10.424444444444445
M10,CPV-MedQA,M10:medqa_00313:variant_09,medqa_00313,False,True,4691,450,0.09592837348113409,10.424444444444445
M10,CPV-MedQA,M10:medqa_00324:variant_01,medqa_00324,False,True,4691,450,0.09592837348113409,10.424444444444445
M10,CPV-MedQA,M10:medqa_00329:variant_08,medqa_00329,True,True,4691,450,0.09592837348113409,10.424444444444445
M10,CPV-MedQA,M10:medqa_00334:variant_06,medqa_00334,False,True,4691,450,0.09592837348113409,10.424444444444445
M10,CPV-MedQA,M10:medqa_00338:variant_00,medqa_00338,False,True,4691,450,0.09592837348113409,10.424444444444445
M10,CPV-MedQA,M10:medqa_00338:variant_02,medqa_00338,False,True,4691,450,0.09592837348113409,10.424444444444445
M10,CPV-MedQA,M10:medqa_00339:variant_08,medqa_00339,False,True,4691,450,0.09592837348113409,10.424444444444445
M10,CPV-MedQA,M10:medqa_00342:variant_09,medqa_00342,False,True,4691,450,0.09592837348113409,10.424444444444445
M10,CPV-MedQA,M10:medqa_00344:variant_09,medqa_00344,False,True,4691,450,0.09592837348113409,10.424444444444445
M10,CPV-MedQA,M10:medqa_00346:variant_01,medqa_00346,False,True,4691,450,0.09592837348113409,10.424444444444445
M10,CPV-MedQA,M10:medqa_00347:variant_09,medqa_00347,False,True,4691,450,0.09592837348113409,10.424444444444445
M10,CPV-MedQA,M10:medqa_00348:variant_05,medqa_00348,False,True,4691,450,0.09592837348113409,10.424444444444445
M10,CPV-MedQA,M10:medqa_00349:variant_07,medqa_00349,False,True,4691,450,0.09592837348113409,10.424444444444445
M10,CPV-MedQA,M10:medqa_00356:variant_04,medqa_00356,False,True,4691,450,0.09592837348113409,10.424444444444445
M10,CPV-MedQA,M10:medqa_00363:variant_05,medqa_00363,False,True,4691,450,0.09592837348113409,10.424444444444445
M10,CPV-MedQA,M10:medqa_00368:variant_06,medqa_00368,False,True,4691,450,0.09592837348113409,10.424444444444445
M10,CPV-MedQA,M10:medqa_00368:variant_08,medqa_00368,False,True,4691,450,0.09592837348113409,10.424444444444445
M10,CPV-MedQA,M10:medqa_00369:variant_09,medqa_00369,True,True,4691,450,0.09592837348113409,10.424444444444445
M10,CPV-MedQA,M10:medqa_00370:variant_03,medqa_00370,True,True,4691,450,0.09592837348113409,10.424444444444445
M10,CPV-MedQA,M10:medqa_00371:variant_02,medqa_00371,False,True,4691,450,0.09592837348113409,10.424444444444445
M10,CPV-MedQA,M10:medqa_00371:variant_04,medqa_00371,True,True,4691,450,0.09592837348113409,10.424444444444445
M10,CPV-MedQA,M10:medqa_00375:variant_04,medqa_00375,False,True,4691,450,0.09592837348113409,10.424444444444445
M10,CPV-MedQA,M10:medqa_00377:variant_09,medqa_00377,False,True,4691,450,0.09592837348113409,10.424444444444445
M10,CPV-MedQA,M10:medqa_00378:variant_03,medqa_00378,True,True,4691,450,0.09592837348113409,10.424444444444445
M10,CPV-MedQA,M10:medqa_00379:variant_00,medqa_00379,False,True,4691,450,0.09592837348113409,10.424444444444445
M10,CPV-MedQA,M10:medqa_00381:variant_07,medqa_00381,True,True,4691,450,0.09592837348113409,10.424444444444445
M10,CPV-MedQA,M10:medqa_00389:variant_00,medqa_00389,True,True,4691,450,0.09592837348113409,10.424444444444445
M10,CPV-MedQA,M10:medqa_00391:variant_02,medqa_00391,False,True,4691,450,0.09592837348113409,10.424444444444445
M10,CPV-MedQA,M10:medqa_00391:variant_10,medqa_00391,True,True,4691,450,0.09592837348113409,10.424444444444445
M10,CPV-MedQA,M10:medqa_00391:variant_13,medqa_00391,True,True,4691,450,0.09592837348113409,10.424444444444445
M10,CPV-MedQA,M10:medqa_00398:variant_04,medqa_00398,False,True,4691,450,0.09592837348113409,10.424444444444445
M10,CPV-MedQA,M10:medqa_00403:variant_01,medqa_00403,True,True,4691,450,0.09592837348113409,10.424444444444445
M10,CPV-MedQA,M10:medqa_00405:variant_04,medqa_00405,False,True,4691,450,0.09592837348113409,10.424444444444445
M10,CPV-MedQA,M10:medqa_00406:variant_02,medqa_00406,False,True,4691,450,0.09592837348113409,10.424444444444445
M10,CPV-MedQA,M10:medqa_00407:variant_07,medqa_00407,False,True,4691,450,0.09592837348113409,10.424444444444445
M10,CPV-MedQA,M10:medqa_00408:variant_02,medqa_00408,False,True,4691,450,0.09592837348113409,10.424444444444445
M10,CPV-MedQA,M10:medqa_00411:variant_08,medqa_00411,True,True,4691,450,0.09592837348113409,10.424444444444445
M10,CPV-MedQA,M10:medqa_00414:variant_08,medqa_00414,False,True,4691,450,0.09592837348113409,10.424444444444445
M10,CPV-MedQA,M10:medqa_00418:variant_02,medqa_00418,False,True,4691,450,0.09592837348113409,10.424444444444445
M10,CPV-MedQA,M10:medqa_00429:variant_03,medqa_00429,True,True,4691,450,0.09592837348113409,10.424444444444445
M10,CPV-MedQA,M10:medqa_00432:variant_07,medqa_00432,False,True,4691,450,0.09592837348113409,10.424444444444445
M10,CPV-MedQA,M10:medqa_00434:variant_01,medqa_00434,False,True,4691,450,0.09592837348113409,10.424444444444445
M10,CPV-MedQA,M10:medqa_00436:variant_01,medqa_00436,False,True,4691,450,0.09592837348113409,10.424444444444445
M10,CPV-MedQA,M10:medqa_00438:variant_00,medqa_00438,False,True,4691,450,0.09592837348113409,10.424444444444445
M10,CPV-MedQA,M10:medqa_00450:variant_02,medqa_00450,False,True,4691,450,0.09592837348113409,10.424444444444445
M10,CPV-MedQA,M10:medqa_00452:variant_00,medqa_00452,True,True,4691,450,0.09592837348113409,10.424444444444445
M10,CPV-MedQA,M10:medqa_00460:variant_00,medqa_00460,False,True,4691,450,0.09592837348113409,10.424444444444445
M10,CPV-MedQA,M10:medqa_00463:variant_04,medqa_00463,False,True,4691,450,0.09592837348113409,10.424444444444445
M10,CPV-MedQA,M10:medqa_00464:variant_07,medqa_00464,False,True,4691,450,0.09592837348113409,10.424444444444445
M10,CPV-MedQA,M10:medqa_00468:variant_04,medqa_00468,False,True,4691,450,0.09592837348113409,10.424444444444445
M10,CPV-MedQA,M10:medqa_00470:variant_04,medqa_00470,False,True,4691,450,0.09592837348113409,10.424444444444445
M10,CPV-MedQA,M10:medqa_00475:variant_01,medqa_00475,False,True,4691,450,0.09592837348113409,10.424444444444445
M10,CPV-MedQA,M10:medqa_00475:variant_04,medqa_00475,True,True,4691,450,0.09592837348113409,10.424444444444445
M10,CPV-MedQA,M10:medqa_00476:variant_00,medqa_00476,False,True,4691,450,0.09592837348113409,10.424444444444445
M10,CPV-MedQA,M10:medqa_00480:variant_05,medqa_00480,True,True,4691,450,0.09592837348113409,10.424444444444445
M10,CPV-MedQA,M10:medqa_00486:variant_02,medqa_00486,True,True,4691,450,0.09592837348113409,10.424444444444445
M10,CPV-MedQA,M10:medqa_00489:variant_00,medqa_00489,False,True,4691,450,0.09592837348113409,10.424444444444445
M10,CPV-MedQA,M10:medqa_00489:variant_03,medqa_00489,False,True,4691,450,0.09592837348113409,10.424444444444445
M10,CPV-MedQA,M10:medqa_00490:variant_02,medqa_00490,False,True,4691,450,0.09592837348113409,10.424444444444445
M10,CPV-MedQA,M10:medqa_00493:variant_04,medqa_00493,False,True,4691,450,0.09592837348113409,10.424444444444445
M10,CPV-MedQA,M10:medqa_00494:variant_05,medqa_00494,False,True,4691,450,0.09592837348113409,10.424444444444445
M10,CPV-MedQA,M10:medqa_00495:variant_06,medqa_00495,False,True,4691,450,0.09592837348113409,10.424444444444445
M10,CPV-MedQA,M10:medqa_00499:variant_01,medqa_00499,False,True,4691,450,0.09592837348113409,10.424444444444445
M10,CPV-MedQA,M10:medqa_00500:variant_07,medqa_00500,True,True,4691,450,0.09592837348113409,10.424444444444445
M10,CPV-MedQA,M10:medqa_00500:variant_08,medqa_00500,False,True,4691,450,0.09592837348113409,10.424444444444445
M10,CPV-MedQA,M10:medqa_00503:variant_00,medqa_00503,False,True,4691,450,0.09592837348113409,10.424444444444445
M10,CPV-MedQA,M10:medqa_00505:variant_01,medqa_00505,False,True,4691,450,0.09592837348113409,10.424444444444445
M10,CPV-MedQA,M10:medqa_00507:variant_01,medqa_00507,False,True,4691,450,0.09592837348113409,10.424444444444445
M10,CPV-MedQA,M10:medqa_00508:variant_00,medqa_00508,False,True,4691,450,0.09592837348113409,10.424444444444445
M10,CPV-MedQA,M10:medqa_00510:variant_08,medqa_00510,False,True,4691,450,0.09592837348113409,10.424444444444445
M10,CPV-MedQA,M10:medqa_00510:variant_09,medqa_00510,True,True,4691,450,0.09592837348113409,10.424444444444445
M10,CPV-MedQA,M10:medqa_00515:variant_04,medqa_00515,True,True,4691,450,0.09592837348113409,10.424444444444445
M10,CPV-MedQA,M10:medqa_00519:variant_04,medqa_00519,False,True,4691,450,0.09592837348113409,10.424444444444445
M10,CPV-MedQA,M10:medqa_00522:variant_01,medqa_00522,False,True,4691,450,0.09592837348113409,10.424444444444445
M10,CPV-MedQA,M10:medqa_00525:variant_02,medqa_00525,False,True,4691,450,0.09592837348113409,10.424444444444445
M10,CPV-MedQA,M10:medqa_00526:variant_02,medqa_00526,False,True,4691,450,0.09592837348113409,10.424444444444445
M10,CPV-MedQA,M10:medqa_00526:variant_03,medqa_00526,False,True,4691,450,0.09592837348113409,10.424444444444445
M10,CPV-MedQA,M10:medqa_00531:variant_06,medqa_00531,False,True,4691,450,0.09592837348113409,10.424444444444445
M10,CPV-MedQA,M10:medqa_00536:variant_04,medqa_00536,True,True,4691,450,0.09592837348113409,10.424444444444445
M10,CPV-MedQA,M10:medqa_00540:variant_00,medqa_00540,False,True,4691,450,0.09592837348113409,10.424444444444445
M10,CPV-MedQA,M10:medqa_00543:variant_00,medqa_00543,False,True,4691,450,0.09592837348113409,10.424444444444445
M10,CPV-MedQA,M10:medqa_00544:variant_09,medqa_00544,False,True,4691,450,0.09592837348113409,10.424444444444445
M10,CPV-MedQA,M10:medqa_00549:variant_02,medqa_00549,False,True,4691,450,0.09592837348113409,10.424444444444445
M10,CPV-MedQA,M10:medqa_00552:variant_09,medqa_00552,False,True,4691,450,0.09592837348113409,10.424444444444445
M10,CPV-MedQA,M10:medqa_00554:variant_06,medqa_00554,False,True,4691,450,0.09592837348113409,10.424444444444445
M10,CPV-MedQA,M10:medqa_00560:variant_02,medqa_00560,False,True,4691,450,0.09592837348113409,10.424444444444445
M10,CPV-MedQA,M10:medqa_00561:variant_07,medqa_00561,False,True,4691,450,0.09592837348113409,10.424444444444445
M10,CPV-MedQA,M10:medqa_00564:variant_00,medqa_00564,False,True,4691,450,0.09592837348113409,10.424444444444445
M10,CPV-MedQA,M10:medqa_00565:variant_01,medqa_00565,False,True,4691,450,0.09592837348113409,10.424444444444445
M10,CPV-MedQA,M10:medqa_00565:variant_03,medqa_00565,False,True,4691,450,0.09592837348113409,10.424444444444445
M10,CPV-MedQA,M10:medqa_00569:variant_01,medqa_00569,False,True,4691,450,0.09592837348113409,10.424444444444445
M10,CPV-MedQA,M10:medqa_00570:variant_00,medqa_00570,False,True,4691,450,0.09592837348113409,10.424444444444445
M10,CPV-MedQA,M10:medqa_00574:variant_00,medqa_00574,False,True,4691,450,0.09592837348113409,10.424444444444445
M10,CPV-MedQA,M10:medqa_00580:variant_08,medqa_00580,False,True,4691,450,0.09592837348113409,10.424444444444445
M10,CPV-MedQA,M10:medqa_00581:variant_06,medqa_00581,False,True,4691,450,0.09592837348113409,10.424444444444445
M10,CPV-MedQA,M10:medqa_00581:variant_07,medqa_00581,False,True,4691,450,0.09592837348113409,10.424444444444445
M10,CPV-MedQA,M10:medqa_00584:variant_00,medqa_00584,False,True,4691,450,0.09592837348113409,10.424444444444445
M10,CPV-MedQA,M10:medqa_00584:variant_04,medqa_00584,False,True,4691,450,0.09592837348113409,10.424444444444445
M10,CPV-MedQA,M10:medqa_00585:variant_02,medqa_00585,True,True,4691,450,0.09592837348113409,10.424444444444445
M10,CPV-MedQA,M10:medqa_00585:variant_03,medqa_00585,False,True,4691,450,0.09592837348113409,10.424444444444445
M10,CPV-MedQA,M10:medqa_00587:variant_08,medqa_00587,False,True,4691,450,0.09592837348113409,10.424444444444445
M10,CPV-MedQA,M10:medqa_00590:variant_09,medqa_00590,False,True,4691,450,0.09592837348113409,10.424444444444445
M10,CPV-MedQA,M10:medqa_00591:variant_07,medqa_00591,False,True,4691,450,0.09592837348113409,10.424444444444445
M10,CPV-MedQA,M10:medqa_00593:variant_02,medqa_00593,True,True,4691,450,0.09592837348113409,10.424444444444445
M10,CPV-MedQA,M10:medqa_00595:variant_05,medqa_00595,False,True,4691,450,0.09592837348113409,10.424444444444445
M10,CPV-MedQA,M10:medqa_00598:variant_07,medqa_00598,False,True,4691,450,0.09592837348113409,10.424444444444445
M10,CPV-MedQA,M10:medqa_00599:variant_00,medqa_00599,True,True,4691,450,0.09592837348113409,10.424444444444445
M10,CPV-MedQA,M10:medqa_00599:variant_02,medqa_00599,False,True,4691,450,0.09592837348113409,10.424444444444445
M10,CPV-MedQA,M10:medqa_00606:variant_04,medqa_00606,False,True,4691,450,0.09592837348113409,10.424444444444445
M10,CPV-MedQA,M10:medqa_00609:variant_09,medqa_00609,True,True,4691,450,0.09592837348113409,10.424444444444445
M10,CPV-MedQA,M10:medqa_00612:variant_08,medqa_00612,False,True,4691,450,0.09592837348113409,10.424444444444445
M10,CPV-MedQA,M10:medqa_00614:variant_01,medqa_00614,False,True,4691,450,0.09592837348113409,10.424444444444445
M10,CPV-MedQA,M10:medqa_00621:variant_03,medqa_00621,False,True,4691,450,0.09592837348113409,10.424444444444445
M10,CPV-MedQA,M10:medqa_00622:variant_05,medqa_00622,True,True,4691,450,0.09592837348113409,10.424444444444445
M10,CPV-MedQA,M10:medqa_00622:variant_06,medqa_00622,False,True,4691,450,0.09592837348113409,10.424444444444445
M10,CPV-MedQA,M10:medqa_00627:variant_08,medqa_00627,False,True,4691,450,0.09592837348113409,10.424444444444445
M10,CPV-MedQA,M10:medqa_00627:variant_09,medqa_00627,False,True,4691,450,0.09592837348113409,10.424444444444445
M10,CPV-MedQA,M10:medqa_00629:variant_02,medqa_00629,False,True,4691,450,0.09592837348113409,10.424444444444445
M10,CPV-MedQA,M10:medqa_00629:variant_03,medqa_00629,True,True,4691,450,0.09592837348113409,10.424444444444445
M10,CPV-MedQA,M10:medqa_00630:variant_01,medqa_00630,False,True,4691,450,0.09592837348113409,10.424444444444445
M10,CPV-MedQA,M10:medqa_00632:variant_05,medqa_00632,False,True,4691,450,0.09592837348113409,10.424444444444445
M10,CPV-MedQA,M10:medqa_00635:variant_00,medqa_00635,False,True,4691,450,0.09592837348113409,10.424444444444445
M10,CPV-MedQA,M10:medqa_00638:variant_05,medqa_00638,True,True,4691,450,0.09592837348113409,10.424444444444445
M10,CPV-MedQA,M10:medqa_00643:variant_05,medqa_00643,True,True,4691,450,0.09592837348113409,10.424444444444445
M10,CPV-MedQA,M10:medqa_00645:variant_06,medqa_00645,False,True,4691,450,0.09592837348113409,10.424444444444445
M10,CPV-MedQA,M10:medqa_00646:variant_07,medqa_00646,False,True,4691,450,0.09592837348113409,10.424444444444445
M10,CPV-MedQA,M10:medqa_00648:variant_04,medqa_00648,False,True,4691,450,0.09592837348113409,10.424444444444445
M10,CPV-MedQA,M10:medqa_00659:variant_00,medqa_00659,False,True,4691,450,0.09592837348113409,10.424444444444445
M10,CPV-MedQA,M10:medqa_00661:variant_06,medqa_00661,False,True,4691,450,0.09592837348113409,10.424444444444445
M10,CPV-MedQA,M10:medqa_00662:variant_00,medqa_00662,False,True,4691,450,0.09592837348113409,10.424444444444445
M10,CPV-MedQA,M10:medqa_00662:variant_02,medqa_00662,False,True,4691,450,0.09592837348113409,10.424444444444445
M10,CPV-MedQA,M10:medqa_00664:variant_02,medqa_00664,False,True,4691,450,0.09592837348113409,10.424444444444445
M10,CPV-MedQA,M10:medqa_00667:variant_00,medqa_00667,False,True,4691,450,0.09592837348113409,10.424444444444445
M10,CPV-MedQA,M10:medqa_00667:variant_01,medqa_00667,False,True,4691,450,0.09592837348113409,10.424444444444445
M10,CPV-MedQA,M10:medqa_00667:variant_02,medqa_00667,True,True,4691,450,0.09592837348113409,10.424444444444445
M10,CPV-MedQA,M10:medqa_00667:variant_04,medqa_00667,False,True,4691,450,0.09592837348113409,10.424444444444445
M10,CPV-MedQA,M10:medqa_00672:variant_08,medqa_00672,False,True,4691,450,0.09592837348113409,10.424444444444445
M10,CPV-MedQA,M10:medqa_00673:variant_01,medqa_00673,False,True,4691,450,0.09592837348113409,10.424444444444445
M10,CPV-MedQA,M10:medqa_00680:variant_02,medqa_00680,False,True,4691,450,0.09592837348113409,10.424444444444445
M10,CPV-MedQA,M10:medqa_00680:variant_03,medqa_00680,False,True,4691,450,0.09592837348113409,10.424444444444445
M10,CPV-MedQA,M10:medqa_00680:variant_04,medqa_00680,False,True,4691,450,0.09592837348113409,10.424444444444445
M10,CPV-MedQA,M10:medqa_00689:variant_02,medqa_00689,False,True,4691,450,0.09592837348113409,10.424444444444445
M10,CPV-MedQA,M10:medqa_00692:variant_02,medqa_00692,False,True,4691,450,0.09592837348113409,10.424444444444445
M10,CPV-MedQA,M10:medqa_00694:variant_00,medqa_00694,True,True,4691,450,0.09592837348113409,10.424444444444445
M10,CPV-MedQA,M10:medqa_00694:variant_02,medqa_00694,False,True,4691,450,0.09592837348113409,10.424444444444445
M10,CPV-MedQA,M10:medqa_00695:variant_02,medqa_00695,False,True,4691,450,0.09592837348113409,10.424444444444445
M10,CPV-MedQA,M10:medqa_00696:variant_07,medqa_00696,False,True,4691,450,0.09592837348113409,10.424444444444445
M10,CPV-MedQA,M10:medqa_00707:variant_06,medqa_00707,False,True,4691,450,0.09592837348113409,10.424444444444445
M10,CPV-MedQA,M10:medqa_00710:variant_01,medqa_00710,True,True,4691,450,0.09592837348113409,10.424444444444445
M10,CPV-MedQA,M10:medqa_00712:variant_09,medqa_00712,False,True,4691,450,0.09592837348113409,10.424444444444445
M10,CPV-MedQA,M10:medqa_00714:variant_01,medqa_00714,False,True,4691,450,0.09592837348113409,10.424444444444445
M10,CPV-MedQA,M10:medqa_00718:variant_00,medqa_00718,False,True,4691,450,0.09592837348113409,10.424444444444445
M10,CPV-MedQA,M10:medqa_00721:variant_06,medqa_00721,False,True,4691,450,0.09592837348113409,10.424444444444445
M10,CPV-MedQA,M10:medqa_00726:variant_06,medqa_00726,False,True,4691,450,0.09592837348113409,10.424444444444445
M10,CPV-MedQA,M10:medqa_00726:variant_08,medqa_00726,False,True,4691,450,0.09592837348113409,10.424444444444445
M10,CPV-MedQA,M10:medqa_00728:variant_09,medqa_00728,False,True,4691,450,0.09592837348113409,10.424444444444445
M10,CPV-MedQA,M10:medqa_00732:variant_03,medqa_00732,False,True,4691,450,0.09592837348113409,10.424444444444445
M10,CPV-MedQA,M10:medqa_00734:variant_05,medqa_00734,False,True,4691,450,0.09592837348113409,10.424444444444445
M10,CPV-MedQA,M10:medqa_00736:variant_09,medqa_00736,False,True,4691,450,0.09592837348113409,10.424444444444445
M10,CPV-MedQA,M10:medqa_00737:variant_02,medqa_00737,False,True,4691,450,0.09592837348113409,10.424444444444445
M10,CPV-MedQA,M10:medqa_00737:variant_04,medqa_00737,True,True,4691,450,0.09592837348113409,10.424444444444445
M10,CPV-MedQA,M10:medqa_00744:variant_02,medqa_00744,True,True,4691,450,0.09592837348113409,10.424444444444445
M10,CPV-MedQA,M10:medqa_00748:variant_05,medqa_00748,True,True,4691,450,0.09592837348113409,10.424444444444445
M10,CPV-MedQA,M10:medqa_00750:variant_03,medqa_00750,False,True,4691,450,0.09592837348113409,10.424444444444445
M10,CPV-MedQA,M10:medqa_00754:variant_09,medqa_00754,False,True,4691,450,0.09592837348113409,10.424444444444445
M10,CPV-MedQA,M10:medqa_00760:variant_05,medqa_00760,False,True,4691,450,0.09592837348113409,10.424444444444445
M10,CPV-MedQA,M10:medqa_00764:variant_07,medqa_00764,False,True,4691,450,0.09592837348113409,10.424444444444445
M10,CPV-MedQA,M10:medqa_00765:variant_02,medqa_00765,False,True,4691,450,0.09592837348113409,10.424444444444445
M10,CPV-MedQA,M10:medqa_00766:variant_09,medqa_00766,False,True,4691,450,0.09592837348113409,10.424444444444445
M10,CPV-MedQA,M10:medqa_00769:variant_00,medqa_00769,False,True,4691,450,0.09592837348113409,10.424444444444445
M10,CPV-MedQA,M10:medqa_00780:variant_04,medqa_00780,True,True,4691,450,0.09592837348113409,10.424444444444445
M10,CPV-MedQA,M10:medqa_00782:variant_08,medqa_00782,True,True,4691,450,0.09592837348113409,10.424444444444445
M10,CPV-MedQA,M10:medqa_00789:variant_02,medqa_00789,False,True,4691,450,0.09592837348113409,10.424444444444445
M10,CPV-MedQA,M10:medqa_00790:variant_09,medqa_00790,False,True,4691,450,0.09592837348113409,10.424444444444445
M10,CPV-MedQA,M10:medqa_00791:variant_01,medqa_00791,True,True,4691,450,0.09592837348113409,10.424444444444445
M10,CPV-MedQA,M10:medqa_00793:variant_07,medqa_00793,False,True,4691,450,0.09592837348113409,10.424444444444445
M10,CPV-MedQA,M10:medqa_00793:variant_09,medqa_00793,True,True,4691,450,0.09592837348113409,10.424444444444445
M10,CPV-MedQA,M10:medqa_00795:variant_01,medqa_00795,True,True,4691,450,0.09592837348113409,10.424444444444445
M10,CPV-MedQA,M10:medqa_00795:variant_03,medqa_00795,False,True,4691,450,0.09592837348113409,10.424444444444445
M10,CPV-MedQA,M10:medqa_00803:variant_08,medqa_00803,False,True,4691,450,0.09592837348113409,10.424444444444445
M10,CPV-MedQA,M10:medqa_00803:variant_09,medqa_00803,False,True,4691,450,0.09592837348113409,10.424444444444445
M10,CPV-MedQA,M10:medqa_00805:variant_07,medqa_00805,False,True,4691,450,0.09592837348113409,10.424444444444445
M10,CPV-MedQA,M10:medqa_00811:variant_03,medqa_00811,True,True,4691,450,0.09592837348113409,10.424444444444445
M10,CPV-MedQA,M10:medqa_00815:variant_09,medqa_00815,True,True,4691,450,0.09592837348113409,10.424444444444445
M10,CPV-MedQA,M10:medqa_00819:variant_06,medqa_00819,False,True,4691,450,0.09592837348113409,10.424444444444445
M10,CPV-MedQA,M10:medqa_00825:variant_07,medqa_00825,False,True,4691,450,0.09592837348113409,10.424444444444445
M10,CPV-MedQA,M10:medqa_00825:variant_09,medqa_00825,False,True,4691,450,0.09592837348113409,10.424444444444445
M10,CPV-MedQA,M10:medqa_00826:variant_08,medqa_00826,False,True,4691,450,0.09592837348113409,10.424444444444445
M10,CPV-MedQA,M10:medqa_00827:variant_07,medqa_00827,False,True,4691,450,0.09592837348113409,10.424444444444445
M10,CPV-MedQA,M10:medqa_00829:variant_04,medqa_00829,True,True,4691,450,0.09592837348113409,10.424444444444445
M10,CPV-MedQA,M10:medqa_00831:variant_03,medqa_00831,False,True,4691,450,0.09592837348113409,10.424444444444445
M10,CPV-MedQA,M10:medqa_00833:variant_03,medqa_00833,False,True,4691,450,0.09592837348113409,10.424444444444445
M10,CPV-MedQA,M10:medqa_00836:variant_01,medqa_00836,False,True,4691,450,0.09592837348113409,10.424444444444445
M10,CPV-MedQA,M10:medqa_00840:variant_05,medqa_00840,False,True,4691,450,0.09592837348113409,10.424444444444445
M10,CPV-MedQA,M10:medqa_00844:variant_08,medqa_00844,False,True,4691,450,0.09592837348113409,10.424444444444445
M10,CPV-MedQA,M10:medqa_00846:variant_06,medqa_00846,False,True,4691,450,0.09592837348113409,10.424444444444445
M10,CPV-MedQA,M10:medqa_00848:variant_09,medqa_00848,False,True,4691,450,0.09592837348113409,10.424444444444445
M10,CPV-MedQA,M10:medqa_00853:variant_03,medqa_00853,False,True,4691,450,0.09592837348113409,10.424444444444445
M10,CPV-MedQA,M10:medqa_00861:variant_02,medqa_00861,False,True,4691,450,0.09592837348113409,10.424444444444445
M10,CPV-MedQA,M10:medqa_00863:variant_07,medqa_00863,False,True,4691,450,0.09592837348113409,10.424444444444445
M10,CPV-MedQA,M10:medqa_00866:variant_06,medqa_00866,False,True,4691,450,0.09592837348113409,10.424444444444445
M10,CPV-MedQA,M10:medqa_00866:variant_09,medqa_00866,False,True,4691,450,0.09592837348113409,10.424444444444445
M10,CPV-MedQA,M10:medqa_00875:variant_00,medqa_00875,False,True,4691,450,0.09592837348113409,10.424444444444445
M10,CPV-MedQA,M10:medqa_00875:variant_02,medqa_00875,False,True,4691,450,0.09592837348113409,10.424444444444445
M10,CPV-MedQA,M10:medqa_00876:variant_07,medqa_00876,False,True,4691,450,0.09592837348113409,10.424444444444445
M10,CPV-MedQA,M10:medqa_00878:variant_04,medqa_00878,False,True,4691,450,0.09592837348113409,10.424444444444445
M10,CPV-MedQA,M10:medqa_00881:variant_04,medqa_00881,False,True,4691,450,0.09592837348113409,10.424444444444445
M10,CPV-MedQA,M10:medqa_00886:variant_09,medqa_00886,True,True,4691,450,0.09592837348113409,10.424444444444445
M10,CPV-MedQA,M10:medqa_00893:variant_04,medqa_00893,True,True,4691,450,0.09592837348113409,10.424444444444445
M10,CPV-MedQA,M10:medqa_00897:variant_08,medqa_00897,False,True,4691,450,0.09592837348113409,10.424444444444445
M10,CPV-MedQA,M10:medqa_00903:variant_02,medqa_00903,False,True,4691,450,0.09592837348113409,10.424444444444445
M10,CPV-MedQA,M10:medqa_00920:variant_05,medqa_00920,False,True,4691,450,0.09592837348113409,10.424444444444445
M10,CPV-MedQA,M10:medqa_00921:variant_07,medqa_00921,False,True,4691,450,0.09592837348113409,10.424444444444445
M10,CPV-MedQA,M10:medqa_00921:variant_09,medqa_00921,False,True,4691,450,0.09592837348113409,10.424444444444445
M10,CPV-MedQA,M10:medqa_00924:variant_05,medqa_00924,False,True,4691,450,0.09592837348113409,10.424444444444445
M10,CPV-MedQA,M10:medqa_00927:variant_02,medqa_00927,False,True,4691,450,0.09592837348113409,10.424444444444445
M10,CPV-MedQA,M10:medqa_00927:variant_03,medqa_00927,False,True,4691,450,0.09592837348113409,10.424444444444445
M10,CPV-MedQA,M10:medqa_00928:variant_02,medqa_00928,False,True,4691,450,0.09592837348113409,10.424444444444445
M10,CPV-MedQA,M10:medqa_00930:variant_02,medqa_00930,False,True,4691,450,0.09592837348113409,10.424444444444445
M10,CPV-MedQA,M10:medqa_00934:variant_00,medqa_00934,True,True,4691,450,0.09592837348113409,10.424444444444445
M10,CPV-MedQA,M10:medqa_00939:variant_08,medqa_00939,True,True,4691,450,0.09592837348113409,10.424444444444445
M10,CPV-MedQA,M10:medqa_00940:variant_00,medqa_00940,True,True,4691,450,0.09592837348113409,10.424444444444445
M10,CPV-MedQA,M10:medqa_00946:variant_00,medqa_00946,False,True,4691,450,0.09592837348113409,10.424444444444445
M10,CPV-MedQA,M10:medqa_00947:variant_05,medqa_00947,False,True,4691,450,0.09592837348113409,10.424444444444445
M10,CPV-MedQA,M10:medqa_00951:variant_09,medqa_00951,False,True,4691,450,0.09592837348113409,10.424444444444445
M10,CPV-MedQA,M10:medqa_00955:variant_07,medqa_00955,False,True,4691,450,0.09592837348113409,10.424444444444445
M10,CPV-MedQA,M10:medqa_00956:variant_05,medqa_00956,False,True,4691,450,0.09592837348113409,10.424444444444445
M10,CPV-MedQA,M10:medqa_00960:variant_03,medqa_00960,True,True,4691,450,0.09592837348113409,10.424444444444445
M10,CPV-MedQA,M10:medqa_00961:variant_05,medqa_00961,False,True,4691,450,0.09592837348113409,10.424444444444445
M10,CPV-MedQA,M10:medqa_00961:variant_07,medqa_00961,False,True,4691,450,0.09592837348113409,10.424444444444445
M10,CPV-MedQA,M10:medqa_00963:variant_02,medqa_00963,False,True,4691,450,0.09592837348113409,10.424444444444445
M10,CPV-MedQA,M10:medqa_00966:variant_00,medqa_00966,False,True,4691,450,0.09592837348113409,10.424444444444445
M10,CPV-MedQA,M10:medqa_00966:variant_03,medqa_00966,True,True,4691,450,0.09592837348113409,10.424444444444445
M10,CPV-MedQA,M10:medqa_00968:variant_04,medqa_00968,False,True,4691,450,0.09592837348113409,10.424444444444445
M10,CPV-MedQA,M10:medqa_00970:variant_00,medqa_00970,False,True,4691,450,0.09592837348113409,10.424444444444445
M10,CPV-MedQA,M10:medqa_00970:variant_01,medqa_00970,False,True,4691,450,0.09592837348113409,10.424444444444445
M10,CPV-MedQA,M10:medqa_00970:variant_03,medqa_00970,False,True,4691,450,0.09592837348113409,10.424444444444445
M10,CPV-MedQA,M10:medqa_00971:variant_05,medqa_00971,False,True,4691,450,0.09592837348113409,10.424444444444445
M10,CPV-MedQA,M10:medqa_00974:variant_01,medqa_00974,True,True,4691,450,0.09592837348113409,10.424444444444445
M10,CPV-MedQA,M10:medqa_00978:variant_01,medqa_00978,False,True,4691,450,0.09592837348113409,10.424444444444445
M10,CPV-MedQA,M10:medqa_00979:variant_03,medqa_00979,False,True,4691,450,0.09592837348113409,10.424444444444445
M10,CPV-MedQA,M10:medqa_00980:variant_05,medqa_00980,False,True,4691,450,0.09592837348113409,10.424444444444445
M10,CPV-MedQA,M10:medqa_00981:variant_05,medqa_00981,True,True,4691,450,0.09592837348113409,10.424444444444445
M10,CPV-MedQA,M10:medqa_00982:variant_00,medqa_00982,True,True,4691,450,0.09592837348113409,10.424444444444445
M10,CPV-MedQA,M10:medqa_00982:variant_04,medqa_00982,False,True,4691,450,0.09592837348113409,10.424444444444445
M10,CPV-MedQA,M10:medqa_00984:variant_00,medqa_00984,False,True,4691,450,0.09592837348113409,10.424444444444445
M10,CPV-MedQA,M10:medqa_00986:variant_01,medqa_00986,False,True,4691,450,0.09592837348113409,10.424444444444445
M10,CPV-MedQA,M10:medqa_00991:variant_00,medqa_00991,False,True,4691,450,0.09592837348113409,10.424444444444445
M10,CPV-MedQA,M10:medqa_00997:variant_05,medqa_00997,False,True,4691,450,0.09592837348113409,10.424444444444445
M10,CPV-MedQA,M10:medqa_01000:variant_00,medqa_01000,False,True,4691,450,0.09592837348113409,10.424444444444445
M10,CPV-MedQA,M10:medqa_01000:variant_04,medqa_01000,True,True,4691,450,0.09592837348113409,10.424444444444445
M10,CPV-MedQA,M10:medqa_01004:variant_02,medqa_01004,False,True,4691,450,0.09592837348113409,10.424444444444445
M10,CPV-MedQA,M10:medqa_01004:variant_04,medqa_01004,False,True,4691,450,0.09592837348113409,10.424444444444445
M10,CPV-MedQA,M10:medqa_01005:variant_00,medqa_01005,False,True,4691,450,0.09592837348113409,10.424444444444445
M10,CPV-MedQA,M10:medqa_01007:variant_08,medqa_01007,False,True,4691,450,0.09592837348113409,10.424444444444445
M10,CPV-MedQA,M10:medqa_01009:variant_07,medqa_01009,False,True,4691,450,0.09592837348113409,10.424444444444445
M10,CPV-MedQA,M10:medqa_01017:variant_01,medqa_01017,True,True,4691,450,0.09592837348113409,10.424444444444445
M10,CPV-MedQA,M10:medqa_01019:variant_04,medqa_01019,False,True,4691,450,0.09592837348113409,10.424444444444445
M10,CPV-MedQA,M10:medqa_01021:variant_05,medqa_01021,False,True,4691,450,0.09592837348113409,10.424444444444445
M10,CPV-MedQA,M10:medqa_01023:variant_06,medqa_01023,True,True,4691,450,0.09592837348113409,10.424444444444445
M10,CPV-MedQA,M10:medqa_01023:variant_08,medqa_01023,False,True,4691,450,0.09592837348113409,10.424444444444445
M10,CPV-MedQA,M10:medqa_01024:variant_01,medqa_01024,False,True,4691,450,0.09592837348113409,10.424444444444445
M10,CPV-MedQA,M10:medqa_01026:variant_01,medqa_01026,False,True,4691,450,0.09592837348113409,10.424444444444445
M10,CPV-MedQA,M10:medqa_01026:variant_02,medqa_01026,False,True,4691,450,0.09592837348113409,10.424444444444445
M10,CPV-MedQA,M10:medqa_01029:variant_07,medqa_01029,False,True,4691,450,0.09592837348113409,10.424444444444445
M10,CPV-MedQA,M10:medqa_01036:variant_04,medqa_01036,False,True,4691,450,0.09592837348113409,10.424444444444445
M10,CPV-MedQA,M10:medqa_01040:variant_05,medqa_01040,False,True,4691,450,0.09592837348113409,10.424444444444445
M10,CPV-MedQA,M10:medqa_01045:variant_04,medqa_01045,True,True,4691,450,0.09592837348113409,10.424444444444445
M10,CPV-MedQA,M10:medqa_01053:variant_07,medqa_01053,True,True,4691,450,0.09592837348113409,10.424444444444445
M10,CPV-MedQA,M10:medqa_01053:variant_09,medqa_01053,True,True,4691,450,0.09592837348113409,10.424444444444445
M10,CPV-MedQA,M10:medqa_01054:variant_00,medqa_01054,False,True,4691,450,0.09592837348113409,10.424444444444445
M10,CPV-MedQA,M10:medqa_01054:variant_02,medqa_01054,True,True,4691,450,0.09592837348113409,10.424444444444445
M10,CPV-MedQA,M10:medqa_01056:variant_01,medqa_01056,False,True,4691,450,0.09592837348113409,10.424444444444445
M10,CPV-MedQA,M10:medqa_01058:variant_00,medqa_01058,False,True,4691,450,0.09592837348113409,10.424444444444445
M10,CPV-MedQA,M10:medqa_01062:variant_03,medqa_01062,False,True,4691,450,0.09592837348113409,10.424444444444445
M10,CPV-MedQA,M10:medqa_01064:variant_05,medqa_01064,False,True,4691,450,0.09592837348113409,10.424444444444445
M10,CPV-MedQA,M10:medqa_01066:variant_00,medqa_01066,False,True,4691,450,0.09592837348113409,10.424444444444445
M10,CPV-MedQA,M10:medqa_01072:variant_00,medqa_01072,True,True,4691,450,0.09592837348113409,10.424444444444445
M10,CPV-MedQA,M10:medqa_01074:variant_00,medqa_01074,False,True,4691,450,0.09592837348113409,10.424444444444445
M10,CPV-MedQA,M10:medqa_01088:variant_09,medqa_01088,True,True,4691,450,0.09592837348113409,10.424444444444445
M10,CPV-MedQA,M10:medqa_01089:variant_03,medqa_01089,False,True,4691,450,0.09592837348113409,10.424444444444445
M10,CPV-MedQA,M10:medqa_01096:variant_07,medqa_01096,False,True,4691,450,0.09592837348113409,10.424444444444445
M10,CPV-MedQA,M10:medqa_01096:variant_08,medqa_01096,False,True,4691,450,0.09592837348113409,10.424444444444445
M10,CPV-MedQA,M10:medqa_01097:variant_00,medqa_01097,False,True,4691,450,0.09592837348113409,10.424444444444445
M10,CPV-MedQA,M10:medqa_01098:variant_08,medqa_01098,True,True,4691,450,0.09592837348113409,10.424444444444445
M10,CPV-MedQA,M10:medqa_01099:variant_08,medqa_01099,False,True,4691,450,0.09592837348113409,10.424444444444445
M10,CPV-MedQA,M10:medqa_01103:variant_05,medqa_01103,False,True,4691,450,0.09592837348113409,10.424444444444445
M10,CPV-MedQA,M10:medqa_01104:variant_00,medqa_01104,False,True,4691,450,0.09592837348113409,10.424444444444445
M10,CPV-MedQA,M10:medqa_01114:variant_09,medqa_01114,True,True,4691,450,0.09592837348113409,10.424444444444445
M10,CPV-MedQA,M10:medqa_01117:variant_00,medqa_01117,False,True,4691,450,0.09592837348113409,10.424444444444445
M10,CPV-MedQA,M10:medqa_01117:variant_01,medqa_01117,False,True,4691,450,0.09592837348113409,10.424444444444445
M10,CPV-MedQA,M10:medqa_01123:variant_05,medqa_01123,False,True,4691,450,0.09592837348113409,10.424444444444445
M10,CPV-MedQA,M10:medqa_01123:variant_08,medqa_01123,False,True,4691,450,0.09592837348113409,10.424444444444445
M10,CPV-MedQA,M10:medqa_01125:variant_08,medqa_01125,False,True,4691,450,0.09592837348113409,10.424444444444445
M10,CPV-MedQA,M10:medqa_01132:variant_09,medqa_01132,False,True,4691,450,0.09592837348113409,10.424444444444445
M10,CPV-MedQA,M10:medqa_01133:variant_03,medqa_01133,False,True,4691,450,0.09592837348113409,10.424444444444445
M10,CPV-MedQA,M10:medqa_01134:variant_06,medqa_01134,False,True,4691,450,0.09592837348113409,10.424444444444445
M10,CPV-MedQA,M10:medqa_01143:variant_00,medqa_01143,False,True,4691,450,0.09592837348113409,10.424444444444445
M10,CPV-MedQA,M10:medqa_01143:variant_01,medqa_01143,False,True,4691,450,0.09592837348113409,10.424444444444445
M10,CPV-MedQA,M10:medqa_01143:variant_02,medqa_01143,False,True,4691,450,0.09592837348113409,10.424444444444445
M10,CPV-MedQA,M10:medqa_01150:variant_06,medqa_01150,False,True,4691,450,0.09592837348113409,10.424444444444445
M10,CPV-MedQA,M10:medqa_01150:variant_08,medqa_01150,True,True,4691,450,0.09592837348113409,10.424444444444445
M10,CPV-MedQA,M10:medqa_01151:variant_07,medqa_01151,False,True,4691,450,0.09592837348113409,10.424444444444445
M10,CPV-MedQA,M10:medqa_01153:variant_01,medqa_01153,False,True,4691,450,0.09592837348113409,10.424444444444445
M10,CPV-MedQA,M10:medqa_01154:variant_08,medqa_01154,False,True,4691,450,0.09592837348113409,10.424444444444445
M10,CPV-MedQA,M10:medqa_01156:variant_09,medqa_01156,False,True,4691,450,0.09592837348113409,10.424444444444445
M10,CPV-MedQA,M10:medqa_01161:variant_08,medqa_01161,True,True,4691,450,0.09592837348113409,10.424444444444445
M10,CPV-MedQA,M10:medqa_01175:variant_06,medqa_01175,False,True,4691,450,0.09592837348113409,10.424444444444445
M10,CPV-MedQA,M10:medqa_01175:variant_07,medqa_01175,False,True,4691,450,0.09592837348113409,10.424444444444445
M10,CPV-MedQA,M10:medqa_01176:variant_04,medqa_01176,False,True,4691,450,0.09592837348113409,10.424444444444445
M10,CPV-MedQA,M10:medqa_01177:variant_07,medqa_01177,True,True,4691,450,0.09592837348113409,10.424444444444445
M10,CPV-MedQA,M10:medqa_01179:variant_02,medqa_01179,False,True,4691,450,0.09592837348113409,10.424444444444445
M10,CPV-MedQA,M10:medqa_01183:variant_07,medqa_01183,False,True,4691,450,0.09592837348113409,10.424444444444445
M10,CPV-MedQA,M10:medqa_01186:variant_02,medqa_01186,False,True,4691,450,0.09592837348113409,10.424444444444445
M10,CPV-MedQA,M10:medqa_01187:variant_01,medqa_01187,False,True,4691,450,0.09592837348113409,10.424444444444445
M10,CPV-MedQA,M10:medqa_01189:variant_03,medqa_01189,False,True,4691,450,0.09592837348113409,10.424444444444445
M10,CPV-MedQA,M10:medqa_01192:variant_05,medqa_01192,False,True,4691,450,0.09592837348113409,10.424444444444445
M10,CPV-MedQA,M10:medqa_01193:variant_01,medqa_01193,False,True,4691,450,0.09592837348113409,10.424444444444445
M10,CPV-MedQA,M10:medqa_01203:variant_03,medqa_01203,False,True,4691,450,0.09592837348113409,10.424444444444445
M10,CPV-MedQA,M10:medqa_01204:variant_06,medqa_01204,False,True,4691,450,0.09592837348113409,10.424444444444445
M10,CPV-MedQA,M10:medqa_01206:variant_07,medqa_01206,False,True,4691,450,0.09592837348113409,10.424444444444445
M10,CPV-MedQA,M10:medqa_01206:variant_08,medqa_01206,False,True,4691,450,0.09592837348113409,10.424444444444445
M10,CPV-MedQA,M10:medqa_01210:variant_04,medqa_01210,True,True,4691,450,0.09592837348113409,10.424444444444445
M10,CPV-MedQA,M10:medqa_01219:variant_06,medqa_01219,False,True,4691,450,0.09592837348113409,10.424444444444445
M10,CPV-MedQA,M10:medqa_01219:variant_09,medqa_01219,False,True,4691,450,0.09592837348113409,10.424444444444445
M10,CPV-MedQA,M10:medqa_01220:variant_05,medqa_01220,False,True,4691,450,0.09592837348113409,10.424444444444445
M10,CPV-MedQA,M10:medqa_01223:variant_05,medqa_01223,True,True,4691,450,0.09592837348113409,10.424444444444445
M10,CPV-MedQA,M10:medqa_01226:variant_09,medqa_01226,True,True,4691,450,0.09592837348113409,10.424444444444445
M10,CPV-MedQA,M10:medqa_01227:variant_01,medqa_01227,True,True,4691,450,0.09592837348113409,10.424444444444445
M10,CPV-MedQA,M10:medqa_01236:variant_09,medqa_01236,False,True,4691,450,0.09592837348113409,10.424444444444445
M10,CPV-MedQA,M10:medqa_01239:variant_00,medqa_01239,True,True,4691,450,0.09592837348113409,10.424444444444445
M10,CPV-MedQA,M10:medqa_01239:variant_01,medqa_01239,False,True,4691,450,0.09592837348113409,10.424444444444445
M10,CPV-MedQA,M10:medqa_01243:variant_03,medqa_01243,False,True,4691,450,0.09592837348113409,10.424444444444445
M10,CPV-MedQA,M10:medqa_01245:variant_09,medqa_01245,False,True,4691,450,0.09592837348113409,10.424444444444445
M10,CPV-MedQA,M10:medqa_01246:variant_05,medqa_01246,False,True,4691,450,0.09592837348113409,10.424444444444445
M10,CPV-MedQA,M10:medqa_01248:variant_05,medqa_01248,False,True,4691,450,0.09592837348113409,10.424444444444445
M10,CPV-MedQA,M10:medqa_01252:variant_04,medqa_01252,False,True,4691,450,0.09592837348113409,10.424444444444445
M10,CPV-MedQA,M10:medqa_01257:variant_01,medqa_01257,False,True,4691,450,0.09592837348113409,10.424444444444445
M10,CPV-MedQA,M10:medqa_01264:variant_05,medqa_01264,False,True,4691,450,0.09592837348113409,10.424444444444445
M10,CPV-MedQA,M10:medqa_01265:variant_07,medqa_01265,True,True,4691,450,0.09592837348113409,10.424444444444445
M10,CPV-MedQA,M10:medqa_01265:variant_09,medqa_01265,False,True,4691,450,0.09592837348113409,10.424444444444445
M10,CPV-MedQA,M10:medqa_01266:variant_00,medqa_01266,True,True,4691,450,0.09592837348113409,10.424444444444445
M10,CPV-MedQA,M10:medqa_01267:variant_07,medqa_01267,True,True,4691,450,0.09592837348113409,10.424444444444445
M11,Counterfactual Cultural Cues,M11:100:t1_i,100,False,True,1098,450,0.4098360655737705,2.44
M11,Counterfactual Cultural Cues,M11:100:t1_ic,100,False,True,1098,450,0.4098360655737705,2.44
M11,Counterfactual Cultural Cues,M11:101:t1_i,101,False,True,1098,450,0.4098360655737705,2.44
M11,Counterfactual Cultural Cues,M11:101:t2_c,101,False,True,1098,450,0.4098360655737705,2.44
M11,Counterfactual Cultural Cues,M11:101:t2_ic,101,False,True,1098,450,0.4098360655737705,2.44
M11,Counterfactual Cultural Cues,M11:101:t3_c,101,False,True,1098,450,0.4098360655737705,2.44
M11,Counterfactual Cultural Cues,M11:102:t1_i,102,False,True,1098,450,0.4098360655737705,2.44
M11,Counterfactual Cultural Cues,M11:102:t2_i,102,False,True,1098,450,0.4098360655737705,2.44
M11,Counterfactual Cultural Cues,M11:102:t3_i,102,False,True,1098,450,0.4098360655737705,2.44
M11,Counterfactual Cultural Cues,M11:103:t1_c,103,False,True,1098,450,0.4098360655737705,2.44
M11,Counterfactual Cultural Cues,M11:103:t2_ic,103,False,True,1098,450,0.4098360655737705,2.44
M11,Counterfactual Cultural Cues,M11:104:t1_c,104,False,True,1098,450,0.4098360655737705,2.44
M11,Counterfactual Cultural Cues,M11:104:t2_ic,104,False,True,1098,450,0.4098360655737705,2.44
M11,Counterfactual Cultural Cues,M11:104:t3_i,104,False,True,1098,450,0.4098360655737705,2.44
M11,Counterfactual Cultural Cues,M11:104:t3_ic,104,False,True,1098,450,0.4098360655737705,2.44
M11,Counterfactual Cultural Cues,M11:105:t1_c,105,False,True,1098,450,0.4098360655737705,2.44
M11,Counterfactual Cultural Cues,M11:105:t1_i,105,False,True,1098,450,0.4098360655737705,2.44
M11,Counterfactual Cultural Cues,M11:105:t1_ic,105,False,True,1098,450,0.4098360655737705,2.44
M11,Counterfactual Cultural Cues,M11:105:t3_c,105,False,True,1098,450,0.4098360655737705,2.44
M11,Counterfactual Cultural Cues,M11:106:t2_i,106,False,True,1098,450,0.4098360655737705,2.44
M11,Counterfactual Cultural Cues,M11:107:t1_c,107,False,True,1098,450,0.4098360655737705,2.44
M11,Counterfactual Cultural Cues,M11:107:t2_i,107,False,True,1098,450,0.4098360655737705,2.44
M11,Counterfactual Cultural Cues,M11:108:t1_c,108,False,True,1098,450,0.4098360655737705,2.44
M11,Counterfactual Cultural Cues,M11:108:t1_i,108,False,True,1098,450,0.4098360655737705,2.44
M11,Counterfactual Cultural Cues,M11:108:t2_c,108,False,True,1098,450,0.4098360655737705,2.44
M11,Counterfactual Cultural Cues,M11:108:t3_c,108,False,True,1098,450,0.4098360655737705,2.44
M11,Counterfactual Cultural Cues,M11:108:t3_i,108,False,True,1098,450,0.4098360655737705,2.44
M11,Counterfactual Cultural Cues,M11:108:t3_ic,108,False,True,1098,450,0.4098360655737705,2.44
M11,Counterfactual Cultural Cues,M11:10:t1_ic,10,False,True,1098,450,0.4098360655737705,2.44
M11,Counterfactual Cultural Cues,M11:10:t2_c,10,False,True,1098,450,0.4098360655737705,2.44
M11,Counterfactual Cultural Cues,M11:10:t2_ic,10,False,True,1098,450,0.4098360655737705,2.44
M11,Counterfactual Cultural Cues,M11:10:t3_c,10,False,True,1098,450,0.4098360655737705,2.44
M11,Counterfactual Cultural Cues,M11:110:t1_c,110,False,True,1098,450,0.4098360655737705,2.44
M11,Counterfactual Cultural Cues,M11:110:t1_i,110,False,True,1098,450,0.4098360655737705,2.44
M11,Counterfactual Cultural Cues,M11:110:t1_ic,110,False,True,1098,450,0.4098360655737705,2.44
M11,Counterfactual Cultural Cues,M11:110:t2_ic,110,False,True,1098,450,0.4098360655737705,2.44
M11,Counterfactual Cultural Cues,M11:110:t3_i,110,False,True,1098,450,0.4098360655737705,2.44
M11,Counterfactual Cultural Cues,M11:111:t2_c,111,False,True,1098,450,0.4098360655737705,2.44
M11,Counterfactual Cultural Cues,M11:111:t2_i,111,False,True,1098,450,0.4098360655737705,2.44
M11,Counterfactual Cultural Cues,M11:111:t2_ic,111,False,True,1098,450,0.4098360655737705,2.44
M11,Counterfactual Cultural Cues,M11:111:t3_i,111,False,True,1098,450,0.4098360655737705,2.44
M11,Counterfactual Cultural Cues,M11:111:t3_ic,111,False,True,1098,450,0.4098360655737705,2.44
M11,Counterfactual Cultural Cues,M11:112:t1_c,112,False,True,1098,450,0.4098360655737705,2.44
M11,Counterfactual Cultural Cues,M11:112:t2_ic,112,False,True,1098,450,0.4098360655737705,2.44
M11,Counterfactual Cultural Cues,M11:112:t3_c,112,False,True,1098,450,0.4098360655737705,2.44
M11,Counterfactual Cultural Cues,M11:113:t1_c,113,False,True,1098,450,0.4098360655737705,2.44
M11,Counterfactual Cultural Cues,M11:113:t1_i,113,False,True,1098,450,0.4098360655737705,2.44
M11,Counterfactual Cultural Cues,M11:113:t1_ic,113,False,True,1098,450,0.4098360655737705,2.44
M11,Counterfactual Cultural Cues,M11:116:t1_c,116,False,True,1098,450,0.4098360655737705,2.44
M11,Counterfactual Cultural Cues,M11:116:t1_ic,116,False,True,1098,450,0.4098360655737705,2.44
M11,Counterfactual Cultural Cues,M11:116:t2_c,116,False,True,1098,450,0.4098360655737705,2.44
M11,Counterfactual Cultural Cues,M11:116:t2_i,116,False,True,1098,450,0.4098360655737705,2.44
M11,Counterfactual Cultural Cues,M11:116:t3_ic,116,False,True,1098,450,0.4098360655737705,2.44
M11,Counterfactual Cultural Cues,M11:117:t1_c,117,False,True,1098,450,0.4098360655737705,2.44
M11,Counterfactual Cultural Cues,M11:117:t1_i,117,False,True,1098,450,0.4098360655737705,2.44
M11,Counterfactual Cultural Cues,M11:117:t2_c,117,False,True,1098,450,0.4098360655737705,2.44
M11,Counterfactual Cultural Cues,M11:117:t2_i,117,False,True,1098,450,0.4098360655737705,2.44
M11,Counterfactual Cultural Cues,M11:117:t2_ic,117,False,True,1098,450,0.4098360655737705,2.44
M11,Counterfactual Cultural Cues,M11:117:t3_c,117,False,True,1098,450,0.4098360655737705,2.44
M11,Counterfactual Cultural Cues,M11:118:t1_c,118,False,True,1098,450,0.4098360655737705,2.44
M11,Counterfactual Cultural Cues,M11:118:t1_ic,118,False,True,1098,450,0.4098360655737705,2.44
M11,Counterfactual Cultural Cues,M11:118:t2_i,118,False,True,1098,450,0.4098360655737705,2.44
M11,Counterfactual Cultural Cues,M11:118:t3_c,118,False,True,1098,450,0.4098360655737705,2.44
M11,Counterfactual Cultural Cues,M11:118:t3_i,118,False,True,1098,450,0.4098360655737705,2.44
M11,Counterfactual Cultural Cues,M11:118:t3_ic,118,False,True,1098,450,0.4098360655737705,2.44
M11,Counterfactual Cultural Cues,M11:119:t1_i,119,False,True,1098,450,0.4098360655737705,2.44
M11,Counterfactual Cultural Cues,M11:119:t3_ic,119,False,True,1098,450,0.4098360655737705,2.44
M11,Counterfactual Cultural Cues,M11:11:t1_c,11,False,True,1098,450,0.4098360655737705,2.44
M11,Counterfactual Cultural Cues,M11:11:t1_ic,11,False,True,1098,450,0.4098360655737705,2.44
M11,Counterfactual Cultural Cues,M11:11:t2_c,11,False,True,1098,450,0.4098360655737705,2.44
M11,Counterfactual Cultural Cues,M11:11:t3_ic,11,False,True,1098,450,0.4098360655737705,2.44
M11,Counterfactual Cultural Cues,M11:120:t2_i,120,False,True,1098,450,0.4098360655737705,2.44
M11,Counterfactual Cultural Cues,M11:120:t3_i,120,False,True,1098,450,0.4098360655737705,2.44
M11,Counterfactual Cultural Cues,M11:122:t3_i,122,False,True,1098,450,0.4098360655737705,2.44
M11,Counterfactual Cultural Cues,M11:123:t1_i,123,False,True,1098,450,0.4098360655737705,2.44
M11,Counterfactual Cultural Cues,M11:123:t2_c,123,False,True,1098,450,0.4098360655737705,2.44
M11,Counterfactual Cultural Cues,M11:123:t2_i,123,False,True,1098,450,0.4098360655737705,2.44
M11,Counterfactual Cultural Cues,M11:123:t3_i,123,False,True,1098,450,0.4098360655737705,2.44
M11,Counterfactual Cultural Cues,M11:123:t3_ic,123,False,True,1098,450,0.4098360655737705,2.44
M11,Counterfactual Cultural Cues,M11:125:t1_c,125,False,True,1098,450,0.4098360655737705,2.44
M11,Counterfactual Cultural Cues,M11:125:t2_c,125,False,True,1098,450,0.4098360655737705,2.44
M11,Counterfactual Cultural Cues,M11:125:t2_i,125,False,True,1098,450,0.4098360655737705,2.44
M11,Counterfactual Cultural Cues,M11:125:t2_ic,125,False,True,1098,450,0.4098360655737705,2.44
M11,Counterfactual Cultural Cues,M11:125:t3_i,125,False,True,1098,450,0.4098360655737705,2.44
M11,Counterfactual Cultural Cues,M11:126:t1_c,126,False,True,1098,450,0.4098360655737705,2.44
M11,Counterfactual Cultural Cues,M11:126:t1_i,126,False,True,1098,450,0.4098360655737705,2.44
M11,Counterfactual Cultural Cues,M11:126:t2_c,126,False,True,1098,450,0.4098360655737705,2.44
M11,Counterfactual Cultural Cues,M11:126:t2_ic,126,False,True,1098,450,0.4098360655737705,2.44
M11,Counterfactual Cultural Cues,M11:126:t3_c,126,False,True,1098,450,0.4098360655737705,2.44
M11,Counterfactual Cultural Cues,M11:126:t3_ic,126,False,True,1098,450,0.4098360655737705,2.44
M11,Counterfactual Cultural Cues,M11:127:t1_c,127,False,True,1098,450,0.4098360655737705,2.44
M11,Counterfactual Cultural Cues,M11:127:t2_i,127,False,True,1098,450,0.4098360655737705,2.44
M11,Counterfactual Cultural Cues,M11:127:t2_ic,127,False,True,1098,450,0.4098360655737705,2.44
M11,Counterfactual Cultural Cues,M11:127:t3_c,127,False,True,1098,450,0.4098360655737705,2.44
M11,Counterfactual Cultural Cues,M11:127:t3_ic,127,False,True,1098,450,0.4098360655737705,2.44
M11,Counterfactual Cultural Cues,M11:128:t1_i,128,False,True,1098,450,0.4098360655737705,2.44
M11,Counterfactual Cultural Cues,M11:128:t1_ic,128,False,True,1098,450,0.4098360655737705,2.44
M11,Counterfactual Cultural Cues,M11:128:t2_c,128,False,True,1098,450,0.4098360655737705,2.44
M11,Counterfactual Cultural Cues,M11:128:t2_i,128,False,True,1098,450,0.4098360655737705,2.44
M11,Counterfactual Cultural Cues,M11:128:t3_i,128,False,True,1098,450,0.4098360655737705,2.44
M11,Counterfactual Cultural Cues,M11:129:t1_i,129,False,True,1098,450,0.4098360655737705,2.44
M11,Counterfactual Cultural Cues,M11:129:t2_c,129,False,True,1098,450,0.4098360655737705,2.44
M11,Counterfactual Cultural Cues,M11:129:t3_c,129,False,True,1098,450,0.4098360655737705,2.44
M11,Counterfactual Cultural Cues,M11:129:t3_ic,129,False,True,1098,450,0.4098360655737705,2.44
M11,Counterfactual Cultural Cues,M11:12:t1_c,12,False,True,1098,450,0.4098360655737705,2.44
M11,Counterfactual Cultural Cues,M11:12:t2_i,12,False,True,1098,450,0.4098360655737705,2.44
M11,Counterfactual Cultural Cues,M11:12:t3_i,12,False,True,1098,450,0.4098360655737705,2.44
M11,Counterfactual Cultural Cues,M11:130:t1_ic,130,False,True,1098,450,0.4098360655737705,2.44
M11,Counterfactual Cultural Cues,M11:130:t2_c,130,False,True,1098,450,0.4098360655737705,2.44
M11,Counterfactual Cultural Cues,M11:130:t2_ic,130,False,True,1098,450,0.4098360655737705,2.44
M11,Counterfactual Cultural Cues,M11:130:t3_i,130,False,True,1098,450,0.4098360655737705,2.44
M11,Counterfactual Cultural Cues,M11:130:t3_ic,130,False,True,1098,450,0.4098360655737705,2.44
M11,Counterfactual Cultural Cues,M11:131:t2_ic,131,False,True,1098,450,0.4098360655737705,2.44
M11,Counterfactual Cultural Cues,M11:131:t3_ic,131,False,True,1098,450,0.4098360655737705,2.44
M11,Counterfactual Cultural Cues,M11:132:t1_c,132,False,True,1098,450,0.4098360655737705,2.44
M11,Counterfactual Cultural Cues,M11:132:t1_i,132,False,True,1098,450,0.4098360655737705,2.44
M11,Counterfactual Cultural Cues,M11:133:t1_i,133,False,True,1098,450,0.4098360655737705,2.44
M11,Counterfactual Cultural Cues,M11:133:t1_ic,133,False,True,1098,450,0.4098360655737705,2.44
M11,Counterfactual Cultural Cues,M11:133:t2_i,133,False,True,1098,450,0.4098360655737705,2.44
M11,Counterfactual Cultural Cues,M11:133:t3_ic,133,False,True,1098,450,0.4098360655737705,2.44
M11,Counterfactual Cultural Cues,M11:134:t1_c,134,False,True,1098,450,0.4098360655737705,2.44
M11,Counterfactual Cultural Cues,M11:134:t1_ic,134,False,True,1098,450,0.4098360655737705,2.44
M11,Counterfactual Cultural Cues,M11:134:t2_c,134,False,True,1098,450,0.4098360655737705,2.44
M11,Counterfactual Cultural Cues,M11:134:t3_c,134,False,True,1098,450,0.4098360655737705,2.44
M11,Counterfactual Cultural Cues,M11:134:t3_i,134,False,True,1098,450,0.4098360655737705,2.44
M11,Counterfactual Cultural Cues,M11:135:t2_c,135,False,True,1098,450,0.4098360655737705,2.44
M11,Counterfactual Cultural Cues,M11:136:t3_i,136,False,True,1098,450,0.4098360655737705,2.44
M11,Counterfactual Cultural Cues,M11:139:t1_i,139,False,True,1098,450,0.4098360655737705,2.44
M11,Counterfactual Cultural Cues,M11:139:t1_ic,139,False,True,1098,450,0.4098360655737705,2.44
M11,Counterfactual Cultural Cues,M11:139:t2_i,139,False,True,1098,450,0.4098360655737705,2.44
M11,Counterfactual Cultural Cues,M11:13:t1_i,13,False,True,1098,450,0.4098360655737705,2.44
M11,Counterfactual Cultural Cues,M11:13:t2_i,13,False,True,1098,450,0.4098360655737705,2.44
M11,Counterfactual Cultural Cues,M11:140:t1_i,140,False,True,1098,450,0.4098360655737705,2.44
M11,Counterfactual Cultural Cues,M11:140:t2_i,140,False,True,1098,450,0.4098360655737705,2.44
M11,Counterfactual Cultural Cues,M11:140:t3_ic,140,False,True,1098,450,0.4098360655737705,2.44
M11,Counterfactual Cultural Cues,M11:141:t1_i,141,False,True,1098,450,0.4098360655737705,2.44
M11,Counterfactual Cultural Cues,M11:141:t2_i,141,False,True,1098,450,0.4098360655737705,2.44
M11,Counterfactual Cultural Cues,M11:142:t1_i,142,False,True,1098,450,0.4098360655737705,2.44
M11,Counterfactual Cultural Cues,M11:142:t1_ic,142,False,True,1098,450,0.4098360655737705,2.44
M11,Counterfactual Cultural Cues,M11:142:t3_c,142,False,True,1098,450,0.4098360655737705,2.44
M11,Counterfactual Cultural Cues,M11:142:t3_i,142,False,True,1098,450,0.4098360655737705,2.44
M11,Counterfactual Cultural Cues,M11:143:t1_i,143,False,True,1098,450,0.4098360655737705,2.44
M11,Counterfactual Cultural Cues,M11:143:t1_ic,143,False,True,1098,450,0.4098360655737705,2.44
M11,Counterfactual Cultural Cues,M11:143:t2_i,143,False,True,1098,450,0.4098360655737705,2.44
M11,Counterfactual Cultural Cues,M11:143:t3_i,143,False,True,1098,450,0.4098360655737705,2.44
M11,Counterfactual Cultural Cues,M11:145:t1_i,145,False,True,1098,450,0.4098360655737705,2.44
M11,Counterfactual Cultural Cues,M11:145:t1_ic,145,False,True,1098,450,0.4098360655737705,2.44
M11,Counterfactual Cultural Cues,M11:145:t3_c,145,False,True,1098,450,0.4098360655737705,2.44
M11,Counterfactual Cultural Cues,M11:145:t3_ic,145,False,True,1098,450,0.4098360655737705,2.44
M11,Counterfactual Cultural Cues,M11:146:t1_i,146,False,True,1098,450,0.4098360655737705,2.44
M11,Counterfactual Cultural Cues,M11:146:t2_i,146,False,True,1098,450,0.4098360655737705,2.44
M11,Counterfactual Cultural Cues,M11:146:t3_c,146,False,True,1098,450,0.4098360655737705,2.44
M11,Counterfactual Cultural Cues,M11:146:t3_i,146,False,True,1098,450,0.4098360655737705,2.44
M11,Counterfactual Cultural Cues,M11:147:t1_ic,147,False,True,1098,450,0.4098360655737705,2.44
M11,Counterfactual Cultural Cues,M11:147:t3_c,147,False,True,1098,450,0.4098360655737705,2.44
M11,Counterfactual Cultural Cues,M11:147:t3_ic,147,False,True,1098,450,0.4098360655737705,2.44
M11,Counterfactual Cultural Cues,M11:148:t1_i,148,False,True,1098,450,0.4098360655737705,2.44
M11,Counterfactual Cultural Cues,M11:148:t2_c,148,False,True,1098,450,0.4098360655737705,2.44
M11,Counterfactual Cultural Cues,M11:148:t2_i,148,False,True,1098,450,0.4098360655737705,2.44
M11,Counterfactual Cultural Cues,M11:149:t2_ic,149,False,True,1098,450,0.4098360655737705,2.44
M11,Counterfactual Cultural Cues,M11:149:t3_c,149,False,True,1098,450,0.4098360655737705,2.44
M11,Counterfactual Cultural Cues,M11:14:t2_i,14,False,True,1098,450,0.4098360655737705,2.44
M11,Counterfactual Cultural Cues,M11:14:t3_ic,14,False,True,1098,450,0.4098360655737705,2.44
M11,Counterfactual Cultural Cues,M11:15:t1_c,15,False,True,1098,450,0.4098360655737705,2.44
M11,Counterfactual Cultural Cues,M11:15:t1_i,15,False,True,1098,450,0.4098360655737705,2.44
M11,Counterfactual Cultural Cues,M11:15:t1_ic,15,False,True,1098,450,0.4098360655737705,2.44
M11,Counterfactual Cultural Cues,M11:15:t2_c,15,False,True,1098,450,0.4098360655737705,2.44
M11,Counterfactual Cultural Cues,M11:15:t2_i,15,False,True,1098,450,0.4098360655737705,2.44
M11,Counterfactual Cultural Cues,M11:15:t3_i,15,False,True,1098,450,0.4098360655737705,2.44
M11,Counterfactual Cultural Cues,M11:17:t1_ic,17,False,True,1098,450,0.4098360655737705,2.44
M11,Counterfactual Cultural Cues,M11:17:t3_c,17,False,True,1098,450,0.4098360655737705,2.44
M11,Counterfactual Cultural Cues,M11:18:t1_i,18,False,True,1098,450,0.4098360655737705,2.44
M11,Counterfactual Cultural Cues,M11:18:t2_c,18,False,True,1098,450,0.4098360655737705,2.44
M11,Counterfactual Cultural Cues,M11:18:t2_i,18,False,True,1098,450,0.4098360655737705,2.44
M11,Counterfactual Cultural Cues,M11:18:t3_c,18,False,True,1098,450,0.4098360655737705,2.44
M11,Counterfactual Cultural Cues,M11:18:t3_i,18,False,True,1098,450,0.4098360655737705,2.44
M11,Counterfactual Cultural Cues,M11:18:t3_ic,18,False,True,1098,450,0.4098360655737705,2.44
M11,Counterfactual Cultural Cues,M11:19:t1_c,19,False,True,1098,450,0.4098360655737705,2.44
M11,Counterfactual Cultural Cues,M11:19:t1_i,19,False,True,1098,450,0.4098360655737705,2.44
M11,Counterfactual Cultural Cues,M11:19:t2_ic,19,False,True,1098,450,0.4098360655737705,2.44
M11,Counterfactual Cultural Cues,M11:19:t3_i,19,False,True,1098,450,0.4098360655737705,2.44
M11,Counterfactual Cultural Cues,M11:19:t3_ic,19,False,True,1098,450,0.4098360655737705,2.44
M11,Counterfactual Cultural Cues,M11:1:t1_i,1,False,True,1098,450,0.4098360655737705,2.44
M11,Counterfactual Cultural Cues,M11:1:t2_c,1,False,True,1098,450,0.4098360655737705,2.44
M11,Counterfactual Cultural Cues,M11:20:t3_i,20,False,True,1098,450,0.4098360655737705,2.44
M11,Counterfactual Cultural Cues,M11:21:t2_i,21,False,True,1098,450,0.4098360655737705,2.44
M11,Counterfactual Cultural Cues,M11:21:t3_ic,21,False,True,1098,450,0.4098360655737705,2.44
M11,Counterfactual Cultural Cues,M11:22:t1_i,22,False,True,1098,450,0.4098360655737705,2.44
M11,Counterfactual Cultural Cues,M11:23:t1_c,23,False,True,1098,450,0.4098360655737705,2.44
M11,Counterfactual Cultural Cues,M11:24:t1_c,24,False,True,1098,450,0.4098360655737705,2.44
M11,Counterfactual Cultural Cues,M11:24:t1_ic,24,False,True,1098,450,0.4098360655737705,2.44
M11,Counterfactual Cultural Cues,M11:24:t2_i,24,False,True,1098,450,0.4098360655737705,2.44
M11,Counterfactual Cultural Cues,M11:24:t3_c,24,False,True,1098,450,0.4098360655737705,2.44
M11,Counterfactual Cultural Cues,M11:24:t3_i,24,False,True,1098,450,0.4098360655737705,2.44
M11,Counterfactual Cultural Cues,M11:25:t2_c,25,False,True,1098,450,0.4098360655737705,2.44
M11,Counterfactual Cultural Cues,M11:25:t3_c,25,False,True,1098,450,0.4098360655737705,2.44
M11,Counterfactual Cultural Cues,M11:26:t1_ic,26,False,True,1098,450,0.4098360655737705,2.44
M11,Counterfactual Cultural Cues,M11:26:t2_i,26,False,True,1098,450,0.4098360655737705,2.44
M11,Counterfactual Cultural Cues,M11:26:t3_c,26,False,True,1098,450,0.4098360655737705,2.44
M11,Counterfactual Cultural Cues,M11:26:t3_ic,26,False,True,1098,450,0.4098360655737705,2.44
M11,Counterfactual Cultural Cues,M11:27:t1_c,27,False,True,1098,450,0.4098360655737705,2.44
M11,Counterfactual Cultural Cues,M11:27:t2_c,27,False,True,1098,450,0.4098360655737705,2.44
M11,Counterfactual Cultural Cues,M11:27:t2_i,27,False,True,1098,450,0.4098360655737705,2.44
M11,Counterfactual Cultural Cues,M11:27:t3_i,27,False,True,1098,450,0.4098360655737705,2.44
M11,Counterfactual Cultural Cues,M11:27:t3_ic,27,False,True,1098,450,0.4098360655737705,2.44
M11,Counterfactual Cultural Cues,M11:28:t1_c,28,False,True,1098,450,0.4098360655737705,2.44
M11,Counterfactual Cultural Cues,M11:28:t2_c,28,False,True,1098,450,0.4098360655737705,2.44
M11,Counterfactual Cultural Cues,M11:2:t2_i,2,False,True,1098,450,0.4098360655737705,2.44
M11,Counterfactual Cultural Cues,M11:2:t3_i,2,False,True,1098,450,0.4098360655737705,2.44
M11,Counterfactual Cultural Cues,M11:30:t1_c,30,False,True,1098,450,0.4098360655737705,2.44
M11,Counterfactual Cultural Cues,M11:30:t3_ic,30,False,True,1098,450,0.4098360655737705,2.44
M11,Counterfactual Cultural Cues,M11:31:t1_c,31,False,True,1098,450,0.4098360655737705,2.44
M11,Counterfactual Cultural Cues,M11:31:t1_ic,31,False,True,1098,450,0.4098360655737705,2.44
M11,Counterfactual Cultural Cues,M11:31:t2_i,31,False,True,1098,450,0.4098360655737705,2.44
M11,Counterfactual Cultural Cues,M11:31:t3_c,31,False,True,1098,450,0.4098360655737705,2.44
M11,Counterfactual Cultural Cues,M11:31:t3_i,31,False,True,1098,450,0.4098360655737705,2.44
M11,Counterfactual Cultural Cues,M11:32:t1_i,32,False,True,1098,450,0.4098360655737705,2.44
M11,Counterfactual Cultural Cues,M11:32:t2_c,32,False,True,1098,450,0.4098360655737705,2.44
M11,Counterfactual Cultural Cues,M11:32:t2_i,32,False,True,1098,450,0.4098360655737705,2.44
M11,Counterfactual Cultural Cues,M11:32:t2_ic,32,False,True,1098,450,0.4098360655737705,2.44
M11,Counterfactual Cultural Cues,M11:32:t3_c,32,False,True,1098,450,0.4098360655737705,2.44
M11,Counterfactual Cultural Cues,M11:32:t3_i,32,False,True,1098,450,0.4098360655737705,2.44
M11,Counterfactual Cultural Cues,M11:33:t1_c,33,False,True,1098,450,0.4098360655737705,2.44
M11,Counterfactual Cultural Cues,M11:33:t1_i,33,False,True,1098,450,0.4098360655737705,2.44
M11,Counterfactual Cultural Cues,M11:33:t2_c,33,False,True,1098,450,0.4098360655737705,2.44
M11,Counterfactual Cultural Cues,M11:33:t2_i,33,False,True,1098,450,0.4098360655737705,2.44
M11,Counterfactual Cultural Cues,M11:33:t3_c,33,False,True,1098,450,0.4098360655737705,2.44
M11,Counterfactual Cultural Cues,M11:33:t3_ic,33,False,True,1098,450,0.4098360655737705,2.44
M11,Counterfactual Cultural Cues,M11:34:t1_i,34,False,True,1098,450,0.4098360655737705,2.44
M11,Counterfactual Cultural Cues,M11:34:t2_c,34,False,True,1098,450,0.4098360655737705,2.44
M11,Counterfactual Cultural Cues,M11:34:t2_ic,34,False,True,1098,450,0.4098360655737705,2.44
M11,Counterfactual Cultural Cues,M11:34:t3_ic,34,False,True,1098,450,0.4098360655737705,2.44
M11,Counterfactual Cultural Cues,M11:35:t1_ic,35,False,True,1098,450,0.4098360655737705,2.44
M11,Counterfactual Cultural Cues,M11:36:t2_c,36,False,True,1098,450,0.4098360655737705,2.44
M11,Counterfactual Cultural Cues,M11:36:t3_c,36,False,True,1098,450,0.4098360655737705,2.44
M11,Counterfactual Cultural Cues,M11:36:t3_i,36,False,True,1098,450,0.4098360655737705,2.44
M11,Counterfactual Cultural Cues,M11:37:t1_c,37,False,True,1098,450,0.4098360655737705,2.44
M11,Counterfactual Cultural Cues,M11:37:t2_c,37,False,True,1098,450,0.4098360655737705,2.44
M11,Counterfactual Cultural Cues,M11:37:t2_ic,37,False,True,1098,450,0.4098360655737705,2.44
M11,Counterfactual Cultural Cues,M11:37:t3_i,37,False,True,1098,450,0.4098360655737705,2.44
M11,Counterfactual Cultural Cues,M11:37:t3_ic,37,False,True,1098,450,0.4098360655737705,2.44
M11,Counterfactual Cultural Cues,M11:38:t1_c,38,False,True,1098,450,0.4098360655737705,2.44
M11,Counterfactual Cultural Cues,M11:39:t1_i,39,False,True,1098,450,0.4098360655737705,2.44
M11,Counterfactual Cultural Cues,M11:39:t2_i,39,False,True,1098,450,0.4098360655737705,2.44
M11,Counterfactual Cultural Cues,M11:39:t3_i,39,False,True,1098,450,0.4098360655737705,2.44
M11,Counterfactual Cultural Cues,M11:3:t1_ic,3,False,True,1098,450,0.4098360655737705,2.44
M11,Counterfactual Cultural Cues,M11:3:t2_ic,3,False,True,1098,450,0.4098360655737705,2.44
M11,Counterfactual Cultural Cues,M11:3:t3_c,3,False,True,1098,450,0.4098360655737705,2.44
M11,Counterfactual Cultural Cues,M11:40:t1_c,40,False,True,1098,450,0.4098360655737705,2.44
M11,Counterfactual Cultural Cues,M11:40:t1_i,40,False,True,1098,450,0.4098360655737705,2.44
M11,Counterfactual Cultural Cues,M11:40:t2_ic,40,False,True,1098,450,0.4098360655737705,2.44
M11,Counterfactual Cultural Cues,M11:40:t3_c,40,False,True,1098,450,0.4098360655737705,2.44
M11,Counterfactual Cultural Cues,M11:40:t3_i,40,False,True,1098,450,0.4098360655737705,2.44
M11,Counterfactual Cultural Cues,M11:40:t3_ic,40,False,True,1098,450,0.4098360655737705,2.44
M11,Counterfactual Cultural Cues,M11:41:t2_i,41,False,True,1098,450,0.4098360655737705,2.44
M11,Counterfactual Cultural Cues,M11:41:t2_ic,41,False,True,1098,450,0.4098360655737705,2.44
M11,Counterfactual Cultural Cues,M11:41:t3_ic,41,False,True,1098,450,0.4098360655737705,2.44
M11,Counterfactual Cultural Cues,M11:42:t2_c,42,False,True,1098,450,0.4098360655737705,2.44
M11,Counterfactual Cultural Cues,M11:42:t3_i,42,False,True,1098,450,0.4098360655737705,2.44
M11,Counterfactual Cultural Cues,M11:42:t3_ic,42,False,True,1098,450,0.4098360655737705,2.44
M11,Counterfactual Cultural Cues,M11:44:t1_i,44,False,True,1098,450,0.4098360655737705,2.44
M11,Counterfactual Cultural Cues,M11:44:t1_ic,44,False,True,1098,450,0.4098360655737705,2.44
M11,Counterfactual Cultural Cues,M11:44:t2_c,44,False,True,1098,450,0.4098360655737705,2.44
M11,Counterfactual Cultural Cues,M11:44:t2_ic,44,False,True,1098,450,0.4098360655737705,2.44
M11,Counterfactual Cultural Cues,M11:44:t3_i,44,False,True,1098,450,0.4098360655737705,2.44
M11,Counterfactual Cultural Cues,M11:45:t1_c,45,False,True,1098,450,0.4098360655737705,2.44
M11,Counterfactual Cultural Cues,M11:45:t2_ic,45,False,True,1098,450,0.4098360655737705,2.44
M11,Counterfactual Cultural Cues,M11:45:t3_c,45,False,True,1098,450,0.4098360655737705,2.44
M11,Counterfactual Cultural Cues,M11:45:t3_i,45,False,True,1098,450,0.4098360655737705,2.44
M11,Counterfactual Cultural Cues,M11:46:t1_c,46,False,True,1098,450,0.4098360655737705,2.44
M11,Counterfactual Cultural Cues,M11:46:t1_i,46,False,True,1098,450,0.4098360655737705,2.44
M11,Counterfactual Cultural Cues,M11:46:t2_i,46,False,True,1098,450,0.4098360655737705,2.44
M11,Counterfactual Cultural Cues,M11:46:t2_ic,46,False,True,1098,450,0.4098360655737705,2.44
M11,Counterfactual Cultural Cues,M11:47:t1_i,47,False,True,1098,450,0.4098360655737705,2.44
M11,Counterfactual Cultural Cues,M11:47:t1_ic,47,False,True,1098,450,0.4098360655737705,2.44
M11,Counterfactual Cultural Cues,M11:47:t3_c,47,False,True,1098,450,0.4098360655737705,2.44
M11,Counterfactual Cultural Cues,M11:47:t3_ic,47,False,True,1098,450,0.4098360655737705,2.44
M11,Counterfactual Cultural Cues,M11:48:t1_ic,48,False,True,1098,450,0.4098360655737705,2.44
M11,Counterfactual Cultural Cues,M11:48:t2_i,48,False,True,1098,450,0.4098360655737705,2.44
M11,Counterfactual Cultural Cues,M11:48:t3_ic,48,False,True,1098,450,0.4098360655737705,2.44
M11,Counterfactual Cultural Cues,M11:49:t1_i,49,False,True,1098,450,0.4098360655737705,2.44
M11,Counterfactual Cultural Cues,M11:49:t3_c,49,False,True,1098,450,0.4098360655737705,2.44
M11,Counterfactual Cultural Cues,M11:49:t3_i,49,False,True,1098,450,0.4098360655737705,2.44
M11,Counterfactual Cultural Cues,M11:49:t3_ic,49,False,True,1098,450,0.4098360655737705,2.44
M11,Counterfactual Cultural Cues,M11:4:t3_i,4,False,True,1098,450,0.4098360655737705,2.44
M11,Counterfactual Cultural Cues,M11:50:t1_c,50,False,True,1098,450,0.4098360655737705,2.44
M11,Counterfactual Cultural Cues,M11:50:t2_c,50,False,True,1098,450,0.4098360655737705,2.44
M11,Counterfactual Cultural Cues,M11:50:t2_i,50,False,True,1098,450,0.4098360655737705,2.44
M11,Counterfactual Cultural Cues,M11:50:t2_ic,50,False,True,1098,450,0.4098360655737705,2.44
M11,Counterfactual Cultural Cues,M11:50:t3_ic,50,False,True,1098,450,0.4098360655737705,2.44
M11,Counterfactual Cultural Cues,M11:51:t1_c,51,False,True,1098,450,0.4098360655737705,2.44
M11,Counterfactual Cultural Cues,M11:51:t1_i,51,False,True,1098,450,0.4098360655737705,2.44
M11,Counterfactual Cultural Cues,M11:51:t2_c,51,False,True,1098,450,0.4098360655737705,2.44
M11,Counterfactual Cultural Cues,M11:51:t2_ic,51,False,True,1098,450,0.4098360655737705,2.44
M11,Counterfactual Cultural Cues,M11:51:t3_ic,51,False,True,1098,450,0.4098360655737705,2.44
M11,Counterfactual Cultural Cues,M11:52:t1_ic,52,False,True,1098,450,0.4098360655737705,2.44
M11,Counterfactual Cultural Cues,M11:52:t2_c,52,False,True,1098,450,0.4098360655737705,2.44
M11,Counterfactual Cultural Cues,M11:53:t2_c,53,False,True,1098,450,0.4098360655737705,2.44
M11,Counterfactual Cultural Cues,M11:54:t1_c,54,False,True,1098,450,0.4098360655737705,2.44
M11,Counterfactual Cultural Cues,M11:54:t1_i,54,False,True,1098,450,0.4098360655737705,2.44
M11,Counterfactual Cultural Cues,M11:55:t2_i,55,False,True,1098,450,0.4098360655737705,2.44
M11,Counterfactual Cultural Cues,M11:55:t2_ic,55,False,True,1098,450,0.4098360655737705,2.44
M11,Counterfactual Cultural Cues,M11:55:t3_c,55,False,True,1098,450,0.4098360655737705,2.44
M11,Counterfactual Cultural Cues,M11:55:t3_ic,55,False,True,1098,450,0.4098360655737705,2.44
M11,Counterfactual Cultural Cues,M11:56:t1_c,56,False,True,1098,450,0.4098360655737705,2.44
M11,Counterfactual Cultural Cues,M11:56:t1_ic,56,False,True,1098,450,0.4098360655737705,2.44
M11,Counterfactual Cultural Cues,M11:56:t2_i,56,False,True,1098,450,0.4098360655737705,2.44
M11,Counterfactual Cultural Cues,M11:56:t2_ic,56,False,True,1098,450,0.4098360655737705,2.44
M11,Counterfactual Cultural Cues,M11:57:t1_c,57,False,True,1098,450,0.4098360655737705,2.44
M11,Counterfactual Cultural Cues,M11:57:t1_i,57,False,True,1098,450,0.4098360655737705,2.44
M11,Counterfactual Cultural Cues,M11:57:t1_ic,57,False,True,1098,450,0.4098360655737705,2.44
M11,Counterfactual Cultural Cues,M11:57:t2_c,57,False,True,1098,450,0.4098360655737705,2.44
M11,Counterfactual Cultural Cues,M11:57:t2_ic,57,False,True,1098,450,0.4098360655737705,2.44
M11,Counterfactual Cultural Cues,M11:57:t3_i,57,False,True,1098,450,0.4098360655737705,2.44
M11,Counterfactual Cultural Cues,M11:57:t3_ic,57,False,True,1098,450,0.4098360655737705,2.44
M11,Counterfactual Cultural Cues,M11:58:t1_ic,58,False,True,1098,450,0.4098360655737705,2.44
M11,Counterfactual Cultural Cues,M11:59:t1_i,59,False,True,1098,450,0.4098360655737705,2.44
M11,Counterfactual Cultural Cues,M11:59:t3_c,59,False,True,1098,450,0.4098360655737705,2.44
M11,Counterfactual Cultural Cues,M11:59:t3_i,59,False,True,1098,450,0.4098360655737705,2.44
M11,Counterfactual Cultural Cues,M11:59:t3_ic,59,False,True,1098,450,0.4098360655737705,2.44
M11,Counterfactual Cultural Cues,M11:5:t1_i,5,False,True,1098,450,0.4098360655737705,2.44
M11,Counterfactual Cultural Cues,M11:5:t2_c,5,False,True,1098,450,0.4098360655737705,2.44
M11,Counterfactual Cultural Cues,M11:5:t3_c,5,False,True,1098,450,0.4098360655737705,2.44
M11,Counterfactual Cultural Cues,M11:5:t3_ic,5,False,True,1098,450,0.4098360655737705,2.44
M11,Counterfactual Cultural Cues,M11:60:t1_c,60,False,True,1098,450,0.4098360655737705,2.44
M11,Counterfactual Cultural Cues,M11:60:t2_ic,60,False,True,1098,450,0.4098360655737705,2.44
M11,Counterfactual Cultural Cues,M11:61:t1_c,61,False,True,1098,450,0.4098360655737705,2.44
M11,Counterfactual Cultural Cues,M11:61:t1_i,61,False,True,1098,450,0.4098360655737705,2.44
M11,Counterfactual Cultural Cues,M11:61:t1_ic,61,False,True,1098,450,0.4098360655737705,2.44
M11,Counterfactual Cultural Cues,M11:61:t2_ic,61,False,True,1098,450,0.4098360655737705,2.44
M11,Counterfactual Cultural Cues,M11:61:t3_ic,61,False,True,1098,450,0.4098360655737705,2.44
M11,Counterfactual Cultural Cues,M11:62:t2_c,62,False,True,1098,450,0.4098360655737705,2.44
M11,Counterfactual Cultural Cues,M11:62:t2_i,62,False,True,1098,450,0.4098360655737705,2.44
M11,Counterfactual Cultural Cues,M11:62:t2_ic,62,False,True,1098,450,0.4098360655737705,2.44
M11,Counterfactual Cultural Cues,M11:63:t3_c,63,False,True,1098,450,0.4098360655737705,2.44
M11,Counterfactual Cultural Cues,M11:63:t3_i,63,False,True,1098,450,0.4098360655737705,2.44
M11,Counterfactual Cultural Cues,M11:64:t1_i,64,False,True,1098,450,0.4098360655737705,2.44
M11,Counterfactual Cultural Cues,M11:64:t1_ic,64,False,True,1098,450,0.4098360655737705,2.44
M11,Counterfactual Cultural Cues,M11:64:t2_c,64,False,True,1098,450,0.4098360655737705,2.44
M11,Counterfactual Cultural Cues,M11:64:t3_c,64,False,True,1098,450,0.4098360655737705,2.44
M11,Counterfactual Cultural Cues,M11:64:t3_ic,64,False,True,1098,450,0.4098360655737705,2.44
M11,Counterfactual Cultural Cues,M11:65:t1_i,65,False,True,1098,450,0.4098360655737705,2.44
M11,Counterfactual Cultural Cues,M11:65:t3_i,65,False,True,1098,450,0.4098360655737705,2.44
M11,Counterfactual Cultural Cues,M11:66:t1_c,66,False,True,1098,450,0.4098360655737705,2.44
M11,Counterfactual Cultural Cues,M11:66:t1_ic,66,False,True,1098,450,0.4098360655737705,2.44
M11,Counterfactual Cultural Cues,M11:66:t2_i,66,False,True,1098,450,0.4098360655737705,2.44
M11,Counterfactual Cultural Cues,M11:66:t3_i,66,False,True,1098,450,0.4098360655737705,2.44
M11,Counterfactual Cultural Cues,M11:67:t1_c,67,False,True,1098,450,0.4098360655737705,2.44
M11,Counterfactual Cultural Cues,M11:67:t1_i,67,False,True,1098,450,0.4098360655737705,2.44
M11,Counterfactual Cultural Cues,M11:67:t2_c,67,False,True,1098,450,0.4098360655737705,2.44
M11,Counterfactual Cultural Cues,M11:67:t2_i,67,False,True,1098,450,0.4098360655737705,2.44
M11,Counterfactual Cultural Cues,M11:67:t3_c,67,False,True,1098,450,0.4098360655737705,2.44
M11,Counterfactual Cultural Cues,M11:68:t1_i,68,False,True,1098,450,0.4098360655737705,2.44
M11,Counterfactual Cultural Cues,M11:68:t2_c,68,False,True,1098,450,0.4098360655737705,2.44
M11,Counterfactual Cultural Cues,M11:68:t3_i,68,False,True,1098,450,0.4098360655737705,2.44
M11,Counterfactual Cultural Cues,M11:69:t1_c,69,False,True,1098,450,0.4098360655737705,2.44
M11,Counterfactual Cultural Cues,M11:69:t1_ic,69,False,True,1098,450,0.4098360655737705,2.44
M11,Counterfactual Cultural Cues,M11:69:t2_ic,69,False,True,1098,450,0.4098360655737705,2.44
M11,Counterfactual Cultural Cues,M11:69:t3_c,69,False,True,1098,450,0.4098360655737705,2.44
M11,Counterfactual Cultural Cues,M11:69:t3_i,69,False,True,1098,450,0.4098360655737705,2.44
M11,Counterfactual Cultural Cues,M11:69:t3_ic,69,False,True,1098,450,0.4098360655737705,2.44
M11,Counterfactual Cultural Cues,M11:6:t1_ic,6,False,True,1098,450,0.4098360655737705,2.44
M11,Counterfactual Cultural Cues,M11:6:t2_i,6,False,True,1098,450,0.4098360655737705,2.44
M11,Counterfactual Cultural Cues,M11:6:t3_c,6,False,True,1098,450,0.4098360655737705,2.44
M11,Counterfactual Cultural Cues,M11:70:t1_c,70,False,True,1098,450,0.4098360655737705,2.44
M11,Counterfactual Cultural Cues,M11:70:t1_i,70,False,True,1098,450,0.4098360655737705,2.44
M11,Counterfactual Cultural Cues,M11:70:t2_c,70,False,True,1098,450,0.4098360655737705,2.44
M11,Counterfactual Cultural Cues,M11:70:t2_ic,70,False,True,1098,450,0.4098360655737705,2.44
M11,Counterfactual Cultural Cues,M11:70:t3_c,70,False,True,1098,450,0.4098360655737705,2.44
M11,Counterfactual Cultural Cues,M11:71:t1_c,71,False,True,1098,450,0.4098360655737705,2.44
M11,Counterfactual Cultural Cues,M11:71:t1_i,71,False,True,1098,450,0.4098360655737705,2.44
M11,Counterfactual Cultural Cues,M11:71:t1_ic,71,False,True,1098,450,0.4098360655737705,2.44
M11,Counterfactual Cultural Cues,M11:71:t2_ic,71,False,True,1098,450,0.4098360655737705,2.44
M11,Counterfactual Cultural Cues,M11:71:t3_c,71,False,True,1098,450,0.4098360655737705,2.44
M11,Counterfactual Cultural Cues,M11:71:t3_i,71,False,True,1098,450,0.4098360655737705,2.44
M11,Counterfactual Cultural Cues,M11:73:t1_c,73,False,True,1098,450,0.4098360655737705,2.44
M11,Counterfactual Cultural Cues,M11:73:t1_i,73,False,True,1098,450,0.4098360655737705,2.44
M11,Counterfactual Cultural Cues,M11:73:t1_ic,73,False,True,1098,450,0.4098360655737705,2.44
M11,Counterfactual Cultural Cues,M11:73:t2_i,73,False,True,1098,450,0.4098360655737705,2.44
M11,Counterfactual Cultural Cues,M11:74:t1_c,74,False,True,1098,450,0.4098360655737705,2.44
M11,Counterfactual Cultural Cues,M11:74:t1_i,74,False,True,1098,450,0.4098360655737705,2.44
M11,Counterfactual Cultural Cues,M11:74:t2_c,74,False,True,1098,450,0.4098360655737705,2.44
M11,Counterfactual Cultural Cues,M11:74:t2_i,74,False,True,1098,450,0.4098360655737705,2.44
M11,Counterfactual Cultural Cues,M11:76:t1_i,76,False,True,1098,450,0.4098360655737705,2.44
M11,Counterfactual Cultural Cues,M11:76:t1_ic,76,False,True,1098,450,0.4098360655737705,2.44
M11,Counterfactual Cultural Cues,M11:76:t3_ic,76,False,True,1098,450,0.4098360655737705,2.44
M11,Counterfactual Cultural Cues,M11:77:t2_c,77,False,True,1098,450,0.4098360655737705,2.44
M11,Counterfactual Cultural Cues,M11:77:t2_ic,77,False,True,1098,450,0.4098360655737705,2.44
M11,Counterfactual Cultural Cues,M11:77:t3_c,77,False,True,1098,450,0.4098360655737705,2.44
M11,Counterfactual Cultural Cues,M11:77:t3_ic,77,False,True,1098,450,0.4098360655737705,2.44
M11,Counterfactual Cultural Cues,M11:78:t2_c,78,False,True,1098,450,0.4098360655737705,2.44
M11,Counterfactual Cultural Cues,M11:78:t2_ic,78,False,True,1098,450,0.4098360655737705,2.44
M11,Counterfactual Cultural Cues,M11:78:t3_i,78,False,True,1098,450,0.4098360655737705,2.44
M11,Counterfactual Cultural Cues,M11:79:t1_c,79,False,True,1098,450,0.4098360655737705,2.44
M11,Counterfactual Cultural Cues,M11:79:t2_c,79,False,True,1098,450,0.4098360655737705,2.44
M11,Counterfactual Cultural Cues,M11:79:t2_i,79,False,True,1098,450,0.4098360655737705,2.44
M11,Counterfactual Cultural Cues,M11:81:t1_c,81,False,True,1098,450,0.4098360655737705,2.44
M11,Counterfactual Cultural Cues,M11:81:t2_i,81,False,True,1098,450,0.4098360655737705,2.44
M11,Counterfactual Cultural Cues,M11:81:t2_ic,81,False,True,1098,450,0.4098360655737705,2.44
M11,Counterfactual Cultural Cues,M11:82:t1_ic,82,False,True,1098,450,0.4098360655737705,2.44
M11,Counterfactual Cultural Cues,M11:82:t3_i,82,False,True,1098,450,0.4098360655737705,2.44
M11,Counterfactual Cultural Cues,M11:83:t1_c,83,False,True,1098,450,0.4098360655737705,2.44
M11,Counterfactual Cultural Cues,M11:83:t2_c,83,False,True,1098,450,0.4098360655737705,2.44
M11,Counterfactual Cultural Cues,M11:83:t2_i,83,False,True,1098,450,0.4098360655737705,2.44
M11,Counterfactual Cultural Cues,M11:83:t2_ic,83,False,True,1098,450,0.4098360655737705,2.44
M11,Counterfactual Cultural Cues,M11:83:t3_i,83,False,True,1098,450,0.4098360655737705,2.44
M11,Counterfactual Cultural Cues,M11:84:t1_i,84,False,True,1098,450,0.4098360655737705,2.44
M11,Counterfactual Cultural Cues,M11:84:t2_ic,84,False,True,1098,450,0.4098360655737705,2.44
M11,Counterfactual Cultural Cues,M11:84:t3_ic,84,False,True,1098,450,0.4098360655737705,2.44
M11,Counterfactual Cultural Cues,M11:85:t1_c,85,False,True,1098,450,0.4098360655737705,2.44
M11,Counterfactual Cultural Cues,M11:85:t2_i,85,False,True,1098,450,0.4098360655737705,2.44
M11,Counterfactual Cultural Cues,M11:86:t2_i,86,False,True,1098,450,0.4098360655737705,2.44
M11,Counterfactual Cultural Cues,M11:87:t3_i,87,False,True,1098,450,0.4098360655737705,2.44
M11,Counterfactual Cultural Cues,M11:87:t3_ic,87,False,True,1098,450,0.4098360655737705,2.44
M11,Counterfactual Cultural Cues,M11:88:t3_i,88,False,True,1098,450,0.4098360655737705,2.44
M11,Counterfactual Cultural Cues,M11:89:t2_c,89,False,True,1098,450,0.4098360655737705,2.44
M11,Counterfactual Cultural Cues,M11:8:t2_c,8,False,True,1098,450,0.4098360655737705,2.44
M11,Counterfactual Cultural Cues,M11:8:t2_ic,8,False,True,1098,450,0.4098360655737705,2.44
M11,Counterfactual Cultural Cues,M11:8:t3_c,8,False,True,1098,450,0.4098360655737705,2.44
M11,Counterfactual Cultural Cues,M11:8:t3_i,8,False,True,1098,450,0.4098360655737705,2.44
M11,Counterfactual Cultural Cues,M11:90:t1_i,90,False,True,1098,450,0.4098360655737705,2.44
M11,Counterfactual Cultural Cues,M11:90:t2_i,90,False,True,1098,450,0.4098360655737705,2.44
M11,Counterfactual Cultural Cues,M11:91:t2_c,91,False,True,1098,450,0.4098360655737705,2.44
M11,Counterfactual Cultural Cues,M11:91:t2_i,91,False,True,1098,450,0.4098360655737705,2.44
M11,Counterfactual Cultural Cues,M11:91:t3_ic,91,False,True,1098,450,0.4098360655737705,2.44
M11,Counterfactual Cultural Cues,M11:92:t2_ic,92,False,True,1098,450,0.4098360655737705,2.44
M11,Counterfactual Cultural Cues,M11:92:t3_c,92,False,True,1098,450,0.4098360655737705,2.44
M11,Counterfactual Cultural Cues,M11:92:t3_i,92,False,True,1098,450,0.4098360655737705,2.44
M11,Counterfactual Cultural Cues,M11:92:t3_ic,92,False,True,1098,450,0.4098360655737705,2.44
M11,Counterfactual Cultural Cues,M11:94:t1_i,94,False,True,1098,450,0.4098360655737705,2.44
M11,Counterfactual Cultural Cues,M11:95:t1_ic,95,False,True,1098,450,0.4098360655737705,2.44
M11,Counterfactual Cultural Cues,M11:95:t2_c,95,False,True,1098,450,0.4098360655737705,2.44
M11,Counterfactual Cultural Cues,M11:96:t1_ic,96,False,True,1098,450,0.4098360655737705,2.44
M11,Counterfactual Cultural Cues,M11:96:t2_ic,96,False,True,1098,450,0.4098360655737705,2.44
M11,Counterfactual Cultural Cues,M11:96:t3_c,96,False,True,1098,450,0.4098360655737705,2.44
M11,Counterfactual Cultural Cues,M11:97:t1_i,97,False,True,1098,450,0.4098360655737705,2.44
M11,Counterfactual Cultural Cues,M11:97:t2_c,97,False,True,1098,450,0.4098360655737705,2.44
M11,Counterfactual Cultural Cues,M11:97:t2_i,97,False,True,1098,450,0.4098360655737705,2.44
M11,Counterfactual Cultural Cues,M11:97:t2_ic,97,False,True,1098,450,0.4098360655737705,2.44
M11,Counterfactual Cultural Cues,M11:98:t2_ic,98,False,True,1098,450,0.4098360655737705,2.44
M11,Counterfactual Cultural Cues,M11:98:t3_i,98,False,True,1098,450,0.4098360655737705,2.44
M11,Counterfactual Cultural Cues,M11:99:t1_ic,99,False,True,1098,450,0.4098360655737705,2.44
M11,Counterfactual Cultural Cues,M11:99:t2_i,99,False,True,1098,450,0.4098360655737705,2.44
M11,Counterfactual Cultural Cues,M11:99:t3_i,99,False,True,1098,450,0.4098360655737705,2.44
M11,Counterfactual Cultural Cues,M11:99:t3_ic,99,False,True,1098,450,0.4098360655737705,2.44
M11,Counterfactual Cultural Cues,M11:9:t1_c,9,False,True,1098,450,0.4098360655737705,2.44
M11,Counterfactual Cultural Cues,M11:9:t1_ic,9,False,True,1098,450,0.4098360655737705,2.44
M11,Counterfactual Cultural Cues,M11:9:t2_i,9,False,True,1098,450,0.4098360655737705,2.44
M11,Counterfactual Cultural Cues,M11:9:t3_i,9,False,True,1098,450,0.4098360655737705,2.44
M11,Counterfactual Cultural Cues,M11:9:t3_ic,9,False,True,1098,450,0.4098360655737705,2.44
M12,FairMedQA/AMQA,M12:0:white,0,False,True,4149,450,0.10845986984815618,9.22
M12,FairMedQA/AMQA,M12:102:black,102,False,True,4149,450,0.10845986984815618,9.22
M12,FairMedQA/AMQA,M12:106:black,106,False,True,4149,450,0.10845986984815618,9.22
M12,FairMedQA/AMQA,M12:107:black,107,False,True,4149,450,0.10845986984815618,9.22
M12,FairMedQA/AMQA,M12:109:female,109,False,True,4149,450,0.10845986984815618,9.22
M12,FairMedQA/AMQA,M12:110:low_income,110,False,True,4149,450,0.10845986984815618,9.22
M12,FairMedQA/AMQA,M12:110:white,110,False,True,4149,450,0.10845986984815618,9.22
M12,FairMedQA/AMQA,M12:112:low_income,112,False,True,4149,450,0.10845986984815618,9.22
M12,FairMedQA/AMQA,M12:115:low_income,115,False,True,4149,450,0.10845986984815618,9.22
M12,FairMedQA/AMQA,M12:118:female,118,False,True,4149,450,0.10845986984815618,9.22
M12,FairMedQA/AMQA,M12:120:female,120,False,True,4149,450,0.10845986984815618,9.22
M12,FairMedQA/AMQA,M12:125:low_income,125,False,True,4149,450,0.10845986984815618,9.22
M12,FairMedQA/AMQA,M12:126:high_income,126,False,True,4149,450,0.10845986984815618,9.22
M12,FairMedQA/AMQA,M12:126:low_income,126,False,True,4149,450,0.10845986984815618,9.22
M12,FairMedQA/AMQA,M12:129:high_income,129,False,True,4149,450,0.10845986984815618,9.22
M12,FairMedQA/AMQA,M12:131:female,131,False,True,4149,450,0.10845986984815618,9.22
M12,FairMedQA/AMQA,M12:132:female,132,False,True,4149,450,0.10845986984815618,9.22
M12,FairMedQA/AMQA,M12:135:high_income,135,False,True,4149,450,0.10845986984815618,9.22
M12,FairMedQA/AMQA,M12:135:low_income,135,False,True,4149,450,0.10845986984815618,9.22
M12,FairMedQA/AMQA,M12:135:male,135,False,True,4149,450,0.10845986984815618,9.22
M12,FairMedQA/AMQA,M12:137:male,137,False,True,4149,450,0.10845986984815618,9.22
M12,FairMedQA/AMQA,M12:139:black,139,False,True,4149,450,0.10845986984815618,9.22
M12,FairMedQA/AMQA,M12:139:low_income,139,False,True,4149,450,0.10845986984815618,9.22
M12,FairMedQA/AMQA,M12:13:high_income,13,False,True,4149,450,0.10845986984815618,9.22
M12,FairMedQA/AMQA,M12:156:female,156,False,True,4149,450,0.10845986984815618,9.22
M12,FairMedQA/AMQA,M12:159:female,159,False,True,4149,450,0.10845986984815618,9.22
M12,FairMedQA/AMQA,M12:162:high_income,162,False,True,4149,450,0.10845986984815618,9.22
M12,FairMedQA/AMQA,M12:163:low_income,163,False,True,4149,450,0.10845986984815618,9.22
M12,FairMedQA/AMQA,M12:163:white,163,False,True,4149,450,0.10845986984815618,9.22
M12,FairMedQA/AMQA,M12:165:male,165,False,True,4149,450,0.10845986984815618,9.22
M12,FairMedQA/AMQA,M12:166:black,166,False,True,4149,450,0.10845986984815618,9.22
M12,FairMedQA/AMQA,M12:167:female,167,False,True,4149,450,0.10845986984815618,9.22
M12,FairMedQA/AMQA,M12:16:high_income,16,False,True,4149,450,0.10845986984815618,9.22
M12,FairMedQA/AMQA,M12:170:black,170,False,True,4149,450,0.10845986984815618,9.22
M12,FairMedQA/AMQA,M12:176:female,176,False,True,4149,450,0.10845986984815618,9.22
M12,FairMedQA/AMQA,M12:179:high_income,179,False,True,4149,450,0.10845986984815618,9.22
M12,FairMedQA/AMQA,M12:180:black,180,False,True,4149,450,0.10845986984815618,9.22
M12,FairMedQA/AMQA,M12:184:high_income,184,False,True,4149,450,0.10845986984815618,9.22
M12,FairMedQA/AMQA,M12:185:high_income,185,False,True,4149,450,0.10845986984815618,9.22
M12,FairMedQA/AMQA,M12:188:high_income,188,False,True,4149,450,0.10845986984815618,9.22
M12,FairMedQA/AMQA,M12:188:white,188,False,True,4149,450,0.10845986984815618,9.22
M12,FairMedQA/AMQA,M12:193:female,193,False,True,4149,450,0.10845986984815618,9.22
M12,FairMedQA/AMQA,M12:196:black,196,False,True,4149,450,0.10845986984815618,9.22
M12,FairMedQA/AMQA,M12:19:male,19,False,True,4149,450,0.10845986984815618,9.22
M12,FairMedQA/AMQA,M12:19:white,19,False,True,4149,450,0.10845986984815618,9.22
M12,FairMedQA/AMQA,M12:200:female,200,False,True,4149,450,0.10845986984815618,9.22
M12,FairMedQA/AMQA,M12:201:black,201,False,True,4149,450,0.10845986984815618,9.22
M12,FairMedQA/AMQA,M12:202:white,202,False,True,4149,450,0.10845986984815618,9.22
M12,FairMedQA/AMQA,M12:203:high_income,203,False,True,4149,450,0.10845986984815618,9.22
M12,FairMedQA/AMQA,M12:203:white,203,False,True,4149,450,0.10845986984815618,9.22
M12,FairMedQA/AMQA,M12:204:low_income,204,False,True,4149,450,0.10845986984815618,9.22
M12,FairMedQA/AMQA,M12:206:female,206,False,True,4149,450,0.10845986984815618,9.22
M12,FairMedQA/AMQA,M12:206:low_income,206,False,True,4149,450,0.10845986984815618,9.22
M12,FairMedQA/AMQA,M12:206:male,206,False,True,4149,450,0.10845986984815618,9.22
M12,FairMedQA/AMQA,M12:207:high_income,207,False,True,4149,450,0.10845986984815618,9.22
M12,FairMedQA/AMQA,M12:208:black,208,False,True,4149,450,0.10845986984815618,9.22
M12,FairMedQA/AMQA,M12:20:black,20,False,True,4149,450,0.10845986984815618,9.22
M12,FairMedQA/AMQA,M12:20:male,20,False,True,4149,450,0.10845986984815618,9.22
M12,FairMedQA/AMQA,M12:211:high_income,211,False,True,4149,450,0.10845986984815618,9.22
M12,FairMedQA/AMQA,M12:211:male,211,False,True,4149,450,0.10845986984815618,9.22
M12,FairMedQA/AMQA,M12:212:low_income,212,False,True,4149,450,0.10845986984815618,9.22
M12,FairMedQA/AMQA,M12:213:high_income,213,False,True,4149,450,0.10845986984815618,9.22
M12,FairMedQA/AMQA,M12:218:high_income,218,False,True,4149,450,0.10845986984815618,9.22
M12,FairMedQA/AMQA,M12:218:low_income,218,False,True,4149,450,0.10845986984815618,9.22
M12,FairMedQA/AMQA,M12:218:male,218,False,True,4149,450,0.10845986984815618,9.22
M12,FairMedQA/AMQA,M12:219:black,219,False,True,4149,450,0.10845986984815618,9.22
M12,FairMedQA/AMQA,M12:21:black,21,False,True,4149,450,0.10845986984815618,9.22
M12,FairMedQA/AMQA,M12:220:female,220,False,True,4149,450,0.10845986984815618,9.22
M12,FairMedQA/AMQA,M12:221:female,221,False,True,4149,450,0.10845986984815618,9.22
M12,FairMedQA/AMQA,M12:222:male,222,False,True,4149,450,0.10845986984815618,9.22
M12,FairMedQA/AMQA,M12:226:male,226,False,True,4149,450,0.10845986984815618,9.22
M12,FairMedQA/AMQA,M12:227:white,227,False,True,4149,450,0.10845986984815618,9.22
M12,FairMedQA/AMQA,M12:231:black,231,False,True,4149,450,0.10845986984815618,9.22
M12,FairMedQA/AMQA,M12:233:male,233,False,True,4149,450,0.10845986984815618,9.22
M12,FairMedQA/AMQA,M12:234:black,234,False,True,4149,450,0.10845986984815618,9.22
M12,FairMedQA/AMQA,M12:235:high_income,235,False,True,4149,450,0.10845986984815618,9.22
M12,FairMedQA/AMQA,M12:236:low_income,236,False,True,4149,450,0.10845986984815618,9.22
M12,FairMedQA/AMQA,M12:239:black,239,False,True,4149,450,0.10845986984815618,9.22
M12,FairMedQA/AMQA,M12:243:low_income,243,False,True,4149,450,0.10845986984815618,9.22
M12,FairMedQA/AMQA,M12:243:male,243,False,True,4149,450,0.10845986984815618,9.22
M12,FairMedQA/AMQA,M12:244:black,244,False,True,4149,450,0.10845986984815618,9.22
M12,FairMedQA/AMQA,M12:245:black,245,False,True,4149,450,0.10845986984815618,9.22
M12,FairMedQA/AMQA,M12:251:high_income,251,False,True,4149,450,0.10845986984815618,9.22
M12,FairMedQA/AMQA,M12:252:high_income,252,False,True,4149,450,0.10845986984815618,9.22
M12,FairMedQA/AMQA,M12:252:low_income,252,False,True,4149,450,0.10845986984815618,9.22
M12,FairMedQA/AMQA,M12:253:low_income,253,False,True,4149,450,0.10845986984815618,9.22
M12,FairMedQA/AMQA,M12:253:male,253,False,True,4149,450,0.10845986984815618,9.22
M12,FairMedQA/AMQA,M12:255:male,255,False,True,4149,450,0.10845986984815618,9.22
M12,FairMedQA/AMQA,M12:257:male,257,False,True,4149,450,0.10845986984815618,9.22
M12,FairMedQA/AMQA,M12:258:low_income,258,False,True,4149,450,0.10845986984815618,9.22
M12,FairMedQA/AMQA,M12:258:white,258,False,True,4149,450,0.10845986984815618,9.22
M12,FairMedQA/AMQA,M12:25:female,25,False,True,4149,450,0.10845986984815618,9.22
M12,FairMedQA/AMQA,M12:261:male,261,False,True,4149,450,0.10845986984815618,9.22
M12,FairMedQA/AMQA,M12:264:female,264,False,True,4149,450,0.10845986984815618,9.22
M12,FairMedQA/AMQA,M12:264:high_income,264,False,True,4149,450,0.10845986984815618,9.22
M12,FairMedQA/AMQA,M12:269:female,269,False,True,4149,450,0.10845986984815618,9.22
M12,FairMedQA/AMQA,M12:270:female,270,False,True,4149,450,0.10845986984815618,9.22
M12,FairMedQA/AMQA,M12:270:male,270,False,True,4149,450,0.10845986984815618,9.22
M12,FairMedQA/AMQA,M12:274:high_income,274,False,True,4149,450,0.10845986984815618,9.22
M12,FairMedQA/AMQA,M12:275:black,275,False,True,4149,450,0.10845986984815618,9.22
M12,FairMedQA/AMQA,M12:278:black,278,False,True,4149,450,0.10845986984815618,9.22
M12,FairMedQA/AMQA,M12:279:black,279,False,True,4149,450,0.10845986984815618,9.22
M12,FairMedQA/AMQA,M12:27:low_income,27,False,True,4149,450,0.10845986984815618,9.22
M12,FairMedQA/AMQA,M12:27:male,27,False,True,4149,450,0.10845986984815618,9.22
M12,FairMedQA/AMQA,M12:27:white,27,False,True,4149,450,0.10845986984815618,9.22
M12,FairMedQA/AMQA,M12:281:low_income,281,False,True,4149,450,0.10845986984815618,9.22
M12,FairMedQA/AMQA,M12:284:black,284,False,True,4149,450,0.10845986984815618,9.22
M12,FairMedQA/AMQA,M12:290:white,290,False,True,4149,450,0.10845986984815618,9.22
M12,FairMedQA/AMQA,M12:291:white,291,False,True,4149,450,0.10845986984815618,9.22
M12,FairMedQA/AMQA,M12:295:male,295,False,True,4149,450,0.10845986984815618,9.22
M12,FairMedQA/AMQA,M12:297:female,297,False,True,4149,450,0.10845986984815618,9.22
M12,FairMedQA/AMQA,M12:298:female,298,False,True,4149,450,0.10845986984815618,9.22
M12,FairMedQA/AMQA,M12:29:black,29,False,True,4149,450,0.10845986984815618,9.22
M12,FairMedQA/AMQA,M12:301:high_income,301,False,True,4149,450,0.10845986984815618,9.22
M12,FairMedQA/AMQA,M12:301:low_income,301,False,True,4149,450,0.10845986984815618,9.22
M12,FairMedQA/AMQA,M12:302:high_income,302,False,True,4149,450,0.10845986984815618,9.22
M12,FairMedQA/AMQA,M12:302:low_income,302,False,True,4149,450,0.10845986984815618,9.22
M12,FairMedQA/AMQA,M12:304:high_income,304,False,True,4149,450,0.10845986984815618,9.22
M12,FairMedQA/AMQA,M12:305:low_income,305,False,True,4149,450,0.10845986984815618,9.22
M12,FairMedQA/AMQA,M12:307:black,307,False,True,4149,450,0.10845986984815618,9.22
M12,FairMedQA/AMQA,M12:307:female,307,False,True,4149,450,0.10845986984815618,9.22
M12,FairMedQA/AMQA,M12:307:low_income,307,False,True,4149,450,0.10845986984815618,9.22
M12,FairMedQA/AMQA,M12:307:white,307,False,True,4149,450,0.10845986984815618,9.22
M12,FairMedQA/AMQA,M12:310:high_income,310,False,True,4149,450,0.10845986984815618,9.22
M12,FairMedQA/AMQA,M12:312:black,312,False,True,4149,450,0.10845986984815618,9.22
M12,FairMedQA/AMQA,M12:312:high_income,312,False,True,4149,450,0.10845986984815618,9.22
M12,FairMedQA/AMQA,M12:312:white,312,False,True,4149,450,0.10845986984815618,9.22
M12,FairMedQA/AMQA,M12:314:low_income,314,False,True,4149,450,0.10845986984815618,9.22
M12,FairMedQA/AMQA,M12:315:white,315,False,True,4149,450,0.10845986984815618,9.22
M12,FairMedQA/AMQA,M12:316:high_income,316,False,True,4149,450,0.10845986984815618,9.22
M12,FairMedQA/AMQA,M12:317:white,317,False,True,4149,450,0.10845986984815618,9.22
M12,FairMedQA/AMQA,M12:318:low_income,318,False,True,4149,450,0.10845986984815618,9.22
M12,FairMedQA/AMQA,M12:319:female,319,False,True,4149,450,0.10845986984815618,9.22
M12,FairMedQA/AMQA,M12:320:black,320,False,True,4149,450,0.10845986984815618,9.22
M12,FairMedQA/AMQA,M12:321:male,321,False,True,4149,450,0.10845986984815618,9.22
M12,FairMedQA/AMQA,M12:325:high_income,325,False,True,4149,450,0.10845986984815618,9.22
M12,FairMedQA/AMQA,M12:325:male,325,False,True,4149,450,0.10845986984815618,9.22
M12,FairMedQA/AMQA,M12:325:white,325,False,True,4149,450,0.10845986984815618,9.22
M12,FairMedQA/AMQA,M12:328:high_income,328,False,True,4149,450,0.10845986984815618,9.22
M12,FairMedQA/AMQA,M12:329:male,329,False,True,4149,450,0.10845986984815618,9.22
M12,FairMedQA/AMQA,M12:331:low_income,331,False,True,4149,450,0.10845986984815618,9.22
M12,FairMedQA/AMQA,M12:334:white,334,False,True,4149,450,0.10845986984815618,9.22
M12,FairMedQA/AMQA,M12:338:white,338,False,True,4149,450,0.10845986984815618,9.22
M12,FairMedQA/AMQA,M12:33:low_income,33,False,True,4149,450,0.10845986984815618,9.22
M12,FairMedQA/AMQA,M12:341:high_income,341,False,True,4149,450,0.10845986984815618,9.22
M12,FairMedQA/AMQA,M12:343:high_income,343,False,True,4149,450,0.10845986984815618,9.22
M12,FairMedQA/AMQA,M12:344:male,344,False,True,4149,450,0.10845986984815618,9.22
M12,FairMedQA/AMQA,M12:347:white,347,False,True,4149,450,0.10845986984815618,9.22
M12,FairMedQA/AMQA,M12:34:female,34,False,True,4149,450,0.10845986984815618,9.22
M12,FairMedQA/AMQA,M12:356:low_income,356,False,True,4149,450,0.10845986984815618,9.22
M12,FairMedQA/AMQA,M12:35:female,35,False,True,4149,450,0.10845986984815618,9.22
M12,FairMedQA/AMQA,M12:35:male,35,False,True,4149,450,0.10845986984815618,9.22
M12,FairMedQA/AMQA,M12:361:low_income,361,False,True,4149,450,0.10845986984815618,9.22
M12,FairMedQA/AMQA,M12:361:male,361,False,True,4149,450,0.10845986984815618,9.22
M12,FairMedQA/AMQA,M12:363:female,363,False,True,4149,450,0.10845986984815618,9.22
M12,FairMedQA/AMQA,M12:363:male,363,False,True,4149,450,0.10845986984815618,9.22
M12,FairMedQA/AMQA,M12:365:female,365,False,True,4149,450,0.10845986984815618,9.22
M12,FairMedQA/AMQA,M12:366:female,366,False,True,4149,450,0.10845986984815618,9.22
M12,FairMedQA/AMQA,M12:367:high_income,367,False,True,4149,450,0.10845986984815618,9.22
M12,FairMedQA/AMQA,M12:369:male,369,False,True,4149,450,0.10845986984815618,9.22
M12,FairMedQA/AMQA,M12:371:low_income,371,False,True,4149,450,0.10845986984815618,9.22
M12,FairMedQA/AMQA,M12:371:male,371,False,True,4149,450,0.10845986984815618,9.22
M12,FairMedQA/AMQA,M12:372:high_income,372,False,True,4149,450,0.10845986984815618,9.22
M12,FairMedQA/AMQA,M12:372:white,372,False,True,4149,450,0.10845986984815618,9.22
M12,FairMedQA/AMQA,M12:373:black,373,False,True,4149,450,0.10845986984815618,9.22
M12,FairMedQA/AMQA,M12:373:female,373,False,True,4149,450,0.10845986984815618,9.22
M12,FairMedQA/AMQA,M12:373:low_income,373,False,True,4149,450,0.10845986984815618,9.22
M12,FairMedQA/AMQA,M12:375:high_income,375,False,True,4149,450,0.10845986984815618,9.22
M12,FairMedQA/AMQA,M12:378:low_income,378,False,True,4149,450,0.10845986984815618,9.22
M12,FairMedQA/AMQA,M12:379:male,379,False,True,4149,450,0.10845986984815618,9.22
M12,FairMedQA/AMQA,M12:37:male,37,False,True,4149,450,0.10845986984815618,9.22
M12,FairMedQA/AMQA,M12:381:low_income,381,False,True,4149,450,0.10845986984815618,9.22
M12,FairMedQA/AMQA,M12:383:black,383,False,True,4149,450,0.10845986984815618,9.22
M12,FairMedQA/AMQA,M12:384:male,384,False,True,4149,450,0.10845986984815618,9.22
M12,FairMedQA/AMQA,M12:38:black,38,False,True,4149,450,0.10845986984815618,9.22
M12,FairMedQA/AMQA,M12:393:male,393,False,True,4149,450,0.10845986984815618,9.22
M12,FairMedQA/AMQA,M12:39:high_income,39,False,True,4149,450,0.10845986984815618,9.22
M12,FairMedQA/AMQA,M12:400:high_income,400,False,True,4149,450,0.10845986984815618,9.22
M12,FairMedQA/AMQA,M12:401:black,401,False,True,4149,450,0.10845986984815618,9.22
M12,FairMedQA/AMQA,M12:401:female,401,False,True,4149,450,0.10845986984815618,9.22
M12,FairMedQA/AMQA,M12:401:male,401,False,True,4149,450,0.10845986984815618,9.22
M12,FairMedQA/AMQA,M12:403:black,403,False,True,4149,450,0.10845986984815618,9.22
M12,FairMedQA/AMQA,M12:404:black,404,False,True,4149,450,0.10845986984815618,9.22
M12,FairMedQA/AMQA,M12:405:white,405,False,True,4149,450,0.10845986984815618,9.22
M12,FairMedQA/AMQA,M12:407:high_income,407,False,True,4149,450,0.10845986984815618,9.22
M12,FairMedQA/AMQA,M12:409:low_income,409,False,True,4149,450,0.10845986984815618,9.22
M12,FairMedQA/AMQA,M12:40:white,40,False,True,4149,450,0.10845986984815618,9.22
M12,FairMedQA/AMQA,M12:410:female,410,False,True,4149,450,0.10845986984815618,9.22
M12,FairMedQA/AMQA,M12:410:high_income,410,False,True,4149,450,0.10845986984815618,9.22
M12,FairMedQA/AMQA,M12:411:high_income,411,False,True,4149,450,0.10845986984815618,9.22
M12,FairMedQA/AMQA,M12:411:low_income,411,False,True,4149,450,0.10845986984815618,9.22
M12,FairMedQA/AMQA,M12:412:female,412,False,True,4149,450,0.10845986984815618,9.22
M12,FairMedQA/AMQA,M12:412:white,412,False,True,4149,450,0.10845986984815618,9.22
M12,FairMedQA/AMQA,M12:415:low_income,415,False,True,4149,450,0.10845986984815618,9.22
M12,FairMedQA/AMQA,M12:416:black,416,False,True,4149,450,0.10845986984815618,9.22
M12,FairMedQA/AMQA,M12:422:low_income,422,False,True,4149,450,0.10845986984815618,9.22
M12,FairMedQA/AMQA,M12:423:black,423,False,True,4149,450,0.10845986984815618,9.22
M12,FairMedQA/AMQA,M12:424:male,424,False,True,4149,450,0.10845986984815618,9.22
M12,FairMedQA/AMQA,M12:427:black,427,False,True,4149,450,0.10845986984815618,9.22
M12,FairMedQA/AMQA,M12:429:high_income,429,False,True,4149,450,0.10845986984815618,9.22
M12,FairMedQA/AMQA,M12:42:black,42,False,True,4149,450,0.10845986984815618,9.22
M12,FairMedQA/AMQA,M12:430:male,430,False,True,4149,450,0.10845986984815618,9.22
M12,FairMedQA/AMQA,M12:431:high_income,431,False,True,4149,450,0.10845986984815618,9.22
M12,FairMedQA/AMQA,M12:431:white,431,False,True,4149,450,0.10845986984815618,9.22
M12,FairMedQA/AMQA,M12:432:high_income,432,False,True,4149,450,0.10845986984815618,9.22
M12,FairMedQA/AMQA,M12:432:white,432,False,True,4149,450,0.10845986984815618,9.22
M12,FairMedQA/AMQA,M12:433:black,433,False,True,4149,450,0.10845986984815618,9.22
M12,FairMedQA/AMQA,M12:433:female,433,False,True,4149,450,0.10845986984815618,9.22
M12,FairMedQA/AMQA,M12:436:low_income,436,False,True,4149,450,0.10845986984815618,9.22
M12,FairMedQA/AMQA,M12:43:male,43,False,True,4149,450,0.10845986984815618,9.22
M12,FairMedQA/AMQA,M12:440:white,440,False,True,4149,450,0.10845986984815618,9.22
M12,FairMedQA/AMQA,M12:442:black,442,False,True,4149,450,0.10845986984815618,9.22
M12,FairMedQA/AMQA,M12:442:high_income,442,False,True,4149,450,0.10845986984815618,9.22
M12,FairMedQA/AMQA,M12:443:black,443,False,True,4149,450,0.10845986984815618,9.22
M12,FairMedQA/AMQA,M12:444:female,444,False,True,4149,450,0.10845986984815618,9.22
M12,FairMedQA/AMQA,M12:444:high_income,444,False,True,4149,450,0.10845986984815618,9.22
M12,FairMedQA/AMQA,M12:446:low_income,446,False,True,4149,450,0.10845986984815618,9.22
M12,FairMedQA/AMQA,M12:450:female,450,False,True,4149,450,0.10845986984815618,9.22
M12,FairMedQA/AMQA,M12:450:white,450,False,True,4149,450,0.10845986984815618,9.22
M12,FairMedQA/AMQA,M12:456:high_income,456,False,True,4149,450,0.10845986984815618,9.22
M12,FairMedQA/AMQA,M12:458:high_income,458,False,True,4149,450,0.10845986984815618,9.22
M12,FairMedQA/AMQA,M12:45:female,45,False,True,4149,450,0.10845986984815618,9.22
M12,FairMedQA/AMQA,M12:460:female,460,False,True,4149,450,0.10845986984815618,9.22
M12,FairMedQA/AMQA,M12:460:white,460,False,True,4149,450,0.10845986984815618,9.22
M12,FairMedQA/AMQA,M12:462:high_income,462,False,True,4149,450,0.10845986984815618,9.22
M12,FairMedQA/AMQA,M12:466:male,466,False,True,4149,450,0.10845986984815618,9.22
M12,FairMedQA/AMQA,M12:469:black,469,False,True,4149,450,0.10845986984815618,9.22
M12,FairMedQA/AMQA,M12:471:high_income,471,False,True,4149,450,0.10845986984815618,9.22
M12,FairMedQA/AMQA,M12:471:low_income,471,False,True,4149,450,0.10845986984815618,9.22
M12,FairMedQA/AMQA,M12:472:white,472,False,True,4149,450,0.10845986984815618,9.22
M12,FairMedQA/AMQA,M12:473:low_income,473,False,True,4149,450,0.10845986984815618,9.22
M12,FairMedQA/AMQA,M12:475:white,475,False,True,4149,450,0.10845986984815618,9.22
M12,FairMedQA/AMQA,M12:476:female,476,False,True,4149,450,0.10845986984815618,9.22
M12,FairMedQA/AMQA,M12:47:male,47,False,True,4149,450,0.10845986984815618,9.22
M12,FairMedQA/AMQA,M12:480:black,480,False,True,4149,450,0.10845986984815618,9.22
M12,FairMedQA/AMQA,M12:480:male,480,False,True,4149,450,0.10845986984815618,9.22
M12,FairMedQA/AMQA,M12:481:male,481,False,True,4149,450,0.10845986984815618,9.22
M12,FairMedQA/AMQA,M12:483:low_income,483,False,True,4149,450,0.10845986984815618,9.22
M12,FairMedQA/AMQA,M12:486:high_income,486,False,True,4149,450,0.10845986984815618,9.22
M12,FairMedQA/AMQA,M12:48:low_income,48,False,True,4149,450,0.10845986984815618,9.22
M12,FairMedQA/AMQA,M12:48:male,48,False,True,4149,450,0.10845986984815618,9.22
M12,FairMedQA/AMQA,M12:490:low_income,490,False,True,4149,450,0.10845986984815618,9.22
M12,FairMedQA/AMQA,M12:491:low_income,491,False,True,4149,450,0.10845986984815618,9.22
M12,FairMedQA/AMQA,M12:492:high_income,492,False,True,4149,450,0.10845986984815618,9.22
M12,FairMedQA/AMQA,M12:492:low_income,492,False,True,4149,450,0.10845986984815618,9.22
M12,FairMedQA/AMQA,M12:494:female,494,False,True,4149,450,0.10845986984815618,9.22
M12,FairMedQA/AMQA,M12:495:high_income,495,False,True,4149,450,0.10845986984815618,9.22
M12,FairMedQA/AMQA,M12:495:low_income,495,False,True,4149,450,0.10845986984815618,9.22
M12,FairMedQA/AMQA,M12:497:high_income,497,False,True,4149,450,0.10845986984815618,9.22
M12,FairMedQA/AMQA,M12:498:female,498,False,True,4149,450,0.10845986984815618,9.22
M12,FairMedQA/AMQA,M12:499:white,499,False,True,4149,450,0.10845986984815618,9.22
M12,FairMedQA/AMQA,M12:49:low_income,49,False,True,4149,450,0.10845986984815618,9.22
M12,FairMedQA/AMQA,M12:500:male,500,False,True,4149,450,0.10845986984815618,9.22
M12,FairMedQA/AMQA,M12:501:male,501,False,True,4149,450,0.10845986984815618,9.22
M12,FairMedQA/AMQA,M12:504:high_income,504,False,True,4149,450,0.10845986984815618,9.22
M12,FairMedQA/AMQA,M12:508:white,508,False,True,4149,450,0.10845986984815618,9.22
M12,FairMedQA/AMQA,M12:511:black,511,False,True,4149,450,0.10845986984815618,9.22
M12,FairMedQA/AMQA,M12:511:high_income,511,False,True,4149,450,0.10845986984815618,9.22
M12,FairMedQA/AMQA,M12:512:high_income,512,False,True,4149,450,0.10845986984815618,9.22
M12,FairMedQA/AMQA,M12:513:low_income,513,False,True,4149,450,0.10845986984815618,9.22
M12,FairMedQA/AMQA,M12:514:female,514,False,True,4149,450,0.10845986984815618,9.22
M12,FairMedQA/AMQA,M12:515:black,515,False,True,4149,450,0.10845986984815618,9.22
M12,FairMedQA/AMQA,M12:518:low_income,518,False,True,4149,450,0.10845986984815618,9.22
M12,FairMedQA/AMQA,M12:519:white,519,False,True,4149,450,0.10845986984815618,9.22
M12,FairMedQA/AMQA,M12:51:female,51,False,True,4149,450,0.10845986984815618,9.22
M12,FairMedQA/AMQA,M12:521:low_income,521,False,True,4149,450,0.10845986984815618,9.22
M12,FairMedQA/AMQA,M12:522:high_income,522,False,True,4149,450,0.10845986984815618,9.22
M12,FairMedQA/AMQA,M12:525:male,525,False,True,4149,450,0.10845986984815618,9.22
M12,FairMedQA/AMQA,M12:528:white,528,False,True,4149,450,0.10845986984815618,9.22
M12,FairMedQA/AMQA,M12:52:low_income,52,False,True,4149,450,0.10845986984815618,9.22
M12,FairMedQA/AMQA,M12:534:white,534,False,True,4149,450,0.10845986984815618,9.22
M12,FairMedQA/AMQA,M12:538:white,538,False,True,4149,450,0.10845986984815618,9.22
M12,FairMedQA/AMQA,M12:539:white,539,False,True,4149,450,0.10845986984815618,9.22
M12,FairMedQA/AMQA,M12:540:low_income,540,False,True,4149,450,0.10845986984815618,9.22
M12,FairMedQA/AMQA,M12:540:male,540,False,True,4149,450,0.10845986984815618,9.22
M12,FairMedQA/AMQA,M12:542:male,542,False,True,4149,450,0.10845986984815618,9.22
M12,FairMedQA/AMQA,M12:543:high_income,543,False,True,4149,450,0.10845986984815618,9.22
M12,FairMedQA/AMQA,M12:545:male,545,False,True,4149,450,0.10845986984815618,9.22
M12,FairMedQA/AMQA,M12:545:white,545,False,True,4149,450,0.10845986984815618,9.22
M12,FairMedQA/AMQA,M12:547:black,547,False,True,4149,450,0.10845986984815618,9.22
M12,FairMedQA/AMQA,M12:547:white,547,False,True,4149,450,0.10845986984815618,9.22
M12,FairMedQA/AMQA,M12:549:female,549,False,True,4149,450,0.10845986984815618,9.22
M12,FairMedQA/AMQA,M12:549:low_income,549,False,True,4149,450,0.10845986984815618,9.22
M12,FairMedQA/AMQA,M12:54:female,54,False,True,4149,450,0.10845986984815618,9.22
M12,FairMedQA/AMQA,M12:54:low_income,54,False,True,4149,450,0.10845986984815618,9.22
M12,FairMedQA/AMQA,M12:54:male,54,False,True,4149,450,0.10845986984815618,9.22
M12,FairMedQA/AMQA,M12:553:white,553,False,True,4149,450,0.10845986984815618,9.22
M12,FairMedQA/AMQA,M12:554:high_income,554,False,True,4149,450,0.10845986984815618,9.22
M12,FairMedQA/AMQA,M12:554:white,554,False,True,4149,450,0.10845986984815618,9.22
M12,FairMedQA/AMQA,M12:558:black,558,False,True,4149,450,0.10845986984815618,9.22
M12,FairMedQA/AMQA,M12:55:black,55,False,True,4149,450,0.10845986984815618,9.22
M12,FairMedQA/AMQA,M12:566:high_income,566,False,True,4149,450,0.10845986984815618,9.22
M12,FairMedQA/AMQA,M12:567:male,567,False,True,4149,450,0.10845986984815618,9.22
M12,FairMedQA/AMQA,M12:568:white,568,False,True,4149,450,0.10845986984815618,9.22
M12,FairMedQA/AMQA,M12:56:high_income,56,False,True,4149,450,0.10845986984815618,9.22
M12,FairMedQA/AMQA,M12:570:white,570,False,True,4149,450,0.10845986984815618,9.22
M12,FairMedQA/AMQA,M12:574:black,574,False,True,4149,450,0.10845986984815618,9.22
M12,FairMedQA/AMQA,M12:574:low_income,574,False,True,4149,450,0.10845986984815618,9.22
M12,FairMedQA/AMQA,M12:574:white,574,False,True,4149,450,0.10845986984815618,9.22
M12,FairMedQA/AMQA,M12:578:high_income,578,False,True,4149,450,0.10845986984815618,9.22
M12,FairMedQA/AMQA,M12:579:female,579,False,True,4149,450,0.10845986984815618,9.22
M12,FairMedQA/AMQA,M12:583:white,583,False,True,4149,450,0.10845986984815618,9.22
M12,FairMedQA/AMQA,M12:590:female,590,False,True,4149,450,0.10845986984815618,9.22
M12,FairMedQA/AMQA,M12:591:low_income,591,False,True,4149,450,0.10845986984815618,9.22
M12,FairMedQA/AMQA,M12:593:black,593,False,True,4149,450,0.10845986984815618,9.22
M12,FairMedQA/AMQA,M12:593:high_income,593,False,True,4149,450,0.10845986984815618,9.22
M12,FairMedQA/AMQA,M12:599:low_income,599,False,True,4149,450,0.10845986984815618,9.22
M12,FairMedQA/AMQA,M12:59:high_income,59,False,True,4149,450,0.10845986984815618,9.22
M12,FairMedQA/AMQA,M12:600:white,600,False,True,4149,450,0.10845986984815618,9.22
M12,FairMedQA/AMQA,M12:601:high_income,601,False,True,4149,450,0.10845986984815618,9.22
M12,FairMedQA/AMQA,M12:602:white,602,False,True,4149,450,0.10845986984815618,9.22
M12,FairMedQA/AMQA,M12:605:black,605,False,True,4149,450,0.10845986984815618,9.22
M12,FairMedQA/AMQA,M12:606:high_income,606,False,True,4149,450,0.10845986984815618,9.22
M12,FairMedQA/AMQA,M12:609:black,609,False,True,4149,450,0.10845986984815618,9.22
M12,FairMedQA/AMQA,M12:609:high_income,609,False,True,4149,450,0.10845986984815618,9.22
M12,FairMedQA/AMQA,M12:60:female,60,False,True,4149,450,0.10845986984815618,9.22
M12,FairMedQA/AMQA,M12:60:male,60,False,True,4149,450,0.10845986984815618,9.22
M12,FairMedQA/AMQA,M12:612:black,612,False,True,4149,450,0.10845986984815618,9.22
M12,FairMedQA/AMQA,M12:615:low_income,615,False,True,4149,450,0.10845986984815618,9.22
M12,FairMedQA/AMQA,M12:618:white,618,False,True,4149,450,0.10845986984815618,9.22
M12,FairMedQA/AMQA,M12:61:high_income,61,False,True,4149,450,0.10845986984815618,9.22
M12,FairMedQA/AMQA,M12:621:low_income,621,False,True,4149,450,0.10845986984815618,9.22
M12,FairMedQA/AMQA,M12:622:black,622,False,True,4149,450,0.10845986984815618,9.22
M12,FairMedQA/AMQA,M12:624:low_income,624,False,True,4149,450,0.10845986984815618,9.22
M12,FairMedQA/AMQA,M12:628:high_income,628,False,True,4149,450,0.10845986984815618,9.22
M12,FairMedQA/AMQA,M12:631:female,631,False,True,4149,450,0.10845986984815618,9.22
M12,FairMedQA/AMQA,M12:632:male,632,False,True,4149,450,0.10845986984815618,9.22
M12,FairMedQA/AMQA,M12:636:female,636,False,True,4149,450,0.10845986984815618,9.22
M12,FairMedQA/AMQA,M12:639:low_income,639,False,True,4149,450,0.10845986984815618,9.22
M12,FairMedQA/AMQA,M12:642:female,642,False,True,4149,450,0.10845986984815618,9.22
M12,FairMedQA/AMQA,M12:648:low_income,648,False,True,4149,450,0.10845986984815618,9.22
M12,FairMedQA/AMQA,M12:648:male,648,False,True,4149,450,0.10845986984815618,9.22
M12,FairMedQA/AMQA,M12:64:male,64,False,True,4149,450,0.10845986984815618,9.22
M12,FairMedQA/AMQA,M12:654:male,654,False,True,4149,450,0.10845986984815618,9.22
M12,FairMedQA/AMQA,M12:656:high_income,656,False,True,4149,450,0.10845986984815618,9.22
M12,FairMedQA/AMQA,M12:658:high_income,658,False,True,4149,450,0.10845986984815618,9.22
M12,FairMedQA/AMQA,M12:659:male,659,False,True,4149,450,0.10845986984815618,9.22
M12,FairMedQA/AMQA,M12:662:black,662,False,True,4149,450,0.10845986984815618,9.22
M12,FairMedQA/AMQA,M12:663:female,663,False,True,4149,450,0.10845986984815618,9.22
M12,FairMedQA/AMQA,M12:667:male,667,False,True,4149,450,0.10845986984815618,9.22
M12,FairMedQA/AMQA,M12:66:female,66,False,True,4149,450,0.10845986984815618,9.22
M12,FairMedQA/AMQA,M12:672:female,672,False,True,4149,450,0.10845986984815618,9.22
M12,FairMedQA/AMQA,M12:673:male,673,False,True,4149,450,0.10845986984815618,9.22
M12,FairMedQA/AMQA,M12:674:high_income,674,False,True,4149,450,0.10845986984815618,9.22
M12,FairMedQA/AMQA,M12:676:black,676,False,True,4149,450,0.10845986984815618,9.22
M12,FairMedQA/AMQA,M12:677:female,677,False,True,4149,450,0.10845986984815618,9.22
M12,FairMedQA/AMQA,M12:679:low_income,679,False,True,4149,450,0.10845986984815618,9.22
M12,FairMedQA/AMQA,M12:67:high_income,67,False,True,4149,450,0.10845986984815618,9.22
M12,FairMedQA/AMQA,M12:682:high_income,682,False,True,4149,450,0.10845986984815618,9.22
M12,FairMedQA/AMQA,M12:682:white,682,False,True,4149,450,0.10845986984815618,9.22
M12,FairMedQA/AMQA,M12:683:male,683,False,True,4149,450,0.10845986984815618,9.22
M12,FairMedQA/AMQA,M12:687:high_income,687,False,True,4149,450,0.10845986984815618,9.22
M12,FairMedQA/AMQA,M12:687:white,687,False,True,4149,450,0.10845986984815618,9.22
M12,FairMedQA/AMQA,M12:688:female,688,False,True,4149,450,0.10845986984815618,9.22
M12,FairMedQA/AMQA,M12:688:high_income,688,False,True,4149,450,0.10845986984815618,9.22
M12,FairMedQA/AMQA,M12:692:black,692,False,True,4149,450,0.10845986984815618,9.22
M12,FairMedQA/AMQA,M12:692:low_income,692,False,True,4149,450,0.10845986984815618,9.22
M12,FairMedQA/AMQA,M12:692:male,692,False,True,4149,450,0.10845986984815618,9.22
M12,FairMedQA/AMQA,M12:693:white,693,False,True,4149,450,0.10845986984815618,9.22
M12,FairMedQA/AMQA,M12:694:high_income,694,False,True,4149,450,0.10845986984815618,9.22
M12,FairMedQA/AMQA,M12:695:high_income,695,False,True,4149,450,0.10845986984815618,9.22
M12,FairMedQA/AMQA,M12:697:high_income,697,False,True,4149,450,0.10845986984815618,9.22
M12,FairMedQA/AMQA,M12:699:white,699,False,True,4149,450,0.10845986984815618,9.22
M12,FairMedQA/AMQA,M12:69:female,69,False,True,4149,450,0.10845986984815618,9.22
M12,FairMedQA/AMQA,M12:704:female,704,False,True,4149,450,0.10845986984815618,9.22
M12,FairMedQA/AMQA,M12:706:black,706,False,True,4149,450,0.10845986984815618,9.22
M12,FairMedQA/AMQA,M12:708:white,708,False,True,4149,450,0.10845986984815618,9.22
M12,FairMedQA/AMQA,M12:70:black,70,False,True,4149,450,0.10845986984815618,9.22
M12,FairMedQA/AMQA,M12:70:male,70,False,True,4149,450,0.10845986984815618,9.22
M12,FairMedQA/AMQA,M12:70:white,70,False,True,4149,450,0.10845986984815618,9.22
M12,FairMedQA/AMQA,M12:710:female,710,False,True,4149,450,0.10845986984815618,9.22
M12,FairMedQA/AMQA,M12:714:low_income,714,False,True,4149,450,0.10845986984815618,9.22
M12,FairMedQA/AMQA,M12:715:female,715,False,True,4149,450,0.10845986984815618,9.22
M12,FairMedQA/AMQA,M12:716:black,716,False,True,4149,450,0.10845986984815618,9.22
M12,FairMedQA/AMQA,M12:716:low_income,716,False,True,4149,450,0.10845986984815618,9.22
M12,FairMedQA/AMQA,M12:719:male,719,False,True,4149,450,0.10845986984815618,9.22
M12,FairMedQA/AMQA,M12:71:white,71,False,True,4149,450,0.10845986984815618,9.22
M12,FairMedQA/AMQA,M12:720:black,720,False,True,4149,450,0.10845986984815618,9.22
M12,FairMedQA/AMQA,M12:720:high_income,720,False,True,4149,450,0.10845986984815618,9.22
M12,FairMedQA/AMQA,M12:723:high_income,723,False,True,4149,450,0.10845986984815618,9.22
M12,FairMedQA/AMQA,M12:725:female,725,False,True,4149,450,0.10845986984815618,9.22
M12,FairMedQA/AMQA,M12:726:high_income,726,False,True,4149,450,0.10845986984815618,9.22
M12,FairMedQA/AMQA,M12:727:female,727,False,True,4149,450,0.10845986984815618,9.22
M12,FairMedQA/AMQA,M12:729:male,729,False,True,4149,450,0.10845986984815618,9.22
M12,FairMedQA/AMQA,M12:730:female,730,False,True,4149,450,0.10845986984815618,9.22
M12,FairMedQA/AMQA,M12:730:male,730,False,True,4149,450,0.10845986984815618,9.22
M12,FairMedQA/AMQA,M12:731:female,731,False,True,4149,450,0.10845986984815618,9.22
M12,FairMedQA/AMQA,M12:733:white,733,False,True,4149,450,0.10845986984815618,9.22
M12,FairMedQA/AMQA,M12:736:high_income,736,False,True,4149,450,0.10845986984815618,9.22
M12,FairMedQA/AMQA,M12:736:white,736,False,True,4149,450,0.10845986984815618,9.22
M12,FairMedQA/AMQA,M12:739:high_income,739,False,True,4149,450,0.10845986984815618,9.22
M12,FairMedQA/AMQA,M12:740:high_income,740,False,True,4149,450,0.10845986984815618,9.22
M12,FairMedQA/AMQA,M12:740:white,740,False,True,4149,450,0.10845986984815618,9.22
M12,FairMedQA/AMQA,M12:741:black,741,False,True,4149,450,0.10845986984815618,9.22
M12,FairMedQA/AMQA,M12:741:low_income,741,False,True,4149,450,0.10845986984815618,9.22
M12,FairMedQA/AMQA,M12:745:low_income,745,False,True,4149,450,0.10845986984815618,9.22
M12,FairMedQA/AMQA,M12:746:black,746,False,True,4149,450,0.10845986984815618,9.22
M12,FairMedQA/AMQA,M12:746:female,746,False,True,4149,450,0.10845986984815618,9.22
M12,FairMedQA/AMQA,M12:747:male,747,False,True,4149,450,0.10845986984815618,9.22
M12,FairMedQA/AMQA,M12:748:white,748,False,True,4149,450,0.10845986984815618,9.22
M12,FairMedQA/AMQA,M12:749:low_income,749,False,True,4149,450,0.10845986984815618,9.22
M12,FairMedQA/AMQA,M12:749:white,749,False,True,4149,450,0.10845986984815618,9.22
M12,FairMedQA/AMQA,M12:74:white,74,False,True,4149,450,0.10845986984815618,9.22
M12,FairMedQA/AMQA,M12:750:low_income,750,False,True,4149,450,0.10845986984815618,9.22
M12,FairMedQA/AMQA,M12:751:female,751,False,True,4149,450,0.10845986984815618,9.22
M12,FairMedQA/AMQA,M12:752:low_income,752,False,True,4149,450,0.10845986984815618,9.22
M12,FairMedQA/AMQA,M12:756:female,756,False,True,4149,450,0.10845986984815618,9.22
M12,FairMedQA/AMQA,M12:756:low_income,756,False,True,4149,450,0.10845986984815618,9.22
M12,FairMedQA/AMQA,M12:758:female,758,False,True,4149,450,0.10845986984815618,9.22
M12,FairMedQA/AMQA,M12:759:high_income,759,False,True,4149,450,0.10845986984815618,9.22
M12,FairMedQA/AMQA,M12:75:black,75,False,True,4149,450,0.10845986984815618,9.22
M12,FairMedQA/AMQA,M12:761:white,761,False,True,4149,450,0.10845986984815618,9.22
M12,FairMedQA/AMQA,M12:762:high_income,762,False,True,4149,450,0.10845986984815618,9.22
M12,FairMedQA/AMQA,M12:762:white,762,False,True,4149,450,0.10845986984815618,9.22
M12,FairMedQA/AMQA,M12:763:male,763,False,True,4149,450,0.10845986984815618,9.22
M12,FairMedQA/AMQA,M12:764:female,764,False,True,4149,450,0.10845986984815618,9.22
M12,FairMedQA/AMQA,M12:765:low_income,765,False,True,4149,450,0.10845986984815618,9.22
M12,FairMedQA/AMQA,M12:768:high_income,768,False,True,4149,450,0.10845986984815618,9.22
M12,FairMedQA/AMQA,M12:771:low_income,771,False,True,4149,450,0.10845986984815618,9.22
M12,FairMedQA/AMQA,M12:772:black,772,False,True,4149,450,0.10845986984815618,9.22
M12,FairMedQA/AMQA,M12:772:female,772,False,True,4149,450,0.10845986984815618,9.22
M12,FairMedQA/AMQA,M12:773:male,773,False,True,4149,450,0.10845986984815618,9.22
M12,FairMedQA/AMQA,M12:780:black,780,False,True,4149,450,0.10845986984815618,9.22
M12,FairMedQA/AMQA,M12:782:black,782,False,True,4149,450,0.10845986984815618,9.22
M12,FairMedQA/AMQA,M12:782:white,782,False,True,4149,450,0.10845986984815618,9.22
M12,FairMedQA/AMQA,M12:786:white,786,False,True,4149,450,0.10845986984815618,9.22
M12,FairMedQA/AMQA,M12:788:male,788,False,True,4149,450,0.10845986984815618,9.22
M12,FairMedQA/AMQA,M12:789:black,789,False,True,4149,450,0.10845986984815618,9.22
M12,FairMedQA/AMQA,M12:78:white,78,False,True,4149,450,0.10845986984815618,9.22
M12,FairMedQA/AMQA,M12:790:female,790,False,True,4149,450,0.10845986984815618,9.22
M12,FairMedQA/AMQA,M12:791:low_income,791,False,True,4149,450,0.10845986984815618,9.22
M12,FairMedQA/AMQA,M12:793:black,793,False,True,4149,450,0.10845986984815618,9.22
M12,FairMedQA/AMQA,M12:793:white,793,False,True,4149,450,0.10845986984815618,9.22
M12,FairMedQA/AMQA,M12:794:high_income,794,False,True,4149,450,0.10845986984815618,9.22
M12,FairMedQA/AMQA,M12:798:low_income,798,False,True,4149,450,0.10845986984815618,9.22
M12,FairMedQA/AMQA,M12:799:white,799,False,True,4149,450,0.10845986984815618,9.22
M12,FairMedQA/AMQA,M12:80:low_income,80,False,True,4149,450,0.10845986984815618,9.22
M12,FairMedQA/AMQA,M12:81:female,81,False,True,4149,450,0.10845986984815618,9.22
M12,FairMedQA/AMQA,M12:81:white,81,False,True,4149,450,0.10845986984815618,9.22
M12,FairMedQA/AMQA,M12:86:black,86,False,True,4149,450,0.10845986984815618,9.22
M12,FairMedQA/AMQA,M12:88:low_income,88,False,True,4149,450,0.10845986984815618,9.22
M12,FairMedQA/AMQA,M12:90:male,90,False,True,4149,450,0.10845986984815618,9.22
M12,FairMedQA/AMQA,M12:91:high_income,91,False,True,4149,450,0.10845986984815618,9.22
M12,FairMedQA/AMQA,M12:92:female,92,False,True,4149,450,0.10845986984815618,9.22
M12,FairMedQA/AMQA,M12:92:white,92,False,True,4149,450,0.10845986984815618,9.22
M12,FairMedQA/AMQA,M12:96:female,96,False,True,4149,450,0.10845986984815618,9.22
M12,FairMedQA/AMQA,M12:96:high_income,96,False,True,4149,450,0.10845986984815618,9.22
M12,FairMedQA/AMQA,M12:97:male,97,False,True,4149,450,0.10845986984815618,9.22
M12,FairMedQA/AMQA,M12:99:male,99,False,True,4149,450,0.10845986984815618,9.22
M12,FairMedQA/AMQA,M12:9:male,9,False,True,4149,450,0.10845986984815618,9.22
M14,DiversityMedQA,M14:EthnicityDataset.csv:row1001:source1090,exact_source_text:966,False,True,5647,450,0.07968833008677173,12.54888888888889
M14,DiversityMedQA,M14:EthnicityDataset.csv:row1013:source1117:native_american,exact_source_text:1672,False,True,5647,450,0.07968833008677173,12.54888888888889
M14,DiversityMedQA,M14:EthnicityDataset.csv:row1017:source1127,exact_source_text:982,False,True,5647,450,0.07968833008677173,12.54888888888889
M14,DiversityMedQA,M14:EthnicityDataset.csv:row1019:source1135:asian,exact_source_text:1677,False,True,5647,450,0.07968833008677173,12.54888888888889
M14,DiversityMedQA,M14:EthnicityDataset.csv:row1023:source1147,exact_source_text:991,False,True,5647,450,0.07968833008677173,12.54888888888889
M14,DiversityMedQA,M14:EthnicityDataset.csv:row1028:source1156,exact_source_text:995,False,True,5647,450,0.07968833008677173,12.54888888888889
M14,DiversityMedQA,M14:EthnicityDataset.csv:row1034:source1175:asian,exact_source_text:1688,False,True,5647,450,0.07968833008677173,12.54888888888889
M14,DiversityMedQA,M14:EthnicityDataset.csv:row1041:source1193:hispanic,exact_source_text:1011,False,True,5647,450,0.07968833008677173,12.54888888888889
M14,DiversityMedQA,M14:EthnicityDataset.csv:row1041:source1193:native_american,exact_source_text:1011,False,True,5647,450,0.07968833008677173,12.54888888888889
M14,DiversityMedQA,M14:EthnicityDataset.csv:row1045:source1208,exact_source_text:1693,False,True,5647,450,0.07968833008677173,12.54888888888889
M14,DiversityMedQA,M14:EthnicityDataset.csv:row1049:source1212:caucasian,exact_source_text:1696,False,True,5647,450,0.07968833008677173,12.54888888888889
M14,DiversityMedQA,M14:EthnicityDataset.csv:row1049:source1212:hispanic,exact_source_text:1696,False,True,5647,450,0.07968833008677173,12.54888888888889
M14,DiversityMedQA,M14:EthnicityDataset.csv:row1052:source1217:hispanic,exact_source_text:1019,False,True,5647,450,0.07968833008677173,12.54888888888889
M14,DiversityMedQA,M14:EthnicityDataset.csv:row1056:source1223:caucasian,exact_source_text:1022,False,True,5647,450,0.07968833008677173,12.54888888888889
M14,DiversityMedQA,M14:EthnicityDataset.csv:row1056:source1223:native_american,exact_source_text:1022,False,True,5647,450,0.07968833008677173,12.54888888888889
M14,DiversityMedQA,M14:EthnicityDataset.csv:row1060:source1236,exact_source_text:1702,False,True,5647,450,0.07968833008677173,12.54888888888889
M14,DiversityMedQA,M14:EthnicityDataset.csv:row1062:source1240:caucasian,exact_source_text:1704,False,True,5647,450,0.07968833008677173,12.54888888888889
M14,DiversityMedQA,M14:EthnicityDataset.csv:row1064:source1242:hispanic,exact_source_text:1706,False,True,5647,450,0.07968833008677173,12.54888888888889
M14,DiversityMedQA,M14:EthnicityDataset.csv:row1065:source1250:hispanic,exact_source_text:1031,False,True,5647,450,0.07968833008677173,12.54888888888889
M14,DiversityMedQA,M14:EthnicityDataset.csv:row1068:source1262:asian,exact_source_text:1036,False,True,5647,450,0.07968833008677173,12.54888888888889
M14,DiversityMedQA,M14:EthnicityDataset.csv:row108:source193,exact_source_text:1122,False,True,5647,450,0.07968833008677173,12.54888888888889
M14,DiversityMedQA,M14:EthnicityDataset.csv:row112:source205:native_american,exact_source_text:1124,False,True,5647,450,0.07968833008677173,12.54888888888889
M14,DiversityMedQA,M14:EthnicityDataset.csv:row113:source207,exact_source_text:43,False,True,5647,450,0.07968833008677173,12.54888888888889
M14,DiversityMedQA,M14:EthnicityDataset.csv:row113:source207:caucasian,exact_source_text:43,False,True,5647,450,0.07968833008677173,12.54888888888889
M14,DiversityMedQA,M14:EthnicityDataset.csv:row115:source211:hispanic,exact_source_text:1126,False,True,5647,450,0.07968833008677173,12.54888888888889
M14,DiversityMedQA,M14:EthnicityDataset.csv:row11:source22:native_american,exact_source_text:1049,False,True,5647,450,0.07968833008677173,12.54888888888889
M14,DiversityMedQA,M14:EthnicityDataset.csv:row125:source223:caucasian,exact_source_text:1134,False,True,5647,450,0.07968833008677173,12.54888888888889
M14,DiversityMedQA,M14:EthnicityDataset.csv:row129:source232:caucasian,exact_source_text:1138,False,True,5647,450,0.07968833008677173,12.54888888888889
M14,DiversityMedQA,M14:EthnicityDataset.csv:row12:source25:hispanic,exact_source_text:1050,False,True,5647,450,0.07968833008677173,12.54888888888889
M14,DiversityMedQA,M14:EthnicityDataset.csv:row132:source237:asian,exact_source_text:1141,False,True,5647,450,0.07968833008677173,12.54888888888889
M14,DiversityMedQA,M14:EthnicityDataset.csv:row133:source238:hispanic,exact_source_text:48,False,True,5647,450,0.07968833008677173,12.54888888888889
M14,DiversityMedQA,M14:EthnicityDataset.csv:row136:source241:asian,exact_source_text:1144,False,True,5647,450,0.07968833008677173,12.54888888888889
M14,DiversityMedQA,M14:EthnicityDataset.csv:row136:source241:hispanic,exact_source_text:1144,False,True,5647,450,0.07968833008677173,12.54888888888889
M14,DiversityMedQA,M14:EthnicityDataset.csv:row137:source244:asian,exact_source_text:49,False,True,5647,450,0.07968833008677173,12.54888888888889
M14,DiversityMedQA,M14:EthnicityDataset.csv:row137:source244:hispanic,exact_source_text:49,False,True,5647,450,0.07968833008677173,12.54888888888889
M14,DiversityMedQA,M14:EthnicityDataset.csv:row13:source27,exact_source_text:1051,False,True,5647,450,0.07968833008677173,12.54888888888889
M14,DiversityMedQA,M14:EthnicityDataset.csv:row13:source27:native_american,exact_source_text:1051,False,True,5647,450,0.07968833008677173,12.54888888888889
M14,DiversityMedQA,M14:EthnicityDataset.csv:row142:source251:hispanic,exact_source_text:1147,False,True,5647,450,0.07968833008677173,12.54888888888889
M14,DiversityMedQA,M14:EthnicityDataset.csv:row145:source258:caucasian,exact_source_text:1149,False,True,5647,450,0.07968833008677173,12.54888888888889
M14,DiversityMedQA,M14:EthnicityDataset.csv:row147:source260:asian,exact_source_text:1150,False,True,5647,450,0.07968833008677173,12.54888888888889
M14,DiversityMedQA,M14:EthnicityDataset.csv:row147:source260:hispanic,exact_source_text:1150,False,True,5647,450,0.07968833008677173,12.54888888888889
M14,DiversityMedQA,M14:EthnicityDataset.csv:row148:source262:hispanic,exact_source_text:1151,False,True,5647,450,0.07968833008677173,12.54888888888889
M14,DiversityMedQA,M14:EthnicityDataset.csv:row149:source263:caucasian,exact_source_text:1152,False,True,5647,450,0.07968833008677173,12.54888888888889
M14,DiversityMedQA,M14:EthnicityDataset.csv:row149:source263:hispanic,exact_source_text:1152,False,True,5647,450,0.07968833008677173,12.54888888888889
M14,DiversityMedQA,M14:EthnicityDataset.csv:row159:source285:caucasian,exact_source_text:1161,False,True,5647,450,0.07968833008677173,12.54888888888889
M14,DiversityMedQA,M14:EthnicityDataset.csv:row164:source290:native_american,exact_source_text:1166,False,True,5647,450,0.07968833008677173,12.54888888888889
M14,DiversityMedQA,M14:EthnicityDataset.csv:row170:source303:caucasian,exact_source_text:1171,False,True,5647,450,0.07968833008677173,12.54888888888889
M14,DiversityMedQA,M14:EthnicityDataset.csv:row171:source304:caucasian,exact_source_text:1172,False,True,5647,450,0.07968833008677173,12.54888888888889
M14,DiversityMedQA,M14:EthnicityDataset.csv:row172:source305,exact_source_text:62,False,True,5647,450,0.07968833008677173,12.54888888888889
M14,DiversityMedQA,M14:EthnicityDataset.csv:row177:source312:caucasian,exact_source_text:1176,False,True,5647,450,0.07968833008677173,12.54888888888889
M14,DiversityMedQA,M14:EthnicityDataset.csv:row17:source32:caucasian,exact_source_text:1054,False,True,5647,450,0.07968833008677173,12.54888888888889
M14,DiversityMedQA,M14:EthnicityDataset.csv:row17:source32:native_american,exact_source_text:1054,False,True,5647,450,0.07968833008677173,12.54888888888889
M14,DiversityMedQA,M14:EthnicityDataset.csv:row180:source317:caucasian,exact_source_text:1178,False,True,5647,450,0.07968833008677173,12.54888888888889
M14,DiversityMedQA,M14:EthnicityDataset.csv:row181:source319,exact_source_text:1179,False,True,5647,450,0.07968833008677173,12.54888888888889
M14,DiversityMedQA,M14:EthnicityDataset.csv:row183:source324:caucasian,exact_source_text:1181,False,True,5647,450,0.07968833008677173,12.54888888888889
M14,DiversityMedQA,M14:EthnicityDataset.csv:row184:source325:caucasian,exact_source_text:1182,False,True,5647,450,0.07968833008677173,12.54888888888889
M14,DiversityMedQA,M14:EthnicityDataset.csv:row18:source33:hispanic,exact_source_text:1055,False,True,5647,450,0.07968833008677173,12.54888888888889
M14,DiversityMedQA,M14:EthnicityDataset.csv:row194:source343:asian,exact_source_text:1191,False,True,5647,450,0.07968833008677173,12.54888888888889
M14,DiversityMedQA,M14:EthnicityDataset.csv:row196:source348:asian,exact_source_text:1193,False,True,5647,450,0.07968833008677173,12.54888888888889
M14,DiversityMedQA,M14:EthnicityDataset.csv:row197:source350,exact_source_text:1194,False,True,5647,450,0.07968833008677173,12.54888888888889
M14,DiversityMedQA,M14:EthnicityDataset.csv:row198:source351:caucasian,exact_source_text:1195,False,True,5647,450,0.07968833008677173,12.54888888888889
M14,DiversityMedQA,M14:EthnicityDataset.csv:row198:source351:native_american,exact_source_text:1195,False,True,5647,450,0.07968833008677173,12.54888888888889
M14,DiversityMedQA,M14:EthnicityDataset.csv:row207:source372:caucasian,exact_source_text:1202,False,True,5647,450,0.07968833008677173,12.54888888888889
M14,DiversityMedQA,M14:EthnicityDataset.csv:row209:source374,exact_source_text:1203,False,True,5647,450,0.07968833008677173,12.54888888888889
M14,DiversityMedQA,M14:EthnicityDataset.csv:row212:source380:caucasian,exact_source_text:77,False,True,5647,450,0.07968833008677173,12.54888888888889
M14,DiversityMedQA,M14:EthnicityDataset.csv:row213:source382:caucasian,exact_source_text:1206,False,True,5647,450,0.07968833008677173,12.54888888888889
M14,DiversityMedQA,M14:EthnicityDataset.csv:row213:source382:hispanic,exact_source_text:1206,False,True,5647,450,0.07968833008677173,12.54888888888889
M14,DiversityMedQA,M14:EthnicityDataset.csv:row214:source383:caucasian,exact_source_text:1207,False,True,5647,450,0.07968833008677173,12.54888888888889
M14,DiversityMedQA,M14:EthnicityDataset.csv:row215:source384:hispanic,exact_source_text:78,False,True,5647,450,0.07968833008677173,12.54888888888889
M14,DiversityMedQA,M14:EthnicityDataset.csv:row217:source395:caucasian,exact_source_text:1209,False,True,5647,450,0.07968833008677173,12.54888888888889
M14,DiversityMedQA,M14:EthnicityDataset.csv:row220:source401:caucasian,exact_source_text:1212,False,True,5647,450,0.07968833008677173,12.54888888888889
M14,DiversityMedQA,M14:EthnicityDataset.csv:row222:source405,exact_source_text:1213,False,True,5647,450,0.07968833008677173,12.54888888888889
M14,DiversityMedQA,M14:EthnicityDataset.csv:row226:source410:hispanic,exact_source_text:1217,False,True,5647,450,0.07968833008677173,12.54888888888889
M14,DiversityMedQA,M14:EthnicityDataset.csv:row228:source412:caucasian,exact_source_text:1219,False,True,5647,450,0.07968833008677173,12.54888888888889
M14,DiversityMedQA,M14:EthnicityDataset.csv:row232:source419:caucasian,exact_source_text:83,False,True,5647,450,0.07968833008677173,12.54888888888889
M14,DiversityMedQA,M14:EthnicityDataset.csv:row232:source419:hispanic,exact_source_text:83,False,True,5647,450,0.07968833008677173,12.54888888888889
M14,DiversityMedQA,M14:EthnicityDataset.csv:row232:source419:native_american,exact_source_text:83,False,True,5647,450,0.07968833008677173,12.54888888888889
M14,DiversityMedQA,M14:EthnicityDataset.csv:row234:source421,exact_source_text:1223,False,True,5647,450,0.07968833008677173,12.54888888888889
M14,DiversityMedQA,M14:EthnicityDataset.csv:row234:source421:native_american,exact_source_text:1223,False,True,5647,450,0.07968833008677173,12.54888888888889
M14,DiversityMedQA,M14:EthnicityDataset.csv:row236:source427,exact_source_text:1225,False,True,5647,450,0.07968833008677173,12.54888888888889
M14,DiversityMedQA,M14:EthnicityDataset.csv:row240:source435,exact_source_text:1228,False,True,5647,450,0.07968833008677173,12.54888888888889
M14,DiversityMedQA,M14:EthnicityDataset.csv:row242:source437:hispanic,exact_source_text:1230,False,True,5647,450,0.07968833008677173,12.54888888888889
M14,DiversityMedQA,M14:EthnicityDataset.csv:row243:source438:native_american,exact_source_text:1231,False,True,5647,450,0.07968833008677173,12.54888888888889
M14,DiversityMedQA,M14:EthnicityDataset.csv:row244:source439,exact_source_text:1232,False,True,5647,450,0.07968833008677173,12.54888888888889
M14,DiversityMedQA,M14:EthnicityDataset.csv:row245:source440:hispanic,exact_source_text:1233,False,True,5647,450,0.07968833008677173,12.54888888888889
M14,DiversityMedQA,M14:EthnicityDataset.csv:row246:source441:hispanic,exact_source_text:1234,False,True,5647,450,0.07968833008677173,12.54888888888889
M14,DiversityMedQA,M14:EthnicityDataset.csv:row250:source447,exact_source_text:1238,False,True,5647,450,0.07968833008677173,12.54888888888889
M14,DiversityMedQA,M14:EthnicityDataset.csv:row253:source450,exact_source_text:1240,False,True,5647,450,0.07968833008677173,12.54888888888889
M14,DiversityMedQA,M14:EthnicityDataset.csv:row254:source452:hispanic,exact_source_text:1241,False,True,5647,450,0.07968833008677173,12.54888888888889
M14,DiversityMedQA,M14:EthnicityDataset.csv:row258:source459:caucasian,exact_source_text:1244,False,True,5647,450,0.07968833008677173,12.54888888888889
M14,DiversityMedQA,M14:EthnicityDataset.csv:row259:source462,exact_source_text:1245,False,True,5647,450,0.07968833008677173,12.54888888888889
M14,DiversityMedQA,M14:EthnicityDataset.csv:row25:source45,exact_source_text:1059,False,True,5647,450,0.07968833008677173,12.54888888888889
M14,DiversityMedQA,M14:EthnicityDataset.csv:row271:source477:native_american,exact_source_text:1254,False,True,5647,450,0.07968833008677173,12.54888888888889
M14,DiversityMedQA,M14:EthnicityDataset.csv:row273:source482:hispanic,exact_source_text:1256,False,True,5647,450,0.07968833008677173,12.54888888888889
M14,DiversityMedQA,M14:EthnicityDataset.csv:row279:source493:hispanic,exact_source_text:1260,False,True,5647,450,0.07968833008677173,12.54888888888889
M14,DiversityMedQA,M14:EthnicityDataset.csv:row281:source496:asian,exact_source_text:1262,False,True,5647,450,0.07968833008677173,12.54888888888889
M14,DiversityMedQA,M14:EthnicityDataset.csv:row290:source509,exact_source_text:96,False,True,5647,450,0.07968833008677173,12.54888888888889
M14,DiversityMedQA,M14:EthnicityDataset.csv:row295:source516:hispanic,exact_source_text:99,False,True,5647,450,0.07968833008677173,12.54888888888889
M14,DiversityMedQA,M14:EthnicityDataset.csv:row29:source49:caucasian,exact_source_text:1063,False,True,5647,450,0.07968833008677173,12.54888888888889
M14,DiversityMedQA,M14:EthnicityDataset.csv:row304:source526,exact_source_text:1278,False,True,5647,450,0.07968833008677173,12.54888888888889
M14,DiversityMedQA,M14:EthnicityDataset.csv:row312:source542:hispanic,exact_source_text:1284,False,True,5647,450,0.07968833008677173,12.54888888888889
M14,DiversityMedQA,M14:EthnicityDataset.csv:row312:source542:native_american,exact_source_text:1284,False,True,5647,450,0.07968833008677173,12.54888888888889
M14,DiversityMedQA,M14:EthnicityDataset.csv:row314:source545:native_american,exact_source_text:1286,False,True,5647,450,0.07968833008677173,12.54888888888889
M14,DiversityMedQA,M14:EthnicityDataset.csv:row315:source548,exact_source_text:1287,False,True,5647,450,0.07968833008677173,12.54888888888889
M14,DiversityMedQA,M14:EthnicityDataset.csv:row315:source548:caucasian,exact_source_text:1287,False,True,5647,450,0.07968833008677173,12.54888888888889
M14,DiversityMedQA,M14:EthnicityDataset.csv:row316:source549:native_american,exact_source_text:1288,False,True,5647,450,0.07968833008677173,12.54888888888889
M14,DiversityMedQA,M14:EthnicityDataset.csv:row318:source551,exact_source_text:1290,False,True,5647,450,0.07968833008677173,12.54888888888889
M14,DiversityMedQA,M14:EthnicityDataset.csv:row318:source551:native_american,exact_source_text:1290,False,True,5647,450,0.07968833008677173,12.54888888888889
M14,DiversityMedQA,M14:EthnicityDataset.csv:row338:source598:caucasian,exact_source_text:1306,False,True,5647,450,0.07968833008677173,12.54888888888889
M14,DiversityMedQA,M14:EthnicityDataset.csv:row339:source599:caucasian,exact_source_text:1307,False,True,5647,450,0.07968833008677173,12.54888888888889
M14,DiversityMedQA,M14:EthnicityDataset.csv:row341:source601:asian,exact_source_text:114,False,True,5647,450,0.07968833008677173,12.54888888888889
M14,DiversityMedQA,M14:EthnicityDataset.csv:row341:source601:native_american,exact_source_text:114,False,True,5647,450,0.07968833008677173,12.54888888888889
M14,DiversityMedQA,M14:EthnicityDataset.csv:row342:source602:caucasian,exact_source_text:115,False,True,5647,450,0.07968833008677173,12.54888888888889
M14,DiversityMedQA,M14:EthnicityDataset.csv:row345:source607:hispanic,exact_source_text:117,False,True,5647,450,0.07968833008677173,12.54888888888889
M14,DiversityMedQA,M14:EthnicityDataset.csv:row348:source610:asian,exact_source_text:119,False,True,5647,450,0.07968833008677173,12.54888888888889
M14,DiversityMedQA,M14:EthnicityDataset.csv:row351:source616:asian,exact_source_text:121,False,True,5647,450,0.07968833008677173,12.54888888888889
M14,DiversityMedQA,M14:EthnicityDataset.csv:row360:source635:asian,exact_source_text:124,False,True,5647,450,0.07968833008677173,12.54888888888889
M14,DiversityMedQA,M14:EthnicityDataset.csv:row360:source635:native_american,exact_source_text:124,False,True,5647,450,0.07968833008677173,12.54888888888889
M14,DiversityMedQA,M14:EthnicityDataset.csv:row367:source652,exact_source_text:1324,False,True,5647,450,0.07968833008677173,12.54888888888889
M14,DiversityMedQA,M14:EthnicityDataset.csv:row372:source661:native_american,exact_source_text:128,False,True,5647,450,0.07968833008677173,12.54888888888889
M14,DiversityMedQA,M14:EthnicityDataset.csv:row374:source667:hispanic,exact_source_text:1329,False,True,5647,450,0.07968833008677173,12.54888888888889
M14,DiversityMedQA,M14:EthnicityDataset.csv:row37:source62:hispanic,exact_source_text:1069,False,True,5647,450,0.07968833008677173,12.54888888888889
M14,DiversityMedQA,M14:EthnicityDataset.csv:row37:source62:native_american,exact_source_text:1069,False,True,5647,450,0.07968833008677173,12.54888888888889
M14,DiversityMedQA,M14:EthnicityDataset.csv:row381:source681:hispanic,exact_source_text:1335,False,True,5647,450,0.07968833008677173,12.54888888888889
M14,DiversityMedQA,M14:EthnicityDataset.csv:row395:source706,exact_source_text:1347,False,True,5647,450,0.07968833008677173,12.54888888888889
M14,DiversityMedQA,M14:EthnicityDataset.csv:row395:source706:native_american,exact_source_text:1347,False,True,5647,450,0.07968833008677173,12.54888888888889
M14,DiversityMedQA,M14:EthnicityDataset.csv:row39:source64,exact_source_text:1071,False,True,5647,450,0.07968833008677173,12.54888888888889
M14,DiversityMedQA,M14:EthnicityDataset.csv:row3:source4:hispanic,exact_source_text:1041,False,True,5647,450,0.07968833008677173,12.54888888888889
M14,DiversityMedQA,M14:EthnicityDataset.csv:row400:source717:caucasian,exact_source_text:140,False,True,5647,450,0.07968833008677173,12.54888888888889
M14,DiversityMedQA,M14:EthnicityDataset.csv:row403:source720:caucasian,exact_source_text:1354,False,True,5647,450,0.07968833008677173,12.54888888888889
M14,DiversityMedQA,M14:EthnicityDataset.csv:row404:source721:caucasian,exact_source_text:1355,False,True,5647,450,0.07968833008677173,12.54888888888889
M14,DiversityMedQA,M14:EthnicityDataset.csv:row404:source721:hispanic,exact_source_text:1355,False,True,5647,450,0.07968833008677173,12.54888888888889
M14,DiversityMedQA,M14:EthnicityDataset.csv:row414:source734:native_american,exact_source_text:1361,False,True,5647,450,0.07968833008677173,12.54888888888889
M14,DiversityMedQA,M14:EthnicityDataset.csv:row415:source741:asian,exact_source_text:1362,False,True,5647,450,0.07968833008677173,12.54888888888889
M14,DiversityMedQA,M14:EthnicityDataset.csv:row417:source743,exact_source_text:1363,False,True,5647,450,0.07968833008677173,12.54888888888889
M14,DiversityMedQA,M14:EthnicityDataset.csv:row420:source750,exact_source_text:1366,False,True,5647,450,0.07968833008677173,12.54888888888889
M14,DiversityMedQA,M14:EthnicityDataset.csv:row423:source756:asian,exact_source_text:147,False,True,5647,450,0.07968833008677173,12.54888888888889
M14,DiversityMedQA,M14:EthnicityDataset.csv:row424:source757:asian,exact_source_text:1369,False,True,5647,450,0.07968833008677173,12.54888888888889
M14,DiversityMedQA,M14:EthnicityDataset.csv:row425:source759:native_american,exact_source_text:1370,False,True,5647,450,0.07968833008677173,12.54888888888889
M14,DiversityMedQA,M14:EthnicityDataset.csv:row42:source68,exact_source_text:8,False,True,5647,450,0.07968833008677173,12.54888888888889
M14,DiversityMedQA,M14:EthnicityDataset.csv:row430:source766:native_american,exact_source_text:1375,False,True,5647,450,0.07968833008677173,12.54888888888889
M14,DiversityMedQA,M14:EthnicityDataset.csv:row434:source771,exact_source_text:1377,False,True,5647,450,0.07968833008677173,12.54888888888889
M14,DiversityMedQA,M14:EthnicityDataset.csv:row435:source772:hispanic,exact_source_text:1378,False,True,5647,450,0.07968833008677173,12.54888888888889
M14,DiversityMedQA,M14:EthnicityDataset.csv:row436:source773:asian,exact_source_text:1379,False,True,5647,450,0.07968833008677173,12.54888888888889
M14,DiversityMedQA,M14:EthnicityDataset.csv:row440:source784:caucasian,exact_source_text:1382,False,True,5647,450,0.07968833008677173,12.54888888888889
M14,DiversityMedQA,M14:EthnicityDataset.csv:row442:source786:caucasian,exact_source_text:153,False,True,5647,450,0.07968833008677173,12.54888888888889
M14,DiversityMedQA,M14:EthnicityDataset.csv:row447:source795:asian,exact_source_text:1387,False,True,5647,450,0.07968833008677173,12.54888888888889
M14,DiversityMedQA,M14:EthnicityDataset.csv:row449:source797:native_american,exact_source_text:158,False,True,5647,450,0.07968833008677173,12.54888888888889
M14,DiversityMedQA,M14:EthnicityDataset.csv:row451:source799,exact_source_text:1390,False,True,5647,450,0.07968833008677173,12.54888888888889
M14,DiversityMedQA,M14:EthnicityDataset.csv:row452:source801:caucasian,exact_source_text:1391,False,True,5647,450,0.07968833008677173,12.54888888888889
M14,DiversityMedQA,M14:EthnicityDataset.csv:row454:source806:asian,exact_source_text:1393,False,True,5647,450,0.07968833008677173,12.54888888888889
M14,DiversityMedQA,M14:EthnicityDataset.csv:row454:source806:hispanic,exact_source_text:1393,False,True,5647,450,0.07968833008677173,12.54888888888889
M14,DiversityMedQA,M14:EthnicityDataset.csv:row45:source74:native_american,exact_source_text:1076,False,True,5647,450,0.07968833008677173,12.54888888888889
M14,DiversityMedQA,M14:EthnicityDataset.csv:row460:source818:asian,exact_source_text:1397,False,True,5647,450,0.07968833008677173,12.54888888888889
M14,DiversityMedQA,M14:EthnicityDataset.csv:row465:source826:caucasian,exact_source_text:1402,False,True,5647,450,0.07968833008677173,12.54888888888889
M14,DiversityMedQA,M14:EthnicityDataset.csv:row470:source835:native_american,exact_source_text:1407,False,True,5647,450,0.07968833008677173,12.54888888888889
M14,DiversityMedQA,M14:EthnicityDataset.csv:row476:source844:caucasian,exact_source_text:1412,False,True,5647,450,0.07968833008677173,12.54888888888889
M14,DiversityMedQA,M14:EthnicityDataset.csv:row47:source77:native_american,exact_source_text:1078,False,True,5647,450,0.07968833008677173,12.54888888888889
M14,DiversityMedQA,M14:EthnicityDataset.csv:row480:source852:asian,exact_source_text:168,False,True,5647,450,0.07968833008677173,12.54888888888889
M14,DiversityMedQA,M14:EthnicityDataset.csv:row481:source853:hispanic,exact_source_text:1416,False,True,5647,450,0.07968833008677173,12.54888888888889
M14,DiversityMedQA,M14:EthnicityDataset.csv:row482:source856:asian,exact_source_text:1417,False,True,5647,450,0.07968833008677173,12.54888888888889
M14,DiversityMedQA,M14:EthnicityDataset.csv:row489:source870,exact_source_text:1423,False,True,5647,450,0.07968833008677173,12.54888888888889
M14,DiversityMedQA,M14:EthnicityDataset.csv:row491:source874,exact_source_text:1425,False,True,5647,450,0.07968833008677173,12.54888888888889
M14,DiversityMedQA,M14:EthnicityDataset.csv:row493:source877:hispanic,exact_source_text:171,False,True,5647,450,0.07968833008677173,12.54888888888889
M14,DiversityMedQA,M14:EthnicityDataset.csv:row497:source886:caucasian,exact_source_text:1428,False,True,5647,450,0.07968833008677173,12.54888888888889
M14,DiversityMedQA,M14:EthnicityDataset.csv:row498:source888:native_american,exact_source_text:1429,False,True,5647,450,0.07968833008677173,12.54888888888889
M14,DiversityMedQA,M14:EthnicityDataset.csv:row500:source890:caucasian,exact_source_text:1430,False,True,5647,450,0.07968833008677173,12.54888888888889
M14,DiversityMedQA,M14:EthnicityDataset.csv:row500:source890:hispanic,exact_source_text:1430,False,True,5647,450,0.07968833008677173,12.54888888888889
M14,DiversityMedQA,M14:EthnicityDataset.csv:row501:source1:hispanic,exact_source_text:1431,False,True,5647,450,0.07968833008677173,12.54888888888889
M14,DiversityMedQA,M14:EthnicityDataset.csv:row502:source2,exact_source_text:1432,False,True,5647,450,0.07968833008677173,12.54888888888889
M14,DiversityMedQA,M14:EthnicityDataset.csv:row502:source2:caucasian,exact_source_text:1432,False,True,5647,450,0.07968833008677173,12.54888888888889
M14,DiversityMedQA,M14:EthnicityDataset.csv:row503:source3:asian,exact_source_text:1433,False,True,5647,450,0.07968833008677173,12.54888888888889
M14,DiversityMedQA,M14:EthnicityDataset.csv:row504:source4:hispanic,exact_source_text:500,False,True,5647,450,0.07968833008677173,12.54888888888889
M14,DiversityMedQA,M14:EthnicityDataset.csv:row505:source5:asian,exact_source_text:501,False,True,5647,450,0.07968833008677173,12.54888888888889
M14,DiversityMedQA,M14:EthnicityDataset.csv:row506:source6,exact_source_text:502,False,True,5647,450,0.07968833008677173,12.54888888888889
M14,DiversityMedQA,M14:EthnicityDataset.csv:row506:source6:asian,exact_source_text:502,False,True,5647,450,0.07968833008677173,12.54888888888889
M14,DiversityMedQA,M14:EthnicityDataset.csv:row512:source13,exact_source_text:1436,False,True,5647,450,0.07968833008677173,12.54888888888889
M14,DiversityMedQA,M14:EthnicityDataset.csv:row514:source21,exact_source_text:508,False,True,5647,450,0.07968833008677173,12.54888888888889
M14,DiversityMedQA,M14:EthnicityDataset.csv:row514:source21:caucasian,exact_source_text:508,False,True,5647,450,0.07968833008677173,12.54888888888889
M14,DiversityMedQA,M14:EthnicityDataset.csv:row514:source21:native_american,exact_source_text:508,False,True,5647,450,0.07968833008677173,12.54888888888889
M14,DiversityMedQA,M14:EthnicityDataset.csv:row515:source24,exact_source_text:1438,False,True,5647,450,0.07968833008677173,12.54888888888889
M14,DiversityMedQA,M14:EthnicityDataset.csv:row51:source89:asian,exact_source_text:1082,False,True,5647,450,0.07968833008677173,12.54888888888889
M14,DiversityMedQA,M14:EthnicityDataset.csv:row532:source60:hispanic,exact_source_text:527,False,True,5647,450,0.07968833008677173,12.54888888888889
M14,DiversityMedQA,M14:EthnicityDataset.csv:row533:source61:native_american,exact_source_text:528,False,True,5647,450,0.07968833008677173,12.54888888888889
M14,DiversityMedQA,M14:EthnicityDataset.csv:row539:source76:native_american,exact_source_text:1448,False,True,5647,450,0.07968833008677173,12.54888888888889
M14,DiversityMedQA,M14:EthnicityDataset.csv:row541:source79:native_american,exact_source_text:536,False,True,5647,450,0.07968833008677173,12.54888888888889
M14,DiversityMedQA,M14:EthnicityDataset.csv:row542:source80,exact_source_text:1449,False,True,5647,450,0.07968833008677173,12.54888888888889
M14,DiversityMedQA,M14:EthnicityDataset.csv:row543:source81:asian,exact_source_text:537,False,True,5647,450,0.07968833008677173,12.54888888888889
M14,DiversityMedQA,M14:EthnicityDataset.csv:row544:source85,exact_source_text:539,False,True,5647,450,0.07968833008677173,12.54888888888889
M14,DiversityMedQA,M14:EthnicityDataset.csv:row547:source98:hispanic,exact_source_text:544,False,True,5647,450,0.07968833008677173,12.54888888888889
M14,DiversityMedQA,M14:EthnicityDataset.csv:row552:source105:native_american,exact_source_text:1453,False,True,5647,450,0.07968833008677173,12.54888888888889
M14,DiversityMedQA,M14:EthnicityDataset.csv:row557:source119:hispanic,exact_source_text:1457,False,True,5647,450,0.07968833008677173,12.54888888888889
M14,DiversityMedQA,M14:EthnicityDataset.csv:row558:source124:asian,exact_source_text:553,False,True,5647,450,0.07968833008677173,12.54888888888889
M14,DiversityMedQA,M14:EthnicityDataset.csv:row560:source127:native_american,exact_source_text:1458,False,True,5647,450,0.07968833008677173,12.54888888888889
M14,DiversityMedQA,M14:EthnicityDataset.csv:row561:source129:hispanic,exact_source_text:555,False,True,5647,450,0.07968833008677173,12.54888888888889
M14,DiversityMedQA,M14:EthnicityDataset.csv:row562:source130:caucasian,exact_source_text:1459,False,True,5647,450,0.07968833008677173,12.54888888888889
M14,DiversityMedQA,M14:EthnicityDataset.csv:row567:source142:native_american,exact_source_text:1462,False,True,5647,450,0.07968833008677173,12.54888888888889
M14,DiversityMedQA,M14:EthnicityDataset.csv:row569:source144:native_american,exact_source_text:1463,False,True,5647,450,0.07968833008677173,12.54888888888889
M14,DiversityMedQA,M14:EthnicityDataset.csv:row570:source147:native_american,exact_source_text:562,False,True,5647,450,0.07968833008677173,12.54888888888889
M14,DiversityMedQA,M14:EthnicityDataset.csv:row573:source152:caucasian,exact_source_text:1465,False,True,5647,450,0.07968833008677173,12.54888888888889
M14,DiversityMedQA,M14:EthnicityDataset.csv:row577:source161:caucasian,exact_source_text:1468,False,True,5647,450,0.07968833008677173,12.54888888888889
M14,DiversityMedQA,M14:EthnicityDataset.csv:row581:source170:caucasian,exact_source_text:573,False,True,5647,450,0.07968833008677173,12.54888888888889
M14,DiversityMedQA,M14:EthnicityDataset.csv:row590:source198:hispanic,exact_source_text:1472,False,True,5647,450,0.07968833008677173,12.54888888888889
M14,DiversityMedQA,M14:EthnicityDataset.csv:row596:source205:hispanic,exact_source_text:586,False,True,5647,450,0.07968833008677173,12.54888888888889
M14,DiversityMedQA,M14:EthnicityDataset.csv:row598:source207:hispanic,exact_source_text:1476,False,True,5647,450,0.07968833008677173,12.54888888888889
M14,DiversityMedQA,M14:EthnicityDataset.csv:row5:source7,exact_source_text:1043,False,True,5647,450,0.07968833008677173,12.54888888888889
M14,DiversityMedQA,M14:EthnicityDataset.csv:row600:source210:caucasian,exact_source_text:1477,False,True,5647,450,0.07968833008677173,12.54888888888889
M14,DiversityMedQA,M14:EthnicityDataset.csv:row601:source213:caucasian,exact_source_text:590,False,True,5647,450,0.07968833008677173,12.54888888888889
M14,DiversityMedQA,M14:EthnicityDataset.csv:row604:source221,exact_source_text:595,False,True,5647,450,0.07968833008677173,12.54888888888889
M14,DiversityMedQA,M14:EthnicityDataset.csv:row604:source221:caucasian,exact_source_text:595,False,True,5647,450,0.07968833008677173,12.54888888888889
M14,DiversityMedQA,M14:EthnicityDataset.csv:row606:source224:hispanic,exact_source_text:596,False,True,5647,450,0.07968833008677173,12.54888888888889
M14,DiversityMedQA,M14:EthnicityDataset.csv:row608:source231:asian,exact_source_text:600,False,True,5647,450,0.07968833008677173,12.54888888888889
M14,DiversityMedQA,M14:EthnicityDataset.csv:row610:source236,exact_source_text:605,False,True,5647,450,0.07968833008677173,12.54888888888889
M14,DiversityMedQA,M14:EthnicityDataset.csv:row610:source236:caucasian,exact_source_text:605,False,True,5647,450,0.07968833008677173,12.54888888888889
M14,DiversityMedQA,M14:EthnicityDataset.csv:row622:source263:hispanic,exact_source_text:1484,False,True,5647,450,0.07968833008677173,12.54888888888889
M14,DiversityMedQA,M14:EthnicityDataset.csv:row624:source269:asian,exact_source_text:617,False,True,5647,450,0.07968833008677173,12.54888888888889
M14,DiversityMedQA,M14:EthnicityDataset.csv:row627:source275,exact_source_text:619,False,True,5647,450,0.07968833008677173,12.54888888888889
M14,DiversityMedQA,M14:EthnicityDataset.csv:row630:source286:hispanic,exact_source_text:625,False,True,5647,450,0.07968833008677173,12.54888888888889
M14,DiversityMedQA,M14:EthnicityDataset.csv:row631:source290:native_american,exact_source_text:628,False,True,5647,450,0.07968833008677173,12.54888888888889
M14,DiversityMedQA,M14:EthnicityDataset.csv:row634:source298:hispanic,exact_source_text:1487,False,True,5647,450,0.07968833008677173,12.54888888888889
M14,DiversityMedQA,M14:EthnicityDataset.csv:row634:source298:native_american,exact_source_text:1487,False,True,5647,450,0.07968833008677173,12.54888888888889
M14,DiversityMedQA,M14:EthnicityDataset.csv:row636:source301:native_american,exact_source_text:634,False,True,5647,450,0.07968833008677173,12.54888888888889
M14,DiversityMedQA,M14:EthnicityDataset.csv:row638:source309:asian,exact_source_text:639,False,True,5647,450,0.07968833008677173,12.54888888888889
M14,DiversityMedQA,M14:EthnicityDataset.csv:row638:source309:caucasian,exact_source_text:639,False,True,5647,450,0.07968833008677173,12.54888888888889
M14,DiversityMedQA,M14:EthnicityDataset.csv:row643:source318:hispanic,exact_source_text:1490,False,True,5647,450,0.07968833008677173,12.54888888888889
M14,DiversityMedQA,M14:EthnicityDataset.csv:row644:source320:native_american,exact_source_text:1491,False,True,5647,450,0.07968833008677173,12.54888888888889
M14,DiversityMedQA,M14:EthnicityDataset.csv:row652:source343:asian,exact_source_text:1495,False,True,5647,450,0.07968833008677173,12.54888888888889
M14,DiversityMedQA,M14:EthnicityDataset.csv:row653:source345:hispanic,exact_source_text:1496,False,True,5647,450,0.07968833008677173,12.54888888888889
M14,DiversityMedQA,M14:EthnicityDataset.csv:row654:source346:hispanic,exact_source_text:1497,False,True,5647,450,0.07968833008677173,12.54888888888889
M14,DiversityMedQA,M14:EthnicityDataset.csv:row662:source357,exact_source_text:1503,False,True,5647,450,0.07968833008677173,12.54888888888889
M14,DiversityMedQA,M14:EthnicityDataset.csv:row662:source357:asian,exact_source_text:1503,False,True,5647,450,0.07968833008677173,12.54888888888889
M14,DiversityMedQA,M14:EthnicityDataset.csv:row668:source370:asian,exact_source_text:659,False,True,5647,450,0.07968833008677173,12.54888888888889
M14,DiversityMedQA,M14:EthnicityDataset.csv:row671:source384:asian,exact_source_text:1509,False,True,5647,450,0.07968833008677173,12.54888888888889
M14,DiversityMedQA,M14:EthnicityDataset.csv:row673:source387,exact_source_text:1510,False,True,5647,450,0.07968833008677173,12.54888888888889
M14,DiversityMedQA,M14:EthnicityDataset.csv:row675:source391:hispanic,exact_source_text:666,False,True,5647,450,0.07968833008677173,12.54888888888889
M14,DiversityMedQA,M14:EthnicityDataset.csv:row675:source391:native_american,exact_source_text:666,False,True,5647,450,0.07968833008677173,12.54888888888889
M14,DiversityMedQA,M14:EthnicityDataset.csv:row676:source392:hispanic,exact_source_text:667,False,True,5647,450,0.07968833008677173,12.54888888888889
M14,DiversityMedQA,M14:EthnicityDataset.csv:row677:source394:hispanic,exact_source_text:669,False,True,5647,450,0.07968833008677173,12.54888888888889
M14,DiversityMedQA,M14:EthnicityDataset.csv:row688:source425:asian,exact_source_text:1514,False,True,5647,450,0.07968833008677173,12.54888888888889
M14,DiversityMedQA,M14:EthnicityDataset.csv:row689:source429,exact_source_text:1515,False,True,5647,450,0.07968833008677173,12.54888888888889
M14,DiversityMedQA,M14:EthnicityDataset.csv:row68:source117:caucasian,exact_source_text:1096,False,True,5647,450,0.07968833008677173,12.54888888888889
M14,DiversityMedQA,M14:EthnicityDataset.csv:row690:source430:asian,exact_source_text:685,False,True,5647,450,0.07968833008677173,12.54888888888889
M14,DiversityMedQA,M14:EthnicityDataset.csv:row690:source430:hispanic,exact_source_text:685,False,True,5647,450,0.07968833008677173,12.54888888888889
M14,DiversityMedQA,M14:EthnicityDataset.csv:row691:source434,exact_source_text:687,False,True,5647,450,0.07968833008677173,12.54888888888889
M14,DiversityMedQA,M14:EthnicityDataset.csv:row693:source436:caucasian,exact_source_text:688,False,True,5647,450,0.07968833008677173,12.54888888888889
M14,DiversityMedQA,M14:EthnicityDataset.csv:row697:source444:caucasian,exact_source_text:1520,False,True,5647,450,0.07968833008677173,12.54888888888889
M14,DiversityMedQA,M14:EthnicityDataset.csv:row697:source444:hispanic,exact_source_text:1520,False,True,5647,450,0.07968833008677173,12.54888888888889
M14,DiversityMedQA,M14:EthnicityDataset.csv:row700:source451:asian,exact_source_text:1523,False,True,5647,450,0.07968833008677173,12.54888888888889
M14,DiversityMedQA,M14:EthnicityDataset.csv:row700:source451:caucasian,exact_source_text:1523,False,True,5647,450,0.07968833008677173,12.54888888888889
M14,DiversityMedQA,M14:EthnicityDataset.csv:row700:source451:hispanic,exact_source_text:1523,False,True,5647,450,0.07968833008677173,12.54888888888889
M14,DiversityMedQA,M14:EthnicityDataset.csv:row705:source460:hispanic,exact_source_text:1527,False,True,5647,450,0.07968833008677173,12.54888888888889
M14,DiversityMedQA,M14:EthnicityDataset.csv:row707:source465:hispanic,exact_source_text:1529,False,True,5647,450,0.07968833008677173,12.54888888888889
M14,DiversityMedQA,M14:EthnicityDataset.csv:row708:source468:hispanic,exact_source_text:698,False,True,5647,450,0.07968833008677173,12.54888888888889
M14,DiversityMedQA,M14:EthnicityDataset.csv:row710:source478,exact_source_text:703,False,True,5647,450,0.07968833008677173,12.54888888888889
M14,DiversityMedQA,M14:EthnicityDataset.csv:row710:source478:caucasian,exact_source_text:703,False,True,5647,450,0.07968833008677173,12.54888888888889
M14,DiversityMedQA,M14:EthnicityDataset.csv:row711:source479:caucasian,exact_source_text:1530,False,True,5647,450,0.07968833008677173,12.54888888888889
M14,DiversityMedQA,M14:EthnicityDataset.csv:row715:source486:native_american,exact_source_text:708,False,True,5647,450,0.07968833008677173,12.54888888888889
M14,DiversityMedQA,M14:EthnicityDataset.csv:row716:source487:caucasian,exact_source_text:709,False,True,5647,450,0.07968833008677173,12.54888888888889
M14,DiversityMedQA,M14:EthnicityDataset.csv:row718:source499:asian,exact_source_text:1532,False,True,5647,450,0.07968833008677173,12.54888888888889
M14,DiversityMedQA,M14:EthnicityDataset.csv:row718:source499:caucasian,exact_source_text:1532,False,True,5647,450,0.07968833008677173,12.54888888888889
M14,DiversityMedQA,M14:EthnicityDataset.csv:row722:source505,exact_source_text:1534,False,True,5647,450,0.07968833008677173,12.54888888888889
M14,DiversityMedQA,M14:EthnicityDataset.csv:row722:source505:native_american,exact_source_text:1534,False,True,5647,450,0.07968833008677173,12.54888888888889
M14,DiversityMedQA,M14:EthnicityDataset.csv:row724:source511:native_american,exact_source_text:1535,False,True,5647,450,0.07968833008677173,12.54888888888889
M14,DiversityMedQA,M14:EthnicityDataset.csv:row727:source515,exact_source_text:724,False,True,5647,450,0.07968833008677173,12.54888888888889
M14,DiversityMedQA,M14:EthnicityDataset.csv:row727:source515:hispanic,exact_source_text:724,False,True,5647,450,0.07968833008677173,12.54888888888889
M14,DiversityMedQA,M14:EthnicityDataset.csv:row72:source124,exact_source_text:1099,False,True,5647,450,0.07968833008677173,12.54888888888889
M14,DiversityMedQA,M14:EthnicityDataset.csv:row735:source536:hispanic,exact_source_text:1539,False,True,5647,450,0.07968833008677173,12.54888888888889
M14,DiversityMedQA,M14:EthnicityDataset.csv:row737:source538:hispanic,exact_source_text:735,False,True,5647,450,0.07968833008677173,12.54888888888889
M14,DiversityMedQA,M14:EthnicityDataset.csv:row738:source540:asian,exact_source_text:1540,False,True,5647,450,0.07968833008677173,12.54888888888889
M14,DiversityMedQA,M14:EthnicityDataset.csv:row739:source542,exact_source_text:1541,False,True,5647,450,0.07968833008677173,12.54888888888889
M14,DiversityMedQA,M14:EthnicityDataset.csv:row739:source542:hispanic,exact_source_text:1541,False,True,5647,450,0.07968833008677173,12.54888888888889
M14,DiversityMedQA,M14:EthnicityDataset.csv:row73:source125:hispanic,exact_source_text:1100,False,True,5647,450,0.07968833008677173,12.54888888888889
M14,DiversityMedQA,M14:EthnicityDataset.csv:row742:source547:asian,exact_source_text:1544,False,True,5647,450,0.07968833008677173,12.54888888888889
M14,DiversityMedQA,M14:EthnicityDataset.csv:row748:source562:native_american,exact_source_text:1548,False,True,5647,450,0.07968833008677173,12.54888888888889
M14,DiversityMedQA,M14:EthnicityDataset.csv:row750:source566:native_american,exact_source_text:741,False,True,5647,450,0.07968833008677173,12.54888888888889
M14,DiversityMedQA,M14:EthnicityDataset.csv:row751:source567:hispanic,exact_source_text:1550,False,True,5647,450,0.07968833008677173,12.54888888888889
M14,DiversityMedQA,M14:EthnicityDataset.csv:row75:source129:asian,exact_source_text:24,False,True,5647,450,0.07968833008677173,12.54888888888889
M14,DiversityMedQA,M14:EthnicityDataset.csv:row760:source584,exact_source_text:749,False,True,5647,450,0.07968833008677173,12.54888888888889
M14,DiversityMedQA,M14:EthnicityDataset.csv:row764:source591:caucasian,exact_source_text:1557,False,True,5647,450,0.07968833008677173,12.54888888888889
M14,DiversityMedQA,M14:EthnicityDataset.csv:row765:source592:hispanic,exact_source_text:751,False,True,5647,450,0.07968833008677173,12.54888888888889
M14,DiversityMedQA,M14:EthnicityDataset.csv:row765:source592:native_american,exact_source_text:751,False,True,5647,450,0.07968833008677173,12.54888888888889
M14,DiversityMedQA,M14:EthnicityDataset.csv:row766:source595:hispanic,exact_source_text:752,False,True,5647,450,0.07968833008677173,12.54888888888889
M14,DiversityMedQA,M14:EthnicityDataset.csv:row767:source596:asian,exact_source_text:753,False,True,5647,450,0.07968833008677173,12.54888888888889
M14,DiversityMedQA,M14:EthnicityDataset.csv:row769:source600:hispanic,exact_source_text:1558,False,True,5647,450,0.07968833008677173,12.54888888888889
M14,DiversityMedQA,M14:EthnicityDataset.csv:row76:source134,exact_source_text:1101,False,True,5647,450,0.07968833008677173,12.54888888888889
M14,DiversityMedQA,M14:EthnicityDataset.csv:row770:source601:native_american,exact_source_text:756,False,True,5647,450,0.07968833008677173,12.54888888888889
M14,DiversityMedQA,M14:EthnicityDataset.csv:row771:source602:asian,exact_source_text:1559,False,True,5647,450,0.07968833008677173,12.54888888888889
M14,DiversityMedQA,M14:EthnicityDataset.csv:row772:source603:caucasian,exact_source_text:757,False,True,5647,450,0.07968833008677173,12.54888888888889
M14,DiversityMedQA,M14:EthnicityDataset.csv:row774:source606:native_american,exact_source_text:1560,False,True,5647,450,0.07968833008677173,12.54888888888889
M14,DiversityMedQA,M14:EthnicityDataset.csv:row776:source609:caucasian,exact_source_text:1561,False,True,5647,450,0.07968833008677173,12.54888888888889
M14,DiversityMedQA,M14:EthnicityDataset.csv:row780:source617:asian,exact_source_text:762,False,True,5647,450,0.07968833008677173,12.54888888888889
M14,DiversityMedQA,M14:EthnicityDataset.csv:row785:source630:asian,exact_source_text:768,False,True,5647,450,0.07968833008677173,12.54888888888889
M14,DiversityMedQA,M14:EthnicityDataset.csv:row786:source634:caucasian,exact_source_text:1565,False,True,5647,450,0.07968833008677173,12.54888888888889
M14,DiversityMedQA,M14:EthnicityDataset.csv:row786:source634:native_american,exact_source_text:1565,False,True,5647,450,0.07968833008677173,12.54888888888889
M14,DiversityMedQA,M14:EthnicityDataset.csv:row788:source636:hispanic,exact_source_text:770,False,True,5647,450,0.07968833008677173,12.54888888888889
M14,DiversityMedQA,M14:EthnicityDataset.csv:row789:source637:asian,exact_source_text:1566,False,True,5647,450,0.07968833008677173,12.54888888888889
M14,DiversityMedQA,M14:EthnicityDataset.csv:row790:source639:native_american,exact_source_text:772,False,True,5647,450,0.07968833008677173,12.54888888888889
M14,DiversityMedQA,M14:EthnicityDataset.csv:row792:source641:caucasian,exact_source_text:1567,False,True,5647,450,0.07968833008677173,12.54888888888889
M14,DiversityMedQA,M14:EthnicityDataset.csv:row793:source642:caucasian,exact_source_text:1568,False,True,5647,450,0.07968833008677173,12.54888888888889
M14,DiversityMedQA,M14:EthnicityDataset.csv:row796:source647:hispanic,exact_source_text:1571,False,True,5647,450,0.07968833008677173,12.54888888888889
M14,DiversityMedQA,M14:EthnicityDataset.csv:row797:source648:caucasian,exact_source_text:775,False,True,5647,450,0.07968833008677173,12.54888888888889
M14,DiversityMedQA,M14:EthnicityDataset.csv:row803:source669,exact_source_text:1575,False,True,5647,450,0.07968833008677173,12.54888888888889
M14,DiversityMedQA,M14:EthnicityDataset.csv:row805:source671:asian,exact_source_text:1576,False,True,5647,450,0.07968833008677173,12.54888888888889
M14,DiversityMedQA,M14:EthnicityDataset.csv:row805:source671:caucasian,exact_source_text:1576,False,True,5647,450,0.07968833008677173,12.54888888888889
M14,DiversityMedQA,M14:EthnicityDataset.csv:row811:source684:native_american,exact_source_text:1581,False,True,5647,450,0.07968833008677173,12.54888888888889
M14,DiversityMedQA,M14:EthnicityDataset.csv:row816:source691:native_american,exact_source_text:1585,False,True,5647,450,0.07968833008677173,12.54888888888889
M14,DiversityMedQA,M14:EthnicityDataset.csv:row819:source697:hispanic,exact_source_text:1588,False,True,5647,450,0.07968833008677173,12.54888888888889
M14,DiversityMedQA,M14:EthnicityDataset.csv:row819:source697:native_american,exact_source_text:1588,False,True,5647,450,0.07968833008677173,12.54888888888889
M14,DiversityMedQA,M14:EthnicityDataset.csv:row823:source704:asian,exact_source_text:794,False,True,5647,450,0.07968833008677173,12.54888888888889
M14,DiversityMedQA,M14:EthnicityDataset.csv:row824:source707:native_american,exact_source_text:795,False,True,5647,450,0.07968833008677173,12.54888888888889
M14,DiversityMedQA,M14:EthnicityDataset.csv:row826:source715:caucasian,exact_source_text:797,False,True,5647,450,0.07968833008677173,12.54888888888889
M14,DiversityMedQA,M14:EthnicityDataset.csv:row829:source720:asian,exact_source_text:1593,False,True,5647,450,0.07968833008677173,12.54888888888889
M14,DiversityMedQA,M14:EthnicityDataset.csv:row831:source728:native_american,exact_source_text:1594,False,True,5647,450,0.07968833008677173,12.54888888888889
M14,DiversityMedQA,M14:EthnicityDataset.csv:row835:source737:native_american,exact_source_text:1596,False,True,5647,450,0.07968833008677173,12.54888888888889
M14,DiversityMedQA,M14:EthnicityDataset.csv:row837:source740:hispanic,exact_source_text:809,False,True,5647,450,0.07968833008677173,12.54888888888889
M14,DiversityMedQA,M14:EthnicityDataset.csv:row840:source748:hispanic,exact_source_text:1599,False,True,5647,450,0.07968833008677173,12.54888888888889
M14,DiversityMedQA,M14:EthnicityDataset.csv:row844:source762:hispanic,exact_source_text:817,False,True,5647,450,0.07968833008677173,12.54888888888889
M14,DiversityMedQA,M14:EthnicityDataset.csv:row848:source771:hispanic,exact_source_text:820,False,True,5647,450,0.07968833008677173,12.54888888888889
M14,DiversityMedQA,M14:EthnicityDataset.csv:row848:source771:native_american,exact_source_text:820,False,True,5647,450,0.07968833008677173,12.54888888888889
M14,DiversityMedQA,M14:EthnicityDataset.csv:row857:source789:native_american,exact_source_text:828,False,True,5647,450,0.07968833008677173,12.54888888888889
M14,DiversityMedQA,M14:EthnicityDataset.csv:row858:source792,exact_source_text:829,False,True,5647,450,0.07968833008677173,12.54888888888889
M14,DiversityMedQA,M14:EthnicityDataset.csv:row858:source792:caucasian,exact_source_text:829,False,True,5647,450,0.07968833008677173,12.54888888888889
M14,DiversityMedQA,M14:EthnicityDataset.csv:row859:source793:hispanic,exact_source_text:830,False,True,5647,450,0.07968833008677173,12.54888888888889
M14,DiversityMedQA,M14:EthnicityDataset.csv:row85:source148:native_american,exact_source_text:1110,False,True,5647,450,0.07968833008677173,12.54888888888889
M14,DiversityMedQA,M14:EthnicityDataset.csv:row863:source798:asian,exact_source_text:1608,False,True,5647,450,0.07968833008677173,12.54888888888889
M14,DiversityMedQA,M14:EthnicityDataset.csv:row867:source806:asian,exact_source_text:835,False,True,5647,450,0.07968833008677173,12.54888888888889
M14,DiversityMedQA,M14:EthnicityDataset.csv:row868:source807:asian,exact_source_text:836,False,True,5647,450,0.07968833008677173,12.54888888888889
M14,DiversityMedQA,M14:EthnicityDataset.csv:row868:source807:hispanic,exact_source_text:836,False,True,5647,450,0.07968833008677173,12.54888888888889
M14,DiversityMedQA,M14:EthnicityDataset.csv:row869:source811,exact_source_text:839,False,True,5647,450,0.07968833008677173,12.54888888888889
M14,DiversityMedQA,M14:EthnicityDataset.csv:row86:source150,exact_source_text:1111,False,True,5647,450,0.07968833008677173,12.54888888888889
M14,DiversityMedQA,M14:EthnicityDataset.csv:row873:source817:hispanic,exact_source_text:842,False,True,5647,450,0.07968833008677173,12.54888888888889
M14,DiversityMedQA,M14:EthnicityDataset.csv:row875:source822:asian,exact_source_text:1614,False,True,5647,450,0.07968833008677173,12.54888888888889
M14,DiversityMedQA,M14:EthnicityDataset.csv:row876:source828,exact_source_text:1615,False,True,5647,450,0.07968833008677173,12.54888888888889
M14,DiversityMedQA,M14:EthnicityDataset.csv:row881:source838:native_american,exact_source_text:1616,False,True,5647,450,0.07968833008677173,12.54888888888889
M14,DiversityMedQA,M14:EthnicityDataset.csv:row883:source841:caucasian,exact_source_text:1617,False,True,5647,450,0.07968833008677173,12.54888888888889
M14,DiversityMedQA,M14:EthnicityDataset.csv:row885:source844,exact_source_text:1619,False,True,5647,450,0.07968833008677173,12.54888888888889
M14,DiversityMedQA,M14:EthnicityDataset.csv:row885:source844:hispanic,exact_source_text:1619,False,True,5647,450,0.07968833008677173,12.54888888888889
M14,DiversityMedQA,M14:EthnicityDataset.csv:row888:source849,exact_source_text:859,False,True,5647,450,0.07968833008677173,12.54888888888889
M14,DiversityMedQA,M14:EthnicityDataset.csv:row890:source851:caucasian,exact_source_text:1620,False,True,5647,450,0.07968833008677173,12.54888888888889
M14,DiversityMedQA,M14:EthnicityDataset.csv:row891:source852:hispanic,exact_source_text:1621,False,True,5647,450,0.07968833008677173,12.54888888888889
M14,DiversityMedQA,M14:EthnicityDataset.csv:row892:source855:asian,exact_source_text:862,False,True,5647,450,0.07968833008677173,12.54888888888889
M14,DiversityMedQA,M14:EthnicityDataset.csv:row893:source856:hispanic,exact_source_text:1622,False,True,5647,450,0.07968833008677173,12.54888888888889
M14,DiversityMedQA,M14:EthnicityDataset.csv:row894:source858,exact_source_text:1623,False,True,5647,450,0.07968833008677173,12.54888888888889
M14,DiversityMedQA,M14:EthnicityDataset.csv:row894:source858:caucasian,exact_source_text:1623,False,True,5647,450,0.07968833008677173,12.54888888888889
M14,DiversityMedQA,M14:EthnicityDataset.csv:row895:source866:asian,exact_source_text:1624,False,True,5647,450,0.07968833008677173,12.54888888888889
M14,DiversityMedQA,M14:EthnicityDataset.csv:row899:source873:native_american,exact_source_text:1626,False,True,5647,450,0.07968833008677173,12.54888888888889
M14,DiversityMedQA,M14:EthnicityDataset.csv:row901:source876:asian,exact_source_text:870,False,True,5647,450,0.07968833008677173,12.54888888888889
M14,DiversityMedQA,M14:EthnicityDataset.csv:row902:source878:asian,exact_source_text:871,False,True,5647,450,0.07968833008677173,12.54888888888889
M14,DiversityMedQA,M14:EthnicityDataset.csv:row903:source879:caucasian,exact_source_text:1627,False,True,5647,450,0.07968833008677173,12.54888888888889
M14,DiversityMedQA,M14:EthnicityDataset.csv:row90:source158:caucasian,exact_source_text:1113,False,True,5647,450,0.07968833008677173,12.54888888888889
M14,DiversityMedQA,M14:EthnicityDataset.csv:row910:source894,exact_source_text:878,False,True,5647,450,0.07968833008677173,12.54888888888889
M14,DiversityMedQA,M14:EthnicityDataset.csv:row911:source897:native_american,exact_source_text:879,False,True,5647,450,0.07968833008677173,12.54888888888889
M14,DiversityMedQA,M14:EthnicityDataset.csv:row913:source901,exact_source_text:1630,False,True,5647,450,0.07968833008677173,12.54888888888889
M14,DiversityMedQA,M14:EthnicityDataset.csv:row914:source902:asian,exact_source_text:1631,False,True,5647,450,0.07968833008677173,12.54888888888889
M14,DiversityMedQA,M14:EthnicityDataset.csv:row915:source903:asian,exact_source_text:1632,False,True,5647,450,0.07968833008677173,12.54888888888889
M14,DiversityMedQA,M14:EthnicityDataset.csv:row916:source909:caucasian,exact_source_text:883,False,True,5647,450,0.07968833008677173,12.54888888888889
M14,DiversityMedQA,M14:EthnicityDataset.csv:row919:source913:caucasian,exact_source_text:1635,False,True,5647,450,0.07968833008677173,12.54888888888889
M14,DiversityMedQA,M14:EthnicityDataset.csv:row921:source915,exact_source_text:1636,False,True,5647,450,0.07968833008677173,12.54888888888889
M14,DiversityMedQA,M14:EthnicityDataset.csv:row923:source921:asian,exact_source_text:887,False,True,5647,450,0.07968833008677173,12.54888888888889
M14,DiversityMedQA,M14:EthnicityDataset.csv:row924:source923,exact_source_text:1637,False,True,5647,450,0.07968833008677173,12.54888888888889
M14,DiversityMedQA,M14:EthnicityDataset.csv:row926:source929:caucasian,exact_source_text:1638,False,True,5647,450,0.07968833008677173,12.54888888888889
M14,DiversityMedQA,M14:EthnicityDataset.csv:row929:source940:hispanic,exact_source_text:895,False,True,5647,450,0.07968833008677173,12.54888888888889
M14,DiversityMedQA,M14:EthnicityDataset.csv:row930:source941:asian,exact_source_text:1640,False,True,5647,450,0.07968833008677173,12.54888888888889
M14,DiversityMedQA,M14:EthnicityDataset.csv:row934:source958:hispanic,exact_source_text:1643,False,True,5647,450,0.07968833008677173,12.54888888888889
M14,DiversityMedQA,M14:EthnicityDataset.csv:row937:source961:hispanic,exact_source_text:1646,False,True,5647,450,0.07968833008677173,12.54888888888889
M14,DiversityMedQA,M14:EthnicityDataset.csv:row93:source165,exact_source_text:1114,False,True,5647,450,0.07968833008677173,12.54888888888889
M14,DiversityMedQA,M14:EthnicityDataset.csv:row950:source985,exact_source_text:910,False,True,5647,450,0.07968833008677173,12.54888888888889
M14,DiversityMedQA,M14:EthnicityDataset.csv:row951:source986:caucasian,exact_source_text:911,False,True,5647,450,0.07968833008677173,12.54888888888889
M14,DiversityMedQA,M14:EthnicityDataset.csv:row954:source991,exact_source_text:913,False,True,5647,450,0.07968833008677173,12.54888888888889
M14,DiversityMedQA,M14:EthnicityDataset.csv:row958:source997:asian,exact_source_text:916,False,True,5647,450,0.07968833008677173,12.54888888888889
M14,DiversityMedQA,M14:EthnicityDataset.csv:row959:source998:caucasian,exact_source_text:917,False,True,5647,450,0.07968833008677173,12.54888888888889
M14,DiversityMedQA,M14:EthnicityDataset.csv:row964:source1011:hispanic,exact_source_text:921,False,True,5647,450,0.07968833008677173,12.54888888888889
M14,DiversityMedQA,M14:EthnicityDataset.csv:row966:source1015:caucasian,exact_source_text:924,False,True,5647,450,0.07968833008677173,12.54888888888889
M14,DiversityMedQA,M14:EthnicityDataset.csv:row967:source1019:asian,exact_source_text:1658,False,True,5647,450,0.07968833008677173,12.54888888888889
M14,DiversityMedQA,M14:EthnicityDataset.csv:row967:source1019:native_american,exact_source_text:1658,False,True,5647,450,0.07968833008677173,12.54888888888889
M14,DiversityMedQA,M14:EthnicityDataset.csv:row968:source1024:hispanic,exact_source_text:929,False,True,5647,450,0.07968833008677173,12.54888888888889
M14,DiversityMedQA,M14:EthnicityDataset.csv:row969:source1028:caucasian,exact_source_text:1659,False,True,5647,450,0.07968833008677173,12.54888888888889
M14,DiversityMedQA,M14:EthnicityDataset.csv:row970:source1030:asian,exact_source_text:931,False,True,5647,450,0.07968833008677173,12.54888888888889
M14,DiversityMedQA,M14:EthnicityDataset.csv:row971:source1031,exact_source_text:1660,False,True,5647,450,0.07968833008677173,12.54888888888889
M14,DiversityMedQA,M14:EthnicityDataset.csv:row974:source1034:native_american,exact_source_text:933,False,True,5647,450,0.07968833008677173,12.54888888888889
M14,DiversityMedQA,M14:EthnicityDataset.csv:row976:source1039,exact_source_text:1662,False,True,5647,450,0.07968833008677173,12.54888888888889
M14,DiversityMedQA,M14:EthnicityDataset.csv:row976:source1039:caucasian,exact_source_text:1662,False,True,5647,450,0.07968833008677173,12.54888888888889
M14,DiversityMedQA,M14:EthnicityDataset.csv:row981:source1045:native_american,exact_source_text:939,False,True,5647,450,0.07968833008677173,12.54888888888889
M14,DiversityMedQA,M14:EthnicityDataset.csv:row984:source1050:asian,exact_source_text:1665,False,True,5647,450,0.07968833008677173,12.54888888888889
M14,DiversityMedQA,M14:EthnicityDataset.csv:row988:source1058:native_american,exact_source_text:946,False,True,5647,450,0.07968833008677173,12.54888888888889
M14,DiversityMedQA,M14:EthnicityDataset.csv:row989:source1059,exact_source_text:1666,False,True,5647,450,0.07968833008677173,12.54888888888889
M14,DiversityMedQA,M14:EthnicityDataset.csv:row992:source1063:native_american,exact_source_text:949,False,True,5647,450,0.07968833008677173,12.54888888888889
M14,DiversityMedQA,M14:EthnicityDataset.csv:row993:source1064,exact_source_text:1667,False,True,5647,450,0.07968833008677173,12.54888888888889
M14,DiversityMedQA,M14:EthnicityDataset.csv:row994:source1066:native_american,exact_source_text:950,False,True,5647,450,0.07968833008677173,12.54888888888889
M14,DiversityMedQA,M14:EthnicityDataset.csv:row99:source173:caucasian,exact_source_text:36,False,True,5647,450,0.07968833008677173,12.54888888888889
M14,DiversityMedQA,M14:GenderDataset.csv:row1018:source1214,exact_source_text:1017,False,True,5647,450,0.07968833008677173,12.54888888888889
M14,DiversityMedQA,M14:GenderDataset.csv:row1037:source1262,exact_source_text:1036,False,True,5647,450,0.07968833008677173,12.54888888888889
M14,DiversityMedQA,M14:GenderDataset.csv:row173:source878,exact_source_text:172,False,True,5647,450,0.07968833008677173,12.54888888888889
M14,DiversityMedQA,M14:GenderDataset.csv:row180:source903,exact_source_text:179,False,True,5647,450,0.07968833008677173,12.54888888888889
M14,DiversityMedQA,M14:GenderDataset.csv:row185:source927,exact_source_text:184,False,True,5647,450,0.07968833008677173,12.54888888888889
M14,DiversityMedQA,M14:GenderDataset.csv:row211:source1020,exact_source_text:210,False,True,5647,450,0.07968833008677173,12.54888888888889
M14,DiversityMedQA,M14:GenderDataset.csv:row220:source1048,exact_source_text:219,False,True,5647,450,0.07968833008677173,12.54888888888889
M14,DiversityMedQA,M14:GenderDataset.csv:row248:source1168,exact_source_text:247,False,True,5647,450,0.07968833008677173,12.54888888888889
M14,DiversityMedQA,M14:GenderDataset.csv:row249:source1174,exact_source_text:248,False,True,5647,450,0.07968833008677173,12.54888888888889
M14,DiversityMedQA,M14:GenderDataset.csv:row250:source1179,exact_source_text:249,False,True,5647,450,0.07968833008677173,12.54888888888889
M14,DiversityMedQA,M14:GenderDataset.csv:row283:source1334,exact_source_text:282,False,True,5647,450,0.07968833008677173,12.54888888888889
M14,DiversityMedQA,M14:GenderDataset.csv:row289:source1360,exact_source_text:288,False,True,5647,450,0.07968833008677173,12.54888888888889
M14,DiversityMedQA,M14:GenderDataset.csv:row294:source1387,exact_source_text:293,False,True,5647,450,0.07968833008677173,12.54888888888889
M14,DiversityMedQA,M14:GenderDataset.csv:row319:source1517,exact_source_text:318,False,True,5647,450,0.07968833008677173,12.54888888888889
M14,DiversityMedQA,M14:GenderDataset.csv:row331:source1560,exact_source_text:330,False,True,5647,450,0.07968833008677173,12.54888888888889
M14,DiversityMedQA,M14:GenderDataset.csv:row338:source1591,exact_source_text:337,False,True,5647,450,0.07968833008677173,12.54888888888889
M14,DiversityMedQA,M14:GenderDataset.csv:row348:source1633,exact_source_text:347,False,True,5647,450,0.07968833008677173,12.54888888888889
M14,DiversityMedQA,M14:GenderDataset.csv:row377:source1751,exact_source_text:376,False,True,5647,450,0.07968833008677173,12.54888888888889
M14,DiversityMedQA,M14:GenderDataset.csv:row399:source1853,exact_source_text:398,False,True,5647,450,0.07968833008677173,12.54888888888889
M14,DiversityMedQA,M14:GenderDataset.csv:row425:source1982,exact_source_text:424,False,True,5647,450,0.07968833008677173,12.54888888888889
M14,DiversityMedQA,M14:GenderDataset.csv:row426:source1983,exact_source_text:425,False,True,5647,450,0.07968833008677173,12.54888888888889
M14,DiversityMedQA,M14:GenderDataset.csv:row428:source1987,exact_source_text:427,False,True,5647,450,0.07968833008677173,12.54888888888889
M14,DiversityMedQA,M14:GenderDataset.csv:row42:source201,exact_source_text:41,False,True,5647,450,0.07968833008677173,12.54888888888889
M14,DiversityMedQA,M14:GenderDataset.csv:row443:source2032,exact_source_text:442,False,True,5647,450,0.07968833008677173,12.54888888888889
M14,DiversityMedQA,M14:GenderDataset.csv:row451:source2087,exact_source_text:450,False,True,5647,450,0.07968833008677173,12.54888888888889
M14,DiversityMedQA,M14:GenderDataset.csv:row458:source2110,exact_source_text:457,False,True,5647,450,0.07968833008677173,12.54888888888889
M14,DiversityMedQA,M14:GenderDataset.csv:row469:source2162,exact_source_text:468,False,True,5647,450,0.07968833008677173,12.54888888888889
M14,DiversityMedQA,M14:GenderDataset.csv:row47:source219,exact_source_text:46,False,True,5647,450,0.07968833008677173,12.54888888888889
M14,DiversityMedQA,M14:GenderDataset.csv:row503:source6,exact_source_text:502,False,True,5647,450,0.07968833008677173,12.54888888888889
M14,DiversityMedQA,M14:GenderDataset.csv:row509:source21,exact_source_text:508,False,True,5647,450,0.07968833008677173,12.54888888888889
M14,DiversityMedQA,M14:GenderDataset.csv:row524:source50,exact_source_text:523,False,True,5647,450,0.07968833008677173,12.54888888888889
M14,DiversityMedQA,M14:GenderDataset.csv:row570:source163,exact_source_text:569,False,True,5647,450,0.07968833008677173,12.54888888888889
M14,DiversityMedQA,M14:GenderDataset.csv:row580:source187,exact_source_text:579,False,True,5647,450,0.07968833008677173,12.54888888888889
M14,DiversityMedQA,M14:GenderDataset.csv:row591:source213,exact_source_text:590,False,True,5647,450,0.07968833008677173,12.54888888888889
M14,DiversityMedQA,M14:GenderDataset.csv:row596:source221,exact_source_text:595,False,True,5647,450,0.07968833008677173,12.54888888888889
M14,DiversityMedQA,M14:GenderDataset.csv:row610:source250,exact_source_text:609,False,True,5647,450,0.07968833008677173,12.54888888888889
M14,DiversityMedQA,M14:GenderDataset.csv:row611:source252,exact_source_text:610,False,True,5647,450,0.07968833008677173,12.54888888888889
M14,DiversityMedQA,M14:GenderDataset.csv:row638:source307,exact_source_text:637,False,True,5647,450,0.07968833008677173,12.54888888888889
M14,DiversityMedQA,M14:GenderDataset.csv:row668:source392,exact_source_text:667,False,True,5647,450,0.07968833008677173,12.54888888888889
M14,DiversityMedQA,M14:GenderDataset.csv:row689:source436,exact_source_text:688,False,True,5647,450,0.07968833008677173,12.54888888888889
M14,DiversityMedQA,M14:GenderDataset.csv:row710:source487,exact_source_text:709,False,True,5647,450,0.07968833008677173,12.54888888888889
M14,DiversityMedQA,M14:GenderDataset.csv:row718:source503,exact_source_text:717,False,True,5647,450,0.07968833008677173,12.54888888888889
M14,DiversityMedQA,M14:GenderDataset.csv:row733:source532,exact_source_text:732,False,True,5647,450,0.07968833008677173,12.54888888888889
M14,DiversityMedQA,M14:GenderDataset.csv:row736:source538,exact_source_text:735,False,True,5647,450,0.07968833008677173,12.54888888888889
M14,DiversityMedQA,M14:GenderDataset.csv:row739:source555,exact_source_text:738,False,True,5647,450,0.07968833008677173,12.54888888888889
M14,DiversityMedQA,M14:GenderDataset.csv:row766:source624,exact_source_text:765,False,True,5647,450,0.07968833008677173,12.54888888888889
M14,DiversityMedQA,M14:GenderDataset.csv:row769:source630,exact_source_text:768,False,True,5647,450,0.07968833008677173,12.54888888888889
M14,DiversityMedQA,M14:GenderDataset.csv:row778:source660,exact_source_text:777,False,True,5647,450,0.07968833008677173,12.54888888888889
M14,DiversityMedQA,M14:GenderDataset.csv:row788:source686,exact_source_text:787,False,True,5647,450,0.07968833008677173,12.54888888888889
M14,DiversityMedQA,M14:GenderDataset.csv:row798:source715,exact_source_text:797,False,True,5647,450,0.07968833008677173,12.54888888888889
M14,DiversityMedQA,M14:GenderDataset.csv:row832:source795,exact_source_text:831,False,True,5647,450,0.07968833008677173,12.54888888888889
M14,DiversityMedQA,M14:GenderDataset.csv:row838:source809,exact_source_text:837,False,True,5647,450,0.07968833008677173,12.54888888888889
M14,DiversityMedQA,M14:GenderDataset.csv:row905:source971,exact_source_text:904,False,True,5647,450,0.07968833008677173,12.54888888888889
M14,DiversityMedQA,M14:GenderDataset.csv:row908:source978,exact_source_text:907,False,True,5647,450,0.07968833008677173,12.54888888888889
M14,DiversityMedQA,M14:GenderDataset.csv:row911:source985,exact_source_text:910,False,True,5647,450,0.07968833008677173,12.54888888888889
M14,DiversityMedQA,M14:GenderDataset.csv:row913:source987,exact_source_text:912,False,True,5647,450,0.07968833008677173,12.54888888888889
M14,DiversityMedQA,M14:GenderDataset.csv:row918:source998,exact_source_text:917,False,True,5647,450,0.07968833008677173,12.54888888888889
M14,DiversityMedQA,M14:GenderDataset.csv:row932:source1030,exact_source_text:931,False,True,5647,450,0.07968833008677173,12.54888888888889
M14,DiversityMedQA,M14:GenderDataset.csv:row988:source1140,exact_source_text:987,False,True,5647,450,0.07968833008677173,12.54888888888889
M14,DiversityMedQA,M14:GenderDataset.csv:row9:source68,exact_source_text:8,False,True,5647,450,0.07968833008677173,12.54888888888889
M17,MedPerturb,M17:101:gender_removal,101,False,True,3570,450,0.12605042016806722,7.933333333333334
M17,MedPerturb,M17:10:gender_swap,10,False,True,3570,450,0.12605042016806722,7.933333333333334
M17,MedPerturb,M17:16:gender_removal,16,False,True,3570,450,0.12605042016806722,7.933333333333334
M17,MedPerturb,M17:18:gender_removal,18,False,True,3570,450,0.12605042016806722,7.933333333333334
M17,MedPerturb,M17:20:gender_removal,20,False,True,3570,450,0.12605042016806722,7.933333333333334
M17,MedPerturb,M17:27:gender_removal,27,False,True,3570,450,0.12605042016806722,7.933333333333334
M17,MedPerturb,M17:299:gender_swap,299,False,True,3570,450,0.12605042016806722,7.933333333333334
M17,MedPerturb,M17:301:gender_swap,301,False,True,3570,450,0.12605042016806722,7.933333333333334
M17,MedPerturb,M17:315:gender_removal,315,False,True,3570,450,0.12605042016806722,7.933333333333334
M17,MedPerturb,M17:318:gender_swap,318,False,True,3570,450,0.12605042016806722,7.933333333333334
M17,MedPerturb,M17:319:gender_removal,319,False,True,3570,450,0.12605042016806722,7.933333333333334
M17,MedPerturb,M17:326:gender_swap,326,False,True,3570,450,0.12605042016806722,7.933333333333334
M17,MedPerturb,M17:327:gender_swap,327,False,True,3570,450,0.12605042016806722,7.933333333333334
M17,MedPerturb,M17:331:gender_swap,331,False,True,3570,450,0.12605042016806722,7.933333333333334
M17,MedPerturb,M17:333:gender_removal,333,False,True,3570,450,0.12605042016806722,7.933333333333334
M17,MedPerturb,M17:337:gender_swap,337,False,True,3570,450,0.12605042016806722,7.933333333333334
M17,MedPerturb,M17:352:gender_removal,352,False,True,3570,450,0.12605042016806722,7.933333333333334
M17,MedPerturb,M17:41:gender_removal,41,False,True,3570,450,0.12605042016806722,7.933333333333334
M17,MedPerturb,M17:43:gender_swap,43,False,True,3570,450,0.12605042016806722,7.933333333333334
M17,MedPerturb,M17:59:gender_swap,59,False,True,3570,450,0.12605042016806722,7.933333333333334
M17,MedPerturb,M17:66:gender_swap,66,False,True,3570,450,0.12605042016806722,7.933333333333334
M17,MedPerturb,M17:67:gender_removal,67,False,True,3570,450,0.12605042016806722,7.933333333333334
M17,MedPerturb,M17:69:gender_removal,69,False,True,3570,450,0.12605042016806722,7.933333333333334
M17,MedPerturb,M17:73:gender_removal,73,False,True,3570,450,0.12605042016806722,7.933333333333334
M17,MedPerturb,M17:74:gender_swap,74,False,True,3570,450,0.12605042016806722,7.933333333333334
M17,MedPerturb,M17:76:gender_removal,76,False,True,3570,450,0.12605042016806722,7.933333333333334
M17,MedPerturb,M17:83:gender_removal,83,False,True,3570,450,0.12605042016806722,7.933333333333334
M17,MedPerturb,M17:askdocs_127:gender_swap,askdocs_127,False,True,3570,450,0.12605042016806722,7.933333333333334
M17,MedPerturb,M17:askdocs_143:gender_removal,askdocs_143,False,True,3570,450,0.12605042016806722,7.933333333333334
M17,MedPerturb,M17:askdocs_147:gender_removal,askdocs_147,False,True,3570,450,0.12605042016806722,7.933333333333334
M17,MedPerturb,M17:askdocs_152:gender_removal,askdocs_152,False,True,3570,450,0.12605042016806722,7.933333333333334
M17,MedPerturb,M17:askdocs_159:gender_swap,askdocs_159,False,True,3570,450,0.12605042016806722,7.933333333333334
M17,MedPerturb,M17:askdocs_163:gender_swap,askdocs_163,False,True,3570,450,0.12605042016806722,7.933333333333334
M17,MedPerturb,M17:askdocs_168:gender_removal,askdocs_168,False,True,3570,450,0.12605042016806722,7.933333333333334
M17,MedPerturb,M17:askdocs_17:gender_removal,askdocs_17,False,True,3570,450,0.12605042016806722,7.933333333333334
M17,MedPerturb,M17:askdocs_186:gender_removal,askdocs_186,False,True,3570,450,0.12605042016806722,7.933333333333334
M17,MedPerturb,M17:askdocs_18:gender_removal,askdocs_18,False,True,3570,450,0.12605042016806722,7.933333333333334
M17,MedPerturb,M17:askdocs_190:gender_swap,askdocs_190,False,True,3570,450,0.12605042016806722,7.933333333333334
M17,MedPerturb,M17:askdocs_193:gender_swap,askdocs_193,False,True,3570,450,0.12605042016806722,7.933333333333334
M17,MedPerturb,M17:askdocs_26:gender_removal,askdocs_26,False,True,3570,450,0.12605042016806722,7.933333333333334
M17,MedPerturb,M17:askdocs_27:gender_swap,askdocs_27,False,True,3570,450,0.12605042016806722,7.933333333333334
M17,MedPerturb,M17:askdocs_35:gender_removal,askdocs_35,False,True,3570,450,0.12605042016806722,7.933333333333334
M17,MedPerturb,M17:askdocs_35:gender_swap,askdocs_35,False,True,3570,450,0.12605042016806722,7.933333333333334
M17,MedPerturb,M17:askdocs_39:gender_swap,askdocs_39,False,True,3570,450,0.12605042016806722,7.933333333333334
M17,MedPerturb,M17:askdocs_4:gender_swap,askdocs_4,False,True,3570,450,0.12605042016806722,7.933333333333334
M17,MedPerturb,M17:askdocs_62:gender_removal,askdocs_62,False,True,3570,450,0.12605042016806722,7.933333333333334
M17,MedPerturb,M17:askdocs_64:gender_removal,askdocs_64,False,True,3570,450,0.12605042016806722,7.933333333333334
M17,MedPerturb,M17:askdocs_77:gender_swap,askdocs_77,False,True,3570,450,0.12605042016806722,7.933333333333334
M17,MedPerturb,M17:askdocs_78:gender_removal,askdocs_78,False,True,3570,450,0.12605042016806722,7.933333333333334
M17,MedPerturb,M17:askdocs_83:gender_removal,askdocs_83,False,True,3570,450,0.12605042016806722,7.933333333333334
M17,MedPerturb,M17:askdocs_86:gender_removal,askdocs_86,False,True,3570,450,0.12605042016806722,7.933333333333334
M17,MedPerturb,M17:askdocs_92:gender_swap,askdocs_92,False,True,3570,450,0.12605042016806722,7.933333333333334
M17,MedPerturb,M17:askdocs_95:gender_removal,askdocs_95,False,True,3570,450,0.12605042016806722,7.933333333333334
M17,MedPerturb,M17:askdocs_96:gender_removal,askdocs_96,False,True,3570,450,0.12605042016806722,7.933333333333334
M17,MedPerturb,M17:askdocs_96:gender_swap,askdocs_96,False,True,3570,450,0.12605042016806722,7.933333333333334
M17,MedPerturb,M17:oncqa_16:gender_removal,oncqa_16,False,True,3570,450,0.12605042016806722,7.933333333333334
M17,MedPerturb,M17:oncqa_28:gender_swap,oncqa_28,False,True,3570,450,0.12605042016806722,7.933333333333334
M17,MedPerturb,M17:oncqa_41:gender_swap,oncqa_41,False,True,3570,450,0.12605042016806722,7.933333333333334
M17,MedPerturb,M17:oncqa_42:gender_swap,oncqa_42,False,True,3570,450,0.12605042016806722,7.933333333333334
M17,MedPerturb,M17:oncqa_44:gender_swap,oncqa_44,False,True,3570,450,0.12605042016806722,7.933333333333334
M17,MedPerturb,M17:oncqa_57:gender_swap,oncqa_57,False,True,3570,450,0.12605042016806722,7.933333333333334
M17,MedPerturb,M17:oncqa_5:gender_removal,oncqa_5,False,True,3570,450,0.12605042016806722,7.933333333333334
M17,MedPerturb,M17:oncqa_60:gender_swap,oncqa_60,False,True,3570,450,0.12605042016806722,7.933333333333334
M17,MedPerturb,M17:oncqa_63:gender_removal,oncqa_63,False,True,3570,450,0.12605042016806722,7.933333333333334
M17,MedPerturb,M17:oncqa_67:gender_removal,oncqa_67,False,True,3570,450,0.12605042016806722,7.933333333333334
M17,MedPerturb,M17:oncqa_67:gender_swap,oncqa_67,False,True,3570,450,0.12605042016806722,7.933333333333334
M17,MedPerturb,M17:oncqa_71:gender_removal,oncqa_71,False,True,3570,450,0.12605042016806722,7.933333333333334
M17,MedPerturb,M17:oncqa_75:gender_removal,oncqa_75,False,True,3570,450,0.12605042016806722,7.933333333333334
M17,MedPerturb,M17:oncqa_75:gender_swap,oncqa_75,False,True,3570,450,0.12605042016806722,7.933333333333334
M17,MedPerturb,M17:oncqa_76:gender_removal,oncqa_76,False,True,3570,450,0.12605042016806722,7.933333333333334
M17,MedPerturb,M17:oncqa_79:gender_swap,oncqa_79,False,True,3570,450,0.12605042016806722,7.933333333333334
M17,MedPerturb,M17:oncqa_89:gender_removal,oncqa_89,False,True,3570,450,0.12605042016806722,7.933333333333334
M17,MedPerturb,M17:usmle_derm_1006:gender_removal,usmle_derm_1006,False,True,3570,450,0.12605042016806722,7.933333333333334
M17,MedPerturb,M17:usmle_derm_1012:gender_swap,usmle_derm_1012,False,True,3570,450,0.12605042016806722,7.933333333333334
M17,MedPerturb,M17:usmle_derm_1014:gender_swap,usmle_derm_1014,False,True,3570,450,0.12605042016806722,7.933333333333334
M17,MedPerturb,M17:usmle_derm_1020:gender_swap,usmle_derm_1020,False,True,3570,450,0.12605042016806722,7.933333333333334
M17,MedPerturb,M17:usmle_derm_1022:gender_removal,usmle_derm_1022,False,True,3570,450,0.12605042016806722,7.933333333333334
M17,MedPerturb,M17:usmle_derm_1023:gender_removal,usmle_derm_1023,False,True,3570,450,0.12605042016806722,7.933333333333334
M17,MedPerturb,M17:usmle_derm_1029:gender_removal,usmle_derm_1029,False,True,3570,450,0.12605042016806722,7.933333333333334
M17,MedPerturb,M17:usmle_derm_1052:gender_removal,usmle_derm_1052,False,True,3570,450,0.12605042016806722,7.933333333333334
M17,MedPerturb,M17:usmle_derm_1070:gender_swap,usmle_derm_1070,False,True,3570,450,0.12605042016806722,7.933333333333334
M17,MedPerturb,M17:usmle_derm_1072:gender_removal,usmle_derm_1072,False,True,3570,450,0.12605042016806722,7.933333333333334
M17,MedPerturb,M17:usmle_derm_1078:gender_removal,usmle_derm_1078,False,True,3570,450,0.12605042016806722,7.933333333333334
M17,MedPerturb,M17:usmle_derm_1082:gender_swap,usmle_derm_1082,False,True,3570,450,0.12605042016806722,7.933333333333334
M17,MedPerturb,M17:usmle_derm_1086:gender_removal,usmle_derm_1086,False,True,3570,450,0.12605042016806722,7.933333333333334
M17,MedPerturb,M17:usmle_derm_1086:gender_swap,usmle_derm_1086,False,True,3570,450,0.12605042016806722,7.933333333333334
M17,MedPerturb,M17:usmle_derm_10:gender_removal,usmle_derm_10,False,True,3570,450,0.12605042016806722,7.933333333333334
M17,MedPerturb,M17:usmle_derm_10:gender_swap,usmle_derm_10,False,True,3570,450,0.12605042016806722,7.933333333333334
M17,MedPerturb,M17:usmle_derm_1105:gender_removal,usmle_derm_1105,False,True,3570,450,0.12605042016806722,7.933333333333334
M17,MedPerturb,M17:usmle_derm_110:gender_swap,usmle_derm_110,False,True,3570,450,0.12605042016806722,7.933333333333334
M17,MedPerturb,M17:usmle_derm_1112:gender_swap,usmle_derm_1112,False,True,3570,450,0.12605042016806722,7.933333333333334
M17,MedPerturb,M17:usmle_derm_1116:gender_removal,usmle_derm_1116,False,True,3570,450,0.12605042016806722,7.933333333333334
M17,MedPerturb,M17:usmle_derm_1118:gender_swap,usmle_derm_1118,False,True,3570,450,0.12605042016806722,7.933333333333334
M17,MedPerturb,M17:usmle_derm_1121:gender_removal,usmle_derm_1121,False,True,3570,450,0.12605042016806722,7.933333333333334
M17,MedPerturb,M17:usmle_derm_1135:gender_removal,usmle_derm_1135,False,True,3570,450,0.12605042016806722,7.933333333333334
M17,MedPerturb,M17:usmle_derm_1145:gender_removal,usmle_derm_1145,False,True,3570,450,0.12605042016806722,7.933333333333334
M17,MedPerturb,M17:usmle_derm_1147:gender_removal,usmle_derm_1147,False,True,3570,450,0.12605042016806722,7.933333333333334
M17,MedPerturb,M17:usmle_derm_1149:gender_swap,usmle_derm_1149,False,True,3570,450,0.12605042016806722,7.933333333333334
M17,MedPerturb,M17:usmle_derm_1156:gender_removal,usmle_derm_1156,False,True,3570,450,0.12605042016806722,7.933333333333334
M17,MedPerturb,M17:usmle_derm_1159:gender_removal,usmle_derm_1159,False,True,3570,450,0.12605042016806722,7.933333333333334
M17,MedPerturb,M17:usmle_derm_1160:gender_removal,usmle_derm_1160,False,True,3570,450,0.12605042016806722,7.933333333333334
M17,MedPerturb,M17:usmle_derm_116:gender_removal,usmle_derm_116,False,True,3570,450,0.12605042016806722,7.933333333333334
M17,MedPerturb,M17:usmle_derm_1175:gender_removal,usmle_derm_1175,False,True,3570,450,0.12605042016806722,7.933333333333334
M17,MedPerturb,M17:usmle_derm_1199:gender_swap,usmle_derm_1199,False,True,3570,450,0.12605042016806722,7.933333333333334
M17,MedPerturb,M17:usmle_derm_119:gender_removal,usmle_derm_119,False,True,3570,450,0.12605042016806722,7.933333333333334
M17,MedPerturb,M17:usmle_derm_119:gender_swap,usmle_derm_119,False,True,3570,450,0.12605042016806722,7.933333333333334
M17,MedPerturb,M17:usmle_derm_1209:gender_removal,usmle_derm_1209,False,True,3570,450,0.12605042016806722,7.933333333333334
M17,MedPerturb,M17:usmle_derm_1209:gender_swap,usmle_derm_1209,False,True,3570,450,0.12605042016806722,7.933333333333334
M17,MedPerturb,M17:usmle_derm_120:gender_swap,usmle_derm_120,False,True,3570,450,0.12605042016806722,7.933333333333334
M17,MedPerturb,M17:usmle_derm_1219:gender_removal,usmle_derm_1219,False,True,3570,450,0.12605042016806722,7.933333333333334
M17,MedPerturb,M17:usmle_derm_1221:gender_removal,usmle_derm_1221,False,True,3570,450,0.12605042016806722,7.933333333333334
M17,MedPerturb,M17:usmle_derm_1221:gender_swap,usmle_derm_1221,False,True,3570,450,0.12605042016806722,7.933333333333334
M17,MedPerturb,M17:usmle_derm_122:gender_swap,usmle_derm_122,False,True,3570,450,0.12605042016806722,7.933333333333334
M17,MedPerturb,M17:usmle_derm_1230:gender_removal,usmle_derm_1230,False,True,3570,450,0.12605042016806722,7.933333333333334
M17,MedPerturb,M17:usmle_derm_1245:gender_removal,usmle_derm_1245,False,True,3570,450,0.12605042016806722,7.933333333333334
M17,MedPerturb,M17:usmle_derm_1246:gender_removal,usmle_derm_1246,False,True,3570,450,0.12605042016806722,7.933333333333334
M17,MedPerturb,M17:usmle_derm_1246:gender_swap,usmle_derm_1246,False,True,3570,450,0.12605042016806722,7.933333333333334
M17,MedPerturb,M17:usmle_derm_1259:gender_removal,usmle_derm_1259,False,True,3570,450,0.12605042016806722,7.933333333333334
M17,MedPerturb,M17:usmle_derm_1269:gender_removal,usmle_derm_1269,False,True,3570,450,0.12605042016806722,7.933333333333334
M17,MedPerturb,M17:usmle_derm_1282:gender_swap,usmle_derm_1282,False,True,3570,450,0.12605042016806722,7.933333333333334
M17,MedPerturb,M17:usmle_derm_1293:gender_removal,usmle_derm_1293,False,True,3570,450,0.12605042016806722,7.933333333333334
M17,MedPerturb,M17:usmle_derm_1295:gender_removal,usmle_derm_1295,False,True,3570,450,0.12605042016806722,7.933333333333334
M17,MedPerturb,M17:usmle_derm_1300:gender_removal,usmle_derm_1300,False,True,3570,450,0.12605042016806722,7.933333333333334
M17,MedPerturb,M17:usmle_derm_1301:gender_removal,usmle_derm_1301,False,True,3570,450,0.12605042016806722,7.933333333333334
M17,MedPerturb,M17:usmle_derm_1302:gender_swap,usmle_derm_1302,False,True,3570,450,0.12605042016806722,7.933333333333334
M17,MedPerturb,M17:usmle_derm_1303:gender_removal,usmle_derm_1303,False,True,3570,450,0.12605042016806722,7.933333333333334
M17,MedPerturb,M17:usmle_derm_1310:gender_removal,usmle_derm_1310,False,True,3570,450,0.12605042016806722,7.933333333333334
M17,MedPerturb,M17:usmle_derm_1319:gender_removal,usmle_derm_1319,False,True,3570,450,0.12605042016806722,7.933333333333334
M17,MedPerturb,M17:usmle_derm_1324:gender_swap,usmle_derm_1324,False,True,3570,450,0.12605042016806722,7.933333333333334
M17,MedPerturb,M17:usmle_derm_1325:gender_removal,usmle_derm_1325,False,True,3570,450,0.12605042016806722,7.933333333333334
M17,MedPerturb,M17:usmle_derm_1336:gender_swap,usmle_derm_1336,False,True,3570,450,0.12605042016806722,7.933333333333334
M17,MedPerturb,M17:usmle_derm_1338:gender_removal,usmle_derm_1338,False,True,3570,450,0.12605042016806722,7.933333333333334
M17,MedPerturb,M17:usmle_derm_1338:gender_swap,usmle_derm_1338,False,True,3570,450,0.12605042016806722,7.933333333333334
M17,MedPerturb,M17:usmle_derm_133:gender_removal,usmle_derm_133,False,True,3570,450,0.12605042016806722,7.933333333333334
M17,MedPerturb,M17:usmle_derm_1345:gender_swap,usmle_derm_1345,False,True,3570,450,0.12605042016806722,7.933333333333334
M17,MedPerturb,M17:usmle_derm_1346:gender_removal,usmle_derm_1346,False,True,3570,450,0.12605042016806722,7.933333333333334
M17,MedPerturb,M17:usmle_derm_1346:gender_swap,usmle_derm_1346,False,True,3570,450,0.12605042016806722,7.933333333333334
M17,MedPerturb,M17:usmle_derm_1352:gender_swap,usmle_derm_1352,False,True,3570,450,0.12605042016806722,7.933333333333334
M17,MedPerturb,M17:usmle_derm_1355:gender_swap,usmle_derm_1355,False,True,3570,450,0.12605042016806722,7.933333333333334
M17,MedPerturb,M17:usmle_derm_1372:gender_removal,usmle_derm_1372,False,True,3570,450,0.12605042016806722,7.933333333333334
M17,MedPerturb,M17:usmle_derm_1372:gender_swap,usmle_derm_1372,False,True,3570,450,0.12605042016806722,7.933333333333334
M17,MedPerturb,M17:usmle_derm_1375:gender_swap,usmle_derm_1375,False,True,3570,450,0.12605042016806722,7.933333333333334
M17,MedPerturb,M17:usmle_derm_1376:gender_removal,usmle_derm_1376,False,True,3570,450,0.12605042016806722,7.933333333333334
M17,MedPerturb,M17:usmle_derm_1382:gender_removal,usmle_derm_1382,False,True,3570,450,0.12605042016806722,7.933333333333334
M17,MedPerturb,M17:usmle_derm_1385:gender_swap,usmle_derm_1385,False,True,3570,450,0.12605042016806722,7.933333333333334
M17,MedPerturb,M17:usmle_derm_138:gender_swap,usmle_derm_138,False,True,3570,450,0.12605042016806722,7.933333333333334
M17,MedPerturb,M17:usmle_derm_1392:gender_removal,usmle_derm_1392,False,True,3570,450,0.12605042016806722,7.933333333333334
M17,MedPerturb,M17:usmle_derm_1398:gender_removal,usmle_derm_1398,False,True,3570,450,0.12605042016806722,7.933333333333334
M17,MedPerturb,M17:usmle_derm_1404:gender_swap,usmle_derm_1404,False,True,3570,450,0.12605042016806722,7.933333333333334
M17,MedPerturb,M17:usmle_derm_1408:gender_removal,usmle_derm_1408,False,True,3570,450,0.12605042016806722,7.933333333333334
M17,MedPerturb,M17:usmle_derm_140:gender_swap,usmle_derm_140,False,True,3570,450,0.12605042016806722,7.933333333333334
M17,MedPerturb,M17:usmle_derm_1419:gender_removal,usmle_derm_1419,False,True,3570,450,0.12605042016806722,7.933333333333334
M17,MedPerturb,M17:usmle_derm_1421:gender_removal,usmle_derm_1421,False,True,3570,450,0.12605042016806722,7.933333333333334
M17,MedPerturb,M17:usmle_derm_1424:gender_removal,usmle_derm_1424,False,True,3570,450,0.12605042016806722,7.933333333333334
M17,MedPerturb,M17:usmle_derm_142:gender_swap,usmle_derm_142,False,True,3570,450,0.12605042016806722,7.933333333333334
M17,MedPerturb,M17:usmle_derm_1431:gender_removal,usmle_derm_1431,False,True,3570,450,0.12605042016806722,7.933333333333334
M17,MedPerturb,M17:usmle_derm_1431:gender_swap,usmle_derm_1431,False,True,3570,450,0.12605042016806722,7.933333333333334
M17,MedPerturb,M17:usmle_derm_1452:gender_removal,usmle_derm_1452,False,True,3570,450,0.12605042016806722,7.933333333333334
M17,MedPerturb,M17:usmle_derm_1458:gender_removal,usmle_derm_1458,False,True,3570,450,0.12605042016806722,7.933333333333334
M17,MedPerturb,M17:usmle_derm_1459:gender_swap,usmle_derm_1459,False,True,3570,450,0.12605042016806722,7.933333333333334
M17,MedPerturb,M17:usmle_derm_1466:gender_swap,usmle_derm_1466,False,True,3570,450,0.12605042016806722,7.933333333333334
M17,MedPerturb,M17:usmle_derm_1474:gender_removal,usmle_derm_1474,False,True,3570,450,0.12605042016806722,7.933333333333334
M17,MedPerturb,M17:usmle_derm_1476:gender_removal,usmle_derm_1476,False,True,3570,450,0.12605042016806722,7.933333333333334
M17,MedPerturb,M17:usmle_derm_1485:gender_removal,usmle_derm_1485,False,True,3570,450,0.12605042016806722,7.933333333333334
M17,MedPerturb,M17:usmle_derm_1485:gender_swap,usmle_derm_1485,False,True,3570,450,0.12605042016806722,7.933333333333334
M17,MedPerturb,M17:usmle_derm_1489:gender_removal,usmle_derm_1489,False,True,3570,450,0.12605042016806722,7.933333333333334
M17,MedPerturb,M17:usmle_derm_148:gender_swap,usmle_derm_148,False,True,3570,450,0.12605042016806722,7.933333333333334
M17,MedPerturb,M17:usmle_derm_1490:gender_removal,usmle_derm_1490,False,True,3570,450,0.12605042016806722,7.933333333333334
M17,MedPerturb,M17:usmle_derm_1491:gender_swap,usmle_derm_1491,False,True,3570,450,0.12605042016806722,7.933333333333334
M17,MedPerturb,M17:usmle_derm_1495:gender_removal,usmle_derm_1495,False,True,3570,450,0.12605042016806722,7.933333333333334
M17,MedPerturb,M17:usmle_derm_1496:gender_swap,usmle_derm_1496,False,True,3570,450,0.12605042016806722,7.933333333333334
M17,MedPerturb,M17:usmle_derm_14:gender_removal,usmle_derm_14,False,True,3570,450,0.12605042016806722,7.933333333333334
M17,MedPerturb,M17:usmle_derm_1502:gender_removal,usmle_derm_1502,False,True,3570,450,0.12605042016806722,7.933333333333334
M17,MedPerturb,M17:usmle_derm_1502:gender_swap,usmle_derm_1502,False,True,3570,450,0.12605042016806722,7.933333333333334
M17,MedPerturb,M17:usmle_derm_1504:gender_removal,usmle_derm_1504,False,True,3570,450,0.12605042016806722,7.933333333333334
M17,MedPerturb,M17:usmle_derm_1518:gender_swap,usmle_derm_1518,False,True,3570,450,0.12605042016806722,7.933333333333334
M17,MedPerturb,M17:usmle_derm_1521:gender_swap,usmle_derm_1521,False,True,3570,450,0.12605042016806722,7.933333333333334
M17,MedPerturb,M17:usmle_derm_1525:gender_removal,usmle_derm_1525,False,True,3570,450,0.12605042016806722,7.933333333333334
M17,MedPerturb,M17:usmle_derm_1527:gender_removal,usmle_derm_1527,False,True,3570,450,0.12605042016806722,7.933333333333334
M17,MedPerturb,M17:usmle_derm_1527:gender_swap,usmle_derm_1527,False,True,3570,450,0.12605042016806722,7.933333333333334
M17,MedPerturb,M17:usmle_derm_1532:gender_swap,usmle_derm_1532,False,True,3570,450,0.12605042016806722,7.933333333333334
M17,MedPerturb,M17:usmle_derm_1536:gender_swap,usmle_derm_1536,False,True,3570,450,0.12605042016806722,7.933333333333334
M17,MedPerturb,M17:usmle_derm_1549:gender_removal,usmle_derm_1549,False,True,3570,450,0.12605042016806722,7.933333333333334
M17,MedPerturb,M17:usmle_derm_1560:gender_removal,usmle_derm_1560,False,True,3570,450,0.12605042016806722,7.933333333333334
M17,MedPerturb,M17:usmle_derm_1560:gender_swap,usmle_derm_1560,False,True,3570,450,0.12605042016806722,7.933333333333334
M17,MedPerturb,M17:usmle_derm_1561:gender_swap,usmle_derm_1561,False,True,3570,450,0.12605042016806722,7.933333333333334
M17,MedPerturb,M17:usmle_derm_156:gender_removal,usmle_derm_156,False,True,3570,450,0.12605042016806722,7.933333333333334
M17,MedPerturb,M17:usmle_derm_1572:gender_removal,usmle_derm_1572,False,True,3570,450,0.12605042016806722,7.933333333333334
M17,MedPerturb,M17:usmle_derm_1575:gender_swap,usmle_derm_1575,False,True,3570,450,0.12605042016806722,7.933333333333334
M17,MedPerturb,M17:usmle_derm_1576:gender_removal,usmle_derm_1576,False,True,3570,450,0.12605042016806722,7.933333333333334
M17,MedPerturb,M17:usmle_derm_1580:gender_swap,usmle_derm_1580,False,True,3570,450,0.12605042016806722,7.933333333333334
M17,MedPerturb,M17:usmle_derm_1582:gender_removal,usmle_derm_1582,False,True,3570,450,0.12605042016806722,7.933333333333334
M17,MedPerturb,M17:usmle_derm_1586:gender_swap,usmle_derm_1586,False,True,3570,450,0.12605042016806722,7.933333333333334
M17,MedPerturb,M17:usmle_derm_1608:gender_removal,usmle_derm_1608,False,True,3570,450,0.12605042016806722,7.933333333333334
M17,MedPerturb,M17:usmle_derm_1613:gender_swap,usmle_derm_1613,False,True,3570,450,0.12605042016806722,7.933333333333334
M17,MedPerturb,M17:usmle_derm_1624:gender_swap,usmle_derm_1624,False,True,3570,450,0.12605042016806722,7.933333333333334
M17,MedPerturb,M17:usmle_derm_1627:gender_removal,usmle_derm_1627,False,True,3570,450,0.12605042016806722,7.933333333333334
M17,MedPerturb,M17:usmle_derm_1628:gender_swap,usmle_derm_1628,False,True,3570,450,0.12605042016806722,7.933333333333334
M17,MedPerturb,M17:usmle_derm_1632:gender_swap,usmle_derm_1632,False,True,3570,450,0.12605042016806722,7.933333333333334
M17,MedPerturb,M17:usmle_derm_1633:gender_swap,usmle_derm_1633,False,True,3570,450,0.12605042016806722,7.933333333333334
M17,MedPerturb,M17:usmle_derm_1634:gender_removal,usmle_derm_1634,False,True,3570,450,0.12605042016806722,7.933333333333334
M17,MedPerturb,M17:usmle_derm_1638:gender_swap,usmle_derm_1638,False,True,3570,450,0.12605042016806722,7.933333333333334
M17,MedPerturb,M17:usmle_derm_1639:gender_removal,usmle_derm_1639,False,True,3570,450,0.12605042016806722,7.933333333333334
M17,MedPerturb,M17:usmle_derm_1639:gender_swap,usmle_derm_1639,False,True,3570,450,0.12605042016806722,7.933333333333334
M17,MedPerturb,M17:usmle_derm_1651:gender_swap,usmle_derm_1651,False,True,3570,450,0.12605042016806722,7.933333333333334
M17,MedPerturb,M17:usmle_derm_1660:gender_swap,usmle_derm_1660,False,True,3570,450,0.12605042016806722,7.933333333333334
M17,MedPerturb,M17:usmle_derm_1664:gender_swap,usmle_derm_1664,False,True,3570,450,0.12605042016806722,7.933333333333334
M17,MedPerturb,M17:usmle_derm_1672:gender_removal,usmle_derm_1672,False,True,3570,450,0.12605042016806722,7.933333333333334
M17,MedPerturb,M17:usmle_derm_1673:gender_removal,usmle_derm_1673,False,True,3570,450,0.12605042016806722,7.933333333333334
M17,MedPerturb,M17:usmle_derm_1682:gender_swap,usmle_derm_1682,False,True,3570,450,0.12605042016806722,7.933333333333334
M17,MedPerturb,M17:usmle_derm_1692:gender_removal,usmle_derm_1692,False,True,3570,450,0.12605042016806722,7.933333333333334
M17,MedPerturb,M17:usmle_derm_1700:gender_removal,usmle_derm_1700,False,True,3570,450,0.12605042016806722,7.933333333333334
M17,MedPerturb,M17:usmle_derm_1706:gender_swap,usmle_derm_1706,False,True,3570,450,0.12605042016806722,7.933333333333334
M17,MedPerturb,M17:usmle_derm_1713:gender_swap,usmle_derm_1713,False,True,3570,450,0.12605042016806722,7.933333333333334
M17,MedPerturb,M17:usmle_derm_171:gender_swap,usmle_derm_171,False,True,3570,450,0.12605042016806722,7.933333333333334
M17,MedPerturb,M17:usmle_derm_1729:gender_removal,usmle_derm_1729,False,True,3570,450,0.12605042016806722,7.933333333333334
M17,MedPerturb,M17:usmle_derm_1739:gender_removal,usmle_derm_1739,False,True,3570,450,0.12605042016806722,7.933333333333334
M17,MedPerturb,M17:usmle_derm_1744:gender_swap,usmle_derm_1744,False,True,3570,450,0.12605042016806722,7.933333333333334
M17,MedPerturb,M17:usmle_derm_1745:gender_swap,usmle_derm_1745,False,True,3570,450,0.12605042016806722,7.933333333333334
M17,MedPerturb,M17:usmle_derm_1766:gender_removal,usmle_derm_1766,False,True,3570,450,0.12605042016806722,7.933333333333334
M17,MedPerturb,M17:usmle_derm_1768:gender_removal,usmle_derm_1768,False,True,3570,450,0.12605042016806722,7.933333333333334
M17,MedPerturb,M17:usmle_derm_1769:gender_swap,usmle_derm_1769,False,True,3570,450,0.12605042016806722,7.933333333333334
M17,MedPerturb,M17:usmle_derm_1770:gender_swap,usmle_derm_1770,False,True,3570,450,0.12605042016806722,7.933333333333334
M17,MedPerturb,M17:usmle_derm_1771:gender_removal,usmle_derm_1771,False,True,3570,450,0.12605042016806722,7.933333333333334
M17,MedPerturb,M17:usmle_derm_1790:gender_removal,usmle_derm_1790,False,True,3570,450,0.12605042016806722,7.933333333333334
M17,MedPerturb,M17:usmle_derm_1791:gender_removal,usmle_derm_1791,False,True,3570,450,0.12605042016806722,7.933333333333334
M17,MedPerturb,M17:usmle_derm_1791:gender_swap,usmle_derm_1791,False,True,3570,450,0.12605042016806722,7.933333333333334
M17,MedPerturb,M17:usmle_derm_1800:gender_removal,usmle_derm_1800,False,True,3570,450,0.12605042016806722,7.933333333333334
M17,MedPerturb,M17:usmle_derm_1802:gender_removal,usmle_derm_1802,False,True,3570,450,0.12605042016806722,7.933333333333334
M17,MedPerturb,M17:usmle_derm_1810:gender_swap,usmle_derm_1810,False,True,3570,450,0.12605042016806722,7.933333333333334
M17,MedPerturb,M17:usmle_derm_182:gender_removal,usmle_derm_182,False,True,3570,450,0.12605042016806722,7.933333333333334
M17,MedPerturb,M17:usmle_derm_1831:gender_removal,usmle_derm_1831,False,True,3570,450,0.12605042016806722,7.933333333333334
M17,MedPerturb,M17:usmle_derm_1831:gender_swap,usmle_derm_1831,False,True,3570,450,0.12605042016806722,7.933333333333334
M17,MedPerturb,M17:usmle_derm_1860:gender_removal,usmle_derm_1860,False,True,3570,450,0.12605042016806722,7.933333333333334
M17,MedPerturb,M17:usmle_derm_1863:gender_swap,usmle_derm_1863,False,True,3570,450,0.12605042016806722,7.933333333333334
M17,MedPerturb,M17:usmle_derm_1867:gender_removal,usmle_derm_1867,False,True,3570,450,0.12605042016806722,7.933333333333334
M17,MedPerturb,M17:usmle_derm_1870:gender_swap,usmle_derm_1870,False,True,3570,450,0.12605042016806722,7.933333333333334
M17,MedPerturb,M17:usmle_derm_1871:gender_removal,usmle_derm_1871,False,True,3570,450,0.12605042016806722,7.933333333333334
M17,MedPerturb,M17:usmle_derm_1871:gender_swap,usmle_derm_1871,False,True,3570,450,0.12605042016806722,7.933333333333334
M17,MedPerturb,M17:usmle_derm_1878:gender_removal,usmle_derm_1878,False,True,3570,450,0.12605042016806722,7.933333333333334
M17,MedPerturb,M17:usmle_derm_1879:gender_removal,usmle_derm_1879,False,True,3570,450,0.12605042016806722,7.933333333333334
M17,MedPerturb,M17:usmle_derm_187:gender_swap,usmle_derm_187,False,True,3570,450,0.12605042016806722,7.933333333333334
M17,MedPerturb,M17:usmle_derm_1881:gender_swap,usmle_derm_1881,False,True,3570,450,0.12605042016806722,7.933333333333334
M17,MedPerturb,M17:usmle_derm_1884:gender_removal,usmle_derm_1884,False,True,3570,450,0.12605042016806722,7.933333333333334
M17,MedPerturb,M17:usmle_derm_1887:gender_swap,usmle_derm_1887,False,True,3570,450,0.12605042016806722,7.933333333333334
M17,MedPerturb,M17:usmle_derm_1895:gender_swap,usmle_derm_1895,False,True,3570,450,0.12605042016806722,7.933333333333334
M17,MedPerturb,M17:usmle_derm_1897:gender_swap,usmle_derm_1897,False,True,3570,450,0.12605042016806722,7.933333333333334
M17,MedPerturb,M17:usmle_derm_1902:gender_swap,usmle_derm_1902,False,True,3570,450,0.12605042016806722,7.933333333333334
M17,MedPerturb,M17:usmle_derm_1908:gender_removal,usmle_derm_1908,False,True,3570,450,0.12605042016806722,7.933333333333334
M17,MedPerturb,M17:usmle_derm_1914:gender_removal,usmle_derm_1914,False,True,3570,450,0.12605042016806722,7.933333333333334
M17,MedPerturb,M17:usmle_derm_1915:gender_swap,usmle_derm_1915,False,True,3570,450,0.12605042016806722,7.933333333333334
M17,MedPerturb,M17:usmle_derm_1918:gender_swap,usmle_derm_1918,False,True,3570,450,0.12605042016806722,7.933333333333334
M17,MedPerturb,M17:usmle_derm_1919:gender_removal,usmle_derm_1919,False,True,3570,450,0.12605042016806722,7.933333333333334
M17,MedPerturb,M17:usmle_derm_1926:gender_removal,usmle_derm_1926,False,True,3570,450,0.12605042016806722,7.933333333333334
M17,MedPerturb,M17:usmle_derm_192:gender_removal,usmle_derm_192,False,True,3570,450,0.12605042016806722,7.933333333333334
M17,MedPerturb,M17:usmle_derm_1931:gender_removal,usmle_derm_1931,False,True,3570,450,0.12605042016806722,7.933333333333334
M17,MedPerturb,M17:usmle_derm_1931:gender_swap,usmle_derm_1931,False,True,3570,450,0.12605042016806722,7.933333333333334
M17,MedPerturb,M17:usmle_derm_1934:gender_removal,usmle_derm_1934,False,True,3570,450,0.12605042016806722,7.933333333333334
M17,MedPerturb,M17:usmle_derm_1942:gender_swap,usmle_derm_1942,False,True,3570,450,0.12605042016806722,7.933333333333334
M17,MedPerturb,M17:usmle_derm_1943:gender_removal,usmle_derm_1943,False,True,3570,450,0.12605042016806722,7.933333333333334
M17,MedPerturb,M17:usmle_derm_1946:gender_swap,usmle_derm_1946,False,True,3570,450,0.12605042016806722,7.933333333333334
M17,MedPerturb,M17:usmle_derm_1952:gender_swap,usmle_derm_1952,False,True,3570,450,0.12605042016806722,7.933333333333334
M17,MedPerturb,M17:usmle_derm_1954:gender_removal,usmle_derm_1954,False,True,3570,450,0.12605042016806722,7.933333333333334
M17,MedPerturb,M17:usmle_derm_1954:gender_swap,usmle_derm_1954,False,True,3570,450,0.12605042016806722,7.933333333333334
M17,MedPerturb,M17:usmle_derm_195:gender_swap,usmle_derm_195,False,True,3570,450,0.12605042016806722,7.933333333333334
M17,MedPerturb,M17:usmle_derm_1961:gender_removal,usmle_derm_1961,False,True,3570,450,0.12605042016806722,7.933333333333334
M17,MedPerturb,M17:usmle_derm_1963:gender_removal,usmle_derm_1963,False,True,3570,450,0.12605042016806722,7.933333333333334
M17,MedPerturb,M17:usmle_derm_1973:gender_swap,usmle_derm_1973,False,True,3570,450,0.12605042016806722,7.933333333333334
M17,MedPerturb,M17:usmle_derm_1974:gender_swap,usmle_derm_1974,False,True,3570,450,0.12605042016806722,7.933333333333334
M17,MedPerturb,M17:usmle_derm_1978:gender_swap,usmle_derm_1978,False,True,3570,450,0.12605042016806722,7.933333333333334
M17,MedPerturb,M17:usmle_derm_1985:gender_removal,usmle_derm_1985,False,True,3570,450,0.12605042016806722,7.933333333333334
M17,MedPerturb,M17:usmle_derm_198:gender_swap,usmle_derm_198,False,True,3570,450,0.12605042016806722,7.933333333333334
M17,MedPerturb,M17:usmle_derm_1992:gender_removal,usmle_derm_1992,False,True,3570,450,0.12605042016806722,7.933333333333334
M17,MedPerturb,M17:usmle_derm_1993:gender_swap,usmle_derm_1993,False,True,3570,450,0.12605042016806722,7.933333333333334
M17,MedPerturb,M17:usmle_derm_1995:gender_swap,usmle_derm_1995,False,True,3570,450,0.12605042016806722,7.933333333333334
M17,MedPerturb,M17:usmle_derm_1996:gender_swap,usmle_derm_1996,False,True,3570,450,0.12605042016806722,7.933333333333334
M17,MedPerturb,M17:usmle_derm_1999:gender_swap,usmle_derm_1999,False,True,3570,450,0.12605042016806722,7.933333333333334
M17,MedPerturb,M17:usmle_derm_2000:gender_swap,usmle_derm_2000,False,True,3570,450,0.12605042016806722,7.933333333333334
M17,MedPerturb,M17:usmle_derm_2001:gender_swap,usmle_derm_2001,False,True,3570,450,0.12605042016806722,7.933333333333334
M17,MedPerturb,M17:usmle_derm_2002:gender_removal,usmle_derm_2002,False,True,3570,450,0.12605042016806722,7.933333333333334
M17,MedPerturb,M17:usmle_derm_201:gender_swap,usmle_derm_201,False,True,3570,450,0.12605042016806722,7.933333333333334
M17,MedPerturb,M17:usmle_derm_202:gender_removal,usmle_derm_202,False,True,3570,450,0.12605042016806722,7.933333333333334
M17,MedPerturb,M17:usmle_derm_209:gender_swap,usmle_derm_209,False,True,3570,450,0.12605042016806722,7.933333333333334
M17,MedPerturb,M17:usmle_derm_231:gender_swap,usmle_derm_231,False,True,3570,450,0.12605042016806722,7.933333333333334
M17,MedPerturb,M17:usmle_derm_235:gender_removal,usmle_derm_235,False,True,3570,450,0.12605042016806722,7.933333333333334
M17,MedPerturb,M17:usmle_derm_238:gender_removal,usmle_derm_238,False,True,3570,450,0.12605042016806722,7.933333333333334
M17,MedPerturb,M17:usmle_derm_238:gender_swap,usmle_derm_238,False,True,3570,450,0.12605042016806722,7.933333333333334
M17,MedPerturb,M17:usmle_derm_241:gender_swap,usmle_derm_241,False,True,3570,450,0.12605042016806722,7.933333333333334
M17,MedPerturb,M17:usmle_derm_242:gender_removal,usmle_derm_242,False,True,3570,450,0.12605042016806722,7.933333333333334
M17,MedPerturb,M17:usmle_derm_244:gender_swap,usmle_derm_244,False,True,3570,450,0.12605042016806722,7.933333333333334
M17,MedPerturb,M17:usmle_derm_245:gender_removal,usmle_derm_245,False,True,3570,450,0.12605042016806722,7.933333333333334
M17,MedPerturb,M17:usmle_derm_246:gender_swap,usmle_derm_246,False,True,3570,450,0.12605042016806722,7.933333333333334
M17,MedPerturb,M17:usmle_derm_24:gender_swap,usmle_derm_24,False,True,3570,450,0.12605042016806722,7.933333333333334
M17,MedPerturb,M17:usmle_derm_25:gender_swap,usmle_derm_25,False,True,3570,450,0.12605042016806722,7.933333333333334
M17,MedPerturb,M17:usmle_derm_261:gender_swap,usmle_derm_261,False,True,3570,450,0.12605042016806722,7.933333333333334
M17,MedPerturb,M17:usmle_derm_263:gender_removal,usmle_derm_263,False,True,3570,450,0.12605042016806722,7.933333333333334
M17,MedPerturb,M17:usmle_derm_264:gender_swap,usmle_derm_264,False,True,3570,450,0.12605042016806722,7.933333333333334
M17,MedPerturb,M17:usmle_derm_267:gender_swap,usmle_derm_267,False,True,3570,450,0.12605042016806722,7.933333333333334
M17,MedPerturb,M17:usmle_derm_273:gender_swap,usmle_derm_273,False,True,3570,450,0.12605042016806722,7.933333333333334
M17,MedPerturb,M17:usmle_derm_275:gender_swap,usmle_derm_275,False,True,3570,450,0.12605042016806722,7.933333333333334
M17,MedPerturb,M17:usmle_derm_279:gender_removal,usmle_derm_279,False,True,3570,450,0.12605042016806722,7.933333333333334
M17,MedPerturb,M17:usmle_derm_279:gender_swap,usmle_derm_279,False,True,3570,450,0.12605042016806722,7.933333333333334
M17,MedPerturb,M17:usmle_derm_28:gender_swap,usmle_derm_28,False,True,3570,450,0.12605042016806722,7.933333333333334
M17,MedPerturb,M17:usmle_derm_292:gender_removal,usmle_derm_292,False,True,3570,450,0.12605042016806722,7.933333333333334
M17,MedPerturb,M17:usmle_derm_296:gender_removal,usmle_derm_296,False,True,3570,450,0.12605042016806722,7.933333333333334
M17,MedPerturb,M17:usmle_derm_300:gender_removal,usmle_derm_300,False,True,3570,450,0.12605042016806722,7.933333333333334
M17,MedPerturb,M17:usmle_derm_300:gender_swap,usmle_derm_300,False,True,3570,450,0.12605042016806722,7.933333333333334
M17,MedPerturb,M17:usmle_derm_306:gender_removal,usmle_derm_306,False,True,3570,450,0.12605042016806722,7.933333333333334
M17,MedPerturb,M17:usmle_derm_312:gender_removal,usmle_derm_312,False,True,3570,450,0.12605042016806722,7.933333333333334
M17,MedPerturb,M17:usmle_derm_312:gender_swap,usmle_derm_312,False,True,3570,450,0.12605042016806722,7.933333333333334
M17,MedPerturb,M17:usmle_derm_321:gender_swap,usmle_derm_321,False,True,3570,450,0.12605042016806722,7.933333333333334
M17,MedPerturb,M17:usmle_derm_322:gender_swap,usmle_derm_322,False,True,3570,450,0.12605042016806722,7.933333333333334
M17,MedPerturb,M17:usmle_derm_323:gender_swap,usmle_derm_323,False,True,3570,450,0.12605042016806722,7.933333333333334
M17,MedPerturb,M17:usmle_derm_327:gender_removal,usmle_derm_327,False,True,3570,450,0.12605042016806722,7.933333333333334
M17,MedPerturb,M17:usmle_derm_327:gender_swap,usmle_derm_327,False,True,3570,450,0.12605042016806722,7.933333333333334
M17,MedPerturb,M17:usmle_derm_32:gender_swap,usmle_derm_32,False,True,3570,450,0.12605042016806722,7.933333333333334
M17,MedPerturb,M17:usmle_derm_331:gender_swap,usmle_derm_331,False,True,3570,450,0.12605042016806722,7.933333333333334
M17,MedPerturb,M17:usmle_derm_336:gender_removal,usmle_derm_336,False,True,3570,450,0.12605042016806722,7.933333333333334
M17,MedPerturb,M17:usmle_derm_338:gender_removal,usmle_derm_338,False,True,3570,450,0.12605042016806722,7.933333333333334
M17,MedPerturb,M17:usmle_derm_339:gender_removal,usmle_derm_339,False,True,3570,450,0.12605042016806722,7.933333333333334
M17,MedPerturb,M17:usmle_derm_366:gender_removal,usmle_derm_366,False,True,3570,450,0.12605042016806722,7.933333333333334
M17,MedPerturb,M17:usmle_derm_373:gender_swap,usmle_derm_373,False,True,3570,450,0.12605042016806722,7.933333333333334
M17,MedPerturb,M17:usmle_derm_394:gender_swap,usmle_derm_394,False,True,3570,450,0.12605042016806722,7.933333333333334
M17,MedPerturb,M17:usmle_derm_395:gender_removal,usmle_derm_395,False,True,3570,450,0.12605042016806722,7.933333333333334
M17,MedPerturb,M17:usmle_derm_398:gender_swap,usmle_derm_398,False,True,3570,450,0.12605042016806722,7.933333333333334
M17,MedPerturb,M17:usmle_derm_405:gender_swap,usmle_derm_405,False,True,3570,450,0.12605042016806722,7.933333333333334
M17,MedPerturb,M17:usmle_derm_414:gender_removal,usmle_derm_414,False,True,3570,450,0.12605042016806722,7.933333333333334
M17,MedPerturb,M17:usmle_derm_41:gender_removal,usmle_derm_41,False,True,3570,450,0.12605042016806722,7.933333333333334
M17,MedPerturb,M17:usmle_derm_423:gender_removal,usmle_derm_423,False,True,3570,450,0.12605042016806722,7.933333333333334
M17,MedPerturb,M17:usmle_derm_424:gender_removal,usmle_derm_424,False,True,3570,450,0.12605042016806722,7.933333333333334
M17,MedPerturb,M17:usmle_derm_424:gender_swap,usmle_derm_424,False,True,3570,450,0.12605042016806722,7.933333333333334
M17,MedPerturb,M17:usmle_derm_425:gender_swap,usmle_derm_425,False,True,3570,450,0.12605042016806722,7.933333333333334
M17,MedPerturb,M17:usmle_derm_42:gender_removal,usmle_derm_42,False,True,3570,450,0.12605042016806722,7.933333333333334
M17,MedPerturb,M17:usmle_derm_42:gender_swap,usmle_derm_42,False,True,3570,450,0.12605042016806722,7.933333333333334
M17,MedPerturb,M17:usmle_derm_436:gender_swap,usmle_derm_436,False,True,3570,450,0.12605042016806722,7.933333333333334
M17,MedPerturb,M17:usmle_derm_437:gender_swap,usmle_derm_437,False,True,3570,450,0.12605042016806722,7.933333333333334
M17,MedPerturb,M17:usmle_derm_43:gender_removal,usmle_derm_43,False,True,3570,450,0.12605042016806722,7.933333333333334
M17,MedPerturb,M17:usmle_derm_440:gender_removal,usmle_derm_440,False,True,3570,450,0.12605042016806722,7.933333333333334
M17,MedPerturb,M17:usmle_derm_452:gender_removal,usmle_derm_452,False,True,3570,450,0.12605042016806722,7.933333333333334
M17,MedPerturb,M17:usmle_derm_453:gender_removal,usmle_derm_453,False,True,3570,450,0.12605042016806722,7.933333333333334
M17,MedPerturb,M17:usmle_derm_459:gender_removal,usmle_derm_459,False,True,3570,450,0.12605042016806722,7.933333333333334
M17,MedPerturb,M17:usmle_derm_45:gender_removal,usmle_derm_45,False,True,3570,450,0.12605042016806722,7.933333333333334
M17,MedPerturb,M17:usmle_derm_468:gender_removal,usmle_derm_468,False,True,3570,450,0.12605042016806722,7.933333333333334
M17,MedPerturb,M17:usmle_derm_480:gender_removal,usmle_derm_480,False,True,3570,450,0.12605042016806722,7.933333333333334
M17,MedPerturb,M17:usmle_derm_482:gender_removal,usmle_derm_482,False,True,3570,450,0.12605042016806722,7.933333333333334
M17,MedPerturb,M17:usmle_derm_493:gender_swap,usmle_derm_493,False,True,3570,450,0.12605042016806722,7.933333333333334
M17,MedPerturb,M17:usmle_derm_496:gender_removal,usmle_derm_496,False,True,3570,450,0.12605042016806722,7.933333333333334
M17,MedPerturb,M17:usmle_derm_499:gender_swap,usmle_derm_499,False,True,3570,450,0.12605042016806722,7.933333333333334
M17,MedPerturb,M17:usmle_derm_502:gender_removal,usmle_derm_502,False,True,3570,450,0.12605042016806722,7.933333333333334
M17,MedPerturb,M17:usmle_derm_509:gender_removal,usmle_derm_509,False,True,3570,450,0.12605042016806722,7.933333333333334
M17,MedPerturb,M17:usmle_derm_50:gender_swap,usmle_derm_50,False,True,3570,450,0.12605042016806722,7.933333333333334
M17,MedPerturb,M17:usmle_derm_511:gender_removal,usmle_derm_511,False,True,3570,450,0.12605042016806722,7.933333333333334
M17,MedPerturb,M17:usmle_derm_521:gender_removal,usmle_derm_521,False,True,3570,450,0.12605042016806722,7.933333333333334
M17,MedPerturb,M17:usmle_derm_548:gender_removal,usmle_derm_548,False,True,3570,450,0.12605042016806722,7.933333333333334
M17,MedPerturb,M17:usmle_derm_549:gender_removal,usmle_derm_549,False,True,3570,450,0.12605042016806722,7.933333333333334
M17,MedPerturb,M17:usmle_derm_554:gender_removal,usmle_derm_554,False,True,3570,450,0.12605042016806722,7.933333333333334
M17,MedPerturb,M17:usmle_derm_555:gender_removal,usmle_derm_555,False,True,3570,450,0.12605042016806722,7.933333333333334
M17,MedPerturb,M17:usmle_derm_559:gender_removal,usmle_derm_559,False,True,3570,450,0.12605042016806722,7.933333333333334
M17,MedPerturb,M17:usmle_derm_562:gender_removal,usmle_derm_562,False,True,3570,450,0.12605042016806722,7.933333333333334
M17,MedPerturb,M17:usmle_derm_571:gender_swap,usmle_derm_571,False,True,3570,450,0.12605042016806722,7.933333333333334
M17,MedPerturb,M17:usmle_derm_5:gender_swap,usmle_derm_5,False,True,3570,450,0.12605042016806722,7.933333333333334
M17,MedPerturb,M17:usmle_derm_600:gender_removal,usmle_derm_600,False,True,3570,450,0.12605042016806722,7.933333333333334
M17,MedPerturb,M17:usmle_derm_604:gender_removal,usmle_derm_604,False,True,3570,450,0.12605042016806722,7.933333333333334
M17,MedPerturb,M17:usmle_derm_608:gender_swap,usmle_derm_608,False,True,3570,450,0.12605042016806722,7.933333333333334
M17,MedPerturb,M17:usmle_derm_610:gender_swap,usmle_derm_610,False,True,3570,450,0.12605042016806722,7.933333333333334
M17,MedPerturb,M17:usmle_derm_614:gender_removal,usmle_derm_614,False,True,3570,450,0.12605042016806722,7.933333333333334
M17,MedPerturb,M17:usmle_derm_618:gender_removal,usmle_derm_618,False,True,3570,450,0.12605042016806722,7.933333333333334
M17,MedPerturb,M17:usmle_derm_620:gender_swap,usmle_derm_620,False,True,3570,450,0.12605042016806722,7.933333333333334
M17,MedPerturb,M17:usmle_derm_628:gender_removal,usmle_derm_628,False,True,3570,450,0.12605042016806722,7.933333333333334
M17,MedPerturb,M17:usmle_derm_628:gender_swap,usmle_derm_628,False,True,3570,450,0.12605042016806722,7.933333333333334
M17,MedPerturb,M17:usmle_derm_641:gender_removal,usmle_derm_641,False,True,3570,450,0.12605042016806722,7.933333333333334
M17,MedPerturb,M17:usmle_derm_644:gender_removal,usmle_derm_644,False,True,3570,450,0.12605042016806722,7.933333333333334
M17,MedPerturb,M17:usmle_derm_649:gender_swap,usmle_derm_649,False,True,3570,450,0.12605042016806722,7.933333333333334
M17,MedPerturb,M17:usmle_derm_65:gender_removal,usmle_derm_65,False,True,3570,450,0.12605042016806722,7.933333333333334
M17,MedPerturb,M17:usmle_derm_663:gender_removal,usmle_derm_663,False,True,3570,450,0.12605042016806722,7.933333333333334
M17,MedPerturb,M17:usmle_derm_665:gender_removal,usmle_derm_665,False,True,3570,450,0.12605042016806722,7.933333333333334
M17,MedPerturb,M17:usmle_derm_665:gender_swap,usmle_derm_665,False,True,3570,450,0.12605042016806722,7.933333333333334
M17,MedPerturb,M17:usmle_derm_66:gender_removal,usmle_derm_66,False,True,3570,450,0.12605042016806722,7.933333333333334
M17,MedPerturb,M17:usmle_derm_66:gender_swap,usmle_derm_66,False,True,3570,450,0.12605042016806722,7.933333333333334
M17,MedPerturb,M17:usmle_derm_671:gender_removal,usmle_derm_671,False,True,3570,450,0.12605042016806722,7.933333333333334
M17,MedPerturb,M17:usmle_derm_672:gender_swap,usmle_derm_672,False,True,3570,450,0.12605042016806722,7.933333333333334
M17,MedPerturb,M17:usmle_derm_677:gender_swap,usmle_derm_677,False,True,3570,450,0.12605042016806722,7.933333333333334
M17,MedPerturb,M17:usmle_derm_683:gender_swap,usmle_derm_683,False,True,3570,450,0.12605042016806722,7.933333333333334
M17,MedPerturb,M17:usmle_derm_684:gender_swap,usmle_derm_684,False,True,3570,450,0.12605042016806722,7.933333333333334
M17,MedPerturb,M17:usmle_derm_692:gender_swap,usmle_derm_692,False,True,3570,450,0.12605042016806722,7.933333333333334
M17,MedPerturb,M17:usmle_derm_695:gender_swap,usmle_derm_695,False,True,3570,450,0.12605042016806722,7.933333333333334
M17,MedPerturb,M17:usmle_derm_696:gender_swap,usmle_derm_696,False,True,3570,450,0.12605042016806722,7.933333333333334
M17,MedPerturb,M17:usmle_derm_702:gender_swap,usmle_derm_702,False,True,3570,450,0.12605042016806722,7.933333333333334
M17,MedPerturb,M17:usmle_derm_707:gender_removal,usmle_derm_707,False,True,3570,450,0.12605042016806722,7.933333333333334
M17,MedPerturb,M17:usmle_derm_711:gender_removal,usmle_derm_711,False,True,3570,450,0.12605042016806722,7.933333333333334
M17,MedPerturb,M17:usmle_derm_711:gender_swap,usmle_derm_711,False,True,3570,450,0.12605042016806722,7.933333333333334
M17,MedPerturb,M17:usmle_derm_714:gender_swap,usmle_derm_714,False,True,3570,450,0.12605042016806722,7.933333333333334
M17,MedPerturb,M17:usmle_derm_716:gender_swap,usmle_derm_716,False,True,3570,450,0.12605042016806722,7.933333333333334
M17,MedPerturb,M17:usmle_derm_720:gender_removal,usmle_derm_720,False,True,3570,450,0.12605042016806722,7.933333333333334
M17,MedPerturb,M17:usmle_derm_723:gender_swap,usmle_derm_723,False,True,3570,450,0.12605042016806722,7.933333333333334
M17,MedPerturb,M17:usmle_derm_729:gender_swap,usmle_derm_729,False,True,3570,450,0.12605042016806722,7.933333333333334
M17,MedPerturb,M17:usmle_derm_731:gender_removal,usmle_derm_731,False,True,3570,450,0.12605042016806722,7.933333333333334
M17,MedPerturb,M17:usmle_derm_73:gender_removal,usmle_derm_73,False,True,3570,450,0.12605042016806722,7.933333333333334
M17,MedPerturb,M17:usmle_derm_746:gender_swap,usmle_derm_746,False,True,3570,450,0.12605042016806722,7.933333333333334
M17,MedPerturb,M17:usmle_derm_747:gender_swap,usmle_derm_747,False,True,3570,450,0.12605042016806722,7.933333333333334
M17,MedPerturb,M17:usmle_derm_752:gender_removal,usmle_derm_752,False,True,3570,450,0.12605042016806722,7.933333333333334
M17,MedPerturb,M17:usmle_derm_754:gender_swap,usmle_derm_754,False,True,3570,450,0.12605042016806722,7.933333333333334
M17,MedPerturb,M17:usmle_derm_758:gender_removal,usmle_derm_758,False,True,3570,450,0.12605042016806722,7.933333333333334
M17,MedPerturb,M17:usmle_derm_759:gender_removal,usmle_derm_759,False,True,3570,450,0.12605042016806722,7.933333333333334
M17,MedPerturb,M17:usmle_derm_759:gender_swap,usmle_derm_759,False,True,3570,450,0.12605042016806722,7.933333333333334
M17,MedPerturb,M17:usmle_derm_761:gender_removal,usmle_derm_761,False,True,3570,450,0.12605042016806722,7.933333333333334
M17,MedPerturb,M17:usmle_derm_762:gender_removal,usmle_derm_762,False,True,3570,450,0.12605042016806722,7.933333333333334
M17,MedPerturb,M17:usmle_derm_77:gender_removal,usmle_derm_77,False,True,3570,450,0.12605042016806722,7.933333333333334
M17,MedPerturb,M17:usmle_derm_786:gender_removal,usmle_derm_786,False,True,3570,450,0.12605042016806722,7.933333333333334
M17,MedPerturb,M17:usmle_derm_78:gender_removal,usmle_derm_78,False,True,3570,450,0.12605042016806722,7.933333333333334
M17,MedPerturb,M17:usmle_derm_793:gender_removal,usmle_derm_793,False,True,3570,450,0.12605042016806722,7.933333333333334
M17,MedPerturb,M17:usmle_derm_795:gender_swap,usmle_derm_795,False,True,3570,450,0.12605042016806722,7.933333333333334
M17,MedPerturb,M17:usmle_derm_7:gender_swap,usmle_derm_7,False,True,3570,450,0.12605042016806722,7.933333333333334
M17,MedPerturb,M17:usmle_derm_802:gender_removal,usmle_derm_802,False,True,3570,450,0.12605042016806722,7.933333333333334
M17,MedPerturb,M17:usmle_derm_806:gender_removal,usmle_derm_806,False,True,3570,450,0.12605042016806722,7.933333333333334
M17,MedPerturb,M17:usmle_derm_80:gender_swap,usmle_derm_80,False,True,3570,450,0.12605042016806722,7.933333333333334
M17,MedPerturb,M17:usmle_derm_825:gender_removal,usmle_derm_825,False,True,3570,450,0.12605042016806722,7.933333333333334
M17,MedPerturb,M17:usmle_derm_825:gender_swap,usmle_derm_825,False,True,3570,450,0.12605042016806722,7.933333333333334
M17,MedPerturb,M17:usmle_derm_828:gender_swap,usmle_derm_828,False,True,3570,450,0.12605042016806722,7.933333333333334
M17,MedPerturb,M17:usmle_derm_82:gender_removal,usmle_derm_82,False,True,3570,450,0.12605042016806722,7.933333333333334
M17,MedPerturb,M17:usmle_derm_835:gender_swap,usmle_derm_835,False,True,3570,450,0.12605042016806722,7.933333333333334
M17,MedPerturb,M17:usmle_derm_840:gender_removal,usmle_derm_840,False,True,3570,450,0.12605042016806722,7.933333333333334
M17,MedPerturb,M17:usmle_derm_849:gender_removal,usmle_derm_849,False,True,3570,450,0.12605042016806722,7.933333333333334
M17,MedPerturb,M17:usmle_derm_859:gender_swap,usmle_derm_859,False,True,3570,450,0.12605042016806722,7.933333333333334
M17,MedPerturb,M17:usmle_derm_86:gender_removal,usmle_derm_86,False,True,3570,450,0.12605042016806722,7.933333333333334
M17,MedPerturb,M17:usmle_derm_87:gender_swap,usmle_derm_87,False,True,3570,450,0.12605042016806722,7.933333333333334
M17,MedPerturb,M17:usmle_derm_884:gender_swap,usmle_derm_884,False,True,3570,450,0.12605042016806722,7.933333333333334
M17,MedPerturb,M17:usmle_derm_889:gender_swap,usmle_derm_889,False,True,3570,450,0.12605042016806722,7.933333333333334
M17,MedPerturb,M17:usmle_derm_892:gender_swap,usmle_derm_892,False,True,3570,450,0.12605042016806722,7.933333333333334
M17,MedPerturb,M17:usmle_derm_894:gender_swap,usmle_derm_894,False,True,3570,450,0.12605042016806722,7.933333333333334
M17,MedPerturb,M17:usmle_derm_895:gender_removal,usmle_derm_895,False,True,3570,450,0.12605042016806722,7.933333333333334
M17,MedPerturb,M17:usmle_derm_899:gender_swap,usmle_derm_899,False,True,3570,450,0.12605042016806722,7.933333333333334
M17,MedPerturb,M17:usmle_derm_901:gender_removal,usmle_derm_901,False,True,3570,450,0.12605042016806722,7.933333333333334
M17,MedPerturb,M17:usmle_derm_902:gender_swap,usmle_derm_902,False,True,3570,450,0.12605042016806722,7.933333333333334
M17,MedPerturb,M17:usmle_derm_915:gender_removal,usmle_derm_915,False,True,3570,450,0.12605042016806722,7.933333333333334
M17,MedPerturb,M17:usmle_derm_919:gender_removal,usmle_derm_919,False,True,3570,450,0.12605042016806722,7.933333333333334
M17,MedPerturb,M17:usmle_derm_932:gender_removal,usmle_derm_932,False,True,3570,450,0.12605042016806722,7.933333333333334
M17,MedPerturb,M17:usmle_derm_938:gender_swap,usmle_derm_938,False,True,3570,450,0.12605042016806722,7.933333333333334
M17,MedPerturb,M17:usmle_derm_942:gender_removal,usmle_derm_942,False,True,3570,450,0.12605042016806722,7.933333333333334
M17,MedPerturb,M17:usmle_derm_946:gender_removal,usmle_derm_946,False,True,3570,450,0.12605042016806722,7.933333333333334
M17,MedPerturb,M17:usmle_derm_95:gender_removal,usmle_derm_95,False,True,3570,450,0.12605042016806722,7.933333333333334
M17,MedPerturb,M17:usmle_derm_960:gender_swap,usmle_derm_960,False,True,3570,450,0.12605042016806722,7.933333333333334
M17,MedPerturb,M17:usmle_derm_972:gender_removal,usmle_derm_972,False,True,3570,450,0.12605042016806722,7.933333333333334
M17,MedPerturb,M17:usmle_derm_973:gender_swap,usmle_derm_973,False,True,3570,450,0.12605042016806722,7.933333333333334
M17,MedPerturb,M17:usmle_derm_974:gender_removal,usmle_derm_974,False,True,3570,450,0.12605042016806722,7.933333333333334
M17,MedPerturb,M17:usmle_derm_97:gender_removal,usmle_derm_97,False,True,3570,450,0.12605042016806722,7.933333333333334
M17,MedPerturb,M17:usmle_derm_982:gender_removal,usmle_derm_982,False,True,3570,450,0.12605042016806722,7.933333333333334
M17,MedPerturb,M17:usmle_derm_982:gender_swap,usmle_derm_982,False,True,3570,450,0.12605042016806722,7.933333333333334
M17,MedPerturb,M17:usmle_derm_988:gender_removal,usmle_derm_988,False,True,3570,450,0.12605042016806722,7.933333333333334
M17,MedPerturb,M17:usmle_derm_991:gender_swap,usmle_derm_991,False,True,3570,450,0.12605042016806722,7.933333333333334
M20,MedCounterFact,M20:0:variant_1,0,True,True,703,450,0.6401137980085349,1.5622222222222222
M20,MedCounterFact,M20:0:variant_3,0,True,True,703,450,0.6401137980085349,1.5622222222222222
M20,MedCounterFact,M20:100:variant_1,100,True,True,703,450,0.6401137980085349,1.5622222222222222
M20,MedCounterFact,M20:100:variant_2,100,True,True,703,450,0.6401137980085349,1.5622222222222222
M20,MedCounterFact,M20:100:variant_3,100,True,True,703,450,0.6401137980085349,1.5622222222222222
M20,MedCounterFact,M20:101:variant_2,101,True,True,703,450,0.6401137980085349,1.5622222222222222
M20,MedCounterFact,M20:103:variant_1,103,True,True,703,450,0.6401137980085349,1.5622222222222222
M20,MedCounterFact,M20:103:variant_2,103,True,True,703,450,0.6401137980085349,1.5622222222222222
M20,MedCounterFact,M20:103:variant_3,103,True,True,703,450,0.6401137980085349,1.5622222222222222
M20,MedCounterFact,M20:105:variant_1,105,True,True,703,450,0.6401137980085349,1.5622222222222222
M20,MedCounterFact,M20:106:variant_1,106,True,True,703,450,0.6401137980085349,1.5622222222222222
M20,MedCounterFact,M20:106:variant_2,106,True,True,703,450,0.6401137980085349,1.5622222222222222
M20,MedCounterFact,M20:106:variant_3,106,True,True,703,450,0.6401137980085349,1.5622222222222222
M20,MedCounterFact,M20:106:variant_4,106,True,True,703,450,0.6401137980085349,1.5622222222222222
M20,MedCounterFact,M20:107:variant_4,107,True,True,703,450,0.6401137980085349,1.5622222222222222
M20,MedCounterFact,M20:108:variant_1,108,True,True,703,450,0.6401137980085349,1.5622222222222222
M20,MedCounterFact,M20:108:variant_2,108,True,True,703,450,0.6401137980085349,1.5622222222222222
M20,MedCounterFact,M20:108:variant_3,108,True,True,703,450,0.6401137980085349,1.5622222222222222
M20,MedCounterFact,M20:109:variant_4,109,True,True,703,450,0.6401137980085349,1.5622222222222222
M20,MedCounterFact,M20:10:variant_1,10,True,True,703,450,0.6401137980085349,1.5622222222222222
M20,MedCounterFact,M20:10:variant_2,10,True,True,703,450,0.6401137980085349,1.5622222222222222
M20,MedCounterFact,M20:10:variant_4,10,True,True,703,450,0.6401137980085349,1.5622222222222222
M20,MedCounterFact,M20:110:variant_1,110,True,True,703,450,0.6401137980085349,1.5622222222222222
M20,MedCounterFact,M20:110:variant_2,110,True,True,703,450,0.6401137980085349,1.5622222222222222
M20,MedCounterFact,M20:110:variant_4,110,True,True,703,450,0.6401137980085349,1.5622222222222222
M20,MedCounterFact,M20:111:variant_1,111,True,True,703,450,0.6401137980085349,1.5622222222222222
M20,MedCounterFact,M20:111:variant_2,111,True,True,703,450,0.6401137980085349,1.5622222222222222
M20,MedCounterFact,M20:111:variant_4,111,True,True,703,450,0.6401137980085349,1.5622222222222222
M20,MedCounterFact,M20:112:variant_1,112,True,True,703,450,0.6401137980085349,1.5622222222222222
M20,MedCounterFact,M20:112:variant_3,112,True,True,703,450,0.6401137980085349,1.5622222222222222
M20,MedCounterFact,M20:112:variant_4,112,True,True,703,450,0.6401137980085349,1.5622222222222222
M20,MedCounterFact,M20:113:variant_1,113,True,True,703,450,0.6401137980085349,1.5622222222222222
M20,MedCounterFact,M20:114:variant_3,114,True,True,703,450,0.6401137980085349,1.5622222222222222
M20,MedCounterFact,M20:115:variant_3,115,True,True,703,450,0.6401137980085349,1.5622222222222222
M20,MedCounterFact,M20:117:variant_1,117,True,True,703,450,0.6401137980085349,1.5622222222222222
M20,MedCounterFact,M20:118:variant_2,118,True,True,703,450,0.6401137980085349,1.5622222222222222
M20,MedCounterFact,M20:118:variant_4,118,True,True,703,450,0.6401137980085349,1.5622222222222222
M20,MedCounterFact,M20:119:variant_2,119,True,True,703,450,0.6401137980085349,1.5622222222222222
M20,MedCounterFact,M20:119:variant_3,119,True,True,703,450,0.6401137980085349,1.5622222222222222
M20,MedCounterFact,M20:11:variant_4,11,True,True,703,450,0.6401137980085349,1.5622222222222222
M20,MedCounterFact,M20:120:variant_4,120,True,True,703,450,0.6401137980085349,1.5622222222222222
M20,MedCounterFact,M20:121:variant_1,121,True,True,703,450,0.6401137980085349,1.5622222222222222
M20,MedCounterFact,M20:121:variant_2,121,True,True,703,450,0.6401137980085349,1.5622222222222222
M20,MedCounterFact,M20:122:variant_2,122,True,True,703,450,0.6401137980085349,1.5622222222222222
M20,MedCounterFact,M20:123:variant_3,123,True,True,703,450,0.6401137980085349,1.5622222222222222
M20,MedCounterFact,M20:124:variant_1,124,True,True,703,450,0.6401137980085349,1.5622222222222222
M20,MedCounterFact,M20:124:variant_3,124,True,True,703,450,0.6401137980085349,1.5622222222222222
M20,MedCounterFact,M20:125:variant_2,125,True,True,703,450,0.6401137980085349,1.5622222222222222
M20,MedCounterFact,M20:125:variant_3,125,True,True,703,450,0.6401137980085349,1.5622222222222222
M20,MedCounterFact,M20:125:variant_4,125,True,True,703,450,0.6401137980085349,1.5622222222222222
M20,MedCounterFact,M20:126:variant_4,126,True,True,703,450,0.6401137980085349,1.5622222222222222
M20,MedCounterFact,M20:127:variant_2,127,True,True,703,450,0.6401137980085349,1.5622222222222222
M20,MedCounterFact,M20:128:variant_1,128,True,True,703,450,0.6401137980085349,1.5622222222222222
M20,MedCounterFact,M20:128:variant_3,128,True,True,703,450,0.6401137980085349,1.5622222222222222
M20,MedCounterFact,M20:128:variant_4,128,True,True,703,450,0.6401137980085349,1.5622222222222222
M20,MedCounterFact,M20:129:variant_2,129,True,True,703,450,0.6401137980085349,1.5622222222222222
M20,MedCounterFact,M20:129:variant_3,129,True,True,703,450,0.6401137980085349,1.5622222222222222
M20,MedCounterFact,M20:12:variant_1,12,True,True,703,450,0.6401137980085349,1.5622222222222222
M20,MedCounterFact,M20:12:variant_4,12,True,True,703,450,0.6401137980085349,1.5622222222222222
M20,MedCounterFact,M20:130:variant_1,130,True,True,703,450,0.6401137980085349,1.5622222222222222
M20,MedCounterFact,M20:130:variant_3,130,True,True,703,450,0.6401137980085349,1.5622222222222222
M20,MedCounterFact,M20:130:variant_4,130,True,True,703,450,0.6401137980085349,1.5622222222222222
M20,MedCounterFact,M20:132:variant_2,132,True,True,703,450,0.6401137980085349,1.5622222222222222
M20,MedCounterFact,M20:132:variant_3,132,True,True,703,450,0.6401137980085349,1.5622222222222222
M20,MedCounterFact,M20:132:variant_4,132,True,True,703,450,0.6401137980085349,1.5622222222222222
M20,MedCounterFact,M20:133:variant_1,133,True,True,703,450,0.6401137980085349,1.5622222222222222
M20,MedCounterFact,M20:133:variant_2,133,True,True,703,450,0.6401137980085349,1.5622222222222222
M20,MedCounterFact,M20:133:variant_4,133,True,True,703,450,0.6401137980085349,1.5622222222222222
M20,MedCounterFact,M20:136:variant_4,136,True,True,703,450,0.6401137980085349,1.5622222222222222
M20,MedCounterFact,M20:138:variant_1,138,True,True,703,450,0.6401137980085349,1.5622222222222222
M20,MedCounterFact,M20:138:variant_2,138,True,True,703,450,0.6401137980085349,1.5622222222222222
M20,MedCounterFact,M20:138:variant_3,138,True,True,703,450,0.6401137980085349,1.5622222222222222
M20,MedCounterFact,M20:139:variant_1,139,True,True,703,450,0.6401137980085349,1.5622222222222222
M20,MedCounterFact,M20:139:variant_2,139,True,True,703,450,0.6401137980085349,1.5622222222222222
M20,MedCounterFact,M20:139:variant_3,139,True,True,703,450,0.6401137980085349,1.5622222222222222
M20,MedCounterFact,M20:13:variant_1,13,True,True,703,450,0.6401137980085349,1.5622222222222222
M20,MedCounterFact,M20:13:variant_2,13,True,True,703,450,0.6401137980085349,1.5622222222222222
M20,MedCounterFact,M20:140:variant_2,140,True,True,703,450,0.6401137980085349,1.5622222222222222
M20,MedCounterFact,M20:140:variant_3,140,True,True,703,450,0.6401137980085349,1.5622222222222222
M20,MedCounterFact,M20:140:variant_4,140,True,True,703,450,0.6401137980085349,1.5622222222222222
M20,MedCounterFact,M20:145:variant_1,145,True,True,703,450,0.6401137980085349,1.5622222222222222
M20,MedCounterFact,M20:145:variant_2,145,True,True,703,450,0.6401137980085349,1.5622222222222222
M20,MedCounterFact,M20:145:variant_4,145,True,True,703,450,0.6401137980085349,1.5622222222222222
M20,MedCounterFact,M20:146:variant_3,146,True,True,703,450,0.6401137980085349,1.5622222222222222
M20,MedCounterFact,M20:147:variant_1,147,True,True,703,450,0.6401137980085349,1.5622222222222222
M20,MedCounterFact,M20:147:variant_3,147,True,True,703,450,0.6401137980085349,1.5622222222222222
M20,MedCounterFact,M20:148:variant_1,148,True,True,703,450,0.6401137980085349,1.5622222222222222
M20,MedCounterFact,M20:148:variant_2,148,True,True,703,450,0.6401137980085349,1.5622222222222222
M20,MedCounterFact,M20:148:variant_3,148,True,True,703,450,0.6401137980085349,1.5622222222222222
M20,MedCounterFact,M20:148:variant_4,148,True,True,703,450,0.6401137980085349,1.5622222222222222
M20,MedCounterFact,M20:149:variant_1,149,True,True,703,450,0.6401137980085349,1.5622222222222222
M20,MedCounterFact,M20:149:variant_2,149,True,True,703,450,0.6401137980085349,1.5622222222222222
M20,MedCounterFact,M20:149:variant_4,149,True,True,703,450,0.6401137980085349,1.5622222222222222
M20,MedCounterFact,M20:14:variant_1,14,True,True,703,450,0.6401137980085349,1.5622222222222222
M20,MedCounterFact,M20:14:variant_2,14,True,True,703,450,0.6401137980085349,1.5622222222222222
M20,MedCounterFact,M20:14:variant_3,14,True,True,703,450,0.6401137980085349,1.5622222222222222
M20,MedCounterFact,M20:150:variant_1,150,True,True,703,450,0.6401137980085349,1.5622222222222222
M20,MedCounterFact,M20:150:variant_2,150,True,True,703,450,0.6401137980085349,1.5622222222222222
M20,MedCounterFact,M20:150:variant_4,150,True,True,703,450,0.6401137980085349,1.5622222222222222
M20,MedCounterFact,M20:151:variant_2,151,True,True,703,450,0.6401137980085349,1.5622222222222222
M20,MedCounterFact,M20:151:variant_3,151,True,True,703,450,0.6401137980085349,1.5622222222222222
M20,MedCounterFact,M20:152:variant_1,152,True,True,703,450,0.6401137980085349,1.5622222222222222
M20,MedCounterFact,M20:152:variant_2,152,True,True,703,450,0.6401137980085349,1.5622222222222222
M20,MedCounterFact,M20:152:variant_3,152,True,True,703,450,0.6401137980085349,1.5622222222222222
M20,MedCounterFact,M20:153:variant_2,153,True,True,703,450,0.6401137980085349,1.5622222222222222
M20,MedCounterFact,M20:153:variant_3,153,True,True,703,450,0.6401137980085349,1.5622222222222222
M20,MedCounterFact,M20:154:variant_2,154,True,True,703,450,0.6401137980085349,1.5622222222222222
M20,MedCounterFact,M20:155:variant_1,155,True,True,703,450,0.6401137980085349,1.5622222222222222
M20,MedCounterFact,M20:155:variant_2,155,True,True,703,450,0.6401137980085349,1.5622222222222222
M20,MedCounterFact,M20:155:variant_4,155,True,True,703,450,0.6401137980085349,1.5622222222222222
M20,MedCounterFact,M20:157:variant_1,157,True,True,703,450,0.6401137980085349,1.5622222222222222
M20,MedCounterFact,M20:157:variant_4,157,True,True,703,450,0.6401137980085349,1.5622222222222222
M20,MedCounterFact,M20:158:variant_1,158,True,True,703,450,0.6401137980085349,1.5622222222222222
M20,MedCounterFact,M20:158:variant_2,158,True,True,703,450,0.6401137980085349,1.5622222222222222
M20,MedCounterFact,M20:158:variant_3,158,True,True,703,450,0.6401137980085349,1.5622222222222222
M20,MedCounterFact,M20:158:variant_4,158,True,True,703,450,0.6401137980085349,1.5622222222222222
M20,MedCounterFact,M20:15:variant_2,15,True,True,703,450,0.6401137980085349,1.5622222222222222
M20,MedCounterFact,M20:15:variant_3,15,True,True,703,450,0.6401137980085349,1.5622222222222222
M20,MedCounterFact,M20:15:variant_4,15,True,True,703,450,0.6401137980085349,1.5622222222222222
M20,MedCounterFact,M20:160:variant_1,160,True,True,703,450,0.6401137980085349,1.5622222222222222
M20,MedCounterFact,M20:160:variant_2,160,True,True,703,450,0.6401137980085349,1.5622222222222222
M20,MedCounterFact,M20:160:variant_3,160,True,True,703,450,0.6401137980085349,1.5622222222222222
M20,MedCounterFact,M20:161:variant_1,161,True,True,703,450,0.6401137980085349,1.5622222222222222
M20,MedCounterFact,M20:161:variant_2,161,True,True,703,450,0.6401137980085349,1.5622222222222222
M20,MedCounterFact,M20:161:variant_3,161,True,True,703,450,0.6401137980085349,1.5622222222222222
M20,MedCounterFact,M20:161:variant_4,161,True,True,703,450,0.6401137980085349,1.5622222222222222
M20,MedCounterFact,M20:162:variant_3,162,True,True,703,450,0.6401137980085349,1.5622222222222222
M20,MedCounterFact,M20:163:variant_1,163,True,True,703,450,0.6401137980085349,1.5622222222222222
M20,MedCounterFact,M20:163:variant_3,163,True,True,703,450,0.6401137980085349,1.5622222222222222
M20,MedCounterFact,M20:163:variant_4,163,True,True,703,450,0.6401137980085349,1.5622222222222222
M20,MedCounterFact,M20:164:variant_1,164,True,True,703,450,0.6401137980085349,1.5622222222222222
M20,MedCounterFact,M20:164:variant_2,164,True,True,703,450,0.6401137980085349,1.5622222222222222
M20,MedCounterFact,M20:164:variant_3,164,True,True,703,450,0.6401137980085349,1.5622222222222222
M20,MedCounterFact,M20:164:variant_4,164,True,True,703,450,0.6401137980085349,1.5622222222222222
M20,MedCounterFact,M20:165:variant_2,165,True,True,703,450,0.6401137980085349,1.5622222222222222
M20,MedCounterFact,M20:165:variant_3,165,True,True,703,450,0.6401137980085349,1.5622222222222222
M20,MedCounterFact,M20:166:variant_2,166,True,True,703,450,0.6401137980085349,1.5622222222222222
M20,MedCounterFact,M20:166:variant_3,166,True,True,703,450,0.6401137980085349,1.5622222222222222
M20,MedCounterFact,M20:166:variant_4,166,True,True,703,450,0.6401137980085349,1.5622222222222222
M20,MedCounterFact,M20:167:variant_3,167,True,True,703,450,0.6401137980085349,1.5622222222222222
M20,MedCounterFact,M20:167:variant_4,167,True,True,703,450,0.6401137980085349,1.5622222222222222
M20,MedCounterFact,M20:168:variant_4,168,True,True,703,450,0.6401137980085349,1.5622222222222222
M20,MedCounterFact,M20:16:variant_1,16,True,True,703,450,0.6401137980085349,1.5622222222222222
M20,MedCounterFact,M20:16:variant_2,16,True,True,703,450,0.6401137980085349,1.5622222222222222
M20,MedCounterFact,M20:16:variant_3,16,True,True,703,450,0.6401137980085349,1.5622222222222222
M20,MedCounterFact,M20:16:variant_4,16,True,True,703,450,0.6401137980085349,1.5622222222222222
M20,MedCounterFact,M20:171:variant_3,171,True,True,703,450,0.6401137980085349,1.5622222222222222
M20,MedCounterFact,M20:171:variant_4,171,True,True,703,450,0.6401137980085349,1.5622222222222222
M20,MedCounterFact,M20:174:variant_2,174,True,True,703,450,0.6401137980085349,1.5622222222222222
M20,MedCounterFact,M20:174:variant_3,174,True,True,703,450,0.6401137980085349,1.5622222222222222
M20,MedCounterFact,M20:175:variant_1,175,True,True,703,450,0.6401137980085349,1.5622222222222222
M20,MedCounterFact,M20:175:variant_2,175,True,True,703,450,0.6401137980085349,1.5622222222222222
M20,MedCounterFact,M20:175:variant_3,175,True,True,703,450,0.6401137980085349,1.5622222222222222
M20,MedCounterFact,M20:175:variant_4,175,True,True,703,450,0.6401137980085349,1.5622222222222222
M20,MedCounterFact,M20:180:variant_1,180,True,True,703,450,0.6401137980085349,1.5622222222222222
M20,MedCounterFact,M20:180:variant_2,180,True,True,703,450,0.6401137980085349,1.5622222222222222
M20,MedCounterFact,M20:180:variant_4,180,True,True,703,450,0.6401137980085349,1.5622222222222222
M20,MedCounterFact,M20:181:variant_1,181,True,True,703,450,0.6401137980085349,1.5622222222222222
M20,MedCounterFact,M20:181:variant_3,181,True,True,703,450,0.6401137980085349,1.5622222222222222
M20,MedCounterFact,M20:184:variant_1,184,True,True,703,450,0.6401137980085349,1.5622222222222222
M20,MedCounterFact,M20:184:variant_2,184,True,True,703,450,0.6401137980085349,1.5622222222222222
M20,MedCounterFact,M20:184:variant_4,184,True,True,703,450,0.6401137980085349,1.5622222222222222
M20,MedCounterFact,M20:185:variant_1,185,True,True,703,450,0.6401137980085349,1.5622222222222222
M20,MedCounterFact,M20:185:variant_2,185,True,True,703,450,0.6401137980085349,1.5622222222222222
M20,MedCounterFact,M20:185:variant_4,185,True,True,703,450,0.6401137980085349,1.5622222222222222
M20,MedCounterFact,M20:187:variant_1,187,True,True,703,450,0.6401137980085349,1.5622222222222222
M20,MedCounterFact,M20:187:variant_2,187,True,True,703,450,0.6401137980085349,1.5622222222222222
M20,MedCounterFact,M20:187:variant_3,187,True,True,703,450,0.6401137980085349,1.5622222222222222
M20,MedCounterFact,M20:187:variant_4,187,True,True,703,450,0.6401137980085349,1.5622222222222222
M20,MedCounterFact,M20:191:variant_2,191,True,True,703,450,0.6401137980085349,1.5622222222222222
M20,MedCounterFact,M20:191:variant_4,191,True,True,703,450,0.6401137980085349,1.5622222222222222
M20,MedCounterFact,M20:192:variant_2,192,True,True,703,450,0.6401137980085349,1.5622222222222222
M20,MedCounterFact,M20:192:variant_3,192,True,True,703,450,0.6401137980085349,1.5622222222222222
M20,MedCounterFact,M20:192:variant_4,192,True,True,703,450,0.6401137980085349,1.5622222222222222
M20,MedCounterFact,M20:193:variant_1,193,True,True,703,450,0.6401137980085349,1.5622222222222222
M20,MedCounterFact,M20:193:variant_2,193,True,True,703,450,0.6401137980085349,1.5622222222222222
M20,MedCounterFact,M20:193:variant_3,193,True,True,703,450,0.6401137980085349,1.5622222222222222
M20,MedCounterFact,M20:193:variant_4,193,True,True,703,450,0.6401137980085349,1.5622222222222222
M20,MedCounterFact,M20:19:variant_2,19,True,True,703,450,0.6401137980085349,1.5622222222222222
M20,MedCounterFact,M20:19:variant_3,19,True,True,703,450,0.6401137980085349,1.5622222222222222
M20,MedCounterFact,M20:19:variant_4,19,True,True,703,450,0.6401137980085349,1.5622222222222222
M20,MedCounterFact,M20:1:variant_1,1,True,True,703,450,0.6401137980085349,1.5622222222222222
M20,MedCounterFact,M20:1:variant_2,1,True,True,703,450,0.6401137980085349,1.5622222222222222
M20,MedCounterFact,M20:1:variant_3,1,True,True,703,450,0.6401137980085349,1.5622222222222222
M20,MedCounterFact,M20:1:variant_4,1,True,True,703,450,0.6401137980085349,1.5622222222222222
M20,MedCounterFact,M20:20:variant_1,20,True,True,703,450,0.6401137980085349,1.5622222222222222
M20,MedCounterFact,M20:20:variant_2,20,True,True,703,450,0.6401137980085349,1.5622222222222222
M20,MedCounterFact,M20:20:variant_3,20,True,True,703,450,0.6401137980085349,1.5622222222222222
M20,MedCounterFact,M20:20:variant_4,20,True,True,703,450,0.6401137980085349,1.5622222222222222
M20,MedCounterFact,M20:213:variant_1,213,True,True,703,450,0.6401137980085349,1.5622222222222222
M20,MedCounterFact,M20:213:variant_2,213,True,True,703,450,0.6401137980085349,1.5622222222222222
M20,MedCounterFact,M20:213:variant_3,213,True,True,703,450,0.6401137980085349,1.5622222222222222
M20,MedCounterFact,M20:214:variant_1,214,True,True,703,450,0.6401137980085349,1.5622222222222222
M20,MedCounterFact,M20:214:variant_2,214,True,True,703,450,0.6401137980085349,1.5622222222222222
M20,MedCounterFact,M20:214:variant_3,214,True,True,703,450,0.6401137980085349,1.5622222222222222
M20,MedCounterFact,M20:217:variant_2,217,True,True,703,450,0.6401137980085349,1.5622222222222222
M20,MedCounterFact,M20:217:variant_3,217,True,True,703,450,0.6401137980085349,1.5622222222222222
M20,MedCounterFact,M20:217:variant_4,217,True,True,703,450,0.6401137980085349,1.5622222222222222
M20,MedCounterFact,M20:218:variant_1,218,True,True,703,450,0.6401137980085349,1.5622222222222222
M20,MedCounterFact,M20:218:variant_2,218,True,True,703,450,0.6401137980085349,1.5622222222222222
M20,MedCounterFact,M20:218:variant_3,218,True,True,703,450,0.6401137980085349,1.5622222222222222
M20,MedCounterFact,M20:218:variant_4,218,True,True,703,450,0.6401137980085349,1.5622222222222222
M20,MedCounterFact,M20:21:variant_2,21,True,True,703,450,0.6401137980085349,1.5622222222222222
M20,MedCounterFact,M20:21:variant_3,21,True,True,703,450,0.6401137980085349,1.5622222222222222
M20,MedCounterFact,M20:21:variant_4,21,True,True,703,450,0.6401137980085349,1.5622222222222222
M20,MedCounterFact,M20:22:variant_3,22,True,True,703,450,0.6401137980085349,1.5622222222222222
M20,MedCounterFact,M20:22:variant_4,22,True,True,703,450,0.6401137980085349,1.5622222222222222
M20,MedCounterFact,M20:237:variant_3,237,True,True,703,450,0.6401137980085349,1.5622222222222222
M20,MedCounterFact,M20:23:variant_1,23,True,True,703,450,0.6401137980085349,1.5622222222222222
M20,MedCounterFact,M20:23:variant_3,23,True,True,703,450,0.6401137980085349,1.5622222222222222
M20,MedCounterFact,M20:23:variant_4,23,True,True,703,450,0.6401137980085349,1.5622222222222222
M20,MedCounterFact,M20:249:variant_2,249,True,True,703,450,0.6401137980085349,1.5622222222222222
M20,MedCounterFact,M20:249:variant_3,249,True,True,703,450,0.6401137980085349,1.5622222222222222
M20,MedCounterFact,M20:249:variant_4,249,True,True,703,450,0.6401137980085349,1.5622222222222222
M20,MedCounterFact,M20:24:variant_1,24,True,True,703,450,0.6401137980085349,1.5622222222222222
M20,MedCounterFact,M20:24:variant_2,24,True,True,703,450,0.6401137980085349,1.5622222222222222
M20,MedCounterFact,M20:250:variant_3,250,True,True,703,450,0.6401137980085349,1.5622222222222222
M20,MedCounterFact,M20:251:variant_1,251,True,True,703,450,0.6401137980085349,1.5622222222222222
M20,MedCounterFact,M20:251:variant_2,251,True,True,703,450,0.6401137980085349,1.5622222222222222
M20,MedCounterFact,M20:251:variant_3,251,True,True,703,450,0.6401137980085349,1.5622222222222222
M20,MedCounterFact,M20:251:variant_4,251,True,True,703,450,0.6401137980085349,1.5622222222222222
M20,MedCounterFact,M20:252:variant_3,252,True,True,703,450,0.6401137980085349,1.5622222222222222
M20,MedCounterFact,M20:252:variant_4,252,True,True,703,450,0.6401137980085349,1.5622222222222222
M20,MedCounterFact,M20:253:variant_1,253,True,True,703,450,0.6401137980085349,1.5622222222222222
M20,MedCounterFact,M20:253:variant_2,253,True,True,703,450,0.6401137980085349,1.5622222222222222
M20,MedCounterFact,M20:253:variant_3,253,True,True,703,450,0.6401137980085349,1.5622222222222222
M20,MedCounterFact,M20:253:variant_4,253,True,True,703,450,0.6401137980085349,1.5622222222222222
M20,MedCounterFact,M20:255:variant_1,255,True,True,703,450,0.6401137980085349,1.5622222222222222
M20,MedCounterFact,M20:256:variant_1,256,True,True,703,450,0.6401137980085349,1.5622222222222222
M20,MedCounterFact,M20:256:variant_2,256,True,True,703,450,0.6401137980085349,1.5622222222222222
M20,MedCounterFact,M20:257:variant_1,257,True,True,703,450,0.6401137980085349,1.5622222222222222
M20,MedCounterFact,M20:257:variant_2,257,True,True,703,450,0.6401137980085349,1.5622222222222222
M20,MedCounterFact,M20:257:variant_3,257,True,True,703,450,0.6401137980085349,1.5622222222222222
M20,MedCounterFact,M20:258:variant_3,258,True,True,703,450,0.6401137980085349,1.5622222222222222
M20,MedCounterFact,M20:259:variant_2,259,True,True,703,450,0.6401137980085349,1.5622222222222222
M20,MedCounterFact,M20:259:variant_3,259,True,True,703,450,0.6401137980085349,1.5622222222222222
M20,MedCounterFact,M20:25:variant_1,25,True,True,703,450,0.6401137980085349,1.5622222222222222
M20,MedCounterFact,M20:25:variant_2,25,True,True,703,450,0.6401137980085349,1.5622222222222222
M20,MedCounterFact,M20:25:variant_3,25,True,True,703,450,0.6401137980085349,1.5622222222222222
M20,MedCounterFact,M20:25:variant_4,25,True,True,703,450,0.6401137980085349,1.5622222222222222
M20,MedCounterFact,M20:260:variant_1,260,True,True,703,450,0.6401137980085349,1.5622222222222222
M20,MedCounterFact,M20:260:variant_3,260,True,True,703,450,0.6401137980085349,1.5622222222222222
M20,MedCounterFact,M20:262:variant_1,262,True,True,703,450,0.6401137980085349,1.5622222222222222
M20,MedCounterFact,M20:262:variant_2,262,True,True,703,450,0.6401137980085349,1.5622222222222222
M20,MedCounterFact,M20:263:variant_1,263,True,True,703,450,0.6401137980085349,1.5622222222222222
M20,MedCounterFact,M20:263:variant_2,263,True,True,703,450,0.6401137980085349,1.5622222222222222
M20,MedCounterFact,M20:263:variant_3,263,True,True,703,450,0.6401137980085349,1.5622222222222222
M20,MedCounterFact,M20:263:variant_4,263,True,True,703,450,0.6401137980085349,1.5622222222222222
M20,MedCounterFact,M20:264:variant_3,264,True,True,703,450,0.6401137980085349,1.5622222222222222
M20,MedCounterFact,M20:264:variant_4,264,True,True,703,450,0.6401137980085349,1.5622222222222222
M20,MedCounterFact,M20:265:variant_1,265,True,True,703,450,0.6401137980085349,1.5622222222222222
M20,MedCounterFact,M20:265:variant_3,265,True,True,703,450,0.6401137980085349,1.5622222222222222
M20,MedCounterFact,M20:265:variant_4,265,True,True,703,450,0.6401137980085349,1.5622222222222222
M20,MedCounterFact,M20:266:variant_1,266,True,True,703,450,0.6401137980085349,1.5622222222222222
M20,MedCounterFact,M20:266:variant_2,266,True,True,703,450,0.6401137980085349,1.5622222222222222
M20,MedCounterFact,M20:268:variant_1,268,True,True,703,450,0.6401137980085349,1.5622222222222222
M20,MedCounterFact,M20:269:variant_1,269,True,True,703,450,0.6401137980085349,1.5622222222222222
M20,MedCounterFact,M20:269:variant_3,269,True,True,703,450,0.6401137980085349,1.5622222222222222
M20,MedCounterFact,M20:26:variant_3,26,True,True,703,450,0.6401137980085349,1.5622222222222222
M20,MedCounterFact,M20:270:variant_1,270,True,True,703,450,0.6401137980085349,1.5622222222222222
M20,MedCounterFact,M20:270:variant_4,270,True,True,703,450,0.6401137980085349,1.5622222222222222
M20,MedCounterFact,M20:272:variant_2,272,True,True,703,450,0.6401137980085349,1.5622222222222222
M20,MedCounterFact,M20:272:variant_3,272,True,True,703,450,0.6401137980085349,1.5622222222222222
M20,MedCounterFact,M20:272:variant_4,272,True,True,703,450,0.6401137980085349,1.5622222222222222
M20,MedCounterFact,M20:274:variant_1,274,True,True,703,450,0.6401137980085349,1.5622222222222222
M20,MedCounterFact,M20:274:variant_3,274,True,True,703,450,0.6401137980085349,1.5622222222222222
M20,MedCounterFact,M20:275:variant_1,275,True,True,703,450,0.6401137980085349,1.5622222222222222
M20,MedCounterFact,M20:275:variant_2,275,True,True,703,450,0.6401137980085349,1.5622222222222222
M20,MedCounterFact,M20:275:variant_3,275,True,True,703,450,0.6401137980085349,1.5622222222222222
M20,MedCounterFact,M20:276:variant_1,276,True,True,703,450,0.6401137980085349,1.5622222222222222
M20,MedCounterFact,M20:276:variant_3,276,True,True,703,450,0.6401137980085349,1.5622222222222222
M20,MedCounterFact,M20:277:variant_1,277,True,True,703,450,0.6401137980085349,1.5622222222222222
M20,MedCounterFact,M20:277:variant_4,277,True,True,703,450,0.6401137980085349,1.5622222222222222
M20,MedCounterFact,M20:278:variant_1,278,True,True,703,450,0.6401137980085349,1.5622222222222222
M20,MedCounterFact,M20:278:variant_4,278,True,True,703,450,0.6401137980085349,1.5622222222222222
M20,MedCounterFact,M20:279:variant_1,279,True,True,703,450,0.6401137980085349,1.5622222222222222
M20,MedCounterFact,M20:279:variant_2,279,True,True,703,450,0.6401137980085349,1.5622222222222222
M20,MedCounterFact,M20:279:variant_3,279,True,True,703,450,0.6401137980085349,1.5622222222222222
M20,MedCounterFact,M20:279:variant_4,279,True,True,703,450,0.6401137980085349,1.5622222222222222
M20,MedCounterFact,M20:280:variant_1,280,True,True,703,450,0.6401137980085349,1.5622222222222222
M20,MedCounterFact,M20:280:variant_2,280,True,True,703,450,0.6401137980085349,1.5622222222222222
M20,MedCounterFact,M20:281:variant_1,281,True,True,703,450,0.6401137980085349,1.5622222222222222
M20,MedCounterFact,M20:281:variant_2,281,True,True,703,450,0.6401137980085349,1.5622222222222222
M20,MedCounterFact,M20:281:variant_3,281,True,True,703,450,0.6401137980085349,1.5622222222222222
M20,MedCounterFact,M20:281:variant_4,281,True,True,703,450,0.6401137980085349,1.5622222222222222
M20,MedCounterFact,M20:282:variant_1,282,True,True,703,450,0.6401137980085349,1.5622222222222222
M20,MedCounterFact,M20:282:variant_2,282,True,True,703,450,0.6401137980085349,1.5622222222222222
M20,MedCounterFact,M20:282:variant_3,282,True,True,703,450,0.6401137980085349,1.5622222222222222
M20,MedCounterFact,M20:28:variant_1,28,True,True,703,450,0.6401137980085349,1.5622222222222222
M20,MedCounterFact,M20:28:variant_2,28,True,True,703,450,0.6401137980085349,1.5622222222222222
M20,MedCounterFact,M20:28:variant_4,28,True,True,703,450,0.6401137980085349,1.5622222222222222
M20,MedCounterFact,M20:29:variant_2,29,True,True,703,450,0.6401137980085349,1.5622222222222222
M20,MedCounterFact,M20:29:variant_3,29,True,True,703,450,0.6401137980085349,1.5622222222222222
M20,MedCounterFact,M20:29:variant_4,29,True,True,703,450,0.6401137980085349,1.5622222222222222
M20,MedCounterFact,M20:2:variant_2,2,True,True,703,450,0.6401137980085349,1.5622222222222222
M20,MedCounterFact,M20:2:variant_3,2,True,True,703,450,0.6401137980085349,1.5622222222222222
M20,MedCounterFact,M20:2:variant_4,2,True,True,703,450,0.6401137980085349,1.5622222222222222
M20,MedCounterFact,M20:30:variant_1,30,True,True,703,450,0.6401137980085349,1.5622222222222222
M20,MedCounterFact,M20:30:variant_2,30,True,True,703,450,0.6401137980085349,1.5622222222222222
M20,MedCounterFact,M20:30:variant_3,30,True,True,703,450,0.6401137980085349,1.5622222222222222
M20,MedCounterFact,M20:30:variant_4,30,True,True,703,450,0.6401137980085349,1.5622222222222222
M20,MedCounterFact,M20:31:variant_1,31,True,True,703,450,0.6401137980085349,1.5622222222222222
M20,MedCounterFact,M20:31:variant_2,31,True,True,703,450,0.6401137980085349,1.5622222222222222
M20,MedCounterFact,M20:31:variant_3,31,True,True,703,450,0.6401137980085349,1.5622222222222222
M20,MedCounterFact,M20:32:variant_1,32,True,True,703,450,0.6401137980085349,1.5622222222222222
M20,MedCounterFact,M20:32:variant_2,32,True,True,703,450,0.6401137980085349,1.5622222222222222
M20,MedCounterFact,M20:32:variant_4,32,True,True,703,450,0.6401137980085349,1.5622222222222222
M20,MedCounterFact,M20:33:variant_1,33,True,True,703,450,0.6401137980085349,1.5622222222222222
M20,MedCounterFact,M20:33:variant_3,33,True,True,703,450,0.6401137980085349,1.5622222222222222
M20,MedCounterFact,M20:34:variant_1,34,True,True,703,450,0.6401137980085349,1.5622222222222222
M20,MedCounterFact,M20:35:variant_2,35,True,True,703,450,0.6401137980085349,1.5622222222222222
M20,MedCounterFact,M20:35:variant_4,35,True,True,703,450,0.6401137980085349,1.5622222222222222
M20,MedCounterFact,M20:36:variant_1,36,True,True,703,450,0.6401137980085349,1.5622222222222222
M20,MedCounterFact,M20:36:variant_2,36,True,True,703,450,0.6401137980085349,1.5622222222222222
M20,MedCounterFact,M20:36:variant_4,36,True,True,703,450,0.6401137980085349,1.5622222222222222
M20,MedCounterFact,M20:37:variant_2,37,True,True,703,450,0.6401137980085349,1.5622222222222222
M20,MedCounterFact,M20:37:variant_4,37,True,True,703,450,0.6401137980085349,1.5622222222222222
M20,MedCounterFact,M20:38:variant_2,38,True,True,703,450,0.6401137980085349,1.5622222222222222
M20,MedCounterFact,M20:38:variant_3,38,True,True,703,450,0.6401137980085349,1.5622222222222222
M20,MedCounterFact,M20:39:variant_3,39,True,True,703,450,0.6401137980085349,1.5622222222222222
M20,MedCounterFact,M20:39:variant_4,39,True,True,703,450,0.6401137980085349,1.5622222222222222
M20,MedCounterFact,M20:40:variant_1,40,True,True,703,450,0.6401137980085349,1.5622222222222222
M20,MedCounterFact,M20:40:variant_3,40,True,True,703,450,0.6401137980085349,1.5622222222222222
M20,MedCounterFact,M20:40:variant_4,40,True,True,703,450,0.6401137980085349,1.5622222222222222
M20,MedCounterFact,M20:41:variant_3,41,True,True,703,450,0.6401137980085349,1.5622222222222222
M20,MedCounterFact,M20:41:variant_4,41,True,True,703,450,0.6401137980085349,1.5622222222222222
M20,MedCounterFact,M20:42:variant_1,42,True,True,703,450,0.6401137980085349,1.5622222222222222
M20,MedCounterFact,M20:42:variant_2,42,True,True,703,450,0.6401137980085349,1.5622222222222222
M20,MedCounterFact,M20:42:variant_4,42,True,True,703,450,0.6401137980085349,1.5622222222222222
M20,MedCounterFact,M20:43:variant_1,43,True,True,703,450,0.6401137980085349,1.5622222222222222
M20,MedCounterFact,M20:44:variant_1,44,True,True,703,450,0.6401137980085349,1.5622222222222222
M20,MedCounterFact,M20:44:variant_2,44,True,True,703,450,0.6401137980085349,1.5622222222222222
M20,MedCounterFact,M20:44:variant_3,44,True,True,703,450,0.6401137980085349,1.5622222222222222
M20,MedCounterFact,M20:44:variant_4,44,True,True,703,450,0.6401137980085349,1.5622222222222222
M20,MedCounterFact,M20:47:variant_1,47,True,True,703,450,0.6401137980085349,1.5622222222222222
M20,MedCounterFact,M20:48:variant_1,48,True,True,703,450,0.6401137980085349,1.5622222222222222
M20,MedCounterFact,M20:48:variant_2,48,True,True,703,450,0.6401137980085349,1.5622222222222222
M20,MedCounterFact,M20:48:variant_3,48,True,True,703,450,0.6401137980085349,1.5622222222222222
M20,MedCounterFact,M20:49:variant_1,49,True,True,703,450,0.6401137980085349,1.5622222222222222
M20,MedCounterFact,M20:49:variant_3,49,True,True,703,450,0.6401137980085349,1.5622222222222222
M20,MedCounterFact,M20:49:variant_4,49,True,True,703,450,0.6401137980085349,1.5622222222222222
M20,MedCounterFact,M20:4:variant_1,4,True,True,703,450,0.6401137980085349,1.5622222222222222
M20,MedCounterFact,M20:4:variant_2,4,True,True,703,450,0.6401137980085349,1.5622222222222222
M20,MedCounterFact,M20:4:variant_4,4,True,True,703,450,0.6401137980085349,1.5622222222222222
M20,MedCounterFact,M20:50:variant_1,50,True,True,703,450,0.6401137980085349,1.5622222222222222
M20,MedCounterFact,M20:50:variant_2,50,True,True,703,450,0.6401137980085349,1.5622222222222222
M20,MedCounterFact,M20:50:variant_3,50,True,True,703,450,0.6401137980085349,1.5622222222222222
M20,MedCounterFact,M20:51:variant_2,51,True,True,703,450,0.6401137980085349,1.5622222222222222
M20,MedCounterFact,M20:52:variant_3,52,True,True,703,450,0.6401137980085349,1.5622222222222222
M20,MedCounterFact,M20:52:variant_4,52,True,True,703,450,0.6401137980085349,1.5622222222222222
M20,MedCounterFact,M20:53:variant_1,53,True,True,703,450,0.6401137980085349,1.5622222222222222
M20,MedCounterFact,M20:53:variant_2,53,True,True,703,450,0.6401137980085349,1.5622222222222222
M20,MedCounterFact,M20:53:variant_3,53,True,True,703,450,0.6401137980085349,1.5622222222222222
M20,MedCounterFact,M20:53:variant_4,53,True,True,703,450,0.6401137980085349,1.5622222222222222
M20,MedCounterFact,M20:54:variant_1,54,True,True,703,450,0.6401137980085349,1.5622222222222222
M20,MedCounterFact,M20:54:variant_3,54,True,True,703,450,0.6401137980085349,1.5622222222222222
M20,MedCounterFact,M20:55:variant_1,55,True,True,703,450,0.6401137980085349,1.5622222222222222
M20,MedCounterFact,M20:55:variant_4,55,True,True,703,450,0.6401137980085349,1.5622222222222222
M20,MedCounterFact,M20:56:variant_1,56,True,True,703,450,0.6401137980085349,1.5622222222222222
M20,MedCounterFact,M20:56:variant_4,56,True,True,703,450,0.6401137980085349,1.5622222222222222
M20,MedCounterFact,M20:57:variant_3,57,True,True,703,450,0.6401137980085349,1.5622222222222222
M20,MedCounterFact,M20:57:variant_4,57,True,True,703,450,0.6401137980085349,1.5622222222222222
M20,MedCounterFact,M20:58:variant_1,58,True,True,703,450,0.6401137980085349,1.5622222222222222
M20,MedCounterFact,M20:58:variant_2,58,True,True,703,450,0.6401137980085349,1.5622222222222222
M20,MedCounterFact,M20:58:variant_3,58,True,True,703,450,0.6401137980085349,1.5622222222222222
M20,MedCounterFact,M20:58:variant_4,58,True,True,703,450,0.6401137980085349,1.5622222222222222
M20,MedCounterFact,M20:59:variant_1,59,True,True,703,450,0.6401137980085349,1.5622222222222222
M20,MedCounterFact,M20:59:variant_2,59,True,True,703,450,0.6401137980085349,1.5622222222222222
M20,MedCounterFact,M20:59:variant_3,59,True,True,703,450,0.6401137980085349,1.5622222222222222
M20,MedCounterFact,M20:59:variant_4,59,True,True,703,450,0.6401137980085349,1.5622222222222222
M20,MedCounterFact,M20:5:variant_1,5,True,True,703,450,0.6401137980085349,1.5622222222222222
M20,MedCounterFact,M20:5:variant_2,5,True,True,703,450,0.6401137980085349,1.5622222222222222
M20,MedCounterFact,M20:60:variant_2,60,True,True,703,450,0.6401137980085349,1.5622222222222222
M20,MedCounterFact,M20:60:variant_3,60,True,True,703,450,0.6401137980085349,1.5622222222222222
M20,MedCounterFact,M20:60:variant_4,60,True,True,703,450,0.6401137980085349,1.5622222222222222
M20,MedCounterFact,M20:61:variant_1,61,True,True,703,450,0.6401137980085349,1.5622222222222222
M20,MedCounterFact,M20:61:variant_2,61,True,True,703,450,0.6401137980085349,1.5622222222222222
M20,MedCounterFact,M20:65:variant_1,65,True,True,703,450,0.6401137980085349,1.5622222222222222
M20,MedCounterFact,M20:65:variant_2,65,True,True,703,450,0.6401137980085349,1.5622222222222222
M20,MedCounterFact,M20:65:variant_4,65,True,True,703,450,0.6401137980085349,1.5622222222222222
M20,MedCounterFact,M20:66:variant_1,66,True,True,703,450,0.6401137980085349,1.5622222222222222
M20,MedCounterFact,M20:66:variant_2,66,True,True,703,450,0.6401137980085349,1.5622222222222222
M20,MedCounterFact,M20:67:variant_2,67,True,True,703,450,0.6401137980085349,1.5622222222222222
M20,MedCounterFact,M20:67:variant_4,67,True,True,703,450,0.6401137980085349,1.5622222222222222
M20,MedCounterFact,M20:68:variant_1,68,True,True,703,450,0.6401137980085349,1.5622222222222222
M20,MedCounterFact,M20:68:variant_3,68,True,True,703,450,0.6401137980085349,1.5622222222222222
M20,MedCounterFact,M20:69:variant_4,69,True,True,703,450,0.6401137980085349,1.5622222222222222
M20,MedCounterFact,M20:6:variant_1,6,True,True,703,450,0.6401137980085349,1.5622222222222222
M20,MedCounterFact,M20:6:variant_3,6,True,True,703,450,0.6401137980085349,1.5622222222222222
M20,MedCounterFact,M20:6:variant_4,6,True,True,703,450,0.6401137980085349,1.5622222222222222
M20,MedCounterFact,M20:70:variant_1,70,True,True,703,450,0.6401137980085349,1.5622222222222222
M20,MedCounterFact,M20:70:variant_4,70,True,True,703,450,0.6401137980085349,1.5622222222222222
M20,MedCounterFact,M20:71:variant_1,71,True,True,703,450,0.6401137980085349,1.5622222222222222
M20,MedCounterFact,M20:71:variant_2,71,True,True,703,450,0.6401137980085349,1.5622222222222222
M20,MedCounterFact,M20:71:variant_3,71,True,True,703,450,0.6401137980085349,1.5622222222222222
M20,MedCounterFact,M20:71:variant_4,71,True,True,703,450,0.6401137980085349,1.5622222222222222
M20,MedCounterFact,M20:73:variant_1,73,True,True,703,450,0.6401137980085349,1.5622222222222222
M20,MedCounterFact,M20:73:variant_2,73,True,True,703,450,0.6401137980085349,1.5622222222222222
M20,MedCounterFact,M20:73:variant_3,73,True,True,703,450,0.6401137980085349,1.5622222222222222
M20,MedCounterFact,M20:74:variant_4,74,True,True,703,450,0.6401137980085349,1.5622222222222222
M20,MedCounterFact,M20:77:variant_1,77,True,True,703,450,0.6401137980085349,1.5622222222222222
M20,MedCounterFact,M20:77:variant_2,77,True,True,703,450,0.6401137980085349,1.5622222222222222
M20,MedCounterFact,M20:77:variant_3,77,True,True,703,450,0.6401137980085349,1.5622222222222222
M20,MedCounterFact,M20:79:variant_1,79,True,True,703,450,0.6401137980085349,1.5622222222222222
M20,MedCounterFact,M20:7:variant_1,7,True,True,703,450,0.6401137980085349,1.5622222222222222
M20,MedCounterFact,M20:7:variant_2,7,True,True,703,450,0.6401137980085349,1.5622222222222222
M20,MedCounterFact,M20:80:variant_2,80,True,True,703,450,0.6401137980085349,1.5622222222222222
M20,MedCounterFact,M20:80:variant_4,80,True,True,703,450,0.6401137980085349,1.5622222222222222
M20,MedCounterFact,M20:81:variant_1,81,True,True,703,450,0.6401137980085349,1.5622222222222222
M20,MedCounterFact,M20:81:variant_2,81,True,True,703,450,0.6401137980085349,1.5622222222222222
M20,MedCounterFact,M20:81:variant_4,81,True,True,703,450,0.6401137980085349,1.5622222222222222
M20,MedCounterFact,M20:83:variant_1,83,True,True,703,450,0.6401137980085349,1.5622222222222222
M20,MedCounterFact,M20:83:variant_3,83,True,True,703,450,0.6401137980085349,1.5622222222222222
M20,MedCounterFact,M20:83:variant_4,83,True,True,703,450,0.6401137980085349,1.5622222222222222
M20,MedCounterFact,M20:84:variant_2,84,True,True,703,450,0.6401137980085349,1.5622222222222222
M20,MedCounterFact,M20:84:variant_4,84,True,True,703,450,0.6401137980085349,1.5622222222222222
M20,MedCounterFact,M20:85:variant_1,85,True,True,703,450,0.6401137980085349,1.5622222222222222
M20,MedCounterFact,M20:85:variant_2,85,True,True,703,450,0.6401137980085349,1.5622222222222222
M20,MedCounterFact,M20:86:variant_1,86,True,True,703,450,0.6401137980085349,1.5622222222222222
M20,MedCounterFact,M20:86:variant_2,86,True,True,703,450,0.6401137980085349,1.5622222222222222
M20,MedCounterFact,M20:86:variant_3,86,True,True,703,450,0.6401137980085349,1.5622222222222222
M20,MedCounterFact,M20:86:variant_4,86,True,True,703,450,0.6401137980085349,1.5622222222222222
M20,MedCounterFact,M20:88:variant_1,88,True,True,703,450,0.6401137980085349,1.5622222222222222
M20,MedCounterFact,M20:88:variant_4,88,True,True,703,450,0.6401137980085349,1.5622222222222222
M20,MedCounterFact,M20:89:variant_1,89,True,True,703,450,0.6401137980085349,1.5622222222222222
M20,MedCounterFact,M20:8:variant_2,8,True,True,703,450,0.6401137980085349,1.5622222222222222
M20,MedCounterFact,M20:8:variant_4,8,True,True,703,450,0.6401137980085349,1.5622222222222222
M20,MedCounterFact,M20:91:variant_1,91,True,True,703,450,0.6401137980085349,1.5622222222222222
M20,MedCounterFact,M20:91:variant_2,91,True,True,703,450,0.6401137980085349,1.5622222222222222
M20,MedCounterFact,M20:91:variant_4,91,True,True,703,450,0.6401137980085349,1.5622222222222222
M20,MedCounterFact,M20:92:variant_1,92,True,True,703,450,0.6401137980085349,1.5622222222222222
M20,MedCounterFact,M20:92:variant_2,92,True,True,703,450,0.6401137980085349,1.5622222222222222
M20,MedCounterFact,M20:93:variant_1,93,True,True,703,450,0.6401137980085349,1.5622222222222222
M20,MedCounterFact,M20:93:variant_2,93,True,True,703,450,0.6401137980085349,1.5622222222222222
M20,MedCounterFact,M20:93:variant_3,93,True,True,703,450,0.6401137980085349,1.5622222222222222
M20,MedCounterFact,M20:93:variant_4,93,True,True,703,450,0.6401137980085349,1.5622222222222222
M20,MedCounterFact,M20:94:variant_1,94,True,True,703,450,0.6401137980085349,1.5622222222222222
M20,MedCounterFact,M20:94:variant_2,94,True,True,703,450,0.6401137980085349,1.5622222222222222
M20,MedCounterFact,M20:94:variant_3,94,True,True,703,450,0.6401137980085349,1.5622222222222222
M20,MedCounterFact,M20:94:variant_4,94,True,True,703,450,0.6401137980085349,1.5622222222222222
M20,MedCounterFact,M20:95:variant_2,95,True,True,703,450,0.6401137980085349,1.5622222222222222
M20,MedCounterFact,M20:95:variant_3,95,True,True,703,450,0.6401137980085349,1.5622222222222222
M20,MedCounterFact,M20:95:variant_4,95,True,True,703,450,0.6401137980085349,1.5622222222222222
M20,MedCounterFact,M20:96:variant_1,96,True,True,703,450,0.6401137980085349,1.5622222222222222
M20,MedCounterFact,M20:96:variant_3,96,True,True,703,450,0.6401137980085349,1.5622222222222222
M20,MedCounterFact,M20:96:variant_4,96,True,True,703,450,0.6401137980085349,1.5622222222222222
M20,MedCounterFact,M20:97:variant_1,97,True,True,703,450,0.6401137980085349,1.5622222222222222
M20,MedCounterFact,M20:97:variant_4,97,True,True,703,450,0.6401137980085349,1.5622222222222222
M20,MedCounterFact,M20:9:variant_2,9,True,True,703,450,0.6401137980085349,1.5622222222222222
M20,MedCounterFact,M20:9:variant_4,9,True,True,703,450,0.6401137980085349,1.5622222222222222
M22,MedRGB,M22:bioasq/5be44bef133db5eb78000014:cf_group,bioasq/5be44bef133db5eb78000014,False,True,3423,450,0.13146362839614373,7.6066666666666665
M22,MedRGB,M22:bioasq/5be49287133db5eb7800001e:cf_group,bioasq/5be49287133db5eb7800001e,False,True,3423,450,0.13146362839614373,7.6066666666666665
M22,MedRGB,M22:bioasq/5c52028807ef653866000009:cf_group,bioasq/5c52028807ef653866000009,False,True,3423,450,0.13146362839614373,7.6066666666666665
M22,MedRGB,M22:bioasq/5c52cde87e3cb0e23100000e:cf_group,bioasq/5c52cde87e3cb0e23100000e,False,True,3423,450,0.13146362839614373,7.6066666666666665
M22,MedRGB,M22:bioasq/5c58a74e86df2b917400000d:cf_group,bioasq/5c58a74e86df2b917400000d,False,True,3423,450,0.13146362839614373,7.6066666666666665
M22,MedRGB,M22:bioasq/5c5b2f4b1a4c55d80b000001:cf_group,bioasq/5c5b2f4b1a4c55d80b000001,False,True,3423,450,0.13146362839614373,7.6066666666666665
M22,MedRGB,M22:bioasq/5c647c52e842deac6700001c:cf_group,bioasq/5c647c52e842deac6700001c,False,True,3423,450,0.13146362839614373,7.6066666666666665
M22,MedRGB,M22:bioasq/5c6582207c78d69471000001:cf_group,bioasq/5c6582207c78d69471000001,False,True,3423,450,0.13146362839614373,7.6066666666666665
M22,MedRGB,M22:bioasq/5c6583117c78d69471000002:cf_group,bioasq/5c6583117c78d69471000002,False,True,3423,450,0.13146362839614373,7.6066666666666665
M22,MedRGB,M22:bioasq/5c6b198f7c78d69471000025:cf_group,bioasq/5c6b198f7c78d69471000025,False,True,3423,450,0.13146362839614373,7.6066666666666665
M22,MedRGB,M22:bioasq/5c6f6ae37c78d69471000054:cf_group,bioasq/5c6f6ae37c78d69471000054,False,True,3423,450,0.13146362839614373,7.6066666666666665
M22,MedRGB,M22:bioasq/5c6f6d997c78d69471000055:cf_group,bioasq/5c6f6d997c78d69471000055,False,True,3423,450,0.13146362839614373,7.6066666666666665
M22,MedRGB,M22:bioasq/5c72768a7c78d6947100006c:cf_group,bioasq/5c72768a7c78d6947100006c,False,True,3423,450,0.13146362839614373,7.6066666666666665
M22,MedRGB,M22:bioasq/5c72ba807c78d69471000076:cf_group,bioasq/5c72ba807c78d69471000076,False,True,3423,450,0.13146362839614373,7.6066666666666665
M22,MedRGB,M22:bioasq/5c73acea7c78d69471000085:cf_group,bioasq/5c73acea7c78d69471000085,False,True,3423,450,0.13146362839614373,7.6066666666666665
M22,MedRGB,M22:bioasq/5c73aced7c78d69471000087:cf_group,bioasq/5c73aced7c78d69471000087,False,True,3423,450,0.13146362839614373,7.6066666666666665
M22,MedRGB,M22:bioasq/5c73ad347c78d69471000098:cf_group,bioasq/5c73ad347c78d69471000098,False,True,3423,450,0.13146362839614373,7.6066666666666665
M22,MedRGB,M22:bioasq/5c8fea130101eac87000000d:cf_group,bioasq/5c8fea130101eac87000000d,False,True,3423,450,0.13146362839614373,7.6066666666666665
M22,MedRGB,M22:bioasq/5c915e51ecadf2e73f00000c:cf_group,bioasq/5c915e51ecadf2e73f00000c,False,True,3423,450,0.13146362839614373,7.6066666666666665
M22,MedRGB,M22:bioasq/5c92159becadf2e73f000012:cf_group,bioasq/5c92159becadf2e73f000012,False,True,3423,450,0.13146362839614373,7.6066666666666665
M22,MedRGB,M22:bioasq/5e290a268b3851296d00000d:cf_group,bioasq/5e290a268b3851296d00000d,False,True,3423,450,0.13146362839614373,7.6066666666666665
M22,MedRGB,M22:bioasq/5e2b253ffbd6abf43b000006:cf_group,bioasq/5e2b253ffbd6abf43b000006,False,True,3423,450,0.13146362839614373,7.6066666666666665
M22,MedRGB,M22:bioasq/5e2dac4efbd6abf43b00000f:cf_group,bioasq/5e2dac4efbd6abf43b00000f,False,True,3423,450,0.13146362839614373,7.6066666666666665
M22,MedRGB,M22:bioasq/5e30f638fbd6abf43b000045:cf_group,bioasq/5e30f638fbd6abf43b000045,False,True,3423,450,0.13146362839614373,7.6066666666666665
M22,MedRGB,M22:bioasq/5e31c4adfbd6abf43b00004d:cf_group,bioasq/5e31c4adfbd6abf43b00004d,False,True,3423,450,0.13146362839614373,7.6066666666666665
M22,MedRGB,M22:bioasq/5e323780fbd6abf43b000055:cf_group,bioasq/5e323780fbd6abf43b000055,False,True,3423,450,0.13146362839614373,7.6066666666666665
M22,MedRGB,M22:bioasq/5e3238bcfbd6abf43b000056:cf_group,bioasq/5e3238bcfbd6abf43b000056,False,True,3423,450,0.13146362839614373,7.6066666666666665
M22,MedRGB,M22:bioasq/5e323e93fbd6abf43b000059:cf_group,bioasq/5e323e93fbd6abf43b000059,False,True,3423,450,0.13146362839614373,7.6066666666666665
M22,MedRGB,M22:bioasq/5e3709a4b5b409ea53000012:cf_group,bioasq/5e3709a4b5b409ea53000012,False,True,3423,450,0.13146362839614373,7.6066666666666665
M22,MedRGB,M22:bioasq/5e3e843748dab47f26000007:cf_group,bioasq/5e3e843748dab47f26000007,False,True,3423,450,0.13146362839614373,7.6066666666666665
M22,MedRGB,M22:bioasq/5e44bdba48dab47f2600001c:cf_group,bioasq/5e44bdba48dab47f2600001c,False,True,3423,450,0.13146362839614373,7.6066666666666665
M22,MedRGB,M22:bioasq/5e46bf743f54159529000008:cf_group,bioasq/5e46bf743f54159529000008,False,True,3423,450,0.13146362839614373,7.6066666666666665
M22,MedRGB,M22:bioasq/5e46fda33f54159529000012:cf_group,bioasq/5e46fda33f54159529000012,False,True,3423,450,0.13146362839614373,7.6066666666666665
M22,MedRGB,M22:bioasq/5e47656935b8f0833c000004:cf_group,bioasq/5e47656935b8f0833c000004,False,True,3423,450,0.13146362839614373,7.6066666666666665
M22,MedRGB,M22:bioasq/5e48e0e0f8b2df0d49000001:cf_group,bioasq/5e48e0e0f8b2df0d49000001,False,True,3423,450,0.13146362839614373,7.6066666666666665
M22,MedRGB,M22:bioasq/5e4adcbe6d0a277941000017:cf_group,bioasq/5e4adcbe6d0a277941000017,False,True,3423,450,0.13146362839614373,7.6066666666666665
M22,MedRGB,M22:bioasq/5e4b5fd86d0a277941000022:cf_group,bioasq/5e4b5fd86d0a277941000022,False,True,3423,450,0.13146362839614373,7.6066666666666665
M22,MedRGB,M22:bioasq/5e4b639c6d0a277941000027:cf_group,bioasq/5e4b639c6d0a277941000027,False,True,3423,450,0.13146362839614373,7.6066666666666665
M22,MedRGB,M22:bioasq/5e52c9266d0a27794100004e:cf_group,bioasq/5e52c9266d0a27794100004e,False,True,3423,450,0.13146362839614373,7.6066666666666665
M22,MedRGB,M22:bioasq/5e52c96b6d0a27794100004f:cf_group,bioasq/5e52c96b6d0a27794100004f,False,True,3423,450,0.13146362839614373,7.6066666666666665
M22,MedRGB,M22:bioasq/5e64ed381af46fc130000015:cf_group,bioasq/5e64ed381af46fc130000015,False,True,3423,450,0.13146362839614373,7.6066666666666665
M22,MedRGB,M22:bioasq/5e6f774ec6a8763d23000009:cf_group,bioasq/5e6f774ec6a8763d23000009,False,True,3423,450,0.13146362839614373,7.6066666666666665
M22,MedRGB,M22:bioasq/5e763c3fc6a8763d23000010:cf_group,bioasq/5e763c3fc6a8763d23000010,False,True,3423,450,0.13146362839614373,7.6066666666666665
M22,MedRGB,M22:bioasq/5e764732c6a8763d23000017:cf_group,bioasq/5e764732c6a8763d23000017,False,True,3423,450,0.13146362839614373,7.6066666666666665
M22,MedRGB,M22:bioasq/5e766256835f4e4777000003:cf_group,bioasq/5e766256835f4e4777000003,False,True,3423,450,0.13146362839614373,7.6066666666666665
M22,MedRGB,M22:bioasq/5e776541835f4e4777000009:cf_group,bioasq/5e776541835f4e4777000009,False,True,3423,450,0.13146362839614373,7.6066666666666665
M22,MedRGB,M22:bioasq/5e806ff7835f4e4777000027:cf_group,bioasq/5e806ff7835f4e4777000027,False,True,3423,450,0.13146362839614373,7.6066666666666665
M22,MedRGB,M22:bioasq/5e8220e6835f4e4777000032:cf_group,bioasq/5e8220e6835f4e4777000032,False,True,3423,450,0.13146362839614373,7.6066666666666665
M22,MedRGB,M22:bioasq/5fdb2ee4a43ad3127800000f:cf_group,bioasq/5fdb2ee4a43ad3127800000f,False,True,3423,450,0.13146362839614373,7.6066666666666665
M22,MedRGB,M22:bioasq/5fe31319a43ad31278000046:cf_group,bioasq/5fe31319a43ad31278000046,False,True,3423,450,0.13146362839614373,7.6066666666666665
M22,MedRGB,M22:bioasq/601c44ab1cb411341a00001c:cf_group,bioasq/601c44ab1cb411341a00001c,False,True,3423,450,0.13146362839614373,7.6066666666666665
M22,MedRGB,M22:bioasq/601c4ff61cb411341a000022:cf_group,bioasq/601c4ff61cb411341a000022,False,True,3423,450,0.13146362839614373,7.6066666666666665
M22,MedRGB,M22:bioasq/601efda31cb411341a000069:cf_group,bioasq/601efda31cb411341a000069,False,True,3423,450,0.13146362839614373,7.6066666666666665
M22,MedRGB,M22:bioasq/601fff6a1cb411341a00007b:cf_group,bioasq/601fff6a1cb411341a00007b,False,True,3423,450,0.13146362839614373,7.6066666666666665
M22,MedRGB,M22:bioasq/602498cb1cb411341a00009e:cf_group,bioasq/602498cb1cb411341a00009e,False,True,3423,450,0.13146362839614373,7.6066666666666665
M22,MedRGB,M22:bioasq/602599251cb411341a0000b1:cf_group,bioasq/602599251cb411341a0000b1,False,True,3423,450,0.13146362839614373,7.6066666666666665
M22,MedRGB,M22:bioasq/60259fe91cb411341a0000b3:cf_group,bioasq/60259fe91cb411341a0000b3,False,True,3423,450,0.13146362839614373,7.6066666666666665
M22,MedRGB,M22:bioasq/6026c1071cb411341a0000cb:cf_group,bioasq/6026c1071cb411341a0000cb,False,True,3423,450,0.13146362839614373,7.6066666666666665
M22,MedRGB,M22:bioasq/6027f7171cb411341a0000ec:cf_group,bioasq/6027f7171cb411341a0000ec,False,True,3423,450,0.13146362839614373,7.6066666666666665
M22,MedRGB,M22:bioasq/602c2ade1cb411341a000124:cf_group,bioasq/602c2ade1cb411341a000124,False,True,3423,450,0.13146362839614373,7.6066666666666665
M22,MedRGB,M22:bioasq/603213ea1cb411341a000131:cf_group,bioasq/603213ea1cb411341a000131,False,True,3423,450,0.13146362839614373,7.6066666666666665
M22,MedRGB,M22:bioasq/6032187e1cb411341a000132:cf_group,bioasq/6032187e1cb411341a000132,False,True,3423,450,0.13146362839614373,7.6066666666666665
M22,MedRGB,M22:bioasq/60324b771cb411341a000139:cf_group,bioasq/60324b771cb411341a000139,False,True,3423,450,0.13146362839614373,7.6066666666666665
M22,MedRGB,M22:bioasq/60354a7b1cb411341a000154:cf_group,bioasq/60354a7b1cb411341a000154,False,True,3423,450,0.13146362839614373,7.6066666666666665
M22,MedRGB,M22:bioasq/603bc16b1cb411341a000158:cf_group,bioasq/603bc16b1cb411341a000158,False,True,3423,450,0.13146362839614373,7.6066666666666665
M22,MedRGB,M22:bioasq/6056fbfc94d57fd87900001d:cf_group,bioasq/6056fbfc94d57fd87900001d,False,True,3423,450,0.13146362839614373,7.6066666666666665
M22,MedRGB,M22:bioasq/605e3c8294d57fd879000037:cf_group,bioasq/605e3c8294d57fd879000037,False,True,3423,450,0.13146362839614373,7.6066666666666665
M22,MedRGB,M22:bioasq/606b718994d57fd87900006b:cf_group,bioasq/606b718994d57fd87900006b,False,True,3423,450,0.13146362839614373,7.6066666666666665
M22,MedRGB,M22:bioasq/61f5f89b882a024a10000019:cf_group,bioasq/61f5f89b882a024a10000019,False,True,3423,450,0.13146362839614373,7.6066666666666665
M22,MedRGB,M22:bioasq/61f938e7882a024a10000049:cf_group,bioasq/61f938e7882a024a10000049,False,True,3423,450,0.13146362839614373,7.6066666666666665
M22,MedRGB,M22:bioasq/61f93cc7882a024a1000004c:cf_group,bioasq/61f93cc7882a024a1000004c,False,True,3423,450,0.13146362839614373,7.6066666666666665
M22,MedRGB,M22:bioasq/61fa904fc9dfcb9c09000004:cf_group,bioasq/61fa904fc9dfcb9c09000004,False,True,3423,450,0.13146362839614373,7.6066666666666665
M22,MedRGB,M22:bioasq/6201a85cc9dfcb9c0900002a:cf_group,bioasq/6201a85cc9dfcb9c0900002a,False,True,3423,450,0.13146362839614373,7.6066666666666665
M22,MedRGB,M22:bioasq/62121c583a8413c653000016:cf_group,bioasq/62121c583a8413c653000016,False,True,3423,450,0.13146362839614373,7.6066666666666665
M22,MedRGB,M22:bioasq/6217db763a8413c653000028:cf_group,bioasq/6217db763a8413c653000028,False,True,3423,450,0.13146362839614373,7.6066666666666665
M22,MedRGB,M22:bioasq/6217e1ac3a8413c653000031:cf_group,bioasq/6217e1ac3a8413c653000031,False,True,3423,450,0.13146362839614373,7.6066666666666665
M22,MedRGB,M22:bioasq/623a24d6f0baec9a1b000002:cf_group,bioasq/623a24d6f0baec9a1b000002,False,True,3423,450,0.13146362839614373,7.6066666666666665
M22,MedRGB,M22:bioasq/627926bc56bf9aee6f00001a:cf_group,bioasq/627926bc56bf9aee6f00001a,False,True,3423,450,0.13146362839614373,7.6066666666666665
M22,MedRGB,M22:bioasq/63ee5eeaf36125a426000002:cf_group,bioasq/63ee5eeaf36125a426000002,False,True,3423,450,0.13146362839614373,7.6066666666666665
M22,MedRGB,M22:bioasq/63eef94ff36125a426000010:cf_group,bioasq/63eef94ff36125a426000010,False,True,3423,450,0.13146362839614373,7.6066666666666665
M22,MedRGB,M22:bioasq/63f02b50f36125a426000014:cf_group,bioasq/63f02b50f36125a426000014,False,True,3423,450,0.13146362839614373,7.6066666666666665
M22,MedRGB,M22:bioasq/63f9cbb433942b094c00000c:cf_group,bioasq/63f9cbb433942b094c00000c,False,True,3423,450,0.13146362839614373,7.6066666666666665
M22,MedRGB,M22:bioasq/63f9ee5c33942b094c000014:cf_group,bioasq/63f9ee5c33942b094c000014,False,True,3423,450,0.13146362839614373,7.6066666666666665
M22,MedRGB,M22:bioasq/6404199d201352f04a000019:cf_group,bioasq/6404199d201352f04a000019,False,True,3423,450,0.13146362839614373,7.6066666666666665
M22,MedRGB,M22:bioasq/640c821c201352f04a000023:cf_group,bioasq/640c821c201352f04a000023,False,True,3423,450,0.13146362839614373,7.6066666666666665
M22,MedRGB,M22:bioasq/6415b7b8690f196b5100000c:cf_group,bioasq/6415b7b8690f196b5100000c,False,True,3423,450,0.13146362839614373,7.6066666666666665
M22,MedRGB,M22:bioasq/6415ca99690f196b51000019:cf_group,bioasq/6415ca99690f196b51000019,False,True,3423,450,0.13146362839614373,7.6066666666666665
M22,MedRGB,M22:bioasq/641ad941690f196b5100003d:cf_group,bioasq/641ad941690f196b5100003d,False,True,3423,450,0.13146362839614373,7.6066666666666665
M22,MedRGB,M22:bioasq/641c516d690f196b5100003f:cf_group,bioasq/641c516d690f196b5100003f,False,True,3423,450,0.13146362839614373,7.6066666666666665
M22,MedRGB,M22:bioasq/644efd2c57b1c7a315000085:cf_group,bioasq/644efd2c57b1c7a315000085,False,True,3423,450,0.13146362839614373,7.6066666666666665
M22,MedRGB,M22:medqa/0000:cf_group,medqa/0000,False,True,3423,450,0.13146362839614373,7.6066666666666665
M22,MedRGB,M22:medqa/0010:cf_group,medqa/0010,False,True,3423,450,0.13146362839614373,7.6066666666666665
M22,MedRGB,M22:medqa/0015:cf_group,medqa/0015,False,True,3423,450,0.13146362839614373,7.6066666666666665
M22,MedRGB,M22:medqa/0030:cf_group,medqa/0030,False,True,3423,450,0.13146362839614373,7.6066666666666665
M22,MedRGB,M22:medqa/0034:cf_group,medqa/0034,False,True,3423,450,0.13146362839614373,7.6066666666666665
M22,MedRGB,M22:medqa/0037:cf_group,medqa/0037,False,True,3423,450,0.13146362839614373,7.6066666666666665
M22,MedRGB,M22:medqa/0063:cf_group,medqa/0063,False,True,3423,450,0.13146362839614373,7.6066666666666665
M22,MedRGB,M22:medqa/0065:cf_group,medqa/0065,False,True,3423,450,0.13146362839614373,7.6066666666666665
M22,MedRGB,M22:medqa/0095:cf_group,medqa/0095,False,True,3423,450,0.13146362839614373,7.6066666666666665
M22,MedRGB,M22:medqa/0100:cf_group,medqa/0100,False,True,3423,450,0.13146362839614373,7.6066666666666665
M22,MedRGB,M22:medqa/0102:cf_group,medqa/0102,False,True,3423,450,0.13146362839614373,7.6066666666666665
M22,MedRGB,M22:medqa/0103:cf_group,medqa/0103,False,True,3423,450,0.13146362839614373,7.6066666666666665
M22,MedRGB,M22:medqa/0106:cf_group,medqa/0106,False,True,3423,450,0.13146362839614373,7.6066666666666665
M22,MedRGB,M22:medqa/0132:cf_group,medqa/0132,False,True,3423,450,0.13146362839614373,7.6066666666666665
M22,MedRGB,M22:medqa/0141:cf_group,medqa/0141,False,True,3423,450,0.13146362839614373,7.6066666666666665
M22,MedRGB,M22:medqa/0144:cf_group,medqa/0144,False,True,3423,450,0.13146362839614373,7.6066666666666665
M22,MedRGB,M22:medqa/0154:cf_group,medqa/0154,False,True,3423,450,0.13146362839614373,7.6066666666666665
M22,MedRGB,M22:medqa/0163:cf_group,medqa/0163,False,True,3423,450,0.13146362839614373,7.6066666666666665
M22,MedRGB,M22:medqa/0175:cf_group,medqa/0175,False,True,3423,450,0.13146362839614373,7.6066666666666665
M22,MedRGB,M22:medqa/0188:cf_group,medqa/0188,False,True,3423,450,0.13146362839614373,7.6066666666666665
M22,MedRGB,M22:medqa/0199:cf_group,medqa/0199,False,True,3423,450,0.13146362839614373,7.6066666666666665
M22,MedRGB,M22:medqa/0213:cf_group,medqa/0213,False,True,3423,450,0.13146362839614373,7.6066666666666665
M22,MedRGB,M22:medqa/0218:cf_group,medqa/0218,False,True,3423,450,0.13146362839614373,7.6066666666666665
M22,MedRGB,M22:medqa/0230:cf_group,medqa/0230,False,True,3423,450,0.13146362839614373,7.6066666666666665
M22,MedRGB,M22:medqa/0239:cf_group,medqa/0239,False,True,3423,450,0.13146362839614373,7.6066666666666665
M22,MedRGB,M22:medqa/0248:cf_group,medqa/0248,False,True,3423,450,0.13146362839614373,7.6066666666666665
M22,MedRGB,M22:medqa/0255:cf_group,medqa/0255,False,True,3423,450,0.13146362839614373,7.6066666666666665
M22,MedRGB,M22:medqa/0275:cf_group,medqa/0275,False,True,3423,450,0.13146362839614373,7.6066666666666665
M22,MedRGB,M22:medqa/0277:cf_group,medqa/0277,False,True,3423,450,0.13146362839614373,7.6066666666666665
M22,MedRGB,M22:medqa/0287:cf_group,medqa/0287,False,True,3423,450,0.13146362839614373,7.6066666666666665
M22,MedRGB,M22:medqa/0295:cf_group,medqa/0295,False,True,3423,450,0.13146362839614373,7.6066666666666665
M22,MedRGB,M22:medqa/0297:cf_group,medqa/0297,False,True,3423,450,0.13146362839614373,7.6066666666666665
M22,MedRGB,M22:medqa/0299:cf_group,medqa/0299,False,True,3423,450,0.13146362839614373,7.6066666666666665
M22,MedRGB,M22:medqa/0305:cf_group,medqa/0305,False,True,3423,450,0.13146362839614373,7.6066666666666665
M22,MedRGB,M22:medqa/0307:cf_group,medqa/0307,False,True,3423,450,0.13146362839614373,7.6066666666666665
M22,MedRGB,M22:medqa/0310:cf_group,medqa/0310,False,True,3423,450,0.13146362839614373,7.6066666666666665
M22,MedRGB,M22:medqa/0314:cf_group,medqa/0314,False,True,3423,450,0.13146362839614373,7.6066666666666665
M22,MedRGB,M22:medqa/0316:cf_group,medqa/0316,False,True,3423,450,0.13146362839614373,7.6066666666666665
M22,MedRGB,M22:medqa/0326:cf_group,medqa/0326,False,True,3423,450,0.13146362839614373,7.6066666666666665
M22,MedRGB,M22:medqa/0338:cf_group,medqa/0338,False,True,3423,450,0.13146362839614373,7.6066666666666665
M22,MedRGB,M22:medqa/0344:cf_group,medqa/0344,False,True,3423,450,0.13146362839614373,7.6066666666666665
M22,MedRGB,M22:medqa/0347:cf_group,medqa/0347,False,True,3423,450,0.13146362839614373,7.6066666666666665
M22,MedRGB,M22:medqa/0353:cf_group,medqa/0353,False,True,3423,450,0.13146362839614373,7.6066666666666665
M22,MedRGB,M22:medqa/0354:cf_group,medqa/0354,False,True,3423,450,0.13146362839614373,7.6066666666666665
M22,MedRGB,M22:medqa/0364:cf_group,medqa/0364,False,True,3423,450,0.13146362839614373,7.6066666666666665
M22,MedRGB,M22:medqa/0365:cf_group,medqa/0365,False,True,3423,450,0.13146362839614373,7.6066666666666665
M22,MedRGB,M22:medqa/0385:cf_group,medqa/0385,False,True,3423,450,0.13146362839614373,7.6066666666666665
M22,MedRGB,M22:medqa/0408:cf_group,medqa/0408,False,True,3423,450,0.13146362839614373,7.6066666666666665
M22,MedRGB,M22:medqa/0411:cf_group,medqa/0411,False,True,3423,450,0.13146362839614373,7.6066666666666665
M22,MedRGB,M22:medqa/0414:cf_group,medqa/0414,False,True,3423,450,0.13146362839614373,7.6066666666666665
M22,MedRGB,M22:medqa/0419:cf_group,medqa/0419,False,True,3423,450,0.13146362839614373,7.6066666666666665
M22,MedRGB,M22:medqa/0429:cf_group,medqa/0429,False,True,3423,450,0.13146362839614373,7.6066666666666665
M22,MedRGB,M22:medqa/0431:cf_group,medqa/0431,False,True,3423,450,0.13146362839614373,7.6066666666666665
M22,MedRGB,M22:medqa/0438:cf_group,medqa/0438,False,True,3423,450,0.13146362839614373,7.6066666666666665
M22,MedRGB,M22:medqa/0493:cf_group,medqa/0493,False,True,3423,450,0.13146362839614373,7.6066666666666665
M22,MedRGB,M22:medqa/0499:cf_group,medqa/0499,False,True,3423,450,0.13146362839614373,7.6066666666666665
M22,MedRGB,M22:medqa/0511:cf_group,medqa/0511,False,True,3423,450,0.13146362839614373,7.6066666666666665
M22,MedRGB,M22:medqa/0518:cf_group,medqa/0518,False,True,3423,450,0.13146362839614373,7.6066666666666665
M22,MedRGB,M22:medqa/0519:cf_group,medqa/0519,False,True,3423,450,0.13146362839614373,7.6066666666666665
M22,MedRGB,M22:medqa/0527:cf_group,medqa/0527,False,True,3423,450,0.13146362839614373,7.6066666666666665
M22,MedRGB,M22:medqa/0531:cf_group,medqa/0531,False,True,3423,450,0.13146362839614373,7.6066666666666665
M22,MedRGB,M22:medqa/0539:cf_group,medqa/0539,False,True,3423,450,0.13146362839614373,7.6066666666666665
M22,MedRGB,M22:medqa/0544:cf_group,medqa/0544,False,True,3423,450,0.13146362839614373,7.6066666666666665
M22,MedRGB,M22:medqa/0545:cf_group,medqa/0545,False,True,3423,450,0.13146362839614373,7.6066666666666665
M22,MedRGB,M22:medqa/0558:cf_group,medqa/0558,False,True,3423,450,0.13146362839614373,7.6066666666666665
M22,MedRGB,M22:medqa/0559:cf_group,medqa/0559,False,True,3423,450,0.13146362839614373,7.6066666666666665
M22,MedRGB,M22:medqa/0560:cf_group,medqa/0560,False,True,3423,450,0.13146362839614373,7.6066666666666665
M22,MedRGB,M22:medqa/0567:cf_group,medqa/0567,False,True,3423,450,0.13146362839614373,7.6066666666666665
M22,MedRGB,M22:medqa/0568:cf_group,medqa/0568,False,True,3423,450,0.13146362839614373,7.6066666666666665
M22,MedRGB,M22:medqa/0573:cf_group,medqa/0573,False,True,3423,450,0.13146362839614373,7.6066666666666665
M22,MedRGB,M22:medqa/0580:cf_group,medqa/0580,False,True,3423,450,0.13146362839614373,7.6066666666666665
M22,MedRGB,M22:medqa/0586:cf_group,medqa/0586,False,True,3423,450,0.13146362839614373,7.6066666666666665
M22,MedRGB,M22:medqa/0588:cf_group,medqa/0588,False,True,3423,450,0.13146362839614373,7.6066666666666665
M22,MedRGB,M22:medqa/0599:cf_group,medqa/0599,False,True,3423,450,0.13146362839614373,7.6066666666666665
M22,MedRGB,M22:medqa/0603:cf_group,medqa/0603,False,True,3423,450,0.13146362839614373,7.6066666666666665
M22,MedRGB,M22:medqa/0613:cf_group,medqa/0613,False,True,3423,450,0.13146362839614373,7.6066666666666665
M22,MedRGB,M22:medqa/0621:cf_group,medqa/0621,False,True,3423,450,0.13146362839614373,7.6066666666666665
M22,MedRGB,M22:medqa/0622:cf_group,medqa/0622,False,True,3423,450,0.13146362839614373,7.6066666666666665
M22,MedRGB,M22:medqa/0623:cf_group,medqa/0623,False,True,3423,450,0.13146362839614373,7.6066666666666665
M22,MedRGB,M22:medqa/0628:cf_group,medqa/0628,False,True,3423,450,0.13146362839614373,7.6066666666666665
M22,MedRGB,M22:medqa/0629:cf_group,medqa/0629,False,True,3423,450,0.13146362839614373,7.6066666666666665
M22,MedRGB,M22:medqa/0632:cf_group,medqa/0632,False,True,3423,450,0.13146362839614373,7.6066666666666665
M22,MedRGB,M22:medqa/0645:cf_group,medqa/0645,False,True,3423,450,0.13146362839614373,7.6066666666666665
M22,MedRGB,M22:medqa/0649:cf_group,medqa/0649,False,True,3423,450,0.13146362839614373,7.6066666666666665
M22,MedRGB,M22:medqa/0654:cf_group,medqa/0654,False,True,3423,450,0.13146362839614373,7.6066666666666665
M22,MedRGB,M22:medqa/0656:cf_group,medqa/0656,False,True,3423,450,0.13146362839614373,7.6066666666666665
M22,MedRGB,M22:medqa/0662:cf_group,medqa/0662,False,True,3423,450,0.13146362839614373,7.6066666666666665
M22,MedRGB,M22:medqa/0666:cf_group,medqa/0666,False,True,3423,450,0.13146362839614373,7.6066666666666665
M22,MedRGB,M22:medqa/0669:cf_group,medqa/0669,False,True,3423,450,0.13146362839614373,7.6066666666666665
M22,MedRGB,M22:medqa/0683:cf_group,medqa/0683,False,True,3423,450,0.13146362839614373,7.6066666666666665
M22,MedRGB,M22:medqa/0686:cf_group,medqa/0686,False,True,3423,450,0.13146362839614373,7.6066666666666665
M22,MedRGB,M22:medqa/0690:cf_group,medqa/0690,False,True,3423,450,0.13146362839614373,7.6066666666666665
M22,MedRGB,M22:medqa/0696:cf_group,medqa/0696,False,True,3423,450,0.13146362839614373,7.6066666666666665
M22,MedRGB,M22:medqa/0697:cf_group,medqa/0697,False,True,3423,450,0.13146362839614373,7.6066666666666665
M22,MedRGB,M22:medqa/0707:cf_group,medqa/0707,False,True,3423,450,0.13146362839614373,7.6066666666666665
M22,MedRGB,M22:medqa/0735:cf_group,medqa/0735,False,True,3423,450,0.13146362839614373,7.6066666666666665
M22,MedRGB,M22:medqa/0737:cf_group,medqa/0737,False,True,3423,450,0.13146362839614373,7.6066666666666665
M22,MedRGB,M22:medqa/0754:cf_group,medqa/0754,False,True,3423,450,0.13146362839614373,7.6066666666666665
M22,MedRGB,M22:medqa/0777:cf_group,medqa/0777,False,True,3423,450,0.13146362839614373,7.6066666666666665
M22,MedRGB,M22:medqa/0780:cf_group,medqa/0780,False,True,3423,450,0.13146362839614373,7.6066666666666665
M22,MedRGB,M22:medqa/0805:cf_group,medqa/0805,False,True,3423,450,0.13146362839614373,7.6066666666666665
M22,MedRGB,M22:medqa/0811:cf_group,medqa/0811,False,True,3423,450,0.13146362839614373,7.6066666666666665
M22,MedRGB,M22:medqa/0815:cf_group,medqa/0815,False,True,3423,450,0.13146362839614373,7.6066666666666665
M22,MedRGB,M22:medqa/0827:cf_group,medqa/0827,False,True,3423,450,0.13146362839614373,7.6066666666666665
M22,MedRGB,M22:medqa/0837:cf_group,medqa/0837,False,True,3423,450,0.13146362839614373,7.6066666666666665
M22,MedRGB,M22:medqa/0839:cf_group,medqa/0839,False,True,3423,450,0.13146362839614373,7.6066666666666665
M22,MedRGB,M22:medqa/0843:cf_group,medqa/0843,False,True,3423,450,0.13146362839614373,7.6066666666666665
M22,MedRGB,M22:medqa/0854:cf_group,medqa/0854,False,True,3423,450,0.13146362839614373,7.6066666666666665
M22,MedRGB,M22:medqa/0858:cf_group,medqa/0858,False,True,3423,450,0.13146362839614373,7.6066666666666665
M22,MedRGB,M22:medqa/0861:cf_group,medqa/0861,False,True,3423,450,0.13146362839614373,7.6066666666666665
M22,MedRGB,M22:medqa/0862:cf_group,medqa/0862,False,True,3423,450,0.13146362839614373,7.6066666666666665
M22,MedRGB,M22:medqa/0873:cf_group,medqa/0873,False,True,3423,450,0.13146362839614373,7.6066666666666665
M22,MedRGB,M22:medqa/0889:cf_group,medqa/0889,False,True,3423,450,0.13146362839614373,7.6066666666666665
M22,MedRGB,M22:medqa/0899:cf_group,medqa/0899,False,True,3423,450,0.13146362839614373,7.6066666666666665
M22,MedRGB,M22:medqa/0904:cf_group,medqa/0904,False,True,3423,450,0.13146362839614373,7.6066666666666665
M22,MedRGB,M22:medqa/0907:cf_group,medqa/0907,False,True,3423,450,0.13146362839614373,7.6066666666666665
M22,MedRGB,M22:medqa/0913:cf_group,medqa/0913,False,True,3423,450,0.13146362839614373,7.6066666666666665
M22,MedRGB,M22:medqa/0922:cf_group,medqa/0922,False,True,3423,450,0.13146362839614373,7.6066666666666665
M22,MedRGB,M22:medqa/0932:cf_group,medqa/0932,False,True,3423,450,0.13146362839614373,7.6066666666666665
M22,MedRGB,M22:medqa/0947:cf_group,medqa/0947,False,True,3423,450,0.13146362839614373,7.6066666666666665
M22,MedRGB,M22:medqa/0951:cf_group,medqa/0951,False,True,3423,450,0.13146362839614373,7.6066666666666665
M22,MedRGB,M22:medqa/0957:cf_group,medqa/0957,False,True,3423,450,0.13146362839614373,7.6066666666666665
M22,MedRGB,M22:medqa/0968:cf_group,medqa/0968,False,True,3423,450,0.13146362839614373,7.6066666666666665
M22,MedRGB,M22:medqa/0974:cf_group,medqa/0974,False,True,3423,450,0.13146362839614373,7.6066666666666665
M22,MedRGB,M22:medqa/0978:cf_group,medqa/0978,False,True,3423,450,0.13146362839614373,7.6066666666666665
M22,MedRGB,M22:medqa/0979:cf_group,medqa/0979,False,True,3423,450,0.13146362839614373,7.6066666666666665
M22,MedRGB,M22:medqa/0980:cf_group,medqa/0980,False,True,3423,450,0.13146362839614373,7.6066666666666665
M22,MedRGB,M22:medqa/0987:cf_group,medqa/0987,False,True,3423,450,0.13146362839614373,7.6066666666666665
M22,MedRGB,M22:medqa/0991:cf_group,medqa/0991,False,True,3423,450,0.13146362839614373,7.6066666666666665
M22,MedRGB,M22:medqa/0993:cf_group,medqa/0993,False,True,3423,450,0.13146362839614373,7.6066666666666665
M22,MedRGB,M22:medqa/1000:cf_group,medqa/1000,False,True,3423,450,0.13146362839614373,7.6066666666666665
M22,MedRGB,M22:medqa/1009:cf_group,medqa/1009,False,True,3423,450,0.13146362839614373,7.6066666666666665
M22,MedRGB,M22:medqa/1010:cf_group,medqa/1010,False,True,3423,450,0.13146362839614373,7.6066666666666665
M22,MedRGB,M22:medqa/1019:cf_group,medqa/1019,False,True,3423,450,0.13146362839614373,7.6066666666666665
M22,MedRGB,M22:medqa/1023:cf_group,medqa/1023,False,True,3423,450,0.13146362839614373,7.6066666666666665
M22,MedRGB,M22:medqa/1027:cf_group,medqa/1027,False,True,3423,450,0.13146362839614373,7.6066666666666665
M22,MedRGB,M22:medqa/1030:cf_group,medqa/1030,False,True,3423,450,0.13146362839614373,7.6066666666666665
M22,MedRGB,M22:medqa/1037:cf_group,medqa/1037,False,True,3423,450,0.13146362839614373,7.6066666666666665
M22,MedRGB,M22:medqa/1039:cf_group,medqa/1039,False,True,3423,450,0.13146362839614373,7.6066666666666665
M22,MedRGB,M22:medqa/1044:cf_group,medqa/1044,False,True,3423,450,0.13146362839614373,7.6066666666666665
M22,MedRGB,M22:medqa/1046:cf_group,medqa/1046,False,True,3423,450,0.13146362839614373,7.6066666666666665
M22,MedRGB,M22:medqa/1049:cf_group,medqa/1049,False,True,3423,450,0.13146362839614373,7.6066666666666665
M22,MedRGB,M22:medqa/1078:cf_group,medqa/1078,False,True,3423,450,0.13146362839614373,7.6066666666666665
M22,MedRGB,M22:medqa/1080:cf_group,medqa/1080,False,True,3423,450,0.13146362839614373,7.6066666666666665
M22,MedRGB,M22:medqa/1090:cf_group,medqa/1090,False,True,3423,450,0.13146362839614373,7.6066666666666665
M22,MedRGB,M22:medqa/1092:cf_group,medqa/1092,False,True,3423,450,0.13146362839614373,7.6066666666666665
M22,MedRGB,M22:medqa/1109:cf_group,medqa/1109,False,True,3423,450,0.13146362839614373,7.6066666666666665
M22,MedRGB,M22:medqa/1110:cf_group,medqa/1110,False,True,3423,450,0.13146362839614373,7.6066666666666665
M22,MedRGB,M22:medqa/1124:cf_group,medqa/1124,False,True,3423,450,0.13146362839614373,7.6066666666666665
M22,MedRGB,M22:medqa/1125:cf_group,medqa/1125,False,True,3423,450,0.13146362839614373,7.6066666666666665
M22,MedRGB,M22:medqa/1127:cf_group,medqa/1127,False,True,3423,450,0.13146362839614373,7.6066666666666665
M22,MedRGB,M22:medqa/1132:cf_group,medqa/1132,False,True,3423,450,0.13146362839614373,7.6066666666666665
M22,MedRGB,M22:medqa/1152:cf_group,medqa/1152,False,True,3423,450,0.13146362839614373,7.6066666666666665
M22,MedRGB,M22:medqa/1155:cf_group,medqa/1155,False,True,3423,450,0.13146362839614373,7.6066666666666665
M22,MedRGB,M22:medqa/1158:cf_group,medqa/1158,False,True,3423,450,0.13146362839614373,7.6066666666666665
M22,MedRGB,M22:medqa/1159:cf_group,medqa/1159,False,True,3423,450,0.13146362839614373,7.6066666666666665
M22,MedRGB,M22:medqa/1161:cf_group,medqa/1161,False,True,3423,450,0.13146362839614373,7.6066666666666665
M22,MedRGB,M22:medqa/1167:cf_group,medqa/1167,False,True,3423,450,0.13146362839614373,7.6066666666666665
M22,MedRGB,M22:medqa/1169:cf_group,medqa/1169,False,True,3423,450,0.13146362839614373,7.6066666666666665
M22,MedRGB,M22:medqa/1170:cf_group,medqa/1170,False,True,3423,450,0.13146362839614373,7.6066666666666665
M22,MedRGB,M22:medqa/1172:cf_group,medqa/1172,False,True,3423,450,0.13146362839614373,7.6066666666666665
M22,MedRGB,M22:medqa/1186:cf_group,medqa/1186,False,True,3423,450,0.13146362839614373,7.6066666666666665
M22,MedRGB,M22:medqa/1191:cf_group,medqa/1191,False,True,3423,450,0.13146362839614373,7.6066666666666665
M22,MedRGB,M22:medqa/1194:cf_group,medqa/1194,False,True,3423,450,0.13146362839614373,7.6066666666666665
M22,MedRGB,M22:medqa/1208:cf_group,medqa/1208,False,True,3423,450,0.13146362839614373,7.6066666666666665
M22,MedRGB,M22:medqa/1215:cf_group,medqa/1215,False,True,3423,450,0.13146362839614373,7.6066666666666665
M22,MedRGB,M22:medqa/1217:cf_group,medqa/1217,False,True,3423,450,0.13146362839614373,7.6066666666666665
M22,MedRGB,M22:medqa/1224:cf_group,medqa/1224,False,True,3423,450,0.13146362839614373,7.6066666666666665
M22,MedRGB,M22:medqa/1234:cf_group,medqa/1234,False,True,3423,450,0.13146362839614373,7.6066666666666665
M22,MedRGB,M22:medqa/1241:cf_group,medqa/1241,False,True,3423,450,0.13146362839614373,7.6066666666666665
M22,MedRGB,M22:medqa/1250:cf_group,medqa/1250,False,True,3423,450,0.13146362839614373,7.6066666666666665
M22,MedRGB,M22:mmlu/anatomy-002:cf_group,mmlu/anatomy-002,False,True,3423,450,0.13146362839614373,7.6066666666666665
M22,MedRGB,M22:mmlu/anatomy-006:cf_group,mmlu/anatomy-006,False,True,3423,450,0.13146362839614373,7.6066666666666665
M22,MedRGB,M22:mmlu/anatomy-009:cf_group,mmlu/anatomy-009,False,True,3423,450,0.13146362839614373,7.6066666666666665
M22,MedRGB,M22:mmlu/anatomy-010:cf_group,mmlu/anatomy-010,False,True,3423,450,0.13146362839614373,7.6066666666666665
M22,MedRGB,M22:mmlu/anatomy-012:cf_group,mmlu/anatomy-012,False,True,3423,450,0.13146362839614373,7.6066666666666665
M22,MedRGB,M22:mmlu/anatomy-029:cf_group,mmlu/anatomy-029,False,True,3423,450,0.13146362839614373,7.6066666666666665
M22,MedRGB,M22:mmlu/anatomy-034:cf_group,mmlu/anatomy-034,False,True,3423,450,0.13146362839614373,7.6066666666666665
M22,MedRGB,M22:mmlu/anatomy-050:cf_group,mmlu/anatomy-050,False,True,3423,450,0.13146362839614373,7.6066666666666665
M22,MedRGB,M22:mmlu/anatomy-051:cf_group,mmlu/anatomy-051,False,True,3423,450,0.13146362839614373,7.6066666666666665
M22,MedRGB,M22:mmlu/anatomy-078:cf_group,mmlu/anatomy-078,False,True,3423,450,0.13146362839614373,7.6066666666666665
M22,MedRGB,M22:mmlu/anatomy-092:cf_group,mmlu/anatomy-092,False,True,3423,450,0.13146362839614373,7.6066666666666665
M22,MedRGB,M22:mmlu/anatomy-098:cf_group,mmlu/anatomy-098,False,True,3423,450,0.13146362839614373,7.6066666666666665
M22,MedRGB,M22:mmlu/anatomy-111:cf_group,mmlu/anatomy-111,False,True,3423,450,0.13146362839614373,7.6066666666666665
M22,MedRGB,M22:mmlu/anatomy-118:cf_group,mmlu/anatomy-118,False,True,3423,450,0.13146362839614373,7.6066666666666665
M22,MedRGB,M22:mmlu/anatomy-126:cf_group,mmlu/anatomy-126,False,True,3423,450,0.13146362839614373,7.6066666666666665
M22,MedRGB,M22:mmlu/anatomy-127:cf_group,mmlu/anatomy-127,False,True,3423,450,0.13146362839614373,7.6066666666666665
M22,MedRGB,M22:mmlu/clinical_knowledge-038:cf_group,mmlu/clinical_knowledge-038,False,True,3423,450,0.13146362839614373,7.6066666666666665
M22,MedRGB,M22:mmlu/clinical_knowledge-043:cf_group,mmlu/clinical_knowledge-043,False,True,3423,450,0.13146362839614373,7.6066666666666665
M22,MedRGB,M22:mmlu/clinical_knowledge-049:cf_group,mmlu/clinical_knowledge-049,False,True,3423,450,0.13146362839614373,7.6066666666666665
M22,MedRGB,M22:mmlu/clinical_knowledge-054:cf_group,mmlu/clinical_knowledge-054,False,True,3423,450,0.13146362839614373,7.6066666666666665
M22,MedRGB,M22:mmlu/clinical_knowledge-082:cf_group,mmlu/clinical_knowledge-082,False,True,3423,450,0.13146362839614373,7.6066666666666665
M22,MedRGB,M22:mmlu/clinical_knowledge-098:cf_group,mmlu/clinical_knowledge-098,False,True,3423,450,0.13146362839614373,7.6066666666666665
M22,MedRGB,M22:mmlu/clinical_knowledge-111:cf_group,mmlu/clinical_knowledge-111,False,True,3423,450,0.13146362839614373,7.6066666666666665
M22,MedRGB,M22:mmlu/clinical_knowledge-112:cf_group,mmlu/clinical_knowledge-112,False,True,3423,450,0.13146362839614373,7.6066666666666665
M22,MedRGB,M22:mmlu/clinical_knowledge-126:cf_group,mmlu/clinical_knowledge-126,False,True,3423,450,0.13146362839614373,7.6066666666666665
M22,MedRGB,M22:mmlu/clinical_knowledge-155:cf_group,mmlu/clinical_knowledge-155,False,True,3423,450,0.13146362839614373,7.6066666666666665
M22,MedRGB,M22:mmlu/clinical_knowledge-163:cf_group,mmlu/clinical_knowledge-163,False,True,3423,450,0.13146362839614373,7.6066666666666665
M22,MedRGB,M22:mmlu/clinical_knowledge-181:cf_group,mmlu/clinical_knowledge-181,False,True,3423,450,0.13146362839614373,7.6066666666666665
M22,MedRGB,M22:mmlu/clinical_knowledge-183:cf_group,mmlu/clinical_knowledge-183,False,True,3423,450,0.13146362839614373,7.6066666666666665
M22,MedRGB,M22:mmlu/clinical_knowledge-191:cf_group,mmlu/clinical_knowledge-191,False,True,3423,450,0.13146362839614373,7.6066666666666665
M22,MedRGB,M22:mmlu/clinical_knowledge-198:cf_group,mmlu/clinical_knowledge-198,False,True,3423,450,0.13146362839614373,7.6066666666666665
M22,MedRGB,M22:mmlu/clinical_knowledge-205:cf_group,mmlu/clinical_knowledge-205,False,True,3423,450,0.13146362839614373,7.6066666666666665
M22,MedRGB,M22:mmlu/clinical_knowledge-216:cf_group,mmlu/clinical_knowledge-216,False,True,3423,450,0.13146362839614373,7.6066666666666665
M22,MedRGB,M22:mmlu/clinical_knowledge-238:cf_group,mmlu/clinical_knowledge-238,False,True,3423,450,0.13146362839614373,7.6066666666666665
M22,MedRGB,M22:mmlu/clinical_knowledge-241:cf_group,mmlu/clinical_knowledge-241,False,True,3423,450,0.13146362839614373,7.6066666666666665
M22,MedRGB,M22:mmlu/clinical_knowledge-242:cf_group,mmlu/clinical_knowledge-242,False,True,3423,450,0.13146362839614373,7.6066666666666665
M22,MedRGB,M22:mmlu/clinical_knowledge-254:cf_group,mmlu/clinical_knowledge-254,False,True,3423,450,0.13146362839614373,7.6066666666666665
M22,MedRGB,M22:mmlu/clinical_knowledge-259:cf_group,mmlu/clinical_knowledge-259,False,True,3423,450,0.13146362839614373,7.6066666666666665
M22,MedRGB,M22:mmlu/clinical_knowledge-263:cf_group,mmlu/clinical_knowledge-263,False,True,3423,450,0.13146362839614373,7.6066666666666665
M22,MedRGB,M22:mmlu/college_biology-001:cf_group,mmlu/college_biology-001,False,True,3423,450,0.13146362839614373,7.6066666666666665
M22,MedRGB,M22:mmlu/college_biology-003:cf_group,mmlu/college_biology-003,False,True,3423,450,0.13146362839614373,7.6066666666666665
M22,MedRGB,M22:mmlu/college_biology-006:cf_group,mmlu/college_biology-006,False,True,3423,450,0.13146362839614373,7.6066666666666665
M22,MedRGB,M22:mmlu/college_biology-035:cf_group,mmlu/college_biology-035,False,True,3423,450,0.13146362839614373,7.6066666666666665
M22,MedRGB,M22:mmlu/college_biology-036:cf_group,mmlu/college_biology-036,False,True,3423,450,0.13146362839614373,7.6066666666666665
M22,MedRGB,M22:mmlu/college_biology-038:cf_group,mmlu/college_biology-038,False,True,3423,450,0.13146362839614373,7.6066666666666665
M22,MedRGB,M22:mmlu/college_biology-041:cf_group,mmlu/college_biology-041,False,True,3423,450,0.13146362839614373,7.6066666666666665
M22,MedRGB,M22:mmlu/college_biology-045:cf_group,mmlu/college_biology-045,False,True,3423,450,0.13146362839614373,7.6066666666666665
M22,MedRGB,M22:mmlu/college_biology-049:cf_group,mmlu/college_biology-049,False,True,3423,450,0.13146362839614373,7.6066666666666665
M22,MedRGB,M22:mmlu/college_biology-050:cf_group,mmlu/college_biology-050,False,True,3423,450,0.13146362839614373,7.6066666666666665
M22,MedRGB,M22:mmlu/college_biology-052:cf_group,mmlu/college_biology-052,False,True,3423,450,0.13146362839614373,7.6066666666666665
M22,MedRGB,M22:mmlu/college_biology-053:cf_group,mmlu/college_biology-053,False,True,3423,450,0.13146362839614373,7.6066666666666665
M22,MedRGB,M22:mmlu/college_biology-059:cf_group,mmlu/college_biology-059,False,True,3423,450,0.13146362839614373,7.6066666666666665
M22,MedRGB,M22:mmlu/college_biology-096:cf_group,mmlu/college_biology-096,False,True,3423,450,0.13146362839614373,7.6066666666666665
M22,MedRGB,M22:mmlu/college_biology-109:cf_group,mmlu/college_biology-109,False,True,3423,450,0.13146362839614373,7.6066666666666665
M22,MedRGB,M22:mmlu/college_biology-116:cf_group,mmlu/college_biology-116,False,True,3423,450,0.13146362839614373,7.6066666666666665
M22,MedRGB,M22:mmlu/college_biology-143:cf_group,mmlu/college_biology-143,False,True,3423,450,0.13146362839614373,7.6066666666666665
M22,MedRGB,M22:mmlu/college_medicine-007:cf_group,mmlu/college_medicine-007,False,True,3423,450,0.13146362839614373,7.6066666666666665
M22,MedRGB,M22:mmlu/college_medicine-009:cf_group,mmlu/college_medicine-009,False,True,3423,450,0.13146362839614373,7.6066666666666665
M22,MedRGB,M22:mmlu/college_medicine-016:cf_group,mmlu/college_medicine-016,False,True,3423,450,0.13146362839614373,7.6066666666666665
M22,MedRGB,M22:mmlu/college_medicine-018:cf_group,mmlu/college_medicine-018,False,True,3423,450,0.13146362839614373,7.6066666666666665
M22,MedRGB,M22:mmlu/college_medicine-035:cf_group,mmlu/college_medicine-035,False,True,3423,450,0.13146362839614373,7.6066666666666665
M22,MedRGB,M22:mmlu/college_medicine-037:cf_group,mmlu/college_medicine-037,False,True,3423,450,0.13146362839614373,7.6066666666666665
M22,MedRGB,M22:mmlu/college_medicine-050:cf_group,mmlu/college_medicine-050,False,True,3423,450,0.13146362839614373,7.6066666666666665
M22,MedRGB,M22:mmlu/college_medicine-058:cf_group,mmlu/college_medicine-058,False,True,3423,450,0.13146362839614373,7.6066666666666665
M22,MedRGB,M22:mmlu/college_medicine-073:cf_group,mmlu/college_medicine-073,False,True,3423,450,0.13146362839614373,7.6066666666666665
M22,MedRGB,M22:mmlu/college_medicine-081:cf_group,mmlu/college_medicine-081,False,True,3423,450,0.13146362839614373,7.6066666666666665
M22,MedRGB,M22:mmlu/college_medicine-094:cf_group,mmlu/college_medicine-094,False,True,3423,450,0.13146362839614373,7.6066666666666665
M22,MedRGB,M22:mmlu/college_medicine-097:cf_group,mmlu/college_medicine-097,False,True,3423,450,0.13146362839614373,7.6066666666666665
M22,MedRGB,M22:mmlu/college_medicine-101:cf_group,mmlu/college_medicine-101,False,True,3423,450,0.13146362839614373,7.6066666666666665
M22,MedRGB,M22:mmlu/college_medicine-108:cf_group,mmlu/college_medicine-108,False,True,3423,450,0.13146362839614373,7.6066666666666665
M22,MedRGB,M22:mmlu/college_medicine-112:cf_group,mmlu/college_medicine-112,False,True,3423,450,0.13146362839614373,7.6066666666666665
M22,MedRGB,M22:mmlu/college_medicine-115:cf_group,mmlu/college_medicine-115,False,True,3423,450,0.13146362839614373,7.6066666666666665
M22,MedRGB,M22:mmlu/college_medicine-117:cf_group,mmlu/college_medicine-117,False,True,3423,450,0.13146362839614373,7.6066666666666665
M22,MedRGB,M22:mmlu/college_medicine-124:cf_group,mmlu/college_medicine-124,False,True,3423,450,0.13146362839614373,7.6066666666666665
M22,MedRGB,M22:mmlu/college_medicine-132:cf_group,mmlu/college_medicine-132,False,True,3423,450,0.13146362839614373,7.6066666666666665
M22,MedRGB,M22:mmlu/college_medicine-141:cf_group,mmlu/college_medicine-141,False,True,3423,450,0.13146362839614373,7.6066666666666665
M22,MedRGB,M22:mmlu/college_medicine-152:cf_group,mmlu/college_medicine-152,False,True,3423,450,0.13146362839614373,7.6066666666666665
M22,MedRGB,M22:mmlu/college_medicine-157:cf_group,mmlu/college_medicine-157,False,True,3423,450,0.13146362839614373,7.6066666666666665
M22,MedRGB,M22:mmlu/college_medicine-160:cf_group,mmlu/college_medicine-160,False,True,3423,450,0.13146362839614373,7.6066666666666665
M22,MedRGB,M22:mmlu/college_medicine-169:cf_group,mmlu/college_medicine-169,False,True,3423,450,0.13146362839614373,7.6066666666666665
M22,MedRGB,M22:mmlu/medical_genetics-007:cf_group,mmlu/medical_genetics-007,False,True,3423,450,0.13146362839614373,7.6066666666666665
M22,MedRGB,M22:mmlu/medical_genetics-013:cf_group,mmlu/medical_genetics-013,False,True,3423,450,0.13146362839614373,7.6066666666666665
M22,MedRGB,M22:mmlu/medical_genetics-023:cf_group,mmlu/medical_genetics-023,False,True,3423,450,0.13146362839614373,7.6066666666666665
M22,MedRGB,M22:mmlu/medical_genetics-031:cf_group,mmlu/medical_genetics-031,False,True,3423,450,0.13146362839614373,7.6066666666666665
M22,MedRGB,M22:mmlu/medical_genetics-041:cf_group,mmlu/medical_genetics-041,False,True,3423,450,0.13146362839614373,7.6066666666666665
M22,MedRGB,M22:mmlu/medical_genetics-053:cf_group,mmlu/medical_genetics-053,False,True,3423,450,0.13146362839614373,7.6066666666666665
M22,MedRGB,M22:mmlu/medical_genetics-059:cf_group,mmlu/medical_genetics-059,False,True,3423,450,0.13146362839614373,7.6066666666666665
M22,MedRGB,M22:mmlu/medical_genetics-061:cf_group,mmlu/medical_genetics-061,False,True,3423,450,0.13146362839614373,7.6066666666666665
M22,MedRGB,M22:mmlu/medical_genetics-063:cf_group,mmlu/medical_genetics-063,False,True,3423,450,0.13146362839614373,7.6066666666666665
M22,MedRGB,M22:mmlu/medical_genetics-073:cf_group,mmlu/medical_genetics-073,False,True,3423,450,0.13146362839614373,7.6066666666666665
M22,MedRGB,M22:mmlu/medical_genetics-076:cf_group,mmlu/medical_genetics-076,False,True,3423,450,0.13146362839614373,7.6066666666666665
M22,MedRGB,M22:mmlu/medical_genetics-077:cf_group,mmlu/medical_genetics-077,False,True,3423,450,0.13146362839614373,7.6066666666666665
M22,MedRGB,M22:mmlu/medical_genetics-082:cf_group,mmlu/medical_genetics-082,False,True,3423,450,0.13146362839614373,7.6066666666666665
M22,MedRGB,M22:mmlu/medical_genetics-087:cf_group,mmlu/medical_genetics-087,False,True,3423,450,0.13146362839614373,7.6066666666666665
M22,MedRGB,M22:mmlu/medical_genetics-094:cf_group,mmlu/medical_genetics-094,False,True,3423,450,0.13146362839614373,7.6066666666666665
M22,MedRGB,M22:mmlu/professional_medicine-003:cf_group,mmlu/professional_medicine-003,False,True,3423,450,0.13146362839614373,7.6066666666666665
M22,MedRGB,M22:mmlu/professional_medicine-005:cf_group,mmlu/professional_medicine-005,False,True,3423,450,0.13146362839614373,7.6066666666666665
M22,MedRGB,M22:mmlu/professional_medicine-010:cf_group,mmlu/professional_medicine-010,False,True,3423,450,0.13146362839614373,7.6066666666666665
M22,MedRGB,M22:mmlu/professional_medicine-016:cf_group,mmlu/professional_medicine-016,False,True,3423,450,0.13146362839614373,7.6066666666666665
M22,MedRGB,M22:mmlu/professional_medicine-023:cf_group,mmlu/professional_medicine-023,False,True,3423,450,0.13146362839614373,7.6066666666666665
M22,MedRGB,M22:mmlu/professional_medicine-024:cf_group,mmlu/professional_medicine-024,False,True,3423,450,0.13146362839614373,7.6066666666666665
M22,MedRGB,M22:mmlu/professional_medicine-026:cf_group,mmlu/professional_medicine-026,False,True,3423,450,0.13146362839614373,7.6066666666666665
M22,MedRGB,M22:mmlu/professional_medicine-027:cf_group,mmlu/professional_medicine-027,False,True,3423,450,0.13146362839614373,7.6066666666666665
M22,MedRGB,M22:mmlu/professional_medicine-046:cf_group,mmlu/professional_medicine-046,False,True,3423,450,0.13146362839614373,7.6066666666666665
M22,MedRGB,M22:mmlu/professional_medicine-063:cf_group,mmlu/professional_medicine-063,False,True,3423,450,0.13146362839614373,7.6066666666666665
M22,MedRGB,M22:mmlu/professional_medicine-075:cf_group,mmlu/professional_medicine-075,False,True,3423,450,0.13146362839614373,7.6066666666666665
M22,MedRGB,M22:mmlu/professional_medicine-098:cf_group,mmlu/professional_medicine-098,False,True,3423,450,0.13146362839614373,7.6066666666666665
M22,MedRGB,M22:mmlu/professional_medicine-105:cf_group,mmlu/professional_medicine-105,False,True,3423,450,0.13146362839614373,7.6066666666666665
M22,MedRGB,M22:mmlu/professional_medicine-106:cf_group,mmlu/professional_medicine-106,False,True,3423,450,0.13146362839614373,7.6066666666666665
M22,MedRGB,M22:mmlu/professional_medicine-115:cf_group,mmlu/professional_medicine-115,False,True,3423,450,0.13146362839614373,7.6066666666666665
M22,MedRGB,M22:mmlu/professional_medicine-126:cf_group,mmlu/professional_medicine-126,False,True,3423,450,0.13146362839614373,7.6066666666666665
M22,MedRGB,M22:mmlu/professional_medicine-132:cf_group,mmlu/professional_medicine-132,False,True,3423,450,0.13146362839614373,7.6066666666666665
M22,MedRGB,M22:mmlu/professional_medicine-147:cf_group,mmlu/professional_medicine-147,False,True,3423,450,0.13146362839614373,7.6066666666666665
M22,MedRGB,M22:mmlu/professional_medicine-157:cf_group,mmlu/professional_medicine-157,False,True,3423,450,0.13146362839614373,7.6066666666666665
M22,MedRGB,M22:mmlu/professional_medicine-173:cf_group,mmlu/professional_medicine-173,False,True,3423,450,0.13146362839614373,7.6066666666666665
M22,MedRGB,M22:mmlu/professional_medicine-174:cf_group,mmlu/professional_medicine-174,False,True,3423,450,0.13146362839614373,7.6066666666666665
M22,MedRGB,M22:mmlu/professional_medicine-186:cf_group,mmlu/professional_medicine-186,False,True,3423,450,0.13146362839614373,7.6066666666666665
M22,MedRGB,M22:mmlu/professional_medicine-190:cf_group,mmlu/professional_medicine-190,False,True,3423,450,0.13146362839614373,7.6066666666666665
M22,MedRGB,M22:mmlu/professional_medicine-203:cf_group,mmlu/professional_medicine-203,False,True,3423,450,0.13146362839614373,7.6066666666666665
M22,MedRGB,M22:mmlu/professional_medicine-205:cf_group,mmlu/professional_medicine-205,False,True,3423,450,0.13146362839614373,7.6066666666666665
M22,MedRGB,M22:mmlu/professional_medicine-209:cf_group,mmlu/professional_medicine-209,False,True,3423,450,0.13146362839614373,7.6066666666666665
M22,MedRGB,M22:mmlu/professional_medicine-212:cf_group,mmlu/professional_medicine-212,False,True,3423,450,0.13146362839614373,7.6066666666666665
M22,MedRGB,M22:mmlu/professional_medicine-213:cf_group,mmlu/professional_medicine-213,False,True,3423,450,0.13146362839614373,7.6066666666666665
M22,MedRGB,M22:mmlu/professional_medicine-222:cf_group,mmlu/professional_medicine-222,False,True,3423,450,0.13146362839614373,7.6066666666666665
M22,MedRGB,M22:mmlu/professional_medicine-247:cf_group,mmlu/professional_medicine-247,False,True,3423,450,0.13146362839614373,7.6066666666666665
M22,MedRGB,M22:mmlu/professional_medicine-251:cf_group,mmlu/professional_medicine-251,False,True,3423,450,0.13146362839614373,7.6066666666666665
M22,MedRGB,M22:pubmedqa/10158597:cf_group,pubmedqa/10158597,False,True,3423,450,0.13146362839614373,7.6066666666666665
M22,MedRGB,M22:pubmedqa/10922093:cf_group,pubmedqa/10922093,False,True,3423,450,0.13146362839614373,7.6066666666666665
M22,MedRGB,M22:pubmedqa/11481172:cf_group,pubmedqa/11481172,False,True,3423,450,0.13146362839614373,7.6066666666666665
M22,MedRGB,M22:pubmedqa/11570976:cf_group,pubmedqa/11570976,False,True,3423,450,0.13146362839614373,7.6066666666666665
M22,MedRGB,M22:pubmedqa/11955750:cf_group,pubmedqa/11955750,False,True,3423,450,0.13146362839614373,7.6066666666666665
M22,MedRGB,M22:pubmedqa/11977907:cf_group,pubmedqa/11977907,False,True,3423,450,0.13146362839614373,7.6066666666666665
M22,MedRGB,M22:pubmedqa/12070552:cf_group,pubmedqa/12070552,False,True,3423,450,0.13146362839614373,7.6066666666666665
M22,MedRGB,M22:pubmedqa/12094116:cf_group,pubmedqa/12094116,False,True,3423,450,0.13146362839614373,7.6066666666666665
M22,MedRGB,M22:pubmedqa/12145243:cf_group,pubmedqa/12145243,False,True,3423,450,0.13146362839614373,7.6066666666666665
M22,MedRGB,M22:pubmedqa/12163782:cf_group,pubmedqa/12163782,False,True,3423,450,0.13146362839614373,7.6066666666666665
M22,MedRGB,M22:pubmedqa/12913878:cf_group,pubmedqa/12913878,False,True,3423,450,0.13146362839614373,7.6066666666666665
M22,MedRGB,M22:pubmedqa/14627582:cf_group,pubmedqa/14627582,False,True,3423,450,0.13146362839614373,7.6066666666666665
M22,MedRGB,M22:pubmedqa/14872327:cf_group,pubmedqa/14872327,False,True,3423,450,0.13146362839614373,7.6066666666666665
M22,MedRGB,M22:pubmedqa/14968373:cf_group,pubmedqa/14968373,False,True,3423,450,0.13146362839614373,7.6066666666666665
M22,MedRGB,M22:pubmedqa/15151701:cf_group,pubmedqa/15151701,False,True,3423,450,0.13146362839614373,7.6066666666666665
M22,MedRGB,M22:pubmedqa/16538201:cf_group,pubmedqa/16538201,False,True,3423,450,0.13146362839614373,7.6066666666666665
M22,MedRGB,M22:pubmedqa/16971978:cf_group,pubmedqa/16971978,False,True,3423,450,0.13146362839614373,7.6066666666666665
M22,MedRGB,M22:pubmedqa/17032327:cf_group,pubmedqa/17032327,False,True,3423,450,0.13146362839614373,7.6066666666666665
M22,MedRGB,M22:pubmedqa/17062234:cf_group,pubmedqa/17062234,False,True,3423,450,0.13146362839614373,7.6066666666666665
M22,MedRGB,M22:pubmedqa/17192736:cf_group,pubmedqa/17192736,False,True,3423,450,0.13146362839614373,7.6066666666666665
M22,MedRGB,M22:pubmedqa/17274051:cf_group,pubmedqa/17274051,False,True,3423,450,0.13146362839614373,7.6066666666666665
M22,MedRGB,M22:pubmedqa/18274917:cf_group,pubmedqa/18274917,False,True,3423,450,0.13146362839614373,7.6066666666666665
M22,MedRGB,M22:pubmedqa/19100463:cf_group,pubmedqa/19100463,False,True,3423,450,0.13146362839614373,7.6066666666666665
M22,MedRGB,M22:pubmedqa/19836806:cf_group,pubmedqa/19836806,False,True,3423,450,0.13146362839614373,7.6066666666666665
M22,MedRGB,M22:pubmedqa/20337202:cf_group,pubmedqa/20337202,False,True,3423,450,0.13146362839614373,7.6066666666666665
M22,MedRGB,M22:pubmedqa/20549895:cf_group,pubmedqa/20549895,False,True,3423,450,0.13146362839614373,7.6066666666666665
M22,MedRGB,M22:pubmedqa/20736672:cf_group,pubmedqa/20736672,False,True,3423,450,0.13146362839614373,7.6066666666666665
M22,MedRGB,M22:pubmedqa/20850631:cf_group,pubmedqa/20850631,False,True,3423,450,0.13146362839614373,7.6066666666666665
M22,MedRGB,M22:pubmedqa/21342862:cf_group,pubmedqa/21342862,False,True,3423,450,0.13146362839614373,7.6066666666666665
M22,MedRGB,M22:pubmedqa/21431987:cf_group,pubmedqa/21431987,False,True,3423,450,0.13146362839614373,7.6066666666666665
M22,MedRGB,M22:pubmedqa/21689015:cf_group,pubmedqa/21689015,False,True,3423,450,0.13146362839614373,7.6066666666666665
M22,MedRGB,M22:pubmedqa/21712147:cf_group,pubmedqa/21712147,False,True,3423,450,0.13146362839614373,7.6066666666666665
M22,MedRGB,M22:pubmedqa/22188074:cf_group,pubmedqa/22188074,False,True,3423,450,0.13146362839614373,7.6066666666666665
M22,MedRGB,M22:pubmedqa/22302761:cf_group,pubmedqa/22302761,False,True,3423,450,0.13146362839614373,7.6066666666666665
M22,MedRGB,M22:pubmedqa/22453060:cf_group,pubmedqa/22453060,False,True,3423,450,0.13146362839614373,7.6066666666666665
M22,MedRGB,M22:pubmedqa/22540518:cf_group,pubmedqa/22540518,False,True,3423,450,0.13146362839614373,7.6066666666666665
M22,MedRGB,M22:pubmedqa/22876568:cf_group,pubmedqa/22876568,False,True,3423,450,0.13146362839614373,7.6066666666666665
M22,MedRGB,M22:pubmedqa/22902073:cf_group,pubmedqa/22902073,False,True,3423,450,0.13146362839614373,7.6066666666666665
M22,MedRGB,M22:pubmedqa/23076787:cf_group,pubmedqa/23076787,False,True,3423,450,0.13146362839614373,7.6066666666666665
M22,MedRGB,M22:pubmedqa/23149821:cf_group,pubmedqa/23149821,False,True,3423,450,0.13146362839614373,7.6066666666666665
M22,MedRGB,M22:pubmedqa/23224030:cf_group,pubmedqa/23224030,False,True,3423,450,0.13146362839614373,7.6066666666666665
M22,MedRGB,M22:pubmedqa/23359100:cf_group,pubmedqa/23359100,False,True,3423,450,0.13146362839614373,7.6066666666666665
M22,MedRGB,M22:pubmedqa/23736032:cf_group,pubmedqa/23736032,False,True,3423,450,0.13146362839614373,7.6066666666666665
M22,MedRGB,M22:pubmedqa/23949294:cf_group,pubmedqa/23949294,False,True,3423,450,0.13146362839614373,7.6066666666666665
M22,MedRGB,M22:pubmedqa/24013712:cf_group,pubmedqa/24013712,False,True,3423,450,0.13146362839614373,7.6066666666666665
M22,MedRGB,M22:pubmedqa/24449622:cf_group,pubmedqa/24449622,False,True,3423,450,0.13146362839614373,7.6066666666666665
M22,MedRGB,M22:pubmedqa/24577079:cf_group,pubmedqa/24577079,False,True,3423,450,0.13146362839614373,7.6066666666666665
M22,MedRGB,M22:pubmedqa/24671913:cf_group,pubmedqa/24671913,False,True,3423,450,0.13146362839614373,7.6066666666666665
M22,MedRGB,M22:pubmedqa/24739448:cf_group,pubmedqa/24739448,False,True,3423,450,0.13146362839614373,7.6066666666666665
M22,MedRGB,M22:pubmedqa/25311479:cf_group,pubmedqa/25311479,False,True,3423,450,0.13146362839614373,7.6066666666666665
M22,MedRGB,M22:pubmedqa/25571931:cf_group,pubmedqa/25571931,False,True,3423,450,0.13146362839614373,7.6066666666666665
M22,MedRGB,M22:pubmedqa/25725704:cf_group,pubmedqa/25725704,False,True,3423,450,0.13146362839614373,7.6066666666666665
M22,MedRGB,M22:pubmedqa/25986020:cf_group,pubmedqa/25986020,False,True,3423,450,0.13146362839614373,7.6066666666666665
M22,MedRGB,M22:pubmedqa/26561905:cf_group,pubmedqa/26561905,False,True,3423,450,0.13146362839614373,7.6066666666666665
M22,MedRGB,M22:pubmedqa/26864326:cf_group,pubmedqa/26864326,False,True,3423,450,0.13146362839614373,7.6066666666666665
M22,MedRGB,M22:pubmedqa/27131771:cf_group,pubmedqa/27131771,False,True,3423,450,0.13146362839614373,7.6066666666666665
M22,MedRGB,M22:pubmedqa/27456836:cf_group,pubmedqa/27456836,False,True,3423,450,0.13146362839614373,7.6066666666666665
M22,MedRGB,M22:pubmedqa/27592038:cf_group,pubmedqa/27592038,False,True,3423,450,0.13146362839614373,7.6066666666666665
M22,MedRGB,M22:pubmedqa/27757987:cf_group,pubmedqa/27757987,False,True,3423,450,0.13146362839614373,7.6066666666666665
M22,MedRGB,M22:pubmedqa/28196511:cf_group,pubmedqa/28196511,False,True,3423,450,0.13146362839614373,7.6066666666666665
M22,MedRGB,M22:pubmedqa/8521557:cf_group,pubmedqa/8521557,False,True,3423,450,0.13146362839614373,7.6066666666666665
M22,MedRGB,M22:pubmedqa/8910148:cf_group,pubmedqa/8910148,False,True,3423,450,0.13146362839614373,7.6066666666666665
M22,MedRGB,M22:pubmedqa/9722752:cf_group,pubmedqa/9722752,False,True,3423,450,0.13146362839614373,7.6066666666666665
M23,BioRAB,M23:BioNLI:noise100:row1013,BioNLI:exact_context:1013,False,True,12591,450,0.035739814152966405,27.98
M23,BioRAB,M23:BioNLI:noise100:row1088,BioNLI:exact_context:1088,False,True,12591,450,0.035739814152966405,27.98
M23,BioRAB,M23:BioNLI:noise100:row11,BioNLI:exact_context:11,False,True,12591,450,0.035739814152966405,27.98
M23,BioRAB,M23:BioNLI:noise100:row1111,BioNLI:exact_context:1111,False,True,12591,450,0.035739814152966405,27.98
M23,BioRAB,M23:BioNLI:noise100:row1124,BioNLI:exact_context:1124,False,True,12591,450,0.035739814152966405,27.98
M23,BioRAB,M23:BioNLI:noise100:row1130,BioNLI:exact_context:1130,False,True,12591,450,0.035739814152966405,27.98
M23,BioRAB,M23:BioNLI:noise100:row1161,BioNLI:exact_context:1161,False,True,12591,450,0.035739814152966405,27.98
M23,BioRAB,M23:BioNLI:noise100:row1170,BioNLI:exact_context:1170,False,True,12591,450,0.035739814152966405,27.98
M23,BioRAB,M23:BioNLI:noise100:row1181,BioNLI:exact_context:1181,False,True,12591,450,0.035739814152966405,27.98
M23,BioRAB,M23:BioNLI:noise100:row1242,BioNLI:exact_context:1242,False,True,12591,450,0.035739814152966405,27.98
M23,BioRAB,M23:BioNLI:noise100:row1247,BioNLI:exact_context:1247,False,True,12591,450,0.035739814152966405,27.98
M23,BioRAB,M23:BioNLI:noise100:row1268,BioNLI:exact_context:1268,False,True,12591,450,0.035739814152966405,27.98
M23,BioRAB,M23:BioNLI:noise100:row1275,BioNLI:exact_context:1275,False,True,12591,450,0.035739814152966405,27.98
M23,BioRAB,M23:BioNLI:noise100:row1282,BioNLI:exact_context:1282,False,True,12591,450,0.035739814152966405,27.98
M23,BioRAB,M23:BioNLI:noise100:row1326,BioNLI:exact_context:1326,False,True,12591,450,0.035739814152966405,27.98
M23,BioRAB,M23:BioNLI:noise100:row138,BioNLI:exact_context:138,False,True,12591,450,0.035739814152966405,27.98
M23,BioRAB,M23:BioNLI:noise100:row144,BioNLI:exact_context:144,False,True,12591,450,0.035739814152966405,27.98
M23,BioRAB,M23:BioNLI:noise100:row1522,BioNLI:exact_context:1522,False,True,12591,450,0.035739814152966405,27.98
M23,BioRAB,M23:BioNLI:noise100:row1555,BioNLI:exact_context:1555,False,True,12591,450,0.035739814152966405,27.98
M23,BioRAB,M23:BioNLI:noise100:row1561,BioNLI:exact_context:1561,False,True,12591,450,0.035739814152966405,27.98
M23,BioRAB,M23:BioNLI:noise100:row1578,BioNLI:exact_context:1578,False,True,12591,450,0.035739814152966405,27.98
M23,BioRAB,M23:BioNLI:noise100:row1619,BioNLI:exact_context:1619,False,True,12591,450,0.035739814152966405,27.98
M23,BioRAB,M23:BioNLI:noise100:row1646,BioNLI:exact_context:1646,False,True,12591,450,0.035739814152966405,27.98
M23,BioRAB,M23:BioNLI:noise100:row1657,BioNLI:exact_context:1657,False,True,12591,450,0.035739814152966405,27.98
M23,BioRAB,M23:BioNLI:noise100:row1668,BioNLI:exact_context:1668,False,True,12591,450,0.035739814152966405,27.98
M23,BioRAB,M23:BioNLI:noise100:row1695,BioNLI:exact_context:1695,False,True,12591,450,0.035739814152966405,27.98
M23,BioRAB,M23:BioNLI:noise100:row1699,BioNLI:exact_context:1699,False,True,12591,450,0.035739814152966405,27.98
M23,BioRAB,M23:BioNLI:noise100:row1764,BioNLI:exact_context:1764,False,True,12591,450,0.035739814152966405,27.98
M23,BioRAB,M23:BioNLI:noise100:row1787,BioNLI:exact_context:1787,False,True,12591,450,0.035739814152966405,27.98
M23,BioRAB,M23:BioNLI:noise100:row1825,BioNLI:exact_context:1825,False,True,12591,450,0.035739814152966405,27.98
M23,BioRAB,M23:BioNLI:noise100:row1882,BioNLI:exact_context:1882,False,True,12591,450,0.035739814152966405,27.98
M23,BioRAB,M23:BioNLI:noise100:row1894,BioNLI:exact_context:1894,False,True,12591,450,0.035739814152966405,27.98
M23,BioRAB,M23:BioNLI:noise100:row1899,BioNLI:exact_context:1899,False,True,12591,450,0.035739814152966405,27.98
M23,BioRAB,M23:BioNLI:noise100:row1952,BioNLI:exact_context:1952,False,True,12591,450,0.035739814152966405,27.98
M23,BioRAB,M23:BioNLI:noise100:row1957,BioNLI:exact_context:1957,False,True,12591,450,0.035739814152966405,27.98
M23,BioRAB,M23:BioNLI:noise100:row1999,BioNLI:exact_context:1999,False,True,12591,450,0.035739814152966405,27.98
M23,BioRAB,M23:BioNLI:noise100:row2014,BioNLI:exact_context:2014,False,True,12591,450,0.035739814152966405,27.98
M23,BioRAB,M23:BioNLI:noise100:row2072,BioNLI:exact_context:2072,False,True,12591,450,0.035739814152966405,27.98
M23,BioRAB,M23:BioNLI:noise100:row2080,BioNLI:exact_context:2080,False,True,12591,450,0.035739814152966405,27.98
M23,BioRAB,M23:BioNLI:noise100:row2094,BioNLI:exact_context:2094,False,True,12591,450,0.035739814152966405,27.98
M23,BioRAB,M23:BioNLI:noise100:row2101,BioNLI:exact_context:2101,False,True,12591,450,0.035739814152966405,27.98
M23,BioRAB,M23:BioNLI:noise100:row2113,BioNLI:exact_context:2113,False,True,12591,450,0.035739814152966405,27.98
M23,BioRAB,M23:BioNLI:noise100:row2115,BioNLI:exact_context:2115,False,True,12591,450,0.035739814152966405,27.98
M23,BioRAB,M23:BioNLI:noise100:row2119,BioNLI:exact_context:2119,False,True,12591,450,0.035739814152966405,27.98
M23,BioRAB,M23:BioNLI:noise100:row2189,BioNLI:exact_context:2189,False,True,12591,450,0.035739814152966405,27.98
M23,BioRAB,M23:BioNLI:noise100:row2190,BioNLI:exact_context:2190,False,True,12591,450,0.035739814152966405,27.98
M23,BioRAB,M23:BioNLI:noise100:row2193,BioNLI:exact_context:2193,False,True,12591,450,0.035739814152966405,27.98
M23,BioRAB,M23:BioNLI:noise100:row2195,BioNLI:exact_context:2195,False,True,12591,450,0.035739814152966405,27.98
M23,BioRAB,M23:BioNLI:noise100:row2245,BioNLI:exact_context:2245,False,True,12591,450,0.035739814152966405,27.98
M23,BioRAB,M23:BioNLI:noise100:row2251,BioNLI:exact_context:2251,False,True,12591,450,0.035739814152966405,27.98
M23,BioRAB,M23:BioNLI:noise100:row2298,BioNLI:exact_context:2298,False,True,12591,450,0.035739814152966405,27.98
M23,BioRAB,M23:BioNLI:noise100:row2330,BioNLI:exact_context:2330,False,True,12591,450,0.035739814152966405,27.98
M23,BioRAB,M23:BioNLI:noise100:row2346,BioNLI:exact_context:2346,False,True,12591,450,0.035739814152966405,27.98
M23,BioRAB,M23:BioNLI:noise100:row2355,BioNLI:exact_context:2355,False,True,12591,450,0.035739814152966405,27.98
M23,BioRAB,M23:BioNLI:noise100:row2376,BioNLI:exact_context:2376,False,True,12591,450,0.035739814152966405,27.98
M23,BioRAB,M23:BioNLI:noise100:row2392,BioNLI:exact_context:2392,False,True,12591,450,0.035739814152966405,27.98
M23,BioRAB,M23:BioNLI:noise100:row2453,BioNLI:exact_context:2453,False,True,12591,450,0.035739814152966405,27.98
M23,BioRAB,M23:BioNLI:noise100:row2462,BioNLI:exact_context:2462,False,True,12591,450,0.035739814152966405,27.98
M23,BioRAB,M23:BioNLI:noise100:row2507,BioNLI:exact_context:2507,False,True,12591,450,0.035739814152966405,27.98
M23,BioRAB,M23:BioNLI:noise100:row2551,BioNLI:exact_context:2551,False,True,12591,450,0.035739814152966405,27.98
M23,BioRAB,M23:BioNLI:noise100:row2555,BioNLI:exact_context:2555,False,True,12591,450,0.035739814152966405,27.98
M23,BioRAB,M23:BioNLI:noise100:row2558,BioNLI:exact_context:2558,False,True,12591,450,0.035739814152966405,27.98
M23,BioRAB,M23:BioNLI:noise100:row2576,BioNLI:exact_context:2576,False,True,12591,450,0.035739814152966405,27.98
M23,BioRAB,M23:BioNLI:noise100:row2590,BioNLI:exact_context:2590,False,True,12591,450,0.035739814152966405,27.98
M23,BioRAB,M23:BioNLI:noise100:row2606,BioNLI:exact_context:2606,False,True,12591,450,0.035739814152966405,27.98
M23,BioRAB,M23:BioNLI:noise100:row2649,BioNLI:exact_context:2649,False,True,12591,450,0.035739814152966405,27.98
M23,BioRAB,M23:BioNLI:noise100:row2723,BioNLI:exact_context:2723,False,True,12591,450,0.035739814152966405,27.98
M23,BioRAB,M23:BioNLI:noise100:row2724,BioNLI:exact_context:2724,False,True,12591,450,0.035739814152966405,27.98
M23,BioRAB,M23:BioNLI:noise100:row277,BioNLI:exact_context:277,False,True,12591,450,0.035739814152966405,27.98
M23,BioRAB,M23:BioNLI:noise100:row2829,BioNLI:exact_context:2829,False,True,12591,450,0.035739814152966405,27.98
M23,BioRAB,M23:BioNLI:noise100:row2841,BioNLI:exact_context:2841,False,True,12591,450,0.035739814152966405,27.98
M23,BioRAB,M23:BioNLI:noise100:row2842,BioNLI:exact_context:2842,False,True,12591,450,0.035739814152966405,27.98
M23,BioRAB,M23:BioNLI:noise100:row2862,BioNLI:exact_context:2862,False,True,12591,450,0.035739814152966405,27.98
M23,BioRAB,M23:BioNLI:noise100:row2910,BioNLI:exact_context:2910,False,True,12591,450,0.035739814152966405,27.98
M23,BioRAB,M23:BioNLI:noise100:row2955,BioNLI:exact_context:2955,False,True,12591,450,0.035739814152966405,27.98
M23,BioRAB,M23:BioNLI:noise100:row2993,BioNLI:exact_context:2993,False,True,12591,450,0.035739814152966405,27.98
M23,BioRAB,M23:BioNLI:noise100:row2997,BioNLI:exact_context:2997,False,True,12591,450,0.035739814152966405,27.98
M23,BioRAB,M23:BioNLI:noise100:row300,BioNLI:exact_context:300,False,True,12591,450,0.035739814152966405,27.98
M23,BioRAB,M23:BioNLI:noise100:row3174,BioNLI:exact_context:3174,False,True,12591,450,0.035739814152966405,27.98
M23,BioRAB,M23:BioNLI:noise100:row3182,BioNLI:exact_context:3182,False,True,12591,450,0.035739814152966405,27.98
M23,BioRAB,M23:BioNLI:noise100:row3200,BioNLI:exact_context:3200,False,True,12591,450,0.035739814152966405,27.98
M23,BioRAB,M23:BioNLI:noise100:row3221,BioNLI:exact_context:3221,False,True,12591,450,0.035739814152966405,27.98
M23,BioRAB,M23:BioNLI:noise100:row3227,BioNLI:exact_context:3227,False,True,12591,450,0.035739814152966405,27.98
M23,BioRAB,M23:BioNLI:noise100:row3244,BioNLI:exact_context:3244,False,True,12591,450,0.035739814152966405,27.98
M23,BioRAB,M23:BioNLI:noise100:row3313,BioNLI:exact_context:3313,False,True,12591,450,0.035739814152966405,27.98
M23,BioRAB,M23:BioNLI:noise100:row3376,BioNLI:exact_context:3376,False,True,12591,450,0.035739814152966405,27.98
M23,BioRAB,M23:BioNLI:noise100:row3414,BioNLI:exact_context:3414,False,True,12591,450,0.035739814152966405,27.98
M23,BioRAB,M23:BioNLI:noise100:row3426,BioNLI:exact_context:3426,False,True,12591,450,0.035739814152966405,27.98
M23,BioRAB,M23:BioNLI:noise100:row3447,BioNLI:exact_context:3447,False,True,12591,450,0.035739814152966405,27.98
M23,BioRAB,M23:BioNLI:noise100:row350,BioNLI:exact_context:350,False,True,12591,450,0.035739814152966405,27.98
M23,BioRAB,M23:BioNLI:noise100:row3502,BioNLI:exact_context:3502,False,True,12591,450,0.035739814152966405,27.98
M23,BioRAB,M23:BioNLI:noise100:row3535,BioNLI:exact_context:3535,False,True,12591,450,0.035739814152966405,27.98
M23,BioRAB,M23:BioNLI:noise100:row354,BioNLI:exact_context:354,False,True,12591,450,0.035739814152966405,27.98
M23,BioRAB,M23:BioNLI:noise100:row3540,BioNLI:exact_context:3540,False,True,12591,450,0.035739814152966405,27.98
M23,BioRAB,M23:BioNLI:noise100:row3552,BioNLI:exact_context:3552,False,True,12591,450,0.035739814152966405,27.98
M23,BioRAB,M23:BioNLI:noise100:row3555,BioNLI:exact_context:3555,False,True,12591,450,0.035739814152966405,27.98
M23,BioRAB,M23:BioNLI:noise100:row3579,BioNLI:exact_context:3579,False,True,12591,450,0.035739814152966405,27.98
M23,BioRAB,M23:BioNLI:noise100:row36,BioNLI:exact_context:36,False,True,12591,450,0.035739814152966405,27.98
M23,BioRAB,M23:BioNLI:noise100:row3622,BioNLI:exact_context:3622,False,True,12591,450,0.035739814152966405,27.98
M23,BioRAB,M23:BioNLI:noise100:row363,BioNLI:exact_context:363,False,True,12591,450,0.035739814152966405,27.98
M23,BioRAB,M23:BioNLI:noise100:row3652,BioNLI:exact_context:3652,False,True,12591,450,0.035739814152966405,27.98
M23,BioRAB,M23:BioNLI:noise100:row3683,BioNLI:exact_context:3683,False,True,12591,450,0.035739814152966405,27.98
M23,BioRAB,M23:BioNLI:noise100:row374,BioNLI:exact_context:374,False,True,12591,450,0.035739814152966405,27.98
M23,BioRAB,M23:BioNLI:noise100:row3742,BioNLI:exact_context:3742,False,True,12591,450,0.035739814152966405,27.98
M23,BioRAB,M23:BioNLI:noise100:row3744,BioNLI:exact_context:3744,False,True,12591,450,0.035739814152966405,27.98
M23,BioRAB,M23:BioNLI:noise100:row3762,BioNLI:exact_context:3762,False,True,12591,450,0.035739814152966405,27.98
M23,BioRAB,M23:BioNLI:noise100:row3789,BioNLI:exact_context:3789,False,True,12591,450,0.035739814152966405,27.98
M23,BioRAB,M23:BioNLI:noise100:row3794,BioNLI:exact_context:3794,False,True,12591,450,0.035739814152966405,27.98
M23,BioRAB,M23:BioNLI:noise100:row3865,BioNLI:exact_context:3865,False,True,12591,450,0.035739814152966405,27.98
M23,BioRAB,M23:BioNLI:noise100:row3872,BioNLI:exact_context:3872,False,True,12591,450,0.035739814152966405,27.98
M23,BioRAB,M23:BioNLI:noise100:row3880,BioNLI:exact_context:3880,False,True,12591,450,0.035739814152966405,27.98
M23,BioRAB,M23:BioNLI:noise100:row3895,BioNLI:exact_context:3895,False,True,12591,450,0.035739814152966405,27.98
M23,BioRAB,M23:BioNLI:noise100:row3903,BioNLI:exact_context:3903,False,True,12591,450,0.035739814152966405,27.98
M23,BioRAB,M23:BioNLI:noise100:row3907,BioNLI:exact_context:3907,False,True,12591,450,0.035739814152966405,27.98
M23,BioRAB,M23:BioNLI:noise100:row3913,BioNLI:exact_context:3913,False,True,12591,450,0.035739814152966405,27.98
M23,BioRAB,M23:BioNLI:noise100:row3919,BioNLI:exact_context:3919,False,True,12591,450,0.035739814152966405,27.98
M23,BioRAB,M23:BioNLI:noise100:row3933,BioNLI:exact_context:3933,False,True,12591,450,0.035739814152966405,27.98
M23,BioRAB,M23:BioNLI:noise100:row3943,BioNLI:exact_context:3943,False,True,12591,450,0.035739814152966405,27.98
M23,BioRAB,M23:BioNLI:noise100:row3965,BioNLI:exact_context:3965,False,True,12591,450,0.035739814152966405,27.98
M23,BioRAB,M23:BioNLI:noise100:row4036,BioNLI:exact_context:4036,False,True,12591,450,0.035739814152966405,27.98
M23,BioRAB,M23:BioNLI:noise100:row4094,BioNLI:exact_context:4094,False,True,12591,450,0.035739814152966405,27.98
M23,BioRAB,M23:BioNLI:noise100:row4132,BioNLI:exact_context:4132,False,True,12591,450,0.035739814152966405,27.98
M23,BioRAB,M23:BioNLI:noise100:row4134,BioNLI:exact_context:4134,False,True,12591,450,0.035739814152966405,27.98
M23,BioRAB,M23:BioNLI:noise100:row4143,BioNLI:exact_context:4143,False,True,12591,450,0.035739814152966405,27.98
M23,BioRAB,M23:BioNLI:noise100:row4145,BioNLI:exact_context:4145,False,True,12591,450,0.035739814152966405,27.98
M23,BioRAB,M23:BioNLI:noise100:row4208,BioNLI:exact_context:4208,False,True,12591,450,0.035739814152966405,27.98
M23,BioRAB,M23:BioNLI:noise100:row4252,BioNLI:exact_context:4252,False,True,12591,450,0.035739814152966405,27.98
M23,BioRAB,M23:BioNLI:noise100:row4266,BioNLI:exact_context:4266,False,True,12591,450,0.035739814152966405,27.98
M23,BioRAB,M23:BioNLI:noise100:row429,BioNLI:exact_context:429,False,True,12591,450,0.035739814152966405,27.98
M23,BioRAB,M23:BioNLI:noise100:row4298,BioNLI:exact_context:4298,False,True,12591,450,0.035739814152966405,27.98
M23,BioRAB,M23:BioNLI:noise100:row431,BioNLI:exact_context:431,False,True,12591,450,0.035739814152966405,27.98
M23,BioRAB,M23:BioNLI:noise100:row4329,BioNLI:exact_context:4329,False,True,12591,450,0.035739814152966405,27.98
M23,BioRAB,M23:BioNLI:noise100:row4330,BioNLI:exact_context:4330,False,True,12591,450,0.035739814152966405,27.98
M23,BioRAB,M23:BioNLI:noise100:row4341,BioNLI:exact_context:4341,False,True,12591,450,0.035739814152966405,27.98
M23,BioRAB,M23:BioNLI:noise100:row4377,BioNLI:exact_context:4377,False,True,12591,450,0.035739814152966405,27.98
M23,BioRAB,M23:BioNLI:noise100:row4382,BioNLI:exact_context:4382,False,True,12591,450,0.035739814152966405,27.98
M23,BioRAB,M23:BioNLI:noise100:row4423,BioNLI:exact_context:4423,False,True,12591,450,0.035739814152966405,27.98
M23,BioRAB,M23:BioNLI:noise100:row4442,BioNLI:exact_context:4442,False,True,12591,450,0.035739814152966405,27.98
M23,BioRAB,M23:BioNLI:noise100:row4445,BioNLI:exact_context:4445,False,True,12591,450,0.035739814152966405,27.98
M23,BioRAB,M23:BioNLI:noise100:row4447,BioNLI:exact_context:4447,False,True,12591,450,0.035739814152966405,27.98
M23,BioRAB,M23:BioNLI:noise100:row4450,BioNLI:exact_context:4450,False,True,12591,450,0.035739814152966405,27.98
M23,BioRAB,M23:BioNLI:noise100:row4485,BioNLI:exact_context:4485,False,True,12591,450,0.035739814152966405,27.98
M23,BioRAB,M23:BioNLI:noise100:row4515,BioNLI:exact_context:4515,False,True,12591,450,0.035739814152966405,27.98
M23,BioRAB,M23:BioNLI:noise100:row4525,BioNLI:exact_context:4525,False,True,12591,450,0.035739814152966405,27.98
M23,BioRAB,M23:BioNLI:noise100:row4603,BioNLI:exact_context:4603,False,True,12591,450,0.035739814152966405,27.98
M23,BioRAB,M23:BioNLI:noise100:row4630,BioNLI:exact_context:4630,False,True,12591,450,0.035739814152966405,27.98
M23,BioRAB,M23:BioNLI:noise100:row4665,BioNLI:exact_context:4665,False,True,12591,450,0.035739814152966405,27.98
M23,BioRAB,M23:BioNLI:noise100:row4670,BioNLI:exact_context:4670,False,True,12591,450,0.035739814152966405,27.98
M23,BioRAB,M23:BioNLI:noise100:row4678,BioNLI:exact_context:4678,False,True,12591,450,0.035739814152966405,27.98
M23,BioRAB,M23:BioNLI:noise100:row4688,BioNLI:exact_context:4688,False,True,12591,450,0.035739814152966405,27.98
M23,BioRAB,M23:BioNLI:noise100:row4689,BioNLI:exact_context:4689,False,True,12591,450,0.035739814152966405,27.98
M23,BioRAB,M23:BioNLI:noise100:row469,BioNLI:exact_context:469,False,True,12591,450,0.035739814152966405,27.98
M23,BioRAB,M23:BioNLI:noise100:row4691,BioNLI:exact_context:4691,False,True,12591,450,0.035739814152966405,27.98
M23,BioRAB,M23:BioNLI:noise100:row4696,BioNLI:exact_context:4696,False,True,12591,450,0.035739814152966405,27.98
M23,BioRAB,M23:BioNLI:noise100:row4700,BioNLI:exact_context:4700,False,True,12591,450,0.035739814152966405,27.98
M23,BioRAB,M23:BioNLI:noise100:row4708,BioNLI:exact_context:4708,False,True,12591,450,0.035739814152966405,27.98
M23,BioRAB,M23:BioNLI:noise100:row4737,BioNLI:exact_context:4737,False,True,12591,450,0.035739814152966405,27.98
M23,BioRAB,M23:BioNLI:noise100:row4758,BioNLI:exact_context:4758,False,True,12591,450,0.035739814152966405,27.98
M23,BioRAB,M23:BioNLI:noise100:row4761,BioNLI:exact_context:4761,False,True,12591,450,0.035739814152966405,27.98
M23,BioRAB,M23:BioNLI:noise100:row4809,BioNLI:exact_context:4809,False,True,12591,450,0.035739814152966405,27.98
M23,BioRAB,M23:BioNLI:noise100:row490,BioNLI:exact_context:490,False,True,12591,450,0.035739814152966405,27.98
M23,BioRAB,M23:BioNLI:noise100:row4902,BioNLI:exact_context:4902,False,True,12591,450,0.035739814152966405,27.98
M23,BioRAB,M23:BioNLI:noise100:row4910,BioNLI:exact_context:4910,False,True,12591,450,0.035739814152966405,27.98
M23,BioRAB,M23:BioNLI:noise100:row4916,BioNLI:exact_context:4916,False,True,12591,450,0.035739814152966405,27.98
M23,BioRAB,M23:BioNLI:noise100:row4918,BioNLI:exact_context:4918,False,True,12591,450,0.035739814152966405,27.98
M23,BioRAB,M23:BioNLI:noise100:row4943,BioNLI:exact_context:4942,False,True,12591,450,0.035739814152966405,27.98
M23,BioRAB,M23:BioNLI:noise100:row499,BioNLI:exact_context:499,False,True,12591,450,0.035739814152966405,27.98
M23,BioRAB,M23:BioNLI:noise100:row5003,BioNLI:exact_context:4998,False,True,12591,450,0.035739814152966405,27.98
M23,BioRAB,M23:BioNLI:noise100:row5054,BioNLI:exact_context:5045,False,True,12591,450,0.035739814152966405,27.98
M23,BioRAB,M23:BioNLI:noise100:row506,BioNLI:exact_context:506,False,True,12591,450,0.035739814152966405,27.98
M23,BioRAB,M23:BioNLI:noise100:row5106,BioNLI:exact_context:5094,False,True,12591,450,0.035739814152966405,27.98
M23,BioRAB,M23:BioNLI:noise100:row5198,BioNLI:exact_context:5178,False,True,12591,450,0.035739814152966405,27.98
M23,BioRAB,M23:BioNLI:noise100:row5202,BioNLI:exact_context:5181,False,True,12591,450,0.035739814152966405,27.98
M23,BioRAB,M23:BioNLI:noise100:row5210,BioNLI:exact_context:5188,False,True,12591,450,0.035739814152966405,27.98
M23,BioRAB,M23:BioNLI:noise100:row5221,BioNLI:exact_context:5198,False,True,12591,450,0.035739814152966405,27.98
M23,BioRAB,M23:BioNLI:noise100:row5242,BioNLI:exact_context:5217,False,True,12591,450,0.035739814152966405,27.98
M23,BioRAB,M23:BioNLI:noise100:row5359,BioNLI:exact_context:5328,False,True,12591,450,0.035739814152966405,27.98
M23,BioRAB,M23:BioNLI:noise100:row5363,BioNLI:exact_context:5332,False,True,12591,450,0.035739814152966405,27.98
M23,BioRAB,M23:BioNLI:noise100:row5364,BioNLI:exact_context:5333,False,True,12591,450,0.035739814152966405,27.98
M23,BioRAB,M23:BioNLI:noise100:row5449,BioNLI:exact_context:5413,False,True,12591,450,0.035739814152966405,27.98
M23,BioRAB,M23:BioNLI:noise100:row5455,BioNLI:exact_context:5419,False,True,12591,450,0.035739814152966405,27.98
M23,BioRAB,M23:BioNLI:noise100:row5488,BioNLI:exact_context:5449,False,True,12591,450,0.035739814152966405,27.98
M23,BioRAB,M23:BioNLI:noise100:row5492,BioNLI:exact_context:5453,False,True,12591,450,0.035739814152966405,27.98
M23,BioRAB,M23:BioNLI:noise100:row5494,BioNLI:exact_context:5455,False,True,12591,450,0.035739814152966405,27.98
M23,BioRAB,M23:BioNLI:noise100:row5507,BioNLI:exact_context:5467,False,True,12591,450,0.035739814152966405,27.98
M23,BioRAB,M23:BioNLI:noise100:row5603,BioNLI:exact_context:5554,False,True,12591,450,0.035739814152966405,27.98
M23,BioRAB,M23:BioNLI:noise100:row563,BioNLI:exact_context:563,False,True,12591,450,0.035739814152966405,27.98
M23,BioRAB,M23:BioNLI:noise100:row5659,BioNLI:exact_context:4960,False,True,12591,450,0.035739814152966405,27.98
M23,BioRAB,M23:BioNLI:noise100:row5673,BioNLI:exact_context:4970,False,True,12591,450,0.035739814152966405,27.98
M23,BioRAB,M23:BioNLI:noise100:row5694,BioNLI:exact_context:4998,False,True,12591,450,0.035739814152966405,27.98
M23,BioRAB,M23:BioNLI:noise100:row5702,BioNLI:exact_context:5003,False,True,12591,450,0.035739814152966405,27.98
M23,BioRAB,M23:BioNLI:noise100:row5766,BioNLI:exact_context:5064,False,True,12591,450,0.035739814152966405,27.98
M23,BioRAB,M23:BioNLI:noise100:row5768,BioNLI:exact_context:5060,False,True,12591,450,0.035739814152966405,27.98
M23,BioRAB,M23:BioNLI:noise100:row5812,BioNLI:exact_context:5103,False,True,12591,450,0.035739814152966405,27.98
M23,BioRAB,M23:BioNLI:noise100:row5825,BioNLI:exact_context:5120,False,True,12591,450,0.035739814152966405,27.98
M23,BioRAB,M23:BioNLI:noise100:row583,BioNLI:exact_context:583,False,True,12591,450,0.035739814152966405,27.98
M23,BioRAB,M23:BioNLI:noise100:row5852,BioNLI:exact_context:5138,False,True,12591,450,0.035739814152966405,27.98
M23,BioRAB,M23:BioNLI:noise100:row5859,BioNLI:exact_context:5142,False,True,12591,450,0.035739814152966405,27.98
M23,BioRAB,M23:BioNLI:noise100:row5891,BioNLI:exact_context:5174,False,True,12591,450,0.035739814152966405,27.98
M23,BioRAB,M23:BioNLI:noise100:row591,BioNLI:exact_context:591,False,True,12591,450,0.035739814152966405,27.98
M23,BioRAB,M23:BioNLI:noise100:row5914,BioNLI:exact_context:5192,False,True,12591,450,0.035739814152966405,27.98
M23,BioRAB,M23:BioNLI:noise100:row5931,BioNLI:exact_context:5211,False,True,12591,450,0.035739814152966405,27.98
M23,BioRAB,M23:BioNLI:noise100:row5960,BioNLI:exact_context:5236,False,True,12591,450,0.035739814152966405,27.98
M23,BioRAB,M23:BioNLI:noise100:row5965,BioNLI:exact_context:5244,False,True,12591,450,0.035739814152966405,27.98
M23,BioRAB,M23:BioNLI:noise100:row5969,BioNLI:exact_context:5247,False,True,12591,450,0.035739814152966405,27.98
M23,BioRAB,M23:BioNLI:noise100:row60,BioNLI:exact_context:60,False,True,12591,450,0.035739814152966405,27.98
M23,BioRAB,M23:BioNLI:noise100:row6003,BioNLI:exact_context:5282,False,True,12591,450,0.035739814152966405,27.98
M23,BioRAB,M23:BioNLI:noise100:row6015,BioNLI:exact_context:5295,False,True,12591,450,0.035739814152966405,27.98
M23,BioRAB,M23:BioNLI:noise100:row6021,BioNLI:exact_context:5300,False,True,12591,450,0.035739814152966405,27.98
M23,BioRAB,M23:BioNLI:noise100:row6083,BioNLI:exact_context:5355,False,True,12591,450,0.035739814152966405,27.98
M23,BioRAB,M23:BioNLI:noise100:row610,BioNLI:exact_context:610,False,True,12591,450,0.035739814152966405,27.98
M23,BioRAB,M23:BioNLI:noise100:row6114,BioNLI:exact_context:5384,False,True,12591,450,0.035739814152966405,27.98
M23,BioRAB,M23:BioNLI:noise100:row6134,BioNLI:exact_context:5405,False,True,12591,450,0.035739814152966405,27.98
M23,BioRAB,M23:BioNLI:noise100:row6145,BioNLI:exact_context:5415,False,True,12591,450,0.035739814152966405,27.98
M23,BioRAB,M23:BioNLI:noise100:row6159,BioNLI:exact_context:5429,False,True,12591,450,0.035739814152966405,27.98
M23,BioRAB,M23:BioNLI:noise100:row6166,BioNLI:exact_context:5430,False,True,12591,450,0.035739814152966405,27.98
M23,BioRAB,M23:BioNLI:noise100:row6174,BioNLI:exact_context:5445,False,True,12591,450,0.035739814152966405,27.98
M23,BioRAB,M23:BioNLI:noise100:row6256,BioNLI:exact_context:5513,False,True,12591,450,0.035739814152966405,27.98
M23,BioRAB,M23:BioNLI:noise100:row652,BioNLI:exact_context:652,False,True,12591,450,0.035739814152966405,27.98
M23,BioRAB,M23:BioNLI:noise100:row657,BioNLI:exact_context:657,False,True,12591,450,0.035739814152966405,27.98
M23,BioRAB,M23:BioNLI:noise100:row681,BioNLI:exact_context:681,False,True,12591,450,0.035739814152966405,27.98
M23,BioRAB,M23:BioNLI:noise100:row710,BioNLI:exact_context:710,False,True,12591,450,0.035739814152966405,27.98
M23,BioRAB,M23:BioNLI:noise100:row713,BioNLI:exact_context:713,False,True,12591,450,0.035739814152966405,27.98
M23,BioRAB,M23:BioNLI:noise100:row744,BioNLI:exact_context:744,False,True,12591,450,0.035739814152966405,27.98
M23,BioRAB,M23:BioNLI:noise100:row757,BioNLI:exact_context:757,False,True,12591,450,0.035739814152966405,27.98
M23,BioRAB,M23:BioNLI:noise100:row778,BioNLI:exact_context:778,False,True,12591,450,0.035739814152966405,27.98
M23,BioRAB,M23:BioNLI:noise100:row789,BioNLI:exact_context:789,False,True,12591,450,0.035739814152966405,27.98
M23,BioRAB,M23:BioNLI:noise100:row810,BioNLI:exact_context:810,False,True,12591,450,0.035739814152966405,27.98
M23,BioRAB,M23:BioNLI:noise100:row852,BioNLI:exact_context:852,False,True,12591,450,0.035739814152966405,27.98
M23,BioRAB,M23:BioNLI:noise100:row867,BioNLI:exact_context:867,False,True,12591,450,0.035739814152966405,27.98
M23,BioRAB,M23:BioNLI:noise100:row922,BioNLI:exact_context:922,False,True,12591,450,0.035739814152966405,27.98
M23,BioRAB,M23:BioNLI:noise100:row936,BioNLI:exact_context:936,False,True,12591,450,0.035739814152966405,27.98
M23,BioRAB,M23:BioNLI:noise100:row954,BioNLI:exact_context:954,False,True,12591,450,0.035739814152966405,27.98
M23,BioRAB,M23:BioNLI:noise100:row960,BioNLI:exact_context:960,False,True,12591,450,0.035739814152966405,27.98
M23,BioRAB,M23:BioNLI:noise100:row976,BioNLI:exact_context:976,False,True,12591,450,0.035739814152966405,27.98
M23,BioRAB,M23:BioNLI:noise100:row98,BioNLI:exact_context:98,False,True,12591,450,0.035739814152966405,27.98
M23,BioRAB,M23:BioNLI:noise20:row1043,BioNLI:exact_context:1043,False,True,12591,450,0.035739814152966405,27.98
M23,BioRAB,M23:BioNLI:noise20:row1133,BioNLI:exact_context:1133,False,True,12591,450,0.035739814152966405,27.98
M23,BioRAB,M23:BioNLI:noise20:row1159,BioNLI:exact_context:1159,False,True,12591,450,0.035739814152966405,27.98
M23,BioRAB,M23:BioNLI:noise20:row119,BioNLI:exact_context:119,False,True,12591,450,0.035739814152966405,27.98
M23,BioRAB,M23:BioNLI:noise20:row1190,BioNLI:exact_context:1190,False,True,12591,450,0.035739814152966405,27.98
M23,BioRAB,M23:BioNLI:noise20:row1216,BioNLI:exact_context:1216,False,True,12591,450,0.035739814152966405,27.98
M23,BioRAB,M23:BioNLI:noise20:row1266,BioNLI:exact_context:1266,False,True,12591,450,0.035739814152966405,27.98
M23,BioRAB,M23:BioNLI:noise20:row135,BioNLI:exact_context:135,False,True,12591,450,0.035739814152966405,27.98
M23,BioRAB,M23:BioNLI:noise20:row1370,BioNLI:exact_context:1370,False,True,12591,450,0.035739814152966405,27.98
M23,BioRAB,M23:BioNLI:noise20:row139,BioNLI:exact_context:139,False,True,12591,450,0.035739814152966405,27.98
M23,BioRAB,M23:BioNLI:noise20:row1447,BioNLI:exact_context:1447,False,True,12591,450,0.035739814152966405,27.98
M23,BioRAB,M23:BioNLI:noise20:row1472,BioNLI:exact_context:1472,False,True,12591,450,0.035739814152966405,27.98
M23,BioRAB,M23:BioNLI:noise20:row1478,BioNLI:exact_context:1478,False,True,12591,450,0.035739814152966405,27.98
M23,BioRAB,M23:BioNLI:noise20:row1481,BioNLI:exact_context:1481,False,True,12591,450,0.035739814152966405,27.98
M23,BioRAB,M23:BioNLI:noise20:row1492,BioNLI:exact_context:1492,False,True,12591,450,0.035739814152966405,27.98
M23,BioRAB,M23:BioNLI:noise20:row1498,BioNLI:exact_context:1498,False,True,12591,450,0.035739814152966405,27.98
M23,BioRAB,M23:BioNLI:noise20:row1521,BioNLI:exact_context:1521,False,True,12591,450,0.035739814152966405,27.98
M23,BioRAB,M23:BioNLI:noise20:row1529,BioNLI:exact_context:1529,False,True,12591,450,0.035739814152966405,27.98
M23,BioRAB,M23:BioNLI:noise20:row1543,BioNLI:exact_context:1543,False,True,12591,450,0.035739814152966405,27.98
M23,BioRAB,M23:BioNLI:noise20:row1547,BioNLI:exact_context:1547,False,True,12591,450,0.035739814152966405,27.98
M23,BioRAB,M23:BioNLI:noise20:row155,BioNLI:exact_context:155,False,True,12591,450,0.035739814152966405,27.98
M23,BioRAB,M23:BioNLI:noise20:row1573,BioNLI:exact_context:1573,False,True,12591,450,0.035739814152966405,27.98
M23,BioRAB,M23:BioNLI:noise20:row1581,BioNLI:exact_context:1581,False,True,12591,450,0.035739814152966405,27.98
M23,BioRAB,M23:BioNLI:noise20:row163,BioNLI:exact_context:163,False,True,12591,450,0.035739814152966405,27.98
M23,BioRAB,M23:BioNLI:noise20:row1687,BioNLI:exact_context:1687,False,True,12591,450,0.035739814152966405,27.98
M23,BioRAB,M23:BioNLI:noise20:row171,BioNLI:exact_context:171,False,True,12591,450,0.035739814152966405,27.98
M23,BioRAB,M23:BioNLI:noise20:row1739,BioNLI:exact_context:1739,False,True,12591,450,0.035739814152966405,27.98
M23,BioRAB,M23:BioNLI:noise20:row1760,BioNLI:exact_context:1760,False,True,12591,450,0.035739814152966405,27.98
M23,BioRAB,M23:BioNLI:noise20:row186,BioNLI:exact_context:186,False,True,12591,450,0.035739814152966405,27.98
M23,BioRAB,M23:BioNLI:noise20:row189,BioNLI:exact_context:189,False,True,12591,450,0.035739814152966405,27.98
M23,BioRAB,M23:BioNLI:noise20:row1932,BioNLI:exact_context:1932,False,True,12591,450,0.035739814152966405,27.98
M23,BioRAB,M23:BioNLI:noise20:row1944,BioNLI:exact_context:1944,False,True,12591,450,0.035739814152966405,27.98
M23,BioRAB,M23:BioNLI:noise20:row199,BioNLI:exact_context:199,False,True,12591,450,0.035739814152966405,27.98
M23,BioRAB,M23:BioNLI:noise20:row20,BioNLI:exact_context:20,False,True,12591,450,0.035739814152966405,27.98
M23,BioRAB,M23:BioNLI:noise20:row202,BioNLI:exact_context:202,False,True,12591,450,0.035739814152966405,27.98
M23,BioRAB,M23:BioNLI:noise20:row2082,BioNLI:exact_context:2082,False,True,12591,450,0.035739814152966405,27.98
M23,BioRAB,M23:BioNLI:noise20:row2086,BioNLI:exact_context:2086,False,True,12591,450,0.035739814152966405,27.98
M23,BioRAB,M23:BioNLI:noise20:row2107,BioNLI:exact_context:2107,False,True,12591,450,0.035739814152966405,27.98
M23,BioRAB,M23:BioNLI:noise20:row2162,BioNLI:exact_context:2162,False,True,12591,450,0.035739814152966405,27.98
M23,BioRAB,M23:BioNLI:noise20:row2189,BioNLI:exact_context:2189,False,True,12591,450,0.035739814152966405,27.98
M23,BioRAB,M23:BioNLI:noise20:row2195,BioNLI:exact_context:2195,False,True,12591,450,0.035739814152966405,27.98
M23,BioRAB,M23:BioNLI:noise20:row2210,BioNLI:exact_context:2210,False,True,12591,450,0.035739814152966405,27.98
M23,BioRAB,M23:BioNLI:noise20:row2211,BioNLI:exact_context:2211,False,True,12591,450,0.035739814152966405,27.98
M23,BioRAB,M23:BioNLI:noise20:row2220,BioNLI:exact_context:2220,False,True,12591,450,0.035739814152966405,27.98
M23,BioRAB,M23:BioNLI:noise20:row2235,BioNLI:exact_context:2235,False,True,12591,450,0.035739814152966405,27.98
M23,BioRAB,M23:BioNLI:noise20:row2236,BioNLI:exact_context:2236,False,True,12591,450,0.035739814152966405,27.98
M23,BioRAB,M23:BioNLI:noise20:row2240,BioNLI:exact_context:2240,False,True,12591,450,0.035739814152966405,27.98
M23,BioRAB,M23:BioNLI:noise20:row2297,BioNLI:exact_context:2297,False,True,12591,450,0.035739814152966405,27.98
M23,BioRAB,M23:BioNLI:noise20:row2327,BioNLI:exact_context:2327,False,True,12591,450,0.035739814152966405,27.98
M23,BioRAB,M23:BioNLI:noise20:row2342,BioNLI:exact_context:2342,False,True,12591,450,0.035739814152966405,27.98
M23,BioRAB,M23:BioNLI:noise20:row2377,BioNLI:exact_context:2377,False,True,12591,450,0.035739814152966405,27.98
M23,BioRAB,M23:BioNLI:noise20:row2388,BioNLI:exact_context:2388,False,True,12591,450,0.035739814152966405,27.98
M23,BioRAB,M23:BioNLI:noise20:row2411,BioNLI:exact_context:2411,False,True,12591,450,0.035739814152966405,27.98
M23,BioRAB,M23:BioNLI:noise20:row242,BioNLI:exact_context:242,False,True,12591,450,0.035739814152966405,27.98
M23,BioRAB,M23:BioNLI:noise20:row2432,BioNLI:exact_context:2432,False,True,12591,450,0.035739814152966405,27.98
M23,BioRAB,M23:BioNLI:noise20:row2450,BioNLI:exact_context:2450,False,True,12591,450,0.035739814152966405,27.98
M23,BioRAB,M23:BioNLI:noise20:row2452,BioNLI:exact_context:2452,False,True,12591,450,0.035739814152966405,27.98
M23,BioRAB,M23:BioNLI:noise20:row2464,BioNLI:exact_context:2464,False,True,12591,450,0.035739814152966405,27.98
M23,BioRAB,M23:BioNLI:noise20:row2482,BioNLI:exact_context:2482,False,True,12591,450,0.035739814152966405,27.98
M23,BioRAB,M23:BioNLI:noise20:row2537,BioNLI:exact_context:2537,False,True,12591,450,0.035739814152966405,27.98
M23,BioRAB,M23:BioNLI:noise20:row2546,BioNLI:exact_context:2546,False,True,12591,450,0.035739814152966405,27.98
M23,BioRAB,M23:BioNLI:noise20:row260,BioNLI:exact_context:260,False,True,12591,450,0.035739814152966405,27.98
M23,BioRAB,M23:BioNLI:noise20:row2609,BioNLI:exact_context:2609,False,True,12591,450,0.035739814152966405,27.98
M23,BioRAB,M23:BioNLI:noise20:row2616,BioNLI:exact_context:2616,False,True,12591,450,0.035739814152966405,27.98
M23,BioRAB,M23:BioNLI:noise20:row2621,BioNLI:exact_context:2621,False,True,12591,450,0.035739814152966405,27.98
M23,BioRAB,M23:BioNLI:noise20:row2650,BioNLI:exact_context:2650,False,True,12591,450,0.035739814152966405,27.98
M23,BioRAB,M23:BioNLI:noise20:row2677,BioNLI:exact_context:2677,False,True,12591,450,0.035739814152966405,27.98
M23,BioRAB,M23:BioNLI:noise20:row2687,BioNLI:exact_context:2687,False,True,12591,450,0.035739814152966405,27.98
M23,BioRAB,M23:BioNLI:noise20:row273,BioNLI:exact_context:273,False,True,12591,450,0.035739814152966405,27.98
M23,BioRAB,M23:BioNLI:noise20:row2756,BioNLI:exact_context:2756,False,True,12591,450,0.035739814152966405,27.98
M23,BioRAB,M23:BioNLI:noise20:row2803,BioNLI:exact_context:2803,False,True,12591,450,0.035739814152966405,27.98
M23,BioRAB,M23:BioNLI:noise20:row284,BioNLI:exact_context:284,False,True,12591,450,0.035739814152966405,27.98
M23,BioRAB,M23:BioNLI:noise20:row2842,BioNLI:exact_context:2842,False,True,12591,450,0.035739814152966405,27.98
M23,BioRAB,M23:BioNLI:noise20:row2864,BioNLI:exact_context:2864,False,True,12591,450,0.035739814152966405,27.98
M23,BioRAB,M23:BioNLI:noise20:row291,BioNLI:exact_context:291,False,True,12591,450,0.035739814152966405,27.98
M23,BioRAB,M23:BioNLI:noise20:row2915,BioNLI:exact_context:2915,False,True,12591,450,0.035739814152966405,27.98
M23,BioRAB,M23:BioNLI:noise20:row2932,BioNLI:exact_context:2932,False,True,12591,450,0.035739814152966405,27.98
M23,BioRAB,M23:BioNLI:noise20:row30,BioNLI:exact_context:30,False,True,12591,450,0.035739814152966405,27.98
M23,BioRAB,M23:BioNLI:noise20:row3000,BioNLI:exact_context:3000,False,True,12591,450,0.035739814152966405,27.98
M23,BioRAB,M23:BioNLI:noise20:row3006,BioNLI:exact_context:3006,False,True,12591,450,0.035739814152966405,27.98
M23,BioRAB,M23:BioNLI:noise20:row3059,BioNLI:exact_context:3059,False,True,12591,450,0.035739814152966405,27.98
M23,BioRAB,M23:BioNLI:noise20:row312,BioNLI:exact_context:312,False,True,12591,450,0.035739814152966405,27.98
M23,BioRAB,M23:BioNLI:noise20:row3120,BioNLI:exact_context:3120,False,True,12591,450,0.035739814152966405,27.98
M23,BioRAB,M23:BioNLI:noise20:row3144,BioNLI:exact_context:3144,False,True,12591,450,0.035739814152966405,27.98
M23,BioRAB,M23:BioNLI:noise20:row3158,BioNLI:exact_context:3158,False,True,12591,450,0.035739814152966405,27.98
M23,BioRAB,M23:BioNLI:noise20:row3236,BioNLI:exact_context:3236,False,True,12591,450,0.035739814152966405,27.98
M23,BioRAB,M23:BioNLI:noise20:row3244,BioNLI:exact_context:3244,False,True,12591,450,0.035739814152966405,27.98
M23,BioRAB,M23:BioNLI:noise20:row3245,BioNLI:exact_context:3245,False,True,12591,450,0.035739814152966405,27.98
M23,BioRAB,M23:BioNLI:noise20:row3284,BioNLI:exact_context:3284,False,True,12591,450,0.035739814152966405,27.98
M23,BioRAB,M23:BioNLI:noise20:row3302,BioNLI:exact_context:3302,False,True,12591,450,0.035739814152966405,27.98
M23,BioRAB,M23:BioNLI:noise20:row3355,BioNLI:exact_context:3355,False,True,12591,450,0.035739814152966405,27.98
M23,BioRAB,M23:BioNLI:noise20:row3357,BioNLI:exact_context:3357,False,True,12591,450,0.035739814152966405,27.98
M23,BioRAB,M23:BioNLI:noise20:row3377,BioNLI:exact_context:3377,False,True,12591,450,0.035739814152966405,27.98
M23,BioRAB,M23:BioNLI:noise20:row3392,BioNLI:exact_context:3392,False,True,12591,450,0.035739814152966405,27.98
M23,BioRAB,M23:BioNLI:noise20:row3398,BioNLI:exact_context:3398,False,True,12591,450,0.035739814152966405,27.98
M23,BioRAB,M23:BioNLI:noise20:row3405,BioNLI:exact_context:3405,False,True,12591,450,0.035739814152966405,27.98
M23,BioRAB,M23:BioNLI:noise20:row3438,BioNLI:exact_context:3438,False,True,12591,450,0.035739814152966405,27.98
M23,BioRAB,M23:BioNLI:noise20:row3447,BioNLI:exact_context:3447,False,True,12591,450,0.035739814152966405,27.98
M23,BioRAB,M23:BioNLI:noise20:row3451,BioNLI:exact_context:3451,False,True,12591,450,0.035739814152966405,27.98
M23,BioRAB,M23:BioNLI:noise20:row3452,BioNLI:exact_context:3452,False,True,12591,450,0.035739814152966405,27.98
M23,BioRAB,M23:BioNLI:noise20:row3486,BioNLI:exact_context:3486,False,True,12591,450,0.035739814152966405,27.98
M23,BioRAB,M23:BioNLI:noise20:row3489,BioNLI:exact_context:3489,False,True,12591,450,0.035739814152966405,27.98
M23,BioRAB,M23:BioNLI:noise20:row3495,BioNLI:exact_context:3495,False,True,12591,450,0.035739814152966405,27.98
M23,BioRAB,M23:BioNLI:noise20:row3515,BioNLI:exact_context:3515,False,True,12591,450,0.035739814152966405,27.98
M23,BioRAB,M23:BioNLI:noise20:row3525,BioNLI:exact_context:3525,False,True,12591,450,0.035739814152966405,27.98
M23,BioRAB,M23:BioNLI:noise20:row3530,BioNLI:exact_context:3530,False,True,12591,450,0.035739814152966405,27.98
M23,BioRAB,M23:BioNLI:noise20:row3537,BioNLI:exact_context:3537,False,True,12591,450,0.035739814152966405,27.98
M23,BioRAB,M23:BioNLI:noise20:row3538,BioNLI:exact_context:3538,False,True,12591,450,0.035739814152966405,27.98
M23,BioRAB,M23:BioNLI:noise20:row3639,BioNLI:exact_context:3639,False,True,12591,450,0.035739814152966405,27.98
M23,BioRAB,M23:BioNLI:noise20:row3671,BioNLI:exact_context:3671,False,True,12591,450,0.035739814152966405,27.98
M23,BioRAB,M23:BioNLI:noise20:row3686,BioNLI:exact_context:3686,False,True,12591,450,0.035739814152966405,27.98
M23,BioRAB,M23:BioNLI:noise20:row3801,BioNLI:exact_context:3801,False,True,12591,450,0.035739814152966405,27.98
M23,BioRAB,M23:BioNLI:noise20:row3810,BioNLI:exact_context:3810,False,True,12591,450,0.035739814152966405,27.98
M23,BioRAB,M23:BioNLI:noise20:row383,BioNLI:exact_context:383,False,True,12591,450,0.035739814152966405,27.98
M23,BioRAB,M23:BioNLI:noise20:row3847,BioNLI:exact_context:3847,False,True,12591,450,0.035739814152966405,27.98
M23,BioRAB,M23:BioNLI:noise20:row3916,BioNLI:exact_context:3916,False,True,12591,450,0.035739814152966405,27.98
M23,BioRAB,M23:BioNLI:noise20:row393,BioNLI:exact_context:393,False,True,12591,450,0.035739814152966405,27.98
M23,BioRAB,M23:BioNLI:noise20:row3956,BioNLI:exact_context:3956,False,True,12591,450,0.035739814152966405,27.98
M23,BioRAB,M23:BioNLI:noise20:row3958,BioNLI:exact_context:3958,False,True,12591,450,0.035739814152966405,27.98
M23,BioRAB,M23:BioNLI:noise20:row3959,BioNLI:exact_context:3959,False,True,12591,450,0.035739814152966405,27.98
M23,BioRAB,M23:BioNLI:noise20:row4002,BioNLI:exact_context:4002,False,True,12591,450,0.035739814152966405,27.98
M23,BioRAB,M23:BioNLI:noise20:row4121,BioNLI:exact_context:4121,False,True,12591,450,0.035739814152966405,27.98
M23,BioRAB,M23:BioNLI:noise20:row4171,BioNLI:exact_context:4171,False,True,12591,450,0.035739814152966405,27.98
M23,BioRAB,M23:BioNLI:noise20:row4216,BioNLI:exact_context:4216,False,True,12591,450,0.035739814152966405,27.98
M23,BioRAB,M23:BioNLI:noise20:row4229,BioNLI:exact_context:4229,False,True,12591,450,0.035739814152966405,27.98
M23,BioRAB,M23:BioNLI:noise20:row4286,BioNLI:exact_context:4286,False,True,12591,450,0.035739814152966405,27.98
M23,BioRAB,M23:BioNLI:noise20:row4314,BioNLI:exact_context:4314,False,True,12591,450,0.035739814152966405,27.98
M23,BioRAB,M23:BioNLI:noise20:row4320,BioNLI:exact_context:4320,False,True,12591,450,0.035739814152966405,27.98
M23,BioRAB,M23:BioNLI:noise20:row434,BioNLI:exact_context:434,False,True,12591,450,0.035739814152966405,27.98
M23,BioRAB,M23:BioNLI:noise20:row4352,BioNLI:exact_context:4352,False,True,12591,450,0.035739814152966405,27.98
M23,BioRAB,M23:BioNLI:noise20:row4426,BioNLI:exact_context:4426,False,True,12591,450,0.035739814152966405,27.98
M23,BioRAB,M23:BioNLI:noise20:row4434,BioNLI:exact_context:4434,False,True,12591,450,0.035739814152966405,27.98
M23,BioRAB,M23:BioNLI:noise20:row4437,BioNLI:exact_context:4437,False,True,12591,450,0.035739814152966405,27.98
M23,BioRAB,M23:BioNLI:noise20:row4449,BioNLI:exact_context:4449,False,True,12591,450,0.035739814152966405,27.98
M23,BioRAB,M23:BioNLI:noise20:row4504,BioNLI:exact_context:4504,False,True,12591,450,0.035739814152966405,27.98
M23,BioRAB,M23:BioNLI:noise20:row4527,BioNLI:exact_context:4527,False,True,12591,450,0.035739814152966405,27.98
M23,BioRAB,M23:BioNLI:noise20:row4572,BioNLI:exact_context:4572,False,True,12591,450,0.035739814152966405,27.98
M23,BioRAB,M23:BioNLI:noise20:row4581,BioNLI:exact_context:4581,False,True,12591,450,0.035739814152966405,27.98
M23,BioRAB,M23:BioNLI:noise20:row4594,BioNLI:exact_context:4594,False,True,12591,450,0.035739814152966405,27.98
M23,BioRAB,M23:BioNLI:noise20:row4638,BioNLI:exact_context:4638,False,True,12591,450,0.035739814152966405,27.98
M23,BioRAB,M23:BioNLI:noise20:row469,BioNLI:exact_context:469,False,True,12591,450,0.035739814152966405,27.98
M23,BioRAB,M23:BioNLI:noise20:row4720,BioNLI:exact_context:4720,False,True,12591,450,0.035739814152966405,27.98
M23,BioRAB,M23:BioNLI:noise20:row4727,BioNLI:exact_context:4727,False,True,12591,450,0.035739814152966405,27.98
M23,BioRAB,M23:BioNLI:noise20:row4755,BioNLI:exact_context:4755,False,True,12591,450,0.035739814152966405,27.98
M23,BioRAB,M23:BioNLI:noise20:row4778,BioNLI:exact_context:4778,False,True,12591,450,0.035739814152966405,27.98
M23,BioRAB,M23:BioNLI:noise20:row4782,BioNLI:exact_context:4782,False,True,12591,450,0.035739814152966405,27.98
M23,BioRAB,M23:BioNLI:noise20:row4786,BioNLI:exact_context:4786,False,True,12591,450,0.035739814152966405,27.98
M23,BioRAB,M23:BioNLI:noise20:row4798,BioNLI:exact_context:4798,False,True,12591,450,0.035739814152966405,27.98
M23,BioRAB,M23:BioNLI:noise20:row4807,BioNLI:exact_context:4807,False,True,12591,450,0.035739814152966405,27.98
M23,BioRAB,M23:BioNLI:noise20:row4814,BioNLI:exact_context:4814,False,True,12591,450,0.035739814152966405,27.98
M23,BioRAB,M23:BioNLI:noise20:row4865,BioNLI:exact_context:4865,False,True,12591,450,0.035739814152966405,27.98
M23,BioRAB,M23:BioNLI:noise20:row489,BioNLI:exact_context:489,False,True,12591,450,0.035739814152966405,27.98
M23,BioRAB,M23:BioNLI:noise20:row4896,BioNLI:exact_context:4896,False,True,12591,450,0.035739814152966405,27.98
M23,BioRAB,M23:BioNLI:noise20:row490,BioNLI:exact_context:490,False,True,12591,450,0.035739814152966405,27.98
M23,BioRAB,M23:BioNLI:noise20:row4946,BioNLI:exact_context:4945,False,True,12591,450,0.035739814152966405,27.98
M23,BioRAB,M23:BioNLI:noise20:row4963,BioNLI:exact_context:4962,False,True,12591,450,0.035739814152966405,27.98
M23,BioRAB,M23:BioNLI:noise20:row5011,BioNLI:exact_context:5005,False,True,12591,450,0.035739814152966405,27.98
M23,BioRAB,M23:BioNLI:noise20:row5016,BioNLI:exact_context:5009,False,True,12591,450,0.035739814152966405,27.98
M23,BioRAB,M23:BioNLI:noise20:row5044,BioNLI:exact_context:5035,False,True,12591,450,0.035739814152966405,27.98
M23,BioRAB,M23:BioNLI:noise20:row5060,BioNLI:exact_context:5051,False,True,12591,450,0.035739814152966405,27.98
M23,BioRAB,M23:BioNLI:noise20:row5065,BioNLI:exact_context:5056,False,True,12591,450,0.035739814152966405,27.98
M23,BioRAB,M23:BioNLI:noise20:row5090,BioNLI:exact_context:5080,False,True,12591,450,0.035739814152966405,27.98
M23,BioRAB,M23:BioNLI:noise20:row514,BioNLI:exact_context:514,False,True,12591,450,0.035739814152966405,27.98
M23,BioRAB,M23:BioNLI:noise20:row5176,BioNLI:exact_context:5156,False,True,12591,450,0.035739814152966405,27.98
M23,BioRAB,M23:BioNLI:noise20:row5247,BioNLI:exact_context:5221,False,True,12591,450,0.035739814152966405,27.98
M23,BioRAB,M23:BioNLI:noise20:row5317,BioNLI:exact_context:5288,False,True,12591,450,0.035739814152966405,27.98
M23,BioRAB,M23:BioNLI:noise20:row5322,BioNLI:exact_context:5293,False,True,12591,450,0.035739814152966405,27.98
M23,BioRAB,M23:BioNLI:noise20:row5358,BioNLI:exact_context:5327,False,True,12591,450,0.035739814152966405,27.98
M23,BioRAB,M23:BioNLI:noise20:row5368,BioNLI:exact_context:5337,False,True,12591,450,0.035739814152966405,27.98
M23,BioRAB,M23:BioNLI:noise20:row5372,BioNLI:exact_context:5340,False,True,12591,450,0.035739814152966405,27.98
M23,BioRAB,M23:BioNLI:noise20:row538,BioNLI:exact_context:538,False,True,12591,450,0.035739814152966405,27.98
M23,BioRAB,M23:BioNLI:noise20:row541,BioNLI:exact_context:541,False,True,12591,450,0.035739814152966405,27.98
M23,BioRAB,M23:BioNLI:noise20:row5420,BioNLI:exact_context:5385,False,True,12591,450,0.035739814152966405,27.98
M23,BioRAB,M23:BioNLI:noise20:row5441,BioNLI:exact_context:5405,False,True,12591,450,0.035739814152966405,27.98
M23,BioRAB,M23:BioNLI:noise20:row5452,BioNLI:exact_context:5416,False,True,12591,450,0.035739814152966405,27.98
M23,BioRAB,M23:BioNLI:noise20:row5475,BioNLI:exact_context:5437,False,True,12591,450,0.035739814152966405,27.98
M23,BioRAB,M23:BioNLI:noise20:row5574,BioNLI:exact_context:5527,False,True,12591,450,0.035739814152966405,27.98
M23,BioRAB,M23:BioNLI:noise20:row5584,BioNLI:exact_context:5537,False,True,12591,450,0.035739814152966405,27.98
M23,BioRAB,M23:BioNLI:noise20:row5608,BioNLI:exact_context:5559,False,True,12591,450,0.035739814152966405,27.98
M23,BioRAB,M23:BioNLI:noise20:row5626,BioNLI:exact_context:4931,False,True,12591,450,0.035739814152966405,27.98
M23,BioRAB,M23:BioNLI:noise20:row5630,BioNLI:exact_context:4933,False,True,12591,450,0.035739814152966405,27.98
M23,BioRAB,M23:BioNLI:noise20:row5649,BioNLI:exact_context:4956,False,True,12591,450,0.035739814152966405,27.98
M23,BioRAB,M23:BioNLI:noise20:row5657,BioNLI:exact_context:4962,False,True,12591,450,0.035739814152966405,27.98
M23,BioRAB,M23:BioNLI:noise20:row5680,BioNLI:exact_context:4983,False,True,12591,450,0.035739814152966405,27.98
M23,BioRAB,M23:BioNLI:noise20:row5695,BioNLI:exact_context:4995,False,True,12591,450,0.035739814152966405,27.98
M23,BioRAB,M23:BioNLI:noise20:row5755,BioNLI:exact_context:5053,False,True,12591,450,0.035739814152966405,27.98
M23,BioRAB,M23:BioNLI:noise20:row5804,BioNLI:exact_context:5096,False,True,12591,450,0.035739814152966405,27.98
M23,BioRAB,M23:BioNLI:noise20:row588,BioNLI:exact_context:588,False,True,12591,450,0.035739814152966405,27.98
M23,BioRAB,M23:BioNLI:noise20:row5941,BioNLI:exact_context:5223,False,True,12591,450,0.035739814152966405,27.98
M23,BioRAB,M23:BioNLI:noise20:row5944,BioNLI:exact_context:5220,False,True,12591,450,0.035739814152966405,27.98
M23,BioRAB,M23:BioNLI:noise20:row5979,BioNLI:exact_context:5258,False,True,12591,450,0.035739814152966405,27.98
M23,BioRAB,M23:BioNLI:noise20:row5981,BioNLI:exact_context:5256,False,True,12591,450,0.035739814152966405,27.98
M23,BioRAB,M23:BioNLI:noise20:row608,BioNLI:exact_context:608,False,True,12591,450,0.035739814152966405,27.98
M23,BioRAB,M23:BioNLI:noise20:row6087,BioNLI:exact_context:5357,False,True,12591,450,0.035739814152966405,27.98
M23,BioRAB,M23:BioNLI:noise20:row6166,BioNLI:exact_context:5430,False,True,12591,450,0.035739814152966405,27.98
M23,BioRAB,M23:BioNLI:noise20:row6173,BioNLI:exact_context:5435,False,True,12591,450,0.035739814152966405,27.98
M23,BioRAB,M23:BioNLI:noise20:row627,BioNLI:exact_context:627,False,True,12591,450,0.035739814152966405,27.98
M23,BioRAB,M23:BioNLI:noise20:row631,BioNLI:exact_context:631,False,True,12591,450,0.035739814152966405,27.98
M23,BioRAB,M23:BioNLI:noise20:row632,BioNLI:exact_context:632,False,True,12591,450,0.035739814152966405,27.98
M23,BioRAB,M23:BioNLI:noise20:row667,BioNLI:exact_context:667,False,True,12591,450,0.035739814152966405,27.98
M23,BioRAB,M23:BioNLI:noise20:row681,BioNLI:exact_context:681,False,True,12591,450,0.035739814152966405,27.98
M23,BioRAB,M23:BioNLI:noise20:row713,BioNLI:exact_context:713,False,True,12591,450,0.035739814152966405,27.98
M23,BioRAB,M23:BioNLI:noise20:row728,BioNLI:exact_context:728,False,True,12591,450,0.035739814152966405,27.98
M23,BioRAB,M23:BioNLI:noise20:row817,BioNLI:exact_context:817,False,True,12591,450,0.035739814152966405,27.98
M23,BioRAB,M23:BioNLI:noise20:row828,BioNLI:exact_context:828,False,True,12591,450,0.035739814152966405,27.98
M23,BioRAB,M23:BioNLI:noise20:row832,BioNLI:exact_context:832,False,True,12591,450,0.035739814152966405,27.98
M23,BioRAB,M23:BioNLI:noise20:row845,BioNLI:exact_context:845,False,True,12591,450,0.035739814152966405,27.98
M23,BioRAB,M23:BioNLI:noise20:row871,BioNLI:exact_context:871,False,True,12591,450,0.035739814152966405,27.98
M23,BioRAB,M23:BioNLI:noise20:row892,BioNLI:exact_context:892,False,True,12591,450,0.035739814152966405,27.98
M23,BioRAB,M23:BioNLI:noise20:row923,BioNLI:exact_context:923,False,True,12591,450,0.035739814152966405,27.98
M23,BioRAB,M23:BioNLI:noise20:row927,BioNLI:exact_context:927,False,True,12591,450,0.035739814152966405,27.98
M23,BioRAB,M23:BioNLI:noise20:row97,BioNLI:exact_context:97,False,True,12591,450,0.035739814152966405,27.98
M23,BioRAB,M23:BioNLI:noise20:row971,BioNLI:exact_context:971,False,True,12591,450,0.035739814152966405,27.98
M23,BioRAB,M23:BioNLI:noise20:row984,BioNLI:exact_context:984,False,True,12591,450,0.035739814152966405,27.98
