published_path,source_path,source_bytes
benchmarks/2026-09-13_v5_complete/completion/results_v5_m4_structured/M4/config.json,/home/data3/txy/Documents/Codex/2026-09-13/agent-md-medrgag-workspace-guide-md/results_v5_m4_structured/M4/config.json,1484
benchmarks/2026-09-13_v5_complete/completion/results_v5_m4_structured/README.md,/home/data3/txy/Documents/Codex/2026-09-13/agent-md-medrgag-workspace-guide-md/results_v5_m4_structured/README.md,4854
benchmarks/2026-09-13_v5_complete/completion/results_v5_m4_structured/RESULTS.md,/home/data3/txy/Documents/Codex/2026-09-13/agent-md-medrgag-workspace-guide-md/results_v5_m4_structured/RESULTS.md,3393
benchmarks/2026-09-13_v5_complete/completion/results_v5_m4_structured/code/analyze_v5.py,/home/data3/txy/Documents/Codex/2026-09-13/agent-md-medrgag-workspace-guide-md/results_v5_m4_structured/code/analyze_v5.py,10070
benchmarks/2026-09-13_v5_complete/completion/results_v5_m4_structured/code/finish.py,/home/data3/txy/Documents/Codex/2026-09-13/agent-md-medrgag-workspace-guide-md/results_v5_m4_structured/code/finish.py,2876
benchmarks/2026-09-13_v5_complete/completion/results_v5_m4_structured/code/m4_format_pilot.py,/home/data3/txy/Documents/Codex/2026-09-13/agent-md-medrgag-workspace-guide-md/results_v5_m4_structured/code/m4_format_pilot.py,6537
benchmarks/2026-09-13_v5_complete/completion/results_v5_m4_structured/code/m4_output_schema.py,/home/data3/txy/Documents/Codex/2026-09-13/agent-md-medrgag-workspace-guide-md/results_v5_m4_structured/code/m4_output_schema.py,1288
benchmarks/2026-09-13_v5_complete/completion/results_v5_m4_structured/code/monitor.py,/home/data3/txy/Documents/Codex/2026-09-13/agent-md-medrgag-workspace-guide-md/results_v5_m4_structured/code/monitor.py,609
benchmarks/2026-09-13_v5_complete/completion/results_v5_m4_structured/code/prepare.py,/home/data3/txy/Documents/Codex/2026-09-13/agent-md-medrgag-workspace-guide-md/results_v5_m4_structured/code/prepare.py,3682
benchmarks/2026-09-13_v5_complete/completion/results_v5_m4_structured/code/prepare_v5.py,/home/data3/txy/Documents/Codex/2026-09-13/agent-md-medrgag-workspace-guide-md/results_v5_m4_structured/code/prepare_v5.py,1093
benchmarks/2026-09-13_v5_complete/completion/results_v5_m4_structured/code/status.py,/home/data3/txy/Documents/Codex/2026-09-13/agent-md-medrgag-workspace-guide-md/results_v5_m4_structured/code/status.py,3978
benchmarks/2026-09-13_v5_complete/completion/results_v5_m4_structured/code/test_run.py,/home/data3/txy/Documents/Codex/2026-09-13/agent-md-medrgag-workspace-guide-md/results_v5_m4_structured/code/test_run.py,1988
benchmarks/2026-09-13_v5_complete/completion/results_v5_m4_structured/code/worker.py,/home/data3/txy/Documents/Codex/2026-09-13/agent-md-medrgag-workspace-guide-md/results_v5_m4_structured/code/worker.py,4921
benchmarks/2026-09-13_v5_complete/completion/results_v5_m4_structured/comparison_original_m4.json,/home/data3/txy/Documents/Codex/2026-09-13/agent-md-medrgag-workspace-guide-md/results_v5_m4_structured/comparison_original_m4.json,1349
benchmarks/2026-09-13_v5_complete/completion/results_v5_m4_structured/complete.json,/home/data3/txy/Documents/Codex/2026-09-13/agent-md-medrgag-workspace-guide-md/results_v5_m4_structured/complete.json,586
benchmarks/2026-09-13_v5_complete/completion/results_v5_m4_structured/config.json,/home/data3/txy/Documents/Codex/2026-09-13/agent-md-medrgag-workspace-guide-md/results_v5_m4_structured/config.json,1484
benchmarks/2026-09-13_v5_complete/completion/results_v5_m4_structured/launch_gpu.sh,/home/data3/txy/Documents/Codex/2026-09-13/agent-md-medrgag-workspace-guide-md/results_v5_m4_structured/launch_gpu.sh,296
benchmarks/2026-09-13_v5_complete/completion/results_v5_m4_structured/logs/gpu1_ready.json,/home/data3/txy/Documents/Codex/2026-09-13/agent-md-medrgag-workspace-guide-md/results_v5_m4_structured/logs/gpu1_ready.json,1630
benchmarks/2026-09-13_v5_complete/completion/results_v5_m4_structured/logs/gpu2_ready.json,/home/data3/txy/Documents/Codex/2026-09-13/agent-md-medrgag-workspace-guide-md/results_v5_m4_structured/logs/gpu2_ready.json,1630
benchmarks/2026-09-13_v5_complete/completion/results_v5_m4_structured/logs/gpu3_ready.json,/home/data3/txy/Documents/Codex/2026-09-13/agent-md-medrgag-workspace-guide-md/results_v5_m4_structured/logs/gpu3_ready.json,1628
benchmarks/2026-09-13_v5_complete/completion/results_v5_m4_structured/logs/status.json,/home/data3/txy/Documents/Codex/2026-09-13/agent-md-medrgag-workspace-guide-md/results_v5_m4_structured/logs/status.json,3618
benchmarks/2026-09-13_v5_complete/completion/results_v5_m4_structured/logs/supervision.jsonl,/home/data3/txy/Documents/Codex/2026-09-13/agent-md-medrgag-workspace-guide-md/results_v5_m4_structured/logs/supervision.jsonl,48068
benchmarks/2026-09-13_v5_complete/completion/results_v5_m4_structured/plan.json,/home/data3/txy/Documents/Codex/2026-09-13/agent-md-medrgag-workspace-guide-md/results_v5_m4_structured/plan.json,10520
benchmarks/2026-09-13_v5_complete/completion/results_v5_m4_structured/scores/category_scores.csv,/home/data3/txy/Documents/Codex/2026-09-13/agent-md-medrgag-workspace-guide-md/results_v5_m4_structured/scores/category_scores.csv,443
benchmarks/2026-09-13_v5_complete/completion/results_v5_m4_structured/scores/r5_pair_summary.csv,/home/data3/txy/Documents/Codex/2026-09-13/agent-md-medrgag-workspace-guide-md/results_v5_m4_structured/scores/r5_pair_summary.csv,98
benchmarks/2026-09-13_v5_complete/completion/results_v5_m4_structured/scores/source_scores.csv,/home/data3/txy/Documents/Codex/2026-09-13/agent-md-medrgag-workspace-guide-md/results_v5_m4_structured/scores/source_scores.csv,553
benchmarks/2026-09-13_v5_complete/completion/results_v5_m4_structured/scores/source_task_scores.csv,/home/data3/txy/Documents/Codex/2026-09-13/agent-md-medrgag-workspace-guide-md/results_v5_m4_structured/scores/source_task_scores.csv,2691
benchmarks/2026-09-13_v5_complete/completion/results_v5_m4_structured/scores/unit_scores.csv,/home/data3/txy/Documents/Codex/2026-09-13/agent-md-medrgag-workspace-guide-md/results_v5_m4_structured/scores/unit_scores.csv,813394
benchmarks/2026-09-13_v5_complete/completion/results_v5_m4_structured/scores/v5_selected_methods.pdf,/home/data3/txy/Documents/Codex/2026-09-13/agent-md-medrgag-workspace-guide-md/results_v5_m4_structured/scores/v5_selected_methods.pdf,15060
benchmarks/2026-09-13_v5_complete/completion/results_v5_m4_structured/scores/v5_selected_methods.png,/home/data3/txy/Documents/Codex/2026-09-13/agent-md-medrgag-workspace-guide-md/results_v5_m4_structured/scores/v5_selected_methods.png,44238
benchmarks/2026-09-13_v5_complete/completion/results_v5_m4_structured/scores/v5_selected_methods.svg,/home/data3/txy/Documents/Codex/2026-09-13/agent-md-medrgag-workspace-guide-md/results_v5_m4_structured/scores/v5_selected_methods.svg,30470
benchmarks/2026-09-13_v5_complete/completion/results_v5_m4_structured/scores/validation.json,/home/data3/txy/Documents/Codex/2026-09-13/agent-md-medrgag-workspace-guide-md/results_v5_m4_structured/scores/validation.json,268
benchmarks/2026-09-13_v5_complete/completion/results_v5_m4_structured/validity.json,/home/data3/txy/Documents/Codex/2026-09-13/agent-md-medrgag-workspace-guide-md/results_v5_m4_structured/validity.json,3489
benchmarks/2026-09-13_v5_complete/completion/results_v5_m6_m7/README.md,/home/data3/txy/Documents/Codex/2026-09-13/agent-md-medrgag-workspace-guide-md/results_v5_m6_m7/README.md,6856
benchmarks/2026-09-13_v5_complete/completion/results_v5_m6_m7/RESULTS.md,/home/data3/txy/Documents/Codex/2026-09-13/agent-md-medrgag-workspace-guide-md/results_v5_m6_m7/RESULTS.md,1226
benchmarks/2026-09-13_v5_complete/completion/results_v5_m6_m7/VALIDITY_COMPARISON.md,/home/data3/txy/Documents/Codex/2026-09-13/agent-md-medrgag-workspace-guide-md/results_v5_m6_m7/VALIDITY_COMPARISON.md,2001
benchmarks/2026-09-13_v5_complete/completion/results_v5_m6_m7/code/backend.py,/home/data3/txy/Documents/Codex/2026-09-13/agent-md-medrgag-workspace-guide-md/results_v5_m6_m7/code/backend.py,11894
benchmarks/2026-09-13_v5_complete/completion/results_v5_m6_m7/code/check.py,/home/data3/txy/Documents/Codex/2026-09-13/agent-md-medrgag-workspace-guide-md/results_v5_m6_m7/code/check.py,3029
benchmarks/2026-09-13_v5_complete/completion/results_v5_m6_m7/code/common.py,/home/data3/txy/Documents/Codex/2026-09-13/agent-md-medrgag-workspace-guide-md/results_v5_m6_m7/code/common.py,5843
benchmarks/2026-09-13_v5_complete/completion/results_v5_m6_m7/code/cost.py,/home/data3/txy/Documents/Codex/2026-09-13/agent-md-medrgag-workspace-guide-md/results_v5_m6_m7/code/cost.py,8884
benchmarks/2026-09-13_v5_complete/completion/results_v5_m6_m7/code/methods.py,/home/data3/txy/Documents/Codex/2026-09-13/agent-md-medrgag-workspace-guide-md/results_v5_m6_m7/code/methods.py,19217
benchmarks/2026-09-13_v5_complete/completion/results_v5_m6_m7/code/prepare.py,/home/data3/txy/Documents/Codex/2026-09-13/agent-md-medrgag-workspace-guide-md/results_v5_m6_m7/code/prepare.py,12959
benchmarks/2026-09-13_v5_complete/completion/results_v5_m6_m7/code/report.py,/home/data3/txy/Documents/Codex/2026-09-13/agent-md-medrgag-workspace-guide-md/results_v5_m6_m7/code/report.py,14142
benchmarks/2026-09-13_v5_complete/completion/results_v5_m6_m7/code/run.py,/home/data3/txy/Documents/Codex/2026-09-13/agent-md-medrgag-workspace-guide-md/results_v5_m6_m7/code/run.py,7362
benchmarks/2026-09-13_v5_complete/completion/results_v5_m6_m7/code/runtime.py,/home/data3/txy/Documents/Codex/2026-09-13/agent-md-medrgag-workspace-guide-md/results_v5_m6_m7/code/runtime.py,8655
benchmarks/2026-09-13_v5_complete/completion/results_v5_m6_m7/code/score.py,/home/data3/txy/Documents/Codex/2026-09-13/agent-md-medrgag-workspace-guide-md/results_v5_m6_m7/code/score.py,9508
benchmarks/2026-09-13_v5_complete/completion/results_v5_m6_m7/configs/imedrag_single_gpu.json,/home/data3/txy/Documents/Codex/2026-09-13/agent-md-medrgag-workspace-guide-md/results_v5_m6_m7/configs/imedrag_single_gpu.json,2211
benchmarks/2026-09-13_v5_complete/completion/results_v5_m6_m7/configs/tcrag_single_gpu.json,/home/data3/txy/Documents/Codex/2026-09-13/agent-md-medrgag-workspace-guide-md/results_v5_m6_m7/configs/tcrag_single_gpu.json,2306
benchmarks/2026-09-13_v5_complete/completion/results_v5_m6_m7/diagnostics/M6/scores/category_scores.json,/home/data3/txy/Documents/Codex/2026-09-13/agent-md-medrgag-workspace-guide-md/results_v5_m6_m7/diagnostics/M6/scores/category_scores.json,618
benchmarks/2026-09-13_v5_complete/completion/results_v5_m6_m7/diagnostics/M6/scores/pair_summary.json,/home/data3/txy/Documents/Codex/2026-09-13/agent-md-medrgag-workspace-guide-md/results_v5_m6_m7/diagnostics/M6/scores/pair_summary.json,3
benchmarks/2026-09-13_v5_complete/completion/results_v5_m6_m7/diagnostics/M6/scores/source_task_scores.json,/home/data3/txy/Documents/Codex/2026-09-13/agent-md-medrgag-workspace-guide-md/results_v5_m6_m7/diagnostics/M6/scores/source_task_scores.json,1674
benchmarks/2026-09-13_v5_complete/completion/results_v5_m6_m7/diagnostics/M6/scores/summary.json,/home/data3/txy/Documents/Codex/2026-09-13/agent-md-medrgag-workspace-guide-md/results_v5_m6_m7/diagnostics/M6/scores/summary.json,2899
benchmarks/2026-09-13_v5_complete/completion/results_v5_m6_m7/diagnostics/M7/scores/category_scores.json,/home/data3/txy/Documents/Codex/2026-09-13/agent-md-medrgag-workspace-guide-md/results_v5_m6_m7/diagnostics/M7/scores/category_scores.json,618
benchmarks/2026-09-13_v5_complete/completion/results_v5_m6_m7/diagnostics/M7/scores/pair_summary.json,/home/data3/txy/Documents/Codex/2026-09-13/agent-md-medrgag-workspace-guide-md/results_v5_m6_m7/diagnostics/M7/scores/pair_summary.json,3
benchmarks/2026-09-13_v5_complete/completion/results_v5_m6_m7/diagnostics/M7/scores/source_task_scores.json,/home/data3/txy/Documents/Codex/2026-09-13/agent-md-medrgag-workspace-guide-md/results_v5_m6_m7/diagnostics/M7/scores/source_task_scores.json,1674
benchmarks/2026-09-13_v5_complete/completion/results_v5_m6_m7/diagnostics/M7/scores/summary.json,/home/data3/txy/Documents/Codex/2026-09-13/agent-md-medrgag-workspace-guide-md/results_v5_m6_m7/diagnostics/M7/scores/summary.json,2884
benchmarks/2026-09-13_v5_complete/completion/results_v5_m6_m7/finalize_fixed.py,/home/data3/txy/Documents/Codex/2026-09-13/agent-md-medrgag-workspace-guide-md/results_v5_m6_m7/finalize_fixed.py,4026
benchmarks/2026-09-13_v5_complete/completion/results_v5_m6_m7/finish_pilot.py,/home/data3/txy/Documents/Codex/2026-09-13/agent-md-medrgag-workspace-guide-md/results_v5_m6_m7/finish_pilot.py,2338
benchmarks/2026-09-13_v5_complete/completion/results_v5_m6_m7/fixed_pilot_summary.json,/home/data3/txy/Documents/Codex/2026-09-13/agent-md-medrgag-workspace-guide-md/results_v5_m6_m7/fixed_pilot_summary.json,4712
benchmarks/2026-09-13_v5_complete/completion/results_v5_m6_m7/formal/README.md,/home/data3/txy/Documents/Codex/2026-09-13/agent-md-medrgag-workspace-guide-md/results_v5_m6_m7/formal/README.md,4598
benchmarks/2026-09-13_v5_complete/completion/results_v5_m6_m7/formal/code/backend.py,/home/data3/txy/Documents/Codex/2026-09-13/agent-md-medrgag-workspace-guide-md/results_v5_m6_m7/formal/code/backend.py,11894
benchmarks/2026-09-13_v5_complete/completion/results_v5_m6_m7/formal/code/check.py,/home/data3/txy/Documents/Codex/2026-09-13/agent-md-medrgag-workspace-guide-md/results_v5_m6_m7/formal/code/check.py,3029
benchmarks/2026-09-13_v5_complete/completion/results_v5_m6_m7/formal/code/common.py,/home/data3/txy/Documents/Codex/2026-09-13/agent-md-medrgag-workspace-guide-md/results_v5_m6_m7/formal/code/common.py,5843
benchmarks/2026-09-13_v5_complete/completion/results_v5_m6_m7/formal/code/cost.py,/home/data3/txy/Documents/Codex/2026-09-13/agent-md-medrgag-workspace-guide-md/results_v5_m6_m7/formal/code/cost.py,8884
benchmarks/2026-09-13_v5_complete/completion/results_v5_m6_m7/formal/code/methods.py,/home/data3/txy/Documents/Codex/2026-09-13/agent-md-medrgag-workspace-guide-md/results_v5_m6_m7/formal/code/methods.py,18698
benchmarks/2026-09-13_v5_complete/completion/results_v5_m6_m7/formal/code/prepare.py,/home/data3/txy/Documents/Codex/2026-09-13/agent-md-medrgag-workspace-guide-md/results_v5_m6_m7/formal/code/prepare.py,12959
benchmarks/2026-09-13_v5_complete/completion/results_v5_m6_m7/formal/code/report.py,/home/data3/txy/Documents/Codex/2026-09-13/agent-md-medrgag-workspace-guide-md/results_v5_m6_m7/formal/code/report.py,14142
benchmarks/2026-09-13_v5_complete/completion/results_v5_m6_m7/formal/code/run.py,/home/data3/txy/Documents/Codex/2026-09-13/agent-md-medrgag-workspace-guide-md/results_v5_m6_m7/formal/code/run.py,7362
benchmarks/2026-09-13_v5_complete/completion/results_v5_m6_m7/formal/code/runtime.py,/home/data3/txy/Documents/Codex/2026-09-13/agent-md-medrgag-workspace-guide-md/results_v5_m6_m7/formal/code/runtime.py,8655
benchmarks/2026-09-13_v5_complete/completion/results_v5_m6_m7/formal/code/score.py,/home/data3/txy/Documents/Codex/2026-09-13/agent-md-medrgag-workspace-guide-md/results_v5_m6_m7/formal/code/score.py,9508
benchmarks/2026-09-13_v5_complete/completion/results_v5_m6_m7/formal/configs/imedrag_single_gpu.json,/home/data3/txy/Documents/Codex/2026-09-13/agent-md-medrgag-workspace-guide-md/results_v5_m6_m7/formal/configs/imedrag_single_gpu.json,2211
benchmarks/2026-09-13_v5_complete/completion/results_v5_m6_m7/formal/configs/tcrag_single_gpu.json,/home/data3/txy/Documents/Codex/2026-09-13/agent-md-medrgag-workspace-guide-md/results_v5_m6_m7/formal/configs/tcrag_single_gpu.json,2306
benchmarks/2026-09-13_v5_complete/completion/results_v5_m6_m7/formal/finish.py,/home/data3/txy/Documents/Codex/2026-09-13/agent-md-medrgag-workspace-guide-md/results_v5_m6_m7/formal/finish.py,2971
benchmarks/2026-09-13_v5_complete/completion/results_v5_m6_m7/formal/launch_gpu.sh,/home/data3/txy/Documents/Codex/2026-09-13/agent-md-medrgag-workspace-guide-md/results_v5_m6_m7/formal/launch_gpu.sh,231
benchmarks/2026-09-13_v5_complete/completion/results_v5_m6_m7/formal/logs/status.json,/home/data3/txy/Documents/Codex/2026-09-13/agent-md-medrgag-workspace-guide-md/results_v5_m6_m7/formal/logs/status.json,1185
benchmarks/2026-09-13_v5_complete/completion/results_v5_m6_m7/formal/logs/supervision.jsonl,/home/data3/txy/Documents/Codex/2026-09-13/agent-md-medrgag-workspace-guide-md/results_v5_m6_m7/formal/logs/supervision.jsonl,7796
benchmarks/2026-09-13_v5_complete/completion/results_v5_m6_m7/formal/monitor.py,/home/data3/txy/Documents/Codex/2026-09-13/agent-md-medrgag-workspace-guide-md/results_v5_m6_m7/formal/monitor.py,907
benchmarks/2026-09-13_v5_complete/completion/results_v5_m6_m7/formal/plan.json,/home/data3/txy/Documents/Codex/2026-09-13/agent-md-medrgag-workspace-guide-md/results_v5_m6_m7/formal/plan.json,50766
benchmarks/2026-09-13_v5_complete/completion/results_v5_m6_m7/formal/run.sh,/home/data3/txy/Documents/Codex/2026-09-13/agent-md-medrgag-workspace-guide-md/results_v5_m6_m7/formal/run.sh,436
benchmarks/2026-09-13_v5_complete/completion/results_v5_m6_m7/formal/status.py,/home/data3/txy/Documents/Codex/2026-09-13/agent-md-medrgag-workspace-guide-md/results_v5_m6_m7/formal/status.py,1516
benchmarks/2026-09-13_v5_complete/completion/results_v5_m6_m7/formal/tests/test_m6.py,/home/data3/txy/Documents/Codex/2026-09-13/agent-md-medrgag-workspace-guide-md/results_v5_m6_m7/formal/tests/test_m6.py,16423
benchmarks/2026-09-13_v5_complete/completion/results_v5_m6_m7/formal/tests/test_queue.py,/home/data3/txy/Documents/Codex/2026-09-13/agent-md-medrgag-workspace-guide-md/results_v5_m6_m7/formal/tests/test_queue.py,1225
benchmarks/2026-09-13_v5_complete/completion/results_v5_m6_m7/formal/throughput_handoff.json,/home/data3/txy/Documents/Codex/2026-09-13/agent-md-medrgag-workspace-guide-md/results_v5_m6_m7/formal/throughput_handoff.json,1393
benchmarks/2026-09-13_v5_complete/completion/results_v5_m6_m7/formal/worker.py,/home/data3/txy/Documents/Codex/2026-09-13/agent-md-medrgag-workspace-guide-md/results_v5_m6_m7/formal/worker.py,2993
benchmarks/2026-09-13_v5_complete/completion/results_v5_m6_m7/formal_balanced/README.md,/home/data3/txy/Documents/Codex/2026-09-13/agent-md-medrgag-workspace-guide-md/results_v5_m6_m7/formal_balanced/README.md,7428
benchmarks/2026-09-13_v5_complete/completion/results_v5_m6_m7/formal_balanced/checkpoints/m7_paused_20260913_1345/summary.json,/home/data3/txy/Documents/Codex/2026-09-13/agent-md-medrgag-workspace-guide-md/results_v5_m6_m7/formal_balanced/checkpoints/m7_paused_20260913_1345/summary.json,729
benchmarks/2026-09-13_v5_complete/completion/results_v5_m6_m7/formal_balanced/code/backend.py,/home/data3/txy/Documents/Codex/2026-09-13/agent-md-medrgag-workspace-guide-md/results_v5_m6_m7/formal_balanced/code/backend.py,12338
benchmarks/2026-09-13_v5_complete/completion/results_v5_m6_m7/formal_balanced/code/check.py,/home/data3/txy/Documents/Codex/2026-09-13/agent-md-medrgag-workspace-guide-md/results_v5_m6_m7/formal_balanced/code/check.py,3029
benchmarks/2026-09-13_v5_complete/completion/results_v5_m6_m7/formal_balanced/code/common.py,/home/data3/txy/Documents/Codex/2026-09-13/agent-md-medrgag-workspace-guide-md/results_v5_m6_m7/formal_balanced/code/common.py,5843
benchmarks/2026-09-13_v5_complete/completion/results_v5_m6_m7/formal_balanced/code/cost.py,/home/data3/txy/Documents/Codex/2026-09-13/agent-md-medrgag-workspace-guide-md/results_v5_m6_m7/formal_balanced/code/cost.py,8884
benchmarks/2026-09-13_v5_complete/completion/results_v5_m6_m7/formal_balanced/code/methods.py,/home/data3/txy/Documents/Codex/2026-09-13/agent-md-medrgag-workspace-guide-md/results_v5_m6_m7/formal_balanced/code/methods.py,18698
benchmarks/2026-09-13_v5_complete/completion/results_v5_m6_m7/formal_balanced/code/prepare.py,/home/data3/txy/Documents/Codex/2026-09-13/agent-md-medrgag-workspace-guide-md/results_v5_m6_m7/formal_balanced/code/prepare.py,12959
benchmarks/2026-09-13_v5_complete/completion/results_v5_m6_m7/formal_balanced/code/report.py,/home/data3/txy/Documents/Codex/2026-09-13/agent-md-medrgag-workspace-guide-md/results_v5_m6_m7/formal_balanced/code/report.py,14142
benchmarks/2026-09-13_v5_complete/completion/results_v5_m6_m7/formal_balanced/code/run.py,/home/data3/txy/Documents/Codex/2026-09-13/agent-md-medrgag-workspace-guide-md/results_v5_m6_m7/formal_balanced/code/run.py,7582
benchmarks/2026-09-13_v5_complete/completion/results_v5_m6_m7/formal_balanced/code/runtime.py,/home/data3/txy/Documents/Codex/2026-09-13/agent-md-medrgag-workspace-guide-md/results_v5_m6_m7/formal_balanced/code/runtime.py,8793
benchmarks/2026-09-13_v5_complete/completion/results_v5_m6_m7/formal_balanced/code/score.py,/home/data3/txy/Documents/Codex/2026-09-13/agent-md-medrgag-workspace-guide-md/results_v5_m6_m7/formal_balanced/code/score.py,9508
benchmarks/2026-09-13_v5_complete/completion/results_v5_m6_m7/formal_balanced/configs/imedrag_single_gpu.json,/home/data3/txy/Documents/Codex/2026-09-13/agent-md-medrgag-workspace-guide-md/results_v5_m6_m7/formal_balanced/configs/imedrag_single_gpu.json,2211
benchmarks/2026-09-13_v5_complete/completion/results_v5_m6_m7/formal_balanced/configs/tcrag_single_gpu.json,/home/data3/txy/Documents/Codex/2026-09-13/agent-md-medrgag-workspace-guide-md/results_v5_m6_m7/formal_balanced/configs/tcrag_single_gpu.json,2306
benchmarks/2026-09-13_v5_complete/completion/results_v5_m6_m7/formal_balanced/execution.json,/home/data3/txy/Documents/Codex/2026-09-13/agent-md-medrgag-workspace-guide-md/results_v5_m6_m7/formal_balanced/execution.json,140
benchmarks/2026-09-13_v5_complete/completion/results_v5_m6_m7/formal_balanced/finish.py,/home/data3/txy/Documents/Codex/2026-09-13/agent-md-medrgag-workspace-guide-md/results_v5_m6_m7/formal_balanced/finish.py,3759
benchmarks/2026-09-13_v5_complete/completion/results_v5_m6_m7/formal_balanced/handoff_validation.json,/home/data3/txy/Documents/Codex/2026-09-13/agent-md-medrgag-workspace-guide-md/results_v5_m6_m7/formal_balanced/handoff_validation.json,717
benchmarks/2026-09-13_v5_complete/completion/results_v5_m6_m7/formal_balanced/launch_gpu.sh,/home/data3/txy/Documents/Codex/2026-09-13/agent-md-medrgag-workspace-guide-md/results_v5_m6_m7/formal_balanced/launch_gpu.sh,231
benchmarks/2026-09-13_v5_complete/completion/results_v5_m6_m7/formal_balanced/logs/m7_completed_chunk_throughput.json,/home/data3/txy/Documents/Codex/2026-09-13/agent-md-medrgag-workspace-guide-md/results_v5_m6_m7/formal_balanced/logs/m7_completed_chunk_throughput.json,3118
benchmarks/2026-09-13_v5_complete/completion/results_v5_m6_m7/formal_balanced/logs/m7_throughput_diagnosis.json,/home/data3/txy/Documents/Codex/2026-09-13/agent-md-medrgag-workspace-guide-md/results_v5_m6_m7/formal_balanced/logs/m7_throughput_diagnosis.json,6072
benchmarks/2026-09-13_v5_complete/completion/results_v5_m6_m7/formal_balanced/logs/status.json,/home/data3/txy/Documents/Codex/2026-09-13/agent-md-medrgag-workspace-guide-md/results_v5_m6_m7/formal_balanced/logs/status.json,1181
benchmarks/2026-09-13_v5_complete/completion/results_v5_m6_m7/formal_balanced/logs/supervision.jsonl,/home/data3/txy/Documents/Codex/2026-09-13/agent-md-medrgag-workspace-guide-md/results_v5_m6_m7/formal_balanced/logs/supervision.jsonl,64322
benchmarks/2026-09-13_v5_complete/completion/results_v5_m6_m7/formal_balanced/m6_pause.json,/home/data3/txy/Documents/Codex/2026-09-13/agent-md-medrgag-workspace-guide-md/results_v5_m6_m7/formal_balanced/m6_pause.json,24441
benchmarks/2026-09-13_v5_complete/completion/results_v5_m6_m7/formal_balanced/m7_pause.json,/home/data3/txy/Documents/Codex/2026-09-13/agent-md-medrgag-workspace-guide-md/results_v5_m6_m7/formal_balanced/m7_pause.json,31158
benchmarks/2026-09-13_v5_complete/completion/results_v5_m6_m7/formal_balanced/m7_workers32_restore.json,/home/data3/txy/Documents/Codex/2026-09-13/agent-md-medrgag-workspace-guide-md/results_v5_m6_m7/formal_balanced/m7_workers32_restore.json,895
benchmarks/2026-09-13_v5_complete/completion/results_v5_m6_m7/formal_balanced/m7_workers64_change.json,/home/data3/txy/Documents/Codex/2026-09-13/agent-md-medrgag-workspace-guide-md/results_v5_m6_m7/formal_balanced/m7_workers64_change.json,760
benchmarks/2026-09-13_v5_complete/completion/results_v5_m6_m7/formal_balanced/monitor.py,/home/data3/txy/Documents/Codex/2026-09-13/agent-md-medrgag-workspace-guide-md/results_v5_m6_m7/formal_balanced/monitor.py,907
benchmarks/2026-09-13_v5_complete/completion/results_v5_m6_m7/formal_balanced/plan.json,/home/data3/txy/Documents/Codex/2026-09-13/agent-md-medrgag-workspace-guide-md/results_v5_m6_m7/formal_balanced/plan.json,51246
benchmarks/2026-09-13_v5_complete/completion/results_v5_m6_m7/formal_balanced/replay_handoff.py,/home/data3/txy/Documents/Codex/2026-09-13/agent-md-medrgag-workspace-guide-md/results_v5_m6_m7/formal_balanced/replay_handoff.py,4666
benchmarks/2026-09-13_v5_complete/completion/results_v5_m6_m7/formal_balanced/run.sh,/home/data3/txy/Documents/Codex/2026-09-13/agent-md-medrgag-workspace-guide-md/results_v5_m6_m7/formal_balanced/run.sh,436
benchmarks/2026-09-13_v5_complete/completion/results_v5_m6_m7/formal_balanced/status.py,/home/data3/txy/Documents/Codex/2026-09-13/agent-md-medrgag-workspace-guide-md/results_v5_m6_m7/formal_balanced/status.py,1516
benchmarks/2026-09-13_v5_complete/completion/results_v5_m6_m7/formal_balanced/tests/test_batching.py,/home/data3/txy/Documents/Codex/2026-09-13/agent-md-medrgag-workspace-guide-md/results_v5_m6_m7/formal_balanced/tests/test_batching.py,1936
benchmarks/2026-09-13_v5_complete/completion/results_v5_m6_m7/formal_balanced/tests/test_finish.py,/home/data3/txy/Documents/Codex/2026-09-13/agent-md-medrgag-workspace-guide-md/results_v5_m6_m7/formal_balanced/tests/test_finish.py,2234
benchmarks/2026-09-13_v5_complete/completion/results_v5_m6_m7/formal_balanced/tests/test_m6.py,/home/data3/txy/Documents/Codex/2026-09-13/agent-md-medrgag-workspace-guide-md/results_v5_m6_m7/formal_balanced/tests/test_m6.py,16433
benchmarks/2026-09-13_v5_complete/completion/results_v5_m6_m7/formal_balanced/tests/test_queue.py,/home/data3/txy/Documents/Codex/2026-09-13/agent-md-medrgag-workspace-guide-md/results_v5_m6_m7/formal_balanced/tests/test_queue.py,1890
benchmarks/2026-09-13_v5_complete/completion/results_v5_m6_m7/formal_balanced/worker.py,/home/data3/txy/Documents/Codex/2026-09-13/agent-md-medrgag-workspace-guide-md/results_v5_m6_m7/formal_balanced/worker.py,3178
benchmarks/2026-09-13_v5_complete/completion/results_v5_m6_m7/formal_fast/README.md,/home/data3/txy/Documents/Codex/2026-09-13/agent-md-medrgag-workspace-guide-md/results_v5_m6_m7/formal_fast/README.md,4719
benchmarks/2026-09-13_v5_complete/completion/results_v5_m6_m7/formal_fast/balanced_handoff.json,/home/data3/txy/Documents/Codex/2026-09-13/agent-md-medrgag-workspace-guide-md/results_v5_m6_m7/formal_fast/balanced_handoff.json,1846
benchmarks/2026-09-13_v5_complete/completion/results_v5_m6_m7/formal_fast/code/backend.py,/home/data3/txy/Documents/Codex/2026-09-13/agent-md-medrgag-workspace-guide-md/results_v5_m6_m7/formal_fast/code/backend.py,11894
benchmarks/2026-09-13_v5_complete/completion/results_v5_m6_m7/formal_fast/code/check.py,/home/data3/txy/Documents/Codex/2026-09-13/agent-md-medrgag-workspace-guide-md/results_v5_m6_m7/formal_fast/code/check.py,3029
benchmarks/2026-09-13_v5_complete/completion/results_v5_m6_m7/formal_fast/code/common.py,/home/data3/txy/Documents/Codex/2026-09-13/agent-md-medrgag-workspace-guide-md/results_v5_m6_m7/formal_fast/code/common.py,5843
benchmarks/2026-09-13_v5_complete/completion/results_v5_m6_m7/formal_fast/code/cost.py,/home/data3/txy/Documents/Codex/2026-09-13/agent-md-medrgag-workspace-guide-md/results_v5_m6_m7/formal_fast/code/cost.py,8884
benchmarks/2026-09-13_v5_complete/completion/results_v5_m6_m7/formal_fast/code/methods.py,/home/data3/txy/Documents/Codex/2026-09-13/agent-md-medrgag-workspace-guide-md/results_v5_m6_m7/formal_fast/code/methods.py,18698
benchmarks/2026-09-13_v5_complete/completion/results_v5_m6_m7/formal_fast/code/prepare.py,/home/data3/txy/Documents/Codex/2026-09-13/agent-md-medrgag-workspace-guide-md/results_v5_m6_m7/formal_fast/code/prepare.py,12959
benchmarks/2026-09-13_v5_complete/completion/results_v5_m6_m7/formal_fast/code/report.py,/home/data3/txy/Documents/Codex/2026-09-13/agent-md-medrgag-workspace-guide-md/results_v5_m6_m7/formal_fast/code/report.py,14142
benchmarks/2026-09-13_v5_complete/completion/results_v5_m6_m7/formal_fast/code/run.py,/home/data3/txy/Documents/Codex/2026-09-13/agent-md-medrgag-workspace-guide-md/results_v5_m6_m7/formal_fast/code/run.py,7547
benchmarks/2026-09-13_v5_complete/completion/results_v5_m6_m7/formal_fast/code/runtime.py,/home/data3/txy/Documents/Codex/2026-09-13/agent-md-medrgag-workspace-guide-md/results_v5_m6_m7/formal_fast/code/runtime.py,8655
benchmarks/2026-09-13_v5_complete/completion/results_v5_m6_m7/formal_fast/code/score.py,/home/data3/txy/Documents/Codex/2026-09-13/agent-md-medrgag-workspace-guide-md/results_v5_m6_m7/formal_fast/code/score.py,9508
benchmarks/2026-09-13_v5_complete/completion/results_v5_m6_m7/formal_fast/configs/imedrag_single_gpu.json,/home/data3/txy/Documents/Codex/2026-09-13/agent-md-medrgag-workspace-guide-md/results_v5_m6_m7/formal_fast/configs/imedrag_single_gpu.json,2211
benchmarks/2026-09-13_v5_complete/completion/results_v5_m6_m7/formal_fast/configs/tcrag_single_gpu.json,/home/data3/txy/Documents/Codex/2026-09-13/agent-md-medrgag-workspace-guide-md/results_v5_m6_m7/formal_fast/configs/tcrag_single_gpu.json,2306
benchmarks/2026-09-13_v5_complete/completion/results_v5_m6_m7/formal_fast/execution.json,/home/data3/txy/Documents/Codex/2026-09-13/agent-md-medrgag-workspace-guide-md/results_v5_m6_m7/formal_fast/execution.json,140
benchmarks/2026-09-13_v5_complete/completion/results_v5_m6_m7/formal_fast/finish.py,/home/data3/txy/Documents/Codex/2026-09-13/agent-md-medrgag-workspace-guide-md/results_v5_m6_m7/formal_fast/finish.py,2971
benchmarks/2026-09-13_v5_complete/completion/results_v5_m6_m7/formal_fast/handoff_artifacts/imedrag_000/items/s111494/result.json,/home/data3/txy/Documents/Codex/2026-09-13/agent-md-medrgag-workspace-guide-md/results_v5_m6_m7/formal_fast/handoff_artifacts/imedrag_000/items/s111494/result.json,1053
benchmarks/2026-09-13_v5_complete/completion/results_v5_m6_m7/formal_fast/handoff_artifacts/imedrag_000/items/s122721/result.json,/home/data3/txy/Documents/Codex/2026-09-13/agent-md-medrgag-workspace-guide-md/results_v5_m6_m7/formal_fast/handoff_artifacts/imedrag_000/items/s122721/result.json,1055
benchmarks/2026-09-13_v5_complete/completion/results_v5_m6_m7/formal_fast/handoff_artifacts/imedrag_000/items/s125122/result.json,/home/data3/txy/Documents/Codex/2026-09-13/agent-md-medrgag-workspace-guide-md/results_v5_m6_m7/formal_fast/handoff_artifacts/imedrag_000/items/s125122/result.json,1054
benchmarks/2026-09-13_v5_complete/completion/results_v5_m6_m7/formal_fast/handoff_artifacts/imedrag_000/items/s134987/result.json,/home/data3/txy/Documents/Codex/2026-09-13/agent-md-medrgag-workspace-guide-md/results_v5_m6_m7/formal_fast/handoff_artifacts/imedrag_000/items/s134987/result.json,1046
benchmarks/2026-09-13_v5_complete/completion/results_v5_m6_m7/formal_fast/handoff_validation.json,/home/data3/txy/Documents/Codex/2026-09-13/agent-md-medrgag-workspace-guide-md/results_v5_m6_m7/formal_fast/handoff_validation.json,1402
benchmarks/2026-09-13_v5_complete/completion/results_v5_m6_m7/formal_fast/launch_gpu.sh,/home/data3/txy/Documents/Codex/2026-09-13/agent-md-medrgag-workspace-guide-md/results_v5_m6_m7/formal_fast/launch_gpu.sh,231
benchmarks/2026-09-13_v5_complete/completion/results_v5_m6_m7/formal_fast/logs/status.json,/home/data3/txy/Documents/Codex/2026-09-13/agent-md-medrgag-workspace-guide-md/results_v5_m6_m7/formal_fast/logs/status.json,1186
benchmarks/2026-09-13_v5_complete/completion/results_v5_m6_m7/formal_fast/logs/supervision.jsonl,/home/data3/txy/Documents/Codex/2026-09-13/agent-md-medrgag-workspace-guide-md/results_v5_m6_m7/formal_fast/logs/supervision.jsonl,3901
benchmarks/2026-09-13_v5_complete/completion/results_v5_m6_m7/formal_fast/monitor.py,/home/data3/txy/Documents/Codex/2026-09-13/agent-md-medrgag-workspace-guide-md/results_v5_m6_m7/formal_fast/monitor.py,907
benchmarks/2026-09-13_v5_complete/completion/results_v5_m6_m7/formal_fast/plan.json,/home/data3/txy/Documents/Codex/2026-09-13/agent-md-medrgag-workspace-guide-md/results_v5_m6_m7/formal_fast/plan.json,51161
benchmarks/2026-09-13_v5_complete/completion/results_v5_m6_m7/formal_fast/replay_handoff.py,/home/data3/txy/Documents/Codex/2026-09-13/agent-md-medrgag-workspace-guide-md/results_v5_m6_m7/formal_fast/replay_handoff.py,4661
benchmarks/2026-09-13_v5_complete/completion/results_v5_m6_m7/formal_fast/run.sh,/home/data3/txy/Documents/Codex/2026-09-13/agent-md-medrgag-workspace-guide-md/results_v5_m6_m7/formal_fast/run.sh,436
benchmarks/2026-09-13_v5_complete/completion/results_v5_m6_m7/formal_fast/shutdown_recovery.json,/home/data3/txy/Documents/Codex/2026-09-13/agent-md-medrgag-workspace-guide-md/results_v5_m6_m7/formal_fast/shutdown_recovery.json,518
benchmarks/2026-09-13_v5_complete/completion/results_v5_m6_m7/formal_fast/status.py,/home/data3/txy/Documents/Codex/2026-09-13/agent-md-medrgag-workspace-guide-md/results_v5_m6_m7/formal_fast/status.py,1516
benchmarks/2026-09-13_v5_complete/completion/results_v5_m6_m7/formal_fast/tests/test_m6.py,/home/data3/txy/Documents/Codex/2026-09-13/agent-md-medrgag-workspace-guide-md/results_v5_m6_m7/formal_fast/tests/test_m6.py,16423
benchmarks/2026-09-13_v5_complete/completion/results_v5_m6_m7/formal_fast/tests/test_queue.py,/home/data3/txy/Documents/Codex/2026-09-13/agent-md-medrgag-workspace-guide-md/results_v5_m6_m7/formal_fast/tests/test_queue.py,1225
benchmarks/2026-09-13_v5_complete/completion/results_v5_m6_m7/formal_fast/worker.py,/home/data3/txy/Documents/Codex/2026-09-13/agent-md-medrgag-workspace-guide-md/results_v5_m6_m7/formal_fast/worker.py,3178
benchmarks/2026-09-13_v5_complete/completion/results_v5_m6_m7/launch_pilot.sh,/home/data3/txy/Documents/Codex/2026-09-13/agent-md-medrgag-workspace-guide-md/results_v5_m6_m7/launch_pilot.sh,399
benchmarks/2026-09-13_v5_complete/completion/results_v5_m6_m7/logs/status.json,/home/data3/txy/Documents/Codex/2026-09-13/agent-md-medrgag-workspace-guide-md/results_v5_m6_m7/logs/status.json,2977
benchmarks/2026-09-13_v5_complete/completion/results_v5_m6_m7/m6_upstream_fix/code/backend.py,/home/data3/txy/Documents/Codex/2026-09-13/agent-md-medrgag-workspace-guide-md/results_v5_m6_m7/m6_upstream_fix/code/backend.py,11894
benchmarks/2026-09-13_v5_complete/completion/results_v5_m6_m7/m6_upstream_fix/code/check.py,/home/data3/txy/Documents/Codex/2026-09-13/agent-md-medrgag-workspace-guide-md/results_v5_m6_m7/m6_upstream_fix/code/check.py,3029
benchmarks/2026-09-13_v5_complete/completion/results_v5_m6_m7/m6_upstream_fix/code/common.py,/home/data3/txy/Documents/Codex/2026-09-13/agent-md-medrgag-workspace-guide-md/results_v5_m6_m7/m6_upstream_fix/code/common.py,5843
benchmarks/2026-09-13_v5_complete/completion/results_v5_m6_m7/m6_upstream_fix/code/cost.py,/home/data3/txy/Documents/Codex/2026-09-13/agent-md-medrgag-workspace-guide-md/results_v5_m6_m7/m6_upstream_fix/code/cost.py,8884
benchmarks/2026-09-13_v5_complete/completion/results_v5_m6_m7/m6_upstream_fix/code/methods.py,/home/data3/txy/Documents/Codex/2026-09-13/agent-md-medrgag-workspace-guide-md/results_v5_m6_m7/m6_upstream_fix/code/methods.py,18071
benchmarks/2026-09-13_v5_complete/completion/results_v5_m6_m7/m6_upstream_fix/code/prepare.py,/home/data3/txy/Documents/Codex/2026-09-13/agent-md-medrgag-workspace-guide-md/results_v5_m6_m7/m6_upstream_fix/code/prepare.py,12959
benchmarks/2026-09-13_v5_complete/completion/results_v5_m6_m7/m6_upstream_fix/code/report.py,/home/data3/txy/Documents/Codex/2026-09-13/agent-md-medrgag-workspace-guide-md/results_v5_m6_m7/m6_upstream_fix/code/report.py,14142
benchmarks/2026-09-13_v5_complete/completion/results_v5_m6_m7/m6_upstream_fix/code/run.py,/home/data3/txy/Documents/Codex/2026-09-13/agent-md-medrgag-workspace-guide-md/results_v5_m6_m7/m6_upstream_fix/code/run.py,7362
benchmarks/2026-09-13_v5_complete/completion/results_v5_m6_m7/m6_upstream_fix/code/runtime.py,/home/data3/txy/Documents/Codex/2026-09-13/agent-md-medrgag-workspace-guide-md/results_v5_m6_m7/m6_upstream_fix/code/runtime.py,8655
benchmarks/2026-09-13_v5_complete/completion/results_v5_m6_m7/m6_upstream_fix/code/score.py,/home/data3/txy/Documents/Codex/2026-09-13/agent-md-medrgag-workspace-guide-md/results_v5_m6_m7/m6_upstream_fix/code/score.py,9508
benchmarks/2026-09-13_v5_complete/completion/results_v5_m6_m7/m6_upstream_fix/continue.sh,/home/data3/txy/Documents/Codex/2026-09-13/agent-md-medrgag-workspace-guide-md/results_v5_m6_m7/m6_upstream_fix/continue.sh,822
benchmarks/2026-09-13_v5_complete/completion/results_v5_m6_m7/m6_upstream_fix/prepare_reuse.py,/home/data3/txy/Documents/Codex/2026-09-13/agent-md-medrgag-workspace-guide-md/results_v5_m6_m7/m6_upstream_fix/prepare_reuse.py,2828
benchmarks/2026-09-13_v5_complete/completion/results_v5_m6_m7/m6_upstream_fix/run.sh,/home/data3/txy/Documents/Codex/2026-09-13/agent-md-medrgag-workspace-guide-md/results_v5_m6_m7/m6_upstream_fix/run.sh,436
benchmarks/2026-09-13_v5_complete/completion/results_v5_m6_m7/m6_upstream_fix/tests/test_audit.py,/home/data3/txy/Documents/Codex/2026-09-13/agent-md-medrgag-workspace-guide-md/results_v5_m6_m7/m6_upstream_fix/tests/test_audit.py,3040
benchmarks/2026-09-13_v5_complete/completion/results_v5_m6_m7/m6_upstream_fix/tests/test_entropy.py,/home/data3/txy/Documents/Codex/2026-09-13/agent-md-medrgag-workspace-guide-md/results_v5_m6_m7/m6_upstream_fix/tests/test_entropy.py,3109
benchmarks/2026-09-13_v5_complete/completion/results_v5_m6_m7/m6_upstream_fix/tests/test_methods.py,/home/data3/txy/Documents/Codex/2026-09-13/agent-md-medrgag-workspace-guide-md/results_v5_m6_m7/m6_upstream_fix/tests/test_methods.py,14455
benchmarks/2026-09-13_v5_complete/completion/results_v5_m6_m7/m6_upstream_fix/tests/test_scoring.py,/home/data3/txy/Documents/Codex/2026-09-13/agent-md-medrgag-workspace-guide-md/results_v5_m6_m7/m6_upstream_fix/tests/test_scoring.py,2664
benchmarks/2026-09-13_v5_complete/completion/results_v5_m6_m7/pilot_summary.json,/home/data3/txy/Documents/Codex/2026-09-13/agent-md-medrgag-workspace-guide-md/results_v5_m6_m7/pilot_summary.json,2065
benchmarks/2026-09-13_v5_complete/completion/results_v5_m6_m7/run.sh,/home/data3/txy/Documents/Codex/2026-09-13/agent-md-medrgag-workspace-guide-md/results_v5_m6_m7/run.sh,436
benchmarks/2026-09-13_v5_complete/completion/results_v5_m6_m7/status.py,/home/data3/txy/Documents/Codex/2026-09-13/agent-md-medrgag-workspace-guide-md/results_v5_m6_m7/status.py,2410
benchmarks/2026-09-13_v5_complete/completion/results_v5_m6_m7/tc_upstream_fix/code/backend.py,/home/data3/txy/Documents/Codex/2026-09-13/agent-md-medrgag-workspace-guide-md/results_v5_m6_m7/tc_upstream_fix/code/backend.py,11894
benchmarks/2026-09-13_v5_complete/completion/results_v5_m6_m7/tc_upstream_fix/code/check.py,/home/data3/txy/Documents/Codex/2026-09-13/agent-md-medrgag-workspace-guide-md/results_v5_m6_m7/tc_upstream_fix/code/check.py,3029
benchmarks/2026-09-13_v5_complete/completion/results_v5_m6_m7/tc_upstream_fix/code/common.py,/home/data3/txy/Documents/Codex/2026-09-13/agent-md-medrgag-workspace-guide-md/results_v5_m6_m7/tc_upstream_fix/code/common.py,5843
benchmarks/2026-09-13_v5_complete/completion/results_v5_m6_m7/tc_upstream_fix/code/cost.py,/home/data3/txy/Documents/Codex/2026-09-13/agent-md-medrgag-workspace-guide-md/results_v5_m6_m7/tc_upstream_fix/code/cost.py,8884
benchmarks/2026-09-13_v5_complete/completion/results_v5_m6_m7/tc_upstream_fix/code/methods.py,/home/data3/txy/Documents/Codex/2026-09-13/agent-md-medrgag-workspace-guide-md/results_v5_m6_m7/tc_upstream_fix/code/methods.py,19844
benchmarks/2026-09-13_v5_complete/completion/results_v5_m6_m7/tc_upstream_fix/code/prepare.py,/home/data3/txy/Documents/Codex/2026-09-13/agent-md-medrgag-workspace-guide-md/results_v5_m6_m7/tc_upstream_fix/code/prepare.py,12959
benchmarks/2026-09-13_v5_complete/completion/results_v5_m6_m7/tc_upstream_fix/code/report.py,/home/data3/txy/Documents/Codex/2026-09-13/agent-md-medrgag-workspace-guide-md/results_v5_m6_m7/tc_upstream_fix/code/report.py,14142
benchmarks/2026-09-13_v5_complete/completion/results_v5_m6_m7/tc_upstream_fix/code/run.py,/home/data3/txy/Documents/Codex/2026-09-13/agent-md-medrgag-workspace-guide-md/results_v5_m6_m7/tc_upstream_fix/code/run.py,7362
benchmarks/2026-09-13_v5_complete/completion/results_v5_m6_m7/tc_upstream_fix/code/runtime.py,/home/data3/txy/Documents/Codex/2026-09-13/agent-md-medrgag-workspace-guide-md/results_v5_m6_m7/tc_upstream_fix/code/runtime.py,8655
benchmarks/2026-09-13_v5_complete/completion/results_v5_m6_m7/tc_upstream_fix/code/score.py,/home/data3/txy/Documents/Codex/2026-09-13/agent-md-medrgag-workspace-guide-md/results_v5_m6_m7/tc_upstream_fix/code/score.py,9508
benchmarks/2026-09-13_v5_complete/completion/results_v5_m6_m7/tc_upstream_fix/run.sh,/home/data3/txy/Documents/Codex/2026-09-13/agent-md-medrgag-workspace-guide-md/results_v5_m6_m7/tc_upstream_fix/run.sh,436
benchmarks/2026-09-13_v5_complete/completion/results_v5_m6_m7/tc_upstream_fix/tests/test_audit.py,/home/data3/txy/Documents/Codex/2026-09-13/agent-md-medrgag-workspace-guide-md/results_v5_m6_m7/tc_upstream_fix/tests/test_audit.py,3040
benchmarks/2026-09-13_v5_complete/completion/results_v5_m6_m7/tc_upstream_fix/tests/test_entropy.py,/home/data3/txy/Documents/Codex/2026-09-13/agent-md-medrgag-workspace-guide-md/results_v5_m6_m7/tc_upstream_fix/tests/test_entropy.py,3109
benchmarks/2026-09-13_v5_complete/completion/results_v5_m6_m7/tc_upstream_fix/tests/test_methods.py,/home/data3/txy/Documents/Codex/2026-09-13/agent-md-medrgag-workspace-guide-md/results_v5_m6_m7/tc_upstream_fix/tests/test_methods.py,16780
benchmarks/2026-09-13_v5_complete/completion/results_v5_m6_m7/tc_upstream_fix/tests/test_scoring.py,/home/data3/txy/Documents/Codex/2026-09-13/agent-md-medrgag-workspace-guide-md/results_v5_m6_m7/tc_upstream_fix/tests/test_scoring.py,2664
benchmarks/2026-09-13_v5_complete/completion/results_v5_m6_m7/tests/test_audit.py,/home/data3/txy/Documents/Codex/2026-09-13/agent-md-medrgag-workspace-guide-md/results_v5_m6_m7/tests/test_audit.py,3040
benchmarks/2026-09-13_v5_complete/completion/results_v5_m6_m7/tests/test_entropy.py,/home/data3/txy/Documents/Codex/2026-09-13/agent-md-medrgag-workspace-guide-md/results_v5_m6_m7/tests/test_entropy.py,3109
benchmarks/2026-09-13_v5_complete/completion/results_v5_m6_m7/tests/test_methods.py,/home/data3/txy/Documents/Codex/2026-09-13/agent-md-medrgag-workspace-guide-md/results_v5_m6_m7/tests/test_methods.py,15668
benchmarks/2026-09-13_v5_complete/completion/results_v5_m6_m7/tests/test_scoring.py,/home/data3/txy/Documents/Codex/2026-09-13/agent-md-medrgag-workspace-guide-md/results_v5_m6_m7/tests/test_scoring.py,2664
benchmarks/2026-09-13_v5_complete/completion/results_v5_m6_m7/throughput_tuning/bench.py,/home/data3/txy/Documents/Codex/2026-09-13/agent-md-medrgag-workspace-guide-md/results_v5_m6_m7/throughput_tuning/bench.py,1817
benchmarks/2026-09-13_v5_complete/completion/results_v5_m6_m7/throughput_tuning/bench_bucket.py,/home/data3/txy/Documents/Codex/2026-09-13/agent-md-medrgag-workspace-guide-md/results_v5_m6_m7/throughput_tuning/bench_bucket.py,1440
benchmarks/2026-09-13_v5_complete/completion/results_v5_m6_m7/throughput_tuning/bench_compare.py,/home/data3/txy/Documents/Codex/2026-09-13/agent-md-medrgag-workspace-guide-md/results_v5_m6_m7/throughput_tuning/bench_compare.py,1939
benchmarks/2026-09-13_v5_complete/completion/results_v5_m6_m7/throughput_tuning/bucketing_comparison.json,/home/data3/txy/Documents/Codex/2026-09-13/agent-md-medrgag-workspace-guide-md/results_v5_m6_m7/throughput_tuning/bucketing_comparison.json,560
benchmarks/2026-09-13_v5_complete/completion/results_v5_m6_m7/throughput_tuning/imedrag_benchmark.json,/home/data3/txy/Documents/Codex/2026-09-13/agent-md-medrgag-workspace-guide-md/results_v5_m6_m7/throughput_tuning/imedrag_benchmark.json,836
benchmarks/2026-09-13_v5_complete/completion/results_v5_m6_m7/throughput_tuning/imedrag_comparison.json,/home/data3/txy/Documents/Codex/2026-09-13/agent-md-medrgag-workspace-guide-md/results_v5_m6_m7/throughput_tuning/imedrag_comparison.json,633
benchmarks/2026-09-13_v5_complete/completion/results_v5_m6_m7/throughput_tuning/run_bench.sh,/home/data3/txy/Documents/Codex/2026-09-13/agent-md-medrgag-workspace-guide-md/results_v5_m6_m7/throughput_tuning/run_bench.sh,561
benchmarks/2026-09-13_v5_complete/completion/results_v5_m6_m7/throughput_tuning/run_bucket.sh,/home/data3/txy/Documents/Codex/2026-09-13/agent-md-medrgag-workspace-guide-md/results_v5_m6_m7/throughput_tuning/run_bucket.sh,566
benchmarks/2026-09-13_v5_complete/completion/results_v5_m6_m7/throughput_tuning/run_compare.sh,/home/data3/txy/Documents/Codex/2026-09-13/agent-md-medrgag-workspace-guide-md/results_v5_m6_m7/throughput_tuning/run_compare.sh,585
benchmarks/2026-09-13_v5_complete/completion/results_v5_m6_m7/throughput_tuning/sampling_probe.json,/home/data3/txy/Documents/Codex/2026-09-13/agent-md-medrgag-workspace-guide-md/results_v5_m6_m7/throughput_tuning/sampling_probe.json,291
benchmarks/2026-09-13_v5_complete/completion/results_v5_m6_m7/throughput_tuning/tcrag_benchmark.json,/home/data3/txy/Documents/Codex/2026-09-13/agent-md-medrgag-workspace-guide-md/results_v5_m6_m7/throughput_tuning/tcrag_benchmark.json,838
benchmarks/2026-09-13_v5_complete/completion/results_v5_m6_m7/throughput_tuning/tcrag_comparison.json,/home/data3/txy/Documents/Codex/2026-09-13/agent-md-medrgag-workspace-guide-md/results_v5_m6_m7/throughput_tuning/tcrag_comparison.json,632
benchmarks/2026-09-13_v5_complete/completion/results_v5_m6_m7/validity_comparison.json,/home/data3/txy/Documents/Codex/2026-09-13/agent-md-medrgag-workspace-guide-md/results_v5_m6_m7/validity_comparison.json,4111
benchmarks/2026-09-13_v5_complete/completion/results_v5_m6_m7/validity_comparison_unique_inputs.json,/home/data3/txy/Documents/Codex/2026-09-13/agent-md-medrgag-workspace-guide-md/results_v5_m6_m7/validity_comparison_unique_inputs.json,3911
benchmarks/2026-09-13_v5_complete/completion/results_v5_m6_m7/watch_fixed.sh,/home/data3/txy/Documents/Codex/2026-09-13/agent-md-medrgag-workspace-guide-md/results_v5_m6_m7/watch_fixed.sh,560
benchmarks/2026-09-13_v5_complete/completion/results_v5_m6_m7/watch_pilot.sh,/home/data3/txy/Documents/Codex/2026-09-13/agent-md-medrgag-workspace-guide-md/results_v5_m6_m7/watch_pilot.sh,469
benchmarks/2026-09-13_v5_complete/completion/v5_benchmark_latest/README.md,/home/data3/txy/Documents/Codex/2026-09-13/agent-md-medrgag-workspace-guide-md/v5_benchmark_latest/README.md,7637
benchmarks/2026-09-13_v5_complete/completion/v5_benchmark_latest/build_report.py,/home/data3/txy/Documents/Codex/2026-09-13/agent-md-medrgag-workspace-guide-md/v5_benchmark_latest/build_report.py,9899
benchmarks/2026-09-13_v5_complete/completion/v5_benchmark_latest/category_scores_merged.csv,/home/data3/txy/Documents/Codex/2026-09-13/agent-md-medrgag-workspace-guide-md/v5_benchmark_latest/category_scores_merged.csv,963
benchmarks/2026-09-13_v5_complete/completion/v5_benchmark_latest/category_source_counts.csv,/home/data3/txy/Documents/Codex/2026-09-13/agent-md-medrgag-workspace-guide-md/v5_benchmark_latest/category_source_counts.csv,516
benchmarks/2026-09-13_v5_complete/completion/v5_benchmark_latest/loss_by_method.csv,/home/data3/txy/Documents/Codex/2026-09-13/agent-md-medrgag-workspace-guide-md/v5_benchmark_latest/loss_by_method.csv,1784
benchmarks/2026-09-13_v5_complete/completion/v5_benchmark_latest/loss_decomposition.csv,/home/data3/txy/Documents/Codex/2026-09-13/agent-md-medrgag-workspace-guide-md/v5_benchmark_latest/loss_decomposition.csv,414
benchmarks/2026-09-13_v5_complete/completion/v5_benchmark_latest/priority.csv,/home/data3/txy/Documents/Codex/2026-09-13/agent-md-medrgag-workspace-guide-md/v5_benchmark_latest/priority.csv,821
benchmarks/2026-09-13_v5_complete/completion/v5_benchmark_latest/v5_category_comparison.pdf,/home/data3/txy/Documents/Codex/2026-09-13/agent-md-medrgag-workspace-guide-md/v5_benchmark_latest/v5_category_comparison.pdf,39719
benchmarks/2026-09-13_v5_complete/completion/v5_benchmark_latest/v5_category_comparison.png,/home/data3/txy/Documents/Codex/2026-09-13/agent-md-medrgag-workspace-guide-md/v5_benchmark_latest/v5_category_comparison.png,314457
benchmarks/2026-09-13_v5_complete/completion/v5_benchmark_latest/v5_category_comparison.svg,/home/data3/txy/Documents/Codex/2026-09-13/agent-md-medrgag-workspace-guide-md/v5_benchmark_latest/v5_category_comparison.svg,35481
benchmarks/2026-09-13_v5_complete/completion/v5_benchmark_latest/v5_category_error_decomposition.pdf,/home/data3/txy/Documents/Codex/2026-09-13/agent-md-medrgag-workspace-guide-md/v5_benchmark_latest/v5_category_error_decomposition.pdf,27982
benchmarks/2026-09-13_v5_complete/completion/v5_benchmark_latest/v5_category_error_decomposition.png,/home/data3/txy/Documents/Codex/2026-09-13/agent-md-medrgag-workspace-guide-md/v5_benchmark_latest/v5_category_error_decomposition.png,175307
benchmarks/2026-09-13_v5_complete/completion/v5_benchmark_latest/v5_category_error_decomposition.svg,/home/data3/txy/Documents/Codex/2026-09-13/agent-md-medrgag-workspace-guide-md/v5_benchmark_latest/v5_category_error_decomposition.svg,15387
benchmarks/2026-09-13_v5_complete/completion/v5_benchmark_latest/v5_grouped_methods.pdf,/home/data3/txy/Documents/Codex/2026-09-13/agent-md-medrgag-workspace-guide-md/v5_benchmark_latest/v5_grouped_methods.pdf,21949
benchmarks/2026-09-13_v5_complete/completion/v5_benchmark_latest/v5_grouped_methods.png,/home/data3/txy/Documents/Codex/2026-09-13/agent-md-medrgag-workspace-guide-md/v5_benchmark_latest/v5_grouped_methods.png,162109
benchmarks/2026-09-13_v5_complete/completion/v5_benchmark_latest/v5_grouped_methods.svg,/home/data3/txy/Documents/Codex/2026-09-13/agent-md-medrgag-workspace-guide-md/v5_benchmark_latest/v5_grouped_methods.svg,23470
benchmarks/2026-09-13_v5_complete/completion/v5_benchmark_latest/validation.json,/home/data3/txy/Documents/Codex/2026-09-13/agent-md-medrgag-workspace-guide-md/v5_benchmark_latest/validation.json,1040
benchmarks/2026-09-13_v5_complete/completion/v5_benchmark_latest/validity.csv,/home/data3/txy/Documents/Codex/2026-09-13/agent-md-medrgag-workspace-guide-md/v5_benchmark_latest/validity.csv,416
benchmarks/2026-09-13_v5_complete/construction/benchmark_r1_r5_v4_20260910/DELIVERY.md,/home/data3/txy/Documents/Codex/2026-09-09/agent-md-medrgag-workspace-guide-md/benchmark_r1_r5_v4_20260910/DELIVERY.md,6938
benchmarks/2026-09-13_v5_complete/construction/benchmark_r1_r5_v4_20260910/README.md,/home/data3/txy/Documents/Codex/2026-09-09/agent-md-medrgag-workspace-guide-md/benchmark_r1_r5_v4_20260910/README.md,2063
benchmarks/2026-09-13_v5_complete/construction/benchmark_r1_r5_v4_20260910/completion_audit.json,/home/data3/txy/Documents/Codex/2026-09-09/agent-md-medrgag-workspace-guide-md/benchmark_r1_r5_v4_20260910/completion_audit.json,675
benchmarks/2026-09-13_v5_complete/construction/benchmark_r1_r5_v4_20260910/completion_gap_review.md,/home/data3/txy/Documents/Codex/2026-09-09/agent-md-medrgag-workspace-guide-md/benchmark_r1_r5_v4_20260910/completion_gap_review.md,6155
benchmarks/2026-09-13_v5_complete/construction/benchmark_r1_r5_v4_20260910/deferred_r5/sources/M11/README.md,/home/data3/txy/Documents/Codex/2026-09-09/agent-md-medrgag-workspace-guide-md/benchmark_r1_r5_v4_20260910/deferred_r5/sources/M11/README.md,1375
benchmarks/2026-09-13_v5_complete/construction/benchmark_r1_r5_v4_20260910/deferred_r5/sources/M12/README.md,/home/data3/txy/Documents/Codex/2026-09-09/agent-md-medrgag-workspace-guide-md/benchmark_r1_r5_v4_20260910/deferred_r5/sources/M12/README.md,1375
benchmarks/2026-09-13_v5_complete/construction/benchmark_r1_r5_v4_20260910/deferred_r5/sources/M14/README.md,/home/data3/txy/Documents/Codex/2026-09-09/agent-md-medrgag-workspace-guide-md/benchmark_r1_r5_v4_20260910/deferred_r5/sources/M14/README.md,2215
benchmarks/2026-09-13_v5_complete/construction/benchmark_r1_r5_v4_20260910/figures/README.md,/home/data3/txy/Documents/Codex/2026-09-09/agent-md-medrgag-workspace-guide-md/benchmark_r1_r5_v4_20260910/figures/README.md,2381
benchmarks/2026-09-13_v5_complete/construction/benchmark_r1_r5_v4_20260910/legacy_target_qualification_overrides_report.md,/home/data3/txy/Documents/Codex/2026-09-09/agent-md-medrgag-workspace-guide-md/benchmark_r1_r5_v4_20260910/legacy_target_qualification_overrides_report.md,2698
benchmarks/2026-09-13_v5_complete/construction/benchmark_r1_r5_v4_20260910/reports/two_scenarios/README.md,/home/data3/txy/Documents/Codex/2026-09-09/agent-md-medrgag-workspace-guide-md/benchmark_r1_r5_v4_20260910/reports/two_scenarios/README.md,16480
benchmarks/2026-09-13_v5_complete/construction/benchmark_r1_r5_v4_20260910/reports/two_scenarios/summary.json,/home/data3/txy/Documents/Codex/2026-09-09/agent-md-medrgag-workspace-guide-md/benchmark_r1_r5_v4_20260910/reports/two_scenarios/summary.json,20136
benchmarks/2026-09-13_v5_complete/construction/benchmark_r1_r5_v4_20260910/source_scope_inventory.md,/home/data3/txy/Documents/Codex/2026-09-09/agent-md-medrgag-workspace-guide-md/benchmark_r1_r5_v4_20260910/source_scope_inventory.md,4486
benchmarks/2026-09-13_v5_complete/construction/benchmark_r1_r5_v4_20260910/sources/M01/README.md,/home/data3/txy/Documents/Codex/2026-09-09/agent-md-medrgag-workspace-guide-md/benchmark_r1_r5_v4_20260910/sources/M01/README.md,4618
benchmarks/2026-09-13_v5_complete/construction/benchmark_r1_r5_v4_20260910/sources/M01/evaluation_eligibility_README.md,/home/data3/txy/Documents/Codex/2026-09-09/agent-md-medrgag-workspace-guide-md/benchmark_r1_r5_v4_20260910/sources/M01/evaluation_eligibility_README.md,1541
benchmarks/2026-09-13_v5_complete/construction/benchmark_r1_r5_v4_20260910/sources/M10/README.md,/home/data3/txy/Documents/Codex/2026-09-09/agent-md-medrgag-workspace-guide-md/benchmark_r1_r5_v4_20260910/sources/M10/README.md,4487
benchmarks/2026-09-13_v5_complete/construction/benchmark_r1_r5_v4_20260910/sources/M10/evaluation_eligibility_README.md,/home/data3/txy/Documents/Codex/2026-09-09/agent-md-medrgag-workspace-guide-md/benchmark_r1_r5_v4_20260910/sources/M10/evaluation_eligibility_README.md,1476
benchmarks/2026-09-13_v5_complete/construction/benchmark_r1_r5_v4_20260910/sources/M14/tail_review_method.md,/home/data3/txy/Documents/Codex/2026-09-09/agent-md-medrgag-workspace-guide-md/benchmark_r1_r5_v4_20260910/sources/M14/tail_review_method.md,998
benchmarks/2026-09-13_v5_complete/construction/benchmark_r1_r5_v4_20260910/sources/M23/cpv_semantic_review_report.md,/home/data3/txy/Documents/Codex/2026-09-09/agent-md-medrgag-workspace-guide-md/benchmark_r1_r5_v4_20260910/sources/M23/cpv_semantic_review_report.md,970
benchmarks/2026-09-13_v5_complete/construction/benchmark_r1_r5_v4_20260910/sources/M23/evaluation_eligibility_README.md,/home/data3/txy/Documents/Codex/2026-09-09/agent-md-medrgag-workspace-guide-md/benchmark_r1_r5_v4_20260910/sources/M23/evaluation_eligibility_README.md,1581
benchmarks/2026-09-13_v5_complete/construction/benchmark_r1_r5_v4_20260910/v4_manifest.json,/home/data3/txy/Documents/Codex/2026-09-09/agent-md-medrgag-workspace-guide-md/benchmark_r1_r5_v4_20260910/v4_manifest.json,481
benchmarks/2026-09-13_v5_complete/construction/benchmark_r1_r5_v5_20260910/EXPLORATION_HISTORY.md,/home/data3/txy/Documents/Codex/2026-09-09/agent-md-medrgag-workspace-guide-md/benchmark_r1_r5_v5_20260910/EXPLORATION_HISTORY.md,9942
benchmarks/2026-09-13_v5_complete/construction/benchmark_r1_r5_v5_20260910/README.md,/home/data3/txy/Documents/Codex/2026-09-09/agent-md-medrgag-workspace-guide-md/benchmark_r1_r5_v5_20260910/README.md,6886
benchmarks/2026-09-13_v5_complete/construction/benchmark_r1_r5_v5_20260910/build_v5.py,/home/data3/txy/Documents/Codex/2026-09-09/agent-md-medrgag-workspace-guide-md/benchmark_r1_r5_v5_20260910/build_v5.py,7624
benchmarks/2026-09-13_v5_complete/construction/benchmark_r1_r5_v5_20260910/manifest.json,/home/data3/txy/Documents/Codex/2026-09-09/agent-md-medrgag-workspace-guide-md/benchmark_r1_r5_v5_20260910/manifest.json,1377
benchmarks/2026-09-13_v5_complete/construction/benchmark_r1_r5_v5_20260910/replay_sampling.py,/home/data3/txy/Documents/Codex/2026-09-09/agent-md-medrgag-workspace-guide-md/benchmark_r1_r5_v5_20260910/replay_sampling.py,1134
benchmarks/2026-09-13_v5_complete/construction/benchmark_r1_r5_v5_20260910/sampling_protocol.json,/home/data3/txy/Documents/Codex/2026-09-09/agent-md-medrgag-workspace-guide-md/benchmark_r1_r5_v5_20260910/sampling_protocol.json,1357
benchmarks/2026-09-13_v5_complete/construction/benchmark_r1_r5_v5_20260910/selected_r5_unit_ids.json,/home/data3/txy/Documents/Codex/2026-09-09/agent-md-medrgag-workspace-guide-md/benchmark_r1_r5_v5_20260910/selected_r5_unit_ids.json,121739
benchmarks/2026-09-13_v5_complete/construction/benchmark_r1_r5_v5_20260910/verification.json,/home/data3/txy/Documents/Codex/2026-09-09/agent-md-medrgag-workspace-guide-md/benchmark_r1_r5_v5_20260910/verification.json,825
benchmarks/2026-09-13_v5_complete/construction/benchmark_r1_r5_v5_20260910/verify_v5.py,/home/data3/txy/Documents/Codex/2026-09-09/agent-md-medrgag-workspace-guide-md/benchmark_r1_r5_v5_20260910/verify_v5.py,4149
benchmarks/2026-09-13_v5_complete/construction/paper_work_record_20260913/README.md,/home/data3/txy/Documents/Codex/2026-09-09/agent-md-medrgag-workspace-guide-md/paper_work_record_20260913/README.md,28682
benchmarks/2026-09-13_v5_complete/construction/r1_r5_benchmark_sources_20260910.md,/home/data3/txy/Documents/Codex/2026-09-09/agent-md-medrgag-workspace-guide-md/r1_r5_benchmark_sources_20260910.md,15262
benchmarks/2026-09-13_v5_complete/execution/EXPERIMENT_CHANGELOG_AND_REPRODUCIBILITY.md,/home/data3/txy/Documents/Codex/2026-09-11/agent-md-medrgag-workspace-guide-md/EXPERIMENT_CHANGELOG_AND_REPRODUCIBILITY.md,67738
benchmarks/2026-09-13_v5_complete/execution/m6_formatter_pilot/README.md,/home/data3/txy/Documents/Codex/2026-09-11/agent-md-medrgag-workspace-guide-md/m6_formatter_pilot/README.md,7018
benchmarks/2026-09-13_v5_complete/execution/m6_formatter_pilot/check_holdout.py,/home/data3/txy/Documents/Codex/2026-09-11/agent-md-medrgag-workspace-guide-md/m6_formatter_pilot/check_holdout.py,2787
benchmarks/2026-09-13_v5_complete/execution/m6_formatter_pilot/check_literal.py,/home/data3/txy/Documents/Codex/2026-09-11/agent-md-medrgag-workspace-guide-md/m6_formatter_pilot/check_literal.py,1724
benchmarks/2026-09-13_v5_complete/execution/m6_formatter_pilot/comparison.json,/home/data3/txy/Documents/Codex/2026-09-11/agent-md-medrgag-workspace-guide-md/m6_formatter_pilot/comparison.json,9280
benchmarks/2026-09-13_v5_complete/execution/m6_formatter_pilot/complete.json,/home/data3/txy/Documents/Codex/2026-09-11/agent-md-medrgag-workspace-guide-md/m6_formatter_pilot/complete.json,20
benchmarks/2026-09-13_v5_complete/execution/m6_formatter_pilot/config.json,/home/data3/txy/Documents/Codex/2026-09-11/agent-md-medrgag-workspace-guide-md/m6_formatter_pilot/config.json,3105
benchmarks/2026-09-13_v5_complete/execution/m6_formatter_pilot/guard.py,/home/data3/txy/Documents/Codex/2026-09-11/agent-md-medrgag-workspace-guide-md/m6_formatter_pilot/guard.py,903
benchmarks/2026-09-13_v5_complete/execution/m6_formatter_pilot/guard_result.json,/home/data3/txy/Documents/Codex/2026-09-11/agent-md-medrgag-workspace-guide-md/m6_formatter_pilot/guard_result.json,74
benchmarks/2026-09-13_v5_complete/execution/m6_formatter_pilot/holdout_validation.json,/home/data3/txy/Documents/Codex/2026-09-11/agent-md-medrgag-workspace-guide-md/m6_formatter_pilot/holdout_validation.json,314
benchmarks/2026-09-13_v5_complete/execution/m6_formatter_pilot/literal_validation.json,/home/data3/txy/Documents/Codex/2026-09-11/agent-md-medrgag-workspace-guide-md/m6_formatter_pilot/literal_validation.json,6976
benchmarks/2026-09-13_v5_complete/execution/m6_formatter_pilot/methods.integration.patch,/home/data3/txy/Documents/Codex/2026-09-11/agent-md-medrgag-workspace-guide-md/m6_formatter_pilot/methods.integration.patch,1823
benchmarks/2026-09-13_v5_complete/execution/m6_formatter_pilot/methods_source_snapshot.py,/home/data3/txy/Documents/Codex/2026-09-11/agent-md-medrgag-workspace-guide-md/m6_formatter_pilot/methods_source_snapshot.py,18698
benchmarks/2026-09-13_v5_complete/execution/m6_formatter_pilot/normalize.py,/home/data3/txy/Documents/Codex/2026-09-11/agent-md-medrgag-workspace-guide-md/m6_formatter_pilot/normalize.py,3239
benchmarks/2026-09-13_v5_complete/execution/m6_formatter_pilot/prepare.py,/home/data3/txy/Documents/Codex/2026-09-11/agent-md-medrgag-workspace-guide-md/m6_formatter_pilot/prepare.py,1118
benchmarks/2026-09-13_v5_complete/execution/m6_formatter_pilot/report.py,/home/data3/txy/Documents/Codex/2026-09-11/agent-md-medrgag-workspace-guide-md/m6_formatter_pilot/report.py,2971
benchmarks/2026-09-13_v5_complete/execution/m6_formatter_pilot/run.py,/home/data3/txy/Documents/Codex/2026-09-11/agent-md-medrgag-workspace-guide-md/m6_formatter_pilot/run.py,4233
benchmarks/2026-09-13_v5_complete/execution/m7_validity_audit/README.md,/home/data3/txy/Documents/Codex/2026-09-11/agent-md-medrgag-workspace-guide-md/m7_validity_audit/README.md,3811
benchmarks/2026-09-13_v5_complete/execution/m7_validity_audit/summary.json,/home/data3/txy/Documents/Codex/2026-09-11/agent-md-medrgag-workspace-guide-md/m7_validity_audit/summary.json,1018
benchmarks/2026-09-13_v5_complete/execution/results_v5_m0_m2_m4_m5/M0/complete.json,/home/data3/txy/Documents/Codex/2026-09-11/agent-md-medrgag-workspace-guide-md/results_v5_m0_m2_m4_m5/M0/complete.json,81
benchmarks/2026-09-13_v5_complete/execution/results_v5_m0_m2_m4_m5/M0/progress.json,/home/data3/txy/Documents/Codex/2026-09-11/agent-md-medrgag-workspace-guide-md/results_v5_m0_m2_m4_m5/M0/progress.json,126
benchmarks/2026-09-13_v5_complete/execution/results_v5_m0_m2_m4_m5/M0/smoke_complete.json,/home/data3/txy/Documents/Codex/2026-09-11/agent-md-medrgag-workspace-guide-md/results_v5_m0_m2_m4_m5/M0/smoke_complete.json,80
benchmarks/2026-09-13_v5_complete/execution/results_v5_m0_m2_m4_m5/M0/started.json,/home/data3/txy/Documents/Codex/2026-09-11/agent-md-medrgag-workspace-guide-md/results_v5_m0_m2_m4_m5/M0/started.json,84
benchmarks/2026-09-13_v5_complete/execution/results_v5_m0_m2_m4_m5/M2/complete.json,/home/data3/txy/Documents/Codex/2026-09-11/agent-md-medrgag-workspace-guide-md/results_v5_m0_m2_m4_m5/M2/complete.json,82
benchmarks/2026-09-13_v5_complete/execution/results_v5_m0_m2_m4_m5/M2/progress.json,/home/data3/txy/Documents/Codex/2026-09-11/agent-md-medrgag-workspace-guide-md/results_v5_m0_m2_m4_m5/M2/progress.json,124
benchmarks/2026-09-13_v5_complete/execution/results_v5_m0_m2_m4_m5/M2/smoke_complete.json,/home/data3/txy/Documents/Codex/2026-09-11/agent-md-medrgag-workspace-guide-md/results_v5_m0_m2_m4_m5/M2/smoke_complete.json,80
benchmarks/2026-09-13_v5_complete/execution/results_v5_m0_m2_m4_m5/M2/started.json,/home/data3/txy/Documents/Codex/2026-09-11/agent-md-medrgag-workspace-guide-md/results_v5_m0_m2_m4_m5/M2/started.json,83
benchmarks/2026-09-13_v5_complete/execution/results_v5_m0_m2_m4_m5/M4/complete.json,/home/data3/txy/Documents/Codex/2026-09-11/agent-md-medrgag-workspace-guide-md/results_v5_m0_m2_m4_m5/M4/complete.json,72
benchmarks/2026-09-13_v5_complete/execution/results_v5_m0_m2_m4_m5/M4/config.json,/home/data3/txy/Documents/Codex/2026-09-11/agent-md-medrgag-workspace-guide-md/results_v5_m0_m2_m4_m5/M4/config.json,811
benchmarks/2026-09-13_v5_complete/execution/results_v5_m0_m2_m4_m5/M4/gpu0_guard.json,/home/data3/txy/Documents/Codex/2026-09-11/agent-md-medrgag-workspace-guide-md/results_v5_m0_m2_m4_m5/M4/gpu0_guard.json,93
benchmarks/2026-09-13_v5_complete/execution/results_v5_m0_m2_m4_m5/M4/gpu0_smoke_validation.json,/home/data3/txy/Documents/Codex/2026-09-11/agent-md-medrgag-workspace-guide-md/results_v5_m0_m2_m4_m5/M4/gpu0_smoke_validation.json,152
benchmarks/2026-09-13_v5_complete/execution/results_v5_m0_m2_m4_m5/M4/parallel/worker-0/complete.json,/home/data3/txy/Documents/Codex/2026-09-11/agent-md-medrgag-workspace-guide-md/results_v5_m0_m2_m4_m5/M4/parallel/worker-0/complete.json,81
benchmarks/2026-09-13_v5_complete/execution/results_v5_m0_m2_m4_m5/M4/parallel/worker-0/config.json,/home/data3/txy/Documents/Codex/2026-09-11/agent-md-medrgag-workspace-guide-md/results_v5_m0_m2_m4_m5/M4/parallel/worker-0/config.json,811
benchmarks/2026-09-13_v5_complete/execution/results_v5_m0_m2_m4_m5/M4/parallel/worker-0/progress.json,/home/data3/txy/Documents/Codex/2026-09-11/agent-md-medrgag-workspace-guide-md/results_v5_m0_m2_m4_m5/M4/parallel/worker-0/progress.json,125
benchmarks/2026-09-13_v5_complete/execution/results_v5_m0_m2_m4_m5/M4/parallel/worker-0/started.json,/home/data3/txy/Documents/Codex/2026-09-11/agent-md-medrgag-workspace-guide-md/results_v5_m0_m2_m4_m5/M4/parallel/worker-0/started.json,83
benchmarks/2026-09-13_v5_complete/execution/results_v5_m0_m2_m4_m5/M4/parallel/worker-1/complete.json,/home/data3/txy/Documents/Codex/2026-09-11/agent-md-medrgag-workspace-guide-md/results_v5_m0_m2_m4_m5/M4/parallel/worker-1/complete.json,83
benchmarks/2026-09-13_v5_complete/execution/results_v5_m0_m2_m4_m5/M4/parallel/worker-1/config.json,/home/data3/txy/Documents/Codex/2026-09-11/agent-md-medrgag-workspace-guide-md/results_v5_m0_m2_m4_m5/M4/parallel/worker-1/config.json,811
benchmarks/2026-09-13_v5_complete/execution/results_v5_m0_m2_m4_m5/M4/parallel/worker-1/progress.json,/home/data3/txy/Documents/Codex/2026-09-11/agent-md-medrgag-workspace-guide-md/results_v5_m0_m2_m4_m5/M4/parallel/worker-1/progress.json,125
benchmarks/2026-09-13_v5_complete/execution/results_v5_m0_m2_m4_m5/M4/parallel/worker-1/started.json,/home/data3/txy/Documents/Codex/2026-09-11/agent-md-medrgag-workspace-guide-md/results_v5_m0_m2_m4_m5/M4/parallel/worker-1/started.json,83
benchmarks/2026-09-13_v5_complete/execution/results_v5_m0_m2_m4_m5/M4/parallel/worker-2/complete.json,/home/data3/txy/Documents/Codex/2026-09-11/agent-md-medrgag-workspace-guide-md/results_v5_m0_m2_m4_m5/M4/parallel/worker-2/complete.json,83
benchmarks/2026-09-13_v5_complete/execution/results_v5_m0_m2_m4_m5/M4/parallel/worker-2/config.json,/home/data3/txy/Documents/Codex/2026-09-11/agent-md-medrgag-workspace-guide-md/results_v5_m0_m2_m4_m5/M4/parallel/worker-2/config.json,811
benchmarks/2026-09-13_v5_complete/execution/results_v5_m0_m2_m4_m5/M4/parallel/worker-2/progress.json,/home/data3/txy/Documents/Codex/2026-09-11/agent-md-medrgag-workspace-guide-md/results_v5_m0_m2_m4_m5/M4/parallel/worker-2/progress.json,126
benchmarks/2026-09-13_v5_complete/execution/results_v5_m0_m2_m4_m5/M4/parallel/worker-2/started.json,/home/data3/txy/Documents/Codex/2026-09-11/agent-md-medrgag-workspace-guide-md/results_v5_m0_m2_m4_m5/M4/parallel/worker-2/started.json,83
benchmarks/2026-09-13_v5_complete/execution/results_v5_m0_m2_m4_m5/M4/parallel_coverage.json,/home/data3/txy/Documents/Codex/2026-09-11/agent-md-medrgag-workspace-guide-md/results_v5_m0_m2_m4_m5/M4/parallel_coverage.json,123
benchmarks/2026-09-13_v5_complete/execution/results_v5_m0_m2_m4_m5/M4/parallel_plan.json,/home/data3/txy/Documents/Codex/2026-09-11/agent-md-medrgag-workspace-guide-md/results_v5_m0_m2_m4_m5/M4/parallel_plan.json,161
benchmarks/2026-09-13_v5_complete/execution/results_v5_m0_m2_m4_m5/M4/parallel_status.json,/home/data3/txy/Documents/Codex/2026-09-11/agent-md-medrgag-workspace-guide-md/results_v5_m0_m2_m4_m5/M4/parallel_status.json,57
benchmarks/2026-09-13_v5_complete/execution/results_v5_m0_m2_m4_m5/M4/parallel_two_gpu/parallel_coverage.json,/home/data3/txy/Documents/Codex/2026-09-11/agent-md-medrgag-workspace-guide-md/results_v5_m0_m2_m4_m5/M4/parallel_two_gpu/parallel_coverage.json,123
benchmarks/2026-09-13_v5_complete/execution/results_v5_m0_m2_m4_m5/M4/parallel_two_gpu/parallel_plan.json,/home/data3/txy/Documents/Codex/2026-09-11/agent-md-medrgag-workspace-guide-md/results_v5_m0_m2_m4_m5/M4/parallel_two_gpu/parallel_plan.json,151
benchmarks/2026-09-13_v5_complete/execution/results_v5_m0_m2_m4_m5/M4/parallel_two_gpu/parallel_status.json,/home/data3/txy/Documents/Codex/2026-09-11/agent-md-medrgag-workspace-guide-md/results_v5_m0_m2_m4_m5/M4/parallel_two_gpu/parallel_status.json,177
benchmarks/2026-09-13_v5_complete/execution/results_v5_m0_m2_m4_m5/M4/parallel_two_gpu/worker-0/config.json,/home/data3/txy/Documents/Codex/2026-09-11/agent-md-medrgag-workspace-guide-md/results_v5_m0_m2_m4_m5/M4/parallel_two_gpu/worker-0/config.json,811
benchmarks/2026-09-13_v5_complete/execution/results_v5_m0_m2_m4_m5/M4/parallel_two_gpu/worker-0/progress.json,/home/data3/txy/Documents/Codex/2026-09-11/agent-md-medrgag-workspace-guide-md/results_v5_m0_m2_m4_m5/M4/parallel_two_gpu/worker-0/progress.json,125
benchmarks/2026-09-13_v5_complete/execution/results_v5_m0_m2_m4_m5/M4/parallel_two_gpu/worker-0/started.json,/home/data3/txy/Documents/Codex/2026-09-11/agent-md-medrgag-workspace-guide-md/results_v5_m0_m2_m4_m5/M4/parallel_two_gpu/worker-0/started.json,84
benchmarks/2026-09-13_v5_complete/execution/results_v5_m0_m2_m4_m5/M4/parallel_two_gpu/worker-1/config.json,/home/data3/txy/Documents/Codex/2026-09-11/agent-md-medrgag-workspace-guide-md/results_v5_m0_m2_m4_m5/M4/parallel_two_gpu/worker-1/config.json,811
benchmarks/2026-09-13_v5_complete/execution/results_v5_m0_m2_m4_m5/M4/parallel_two_gpu/worker-1/progress.json,/home/data3/txy/Documents/Codex/2026-09-11/agent-md-medrgag-workspace-guide-md/results_v5_m0_m2_m4_m5/M4/parallel_two_gpu/worker-1/progress.json,126
benchmarks/2026-09-13_v5_complete/execution/results_v5_m0_m2_m4_m5/M4/parallel_two_gpu/worker-1/started.json,/home/data3/txy/Documents/Codex/2026-09-11/agent-md-medrgag-workspace-guide-md/results_v5_m0_m2_m4_m5/M4/parallel_two_gpu/worker-1/started.json,83
benchmarks/2026-09-13_v5_complete/execution/results_v5_m0_m2_m4_m5/M4/progress.json,/home/data3/txy/Documents/Codex/2026-09-11/agent-md-medrgag-workspace-guide-md/results_v5_m0_m2_m4_m5/M4/progress.json,95
benchmarks/2026-09-13_v5_complete/execution/results_v5_m0_m2_m4_m5/M4/smoke_complete.json,/home/data3/txy/Documents/Codex/2026-09-11/agent-md-medrgag-workspace-guide-md/results_v5_m0_m2_m4_m5/M4/smoke_complete.json,80
benchmarks/2026-09-13_v5_complete/execution/results_v5_m0_m2_m4_m5/M4/started.json,/home/data3/txy/Documents/Codex/2026-09-11/agent-md-medrgag-workspace-guide-md/results_v5_m0_m2_m4_m5/M4/started.json,85
benchmarks/2026-09-13_v5_complete/execution/results_v5_m0_m2_m4_m5/M5/complete.json,/home/data3/txy/Documents/Codex/2026-09-11/agent-md-medrgag-workspace-guide-md/results_v5_m0_m2_m4_m5/M5/complete.json,83
benchmarks/2026-09-13_v5_complete/execution/results_v5_m0_m2_m4_m5/M5/completion_coverage.json,/home/data3/txy/Documents/Codex/2026-09-11/agent-md-medrgag-workspace-guide-md/results_v5_m0_m2_m4_m5/M5/completion_coverage.json,102
benchmarks/2026-09-13_v5_complete/execution/results_v5_m0_m2_m4_m5/M5/config.json,/home/data3/txy/Documents/Codex/2026-09-11/agent-md-medrgag-workspace-guide-md/results_v5_m0_m2_m4_m5/M5/config.json,1018
benchmarks/2026-09-13_v5_complete/execution/results_v5_m0_m2_m4_m5/M5/progress.json,/home/data3/txy/Documents/Codex/2026-09-11/agent-md-medrgag-workspace-guide-md/results_v5_m0_m2_m4_m5/M5/progress.json,128
benchmarks/2026-09-13_v5_complete/execution/results_v5_m0_m2_m4_m5/M5/smoke_complete.json,/home/data3/txy/Documents/Codex/2026-09-11/agent-md-medrgag-workspace-guide-md/results_v5_m0_m2_m4_m5/M5/smoke_complete.json,80
benchmarks/2026-09-13_v5_complete/execution/results_v5_m0_m2_m4_m5/M5/started.json,/home/data3/txy/Documents/Codex/2026-09-11/agent-md-medrgag-workspace-guide-md/results_v5_m0_m2_m4_m5/M5/started.json,85
benchmarks/2026-09-13_v5_complete/execution/results_v5_m0_m2_m4_m5/README.md,/home/data3/txy/Documents/Codex/2026-09-11/agent-md-medrgag-workspace-guide-md/results_v5_m0_m2_m4_m5/README.md,11123
benchmarks/2026-09-13_v5_complete/execution/results_v5_m0_m2_m4_m5/RESULTS.md,/home/data3/txy/Documents/Codex/2026-09-11/agent-md-medrgag-workspace-guide-md/results_v5_m0_m2_m4_m5/RESULTS.md,2468
benchmarks/2026-09-13_v5_complete/execution/results_v5_m0_m2_m4_m5/artifact_audit.json,/home/data3/txy/Documents/Codex/2026-09-11/agent-md-medrgag-workspace-guide-md/results_v5_m0_m2_m4_m5/artifact_audit.json,1458
benchmarks/2026-09-13_v5_complete/execution/results_v5_m0_m2_m4_m5/category_scores.csv,/home/data3/txy/Documents/Codex/2026-09-11/agent-md-medrgag-workspace-guide-md/results_v5_m0_m2_m4_m5/category_scores.csv,1673
benchmarks/2026-09-13_v5_complete/execution/results_v5_m0_m2_m4_m5/code/analyze_v5.py,/home/data3/txy/Documents/Codex/2026-09-11/agent-md-medrgag-workspace-guide-md/results_v5_m0_m2_m4_m5/code/analyze_v5.py,10070
benchmarks/2026-09-13_v5_complete/execution/results_v5_m0_m2_m4_m5/code/audit_output_validity.py,/home/data3/txy/Documents/Codex/2026-09-11/agent-md-medrgag-workspace-guide-md/results_v5_m0_m2_m4_m5/code/audit_output_validity.py,4138
benchmarks/2026-09-13_v5_complete/execution/results_v5_m0_m2_m4_m5/code/audit_results.py,/home/data3/txy/Documents/Codex/2026-09-11/agent-md-medrgag-workspace-guide-md/results_v5_m0_m2_m4_m5/code/audit_results.py,3714
benchmarks/2026-09-13_v5_complete/execution/results_v5_m0_m2_m4_m5/code/check_m4_format_pilot.py,/home/data3/txy/Documents/Codex/2026-09-11/agent-md-medrgag-workspace-guide-md/results_v5_m0_m2_m4_m5/code/check_m4_format_pilot.py,2110
benchmarks/2026-09-13_v5_complete/execution/results_v5_m0_m2_m4_m5/code/check_medrag_prompts.py,/home/data3/txy/Documents/Codex/2026-09-11/agent-md-medrgag-workspace-guide-md/results_v5_m0_m2_m4_m5/code/check_medrag_prompts.py,2010
benchmarks/2026-09-13_v5_complete/execution/results_v5_m0_m2_m4_m5/code/check_v5.py,/home/data3/txy/Documents/Codex/2026-09-11/agent-md-medrgag-workspace-guide-md/results_v5_m0_m2_m4_m5/code/check_v5.py,3220
benchmarks/2026-09-13_v5_complete/execution/results_v5_m0_m2_m4_m5/code/env.sh,/home/data3/txy/Documents/Codex/2026-09-11/agent-md-medrgag-workspace-guide-md/results_v5_m0_m2_m4_m5/code/env.sh,206
benchmarks/2026-09-13_v5_complete/execution/results_v5_m0_m2_m4_m5/code/finalize.sh,/home/data3/txy/Documents/Codex/2026-09-11/agent-md-medrgag-workspace-guide-md/results_v5_m0_m2_m4_m5/code/finalize.sh,716
benchmarks/2026-09-13_v5_complete/execution/results_v5_m0_m2_m4_m5/code/m4_format_pilot.py,/home/data3/txy/Documents/Codex/2026-09-11/agent-md-medrgag-workspace-guide-md/results_v5_m0_m2_m4_m5/code/m4_format_pilot.py,6537
benchmarks/2026-09-13_v5_complete/execution/results_v5_m0_m2_m4_m5/code/m4_output_schema.py,/home/data3/txy/Documents/Codex/2026-09-11/agent-md-medrgag-workspace-guide-md/results_v5_m0_m2_m4_m5/code/m4_output_schema.py,1288
benchmarks/2026-09-13_v5_complete/execution/results_v5_m0_m2_m4_m5/code/native_builder.py,/home/data3/txy/Documents/Codex/2026-09-11/agent-md-medrgag-workspace-guide-md/results_v5_m0_m2_m4_m5/code/native_builder.py,15406
benchmarks/2026-09-13_v5_complete/execution/results_v5_m0_m2_m4_m5/code/preflight.py,/home/data3/txy/Documents/Codex/2026-09-11/agent-md-medrgag-workspace-guide-md/results_v5_m0_m2_m4_m5/code/preflight.py,920
benchmarks/2026-09-13_v5_complete/execution/results_v5_m0_m2_m4_m5/code/prepare_v5.py,/home/data3/txy/Documents/Codex/2026-09-11/agent-md-medrgag-workspace-guide-md/results_v5_m0_m2_m4_m5/code/prepare_v5.py,7529
benchmarks/2026-09-13_v5_complete/execution/results_v5_m0_m2_m4_m5/code/report_completed_methods.py,/home/data3/txy/Documents/Codex/2026-09-11/agent-md-medrgag-workspace-guide-md/results_v5_m0_m2_m4_m5/code/report_completed_methods.py,5830
benchmarks/2026-09-13_v5_complete/execution/results_v5_m0_m2_m4_m5/code/report_m4_format_pilot.py,/home/data3/txy/Documents/Codex/2026-09-11/agent-md-medrgag-workspace-guide-md/results_v5_m0_m2_m4_m5/code/report_m4_format_pilot.py,3064
benchmarks/2026-09-13_v5_complete/execution/results_v5_m0_m2_m4_m5/code/report_results.py,/home/data3/txy/Documents/Codex/2026-09-11/agent-md-medrgag-workspace-guide-md/results_v5_m0_m2_m4_m5/code/report_results.py,2981
benchmarks/2026-09-13_v5_complete/execution/results_v5_m0_m2_m4_m5/code/run_llama.py,/home/data3/txy/Documents/Codex/2026-09-11/agent-md-medrgag-workspace-guide-md/results_v5_m0_m2_m4_m5/code/run_llama.py,4808
benchmarks/2026-09-13_v5_complete/execution/results_v5_m0_m2_m4_m5/code/run_m0_then_m5.sh,/home/data3/txy/Documents/Codex/2026-09-11/agent-md-medrgag-workspace-guide-md/results_v5_m0_m2_m4_m5/code/run_m0_then_m5.sh,965
benchmarks/2026-09-13_v5_complete/execution/results_v5_m0_m2_m4_m5/code/run_m2_then_m4.sh,/home/data3/txy/Documents/Codex/2026-09-11/agent-md-medrgag-workspace-guide-md/results_v5_m0_m2_m4_m5/code/run_m2_then_m4.sh,1081
benchmarks/2026-09-13_v5_complete/execution/results_v5_m0_m2_m4_m5/code/run_m4_gpu0_guard.py,/home/data3/txy/Documents/Codex/2026-09-11/agent-md-medrgag-workspace-guide-md/results_v5_m0_m2_m4_m5/code/run_m4_gpu0_guard.py,4003
benchmarks/2026-09-13_v5_complete/execution/results_v5_m0_m2_m4_m5/code/run_m4_parallel.py,/home/data3/txy/Documents/Codex/2026-09-11/agent-md-medrgag-workspace-guide-md/results_v5_m0_m2_m4_m5/code/run_m4_parallel.py,6560
benchmarks/2026-09-13_v5_complete/execution/results_v5_m0_m2_m4_m5/code/run_medrag.py,/home/data3/txy/Documents/Codex/2026-09-11/agent-md-medrgag-workspace-guide-md/results_v5_m0_m2_m4_m5/code/run_medrag.py,7743
benchmarks/2026-09-13_v5_complete/execution/results_v5_m0_m2_m4_m5/completed_m0_m2_m5/RESULTS.md,/home/data3/txy/Documents/Codex/2026-09-11/agent-md-medrgag-workspace-guide-md/results_v5_m0_m2_m4_m5/completed_m0_m2_m5/RESULTS.md,2313
benchmarks/2026-09-13_v5_complete/execution/results_v5_m0_m2_m4_m5/completed_m0_m2_m5/category_scores.csv,/home/data3/txy/Documents/Codex/2026-09-11/agent-md-medrgag-workspace-guide-md/results_v5_m0_m2_m4_m5/completed_m0_m2_m5/category_scores.csv,1269
benchmarks/2026-09-13_v5_complete/execution/results_v5_m0_m2_m4_m5/completed_m0_m2_m5/paired_method_comparisons.csv,/home/data3/txy/Documents/Codex/2026-09-11/agent-md-medrgag-workspace-guide-md/results_v5_m0_m2_m4_m5/completed_m0_m2_m5/paired_method_comparisons.csv,2399
benchmarks/2026-09-13_v5_complete/execution/results_v5_m0_m2_m4_m5/completed_m0_m2_m5/r5_pair_summary.csv,/home/data3/txy/Documents/Codex/2026-09-11/agent-md-medrgag-workspace-guide-md/results_v5_m0_m2_m4_m5/completed_m0_m2_m5/r5_pair_summary.csv,189
benchmarks/2026-09-13_v5_complete/execution/results_v5_m0_m2_m4_m5/completed_m0_m2_m5/source_scores.csv,/home/data3/txy/Documents/Codex/2026-09-11/agent-md-medrgag-workspace-guide-md/results_v5_m0_m2_m4_m5/completed_m0_m2_m5/source_scores.csv,1619
benchmarks/2026-09-13_v5_complete/execution/results_v5_m0_m2_m4_m5/completed_m0_m2_m5/source_task_scores.csv,/home/data3/txy/Documents/Codex/2026-09-11/agent-md-medrgag-workspace-guide-md/results_v5_m0_m2_m4_m5/completed_m0_m2_m5/source_task_scores.csv,7982
benchmarks/2026-09-13_v5_complete/execution/results_v5_m0_m2_m4_m5/completed_m0_m2_m5/unit_scores.csv,/home/data3/txy/Documents/Codex/2026-09-11/agent-md-medrgag-workspace-guide-md/results_v5_m0_m2_m4_m5/completed_m0_m2_m5/unit_scores.csv,2447503
benchmarks/2026-09-13_v5_complete/execution/results_v5_m0_m2_m4_m5/completed_m0_m2_m5/v5_differences.pdf,/home/data3/txy/Documents/Codex/2026-09-11/agent-md-medrgag-workspace-guide-md/results_v5_m0_m2_m4_m5/completed_m0_m2_m5/v5_differences.pdf,25517
benchmarks/2026-09-13_v5_complete/execution/results_v5_m0_m2_m4_m5/completed_m0_m2_m5/v5_differences.png,/home/data3/txy/Documents/Codex/2026-09-11/agent-md-medrgag-workspace-guide-md/results_v5_m0_m2_m4_m5/completed_m0_m2_m5/v5_differences.png,80494
benchmarks/2026-09-13_v5_complete/execution/results_v5_m0_m2_m4_m5/completed_m0_m2_m5/v5_differences.svg,/home/data3/txy/Documents/Codex/2026-09-11/agent-md-medrgag-workspace-guide-md/results_v5_m0_m2_m4_m5/completed_m0_m2_m5/v5_differences.svg,59935
benchmarks/2026-09-13_v5_complete/execution/results_v5_m0_m2_m4_m5/completed_m0_m2_m5/v5_m0_m2_m5.pdf,/home/data3/txy/Documents/Codex/2026-09-11/agent-md-medrgag-workspace-guide-md/results_v5_m0_m2_m4_m5/completed_m0_m2_m5/v5_m0_m2_m5.pdf,25008
benchmarks/2026-09-13_v5_complete/execution/results_v5_m0_m2_m4_m5/completed_m0_m2_m5/v5_m0_m2_m5.png,/home/data3/txy/Documents/Codex/2026-09-11/agent-md-medrgag-workspace-guide-md/results_v5_m0_m2_m4_m5/completed_m0_m2_m5/v5_m0_m2_m5.png,99356
benchmarks/2026-09-13_v5_complete/execution/results_v5_m0_m2_m4_m5/completed_m0_m2_m5/v5_m0_m2_m5.svg,/home/data3/txy/Documents/Codex/2026-09-11/agent-md-medrgag-workspace-guide-md/results_v5_m0_m2_m4_m5/completed_m0_m2_m5/v5_m0_m2_m5.svg,61633
benchmarks/2026-09-13_v5_complete/execution/results_v5_m0_m2_m4_m5/completed_m0_m2_m5/v5_selected_methods.pdf,/home/data3/txy/Documents/Codex/2026-09-11/agent-md-medrgag-workspace-guide-md/results_v5_m0_m2_m4_m5/completed_m0_m2_m5/v5_selected_methods.pdf,15511
benchmarks/2026-09-13_v5_complete/execution/results_v5_m0_m2_m4_m5/completed_m0_m2_m5/v5_selected_methods.png,/home/data3/txy/Documents/Codex/2026-09-11/agent-md-medrgag-workspace-guide-md/results_v5_m0_m2_m4_m5/completed_m0_m2_m5/v5_selected_methods.png,46400
benchmarks/2026-09-13_v5_complete/execution/results_v5_m0_m2_m4_m5/completed_m0_m2_m5/v5_selected_methods.svg,/home/data3/txy/Documents/Codex/2026-09-11/agent-md-medrgag-workspace-guide-md/results_v5_m0_m2_m4_m5/completed_m0_m2_m5/v5_selected_methods.svg,33593
benchmarks/2026-09-13_v5_complete/execution/results_v5_m0_m2_m4_m5/completed_m0_m2_m5/validation.json,/home/data3/txy/Documents/Codex/2026-09-11/agent-md-medrgag-workspace-guide-md/results_v5_m0_m2_m4_m5/completed_m0_m2_m5/validation.json,294
benchmarks/2026-09-13_v5_complete/execution/results_v5_m0_m2_m4_m5/configs/m4.json,/home/data3/txy/Documents/Codex/2026-09-11/agent-md-medrgag-workspace-guide-md/results_v5_m0_m2_m4_m5/configs/m4.json,581
benchmarks/2026-09-13_v5_complete/execution/results_v5_m0_m2_m4_m5/configs/m5.json,/home/data3/txy/Documents/Codex/2026-09-11/agent-md-medrgag-workspace-guide-md/results_v5_m0_m2_m4_m5/configs/m5.json,578
benchmarks/2026-09-13_v5_complete/execution/results_v5_m0_m2_m4_m5/llama_output_comparison.json,/home/data3/txy/Documents/Codex/2026-09-11/agent-md-medrgag-workspace-guide-md/results_v5_m0_m2_m4_m5/llama_output_comparison.json,1280
benchmarks/2026-09-13_v5_complete/execution/results_v5_m0_m2_m4_m5/m2_batch_change.json,/home/data3/txy/Documents/Codex/2026-09-11/agent-md-medrgag-workspace-guide-md/results_v5_m0_m2_m4_m5/m2_batch_change.json,237
benchmarks/2026-09-13_v5_complete/execution/results_v5_m0_m2_m4_m5/m2_runtime/config.json,/home/data3/txy/Documents/Codex/2026-09-11/agent-md-medrgag-workspace-guide-md/results_v5_m0_m2_m4_m5/m2_runtime/config.json,1280
benchmarks/2026-09-13_v5_complete/execution/results_v5_m0_m2_m4_m5/m2_runtime/method_scope.json,/home/data3/txy/Documents/Codex/2026-09-11/agent-md-medrgag-workspace-guide-md/results_v5_m0_m2_m4_m5/m2_runtime/method_scope.json,32
benchmarks/2026-09-13_v5_complete/execution/results_v5_m0_m2_m4_m5/m2_stage_timing_profile.json,/home/data3/txy/Documents/Codex/2026-09-11/agent-md-medrgag-workspace-guide-md/results_v5_m0_m2_m4_m5/m2_stage_timing_profile.json,1887
benchmarks/2026-09-13_v5_complete/execution/results_v5_m0_m2_m4_m5/m4_configuration_change.json,/home/data3/txy/Documents/Codex/2026-09-11/agent-md-medrgag-workspace-guide-md/results_v5_m0_m2_m4_m5/m4_configuration_change.json,1391
benchmarks/2026-09-13_v5_complete/execution/results_v5_m0_m2_m4_m5/m4_format_pilot/README.md,/home/data3/txy/Documents/Codex/2026-09-11/agent-md-medrgag-workspace-guide-md/results_v5_m0_m2_m4_m5/m4_format_pilot/README.md,4548
benchmarks/2026-09-13_v5_complete/execution/results_v5_m0_m2_m4_m5/m4_format_pilot/comparison.json,/home/data3/txy/Documents/Codex/2026-09-11/agent-md-medrgag-workspace-guide-md/results_v5_m0_m2_m4_m5/m4_format_pilot/comparison.json,2215
benchmarks/2026-09-13_v5_complete/execution/results_v5_m0_m2_m4_m5/m4_format_pilot/complete.json,/home/data3/txy/Documents/Codex/2026-09-11/agent-md-medrgag-workspace-guide-md/results_v5_m0_m2_m4_m5/m4_format_pilot/complete.json,44
benchmarks/2026-09-13_v5_complete/execution/results_v5_m0_m2_m4_m5/m4_format_pilot/config.json,/home/data3/txy/Documents/Codex/2026-09-11/agent-md-medrgag-workspace-guide-md/results_v5_m0_m2_m4_m5/m4_format_pilot/config.json,1021
benchmarks/2026-09-13_v5_complete/execution/results_v5_m0_m2_m4_m5/m4_format_pilot/guard.py,/home/data3/txy/Documents/Codex/2026-09-11/agent-md-medrgag-workspace-guide-md/results_v5_m0_m2_m4_m5/m4_format_pilot/guard.py,1220
benchmarks/2026-09-13_v5_complete/execution/results_v5_m0_m2_m4_m5/m4_format_pilot/guard_result.json,/home/data3/txy/Documents/Codex/2026-09-11/agent-md-medrgag-workspace-guide-md/results_v5_m0_m2_m4_m5/m4_format_pilot/guard_result.json,72
benchmarks/2026-09-13_v5_complete/execution/results_v5_m0_m2_m4_m5/m4_format_structured_pilot/README.md,/home/data3/txy/Documents/Codex/2026-09-11/agent-md-medrgag-workspace-guide-md/results_v5_m0_m2_m4_m5/m4_format_structured_pilot/README.md,625
benchmarks/2026-09-13_v5_complete/execution/results_v5_m0_m2_m4_m5/m4_format_structured_pilot/comparison.json,/home/data3/txy/Documents/Codex/2026-09-11/agent-md-medrgag-workspace-guide-md/results_v5_m0_m2_m4_m5/m4_format_structured_pilot/comparison.json,2219
benchmarks/2026-09-13_v5_complete/execution/results_v5_m0_m2_m4_m5/m4_format_structured_pilot/complete.json,/home/data3/txy/Documents/Codex/2026-09-11/agent-md-medrgag-workspace-guide-md/results_v5_m0_m2_m4_m5/m4_format_structured_pilot/complete.json,46
benchmarks/2026-09-13_v5_complete/execution/results_v5_m0_m2_m4_m5/m4_format_structured_pilot/config.json,/home/data3/txy/Documents/Codex/2026-09-11/agent-md-medrgag-workspace-guide-md/results_v5_m0_m2_m4_m5/m4_format_structured_pilot/config.json,1020
benchmarks/2026-09-13_v5_complete/execution/results_v5_m0_m2_m4_m5/m4_format_structured_pilot/guard_result.json,/home/data3/txy/Documents/Codex/2026-09-11/agent-md-medrgag-workspace-guide-md/results_v5_m0_m2_m4_m5/m4_format_structured_pilot/guard_result.json,74
benchmarks/2026-09-13_v5_complete/execution/results_v5_m0_m2_m4_m5/m4_format_structured_pilot/schema_validation.json,/home/data3/txy/Documents/Codex/2026-09-11/agent-md-medrgag-workspace-guide-md/results_v5_m0_m2_m4_m5/m4_format_structured_pilot/schema_validation.json,366
benchmarks/2026-09-13_v5_complete/execution/results_v5_m0_m2_m4_m5/m4_input_history_audit.json,/home/data3/txy/Documents/Codex/2026-09-11/agent-md-medrgag-workspace-guide-md/results_v5_m0_m2_m4_m5/m4_input_history_audit.json,555
benchmarks/2026-09-13_v5_complete/execution/results_v5_m0_m2_m4_m5/m5_input_equivalence_validation.json,/home/data3/txy/Documents/Codex/2026-09-11/agent-md-medrgag-workspace-guide-md/results_v5_m0_m2_m4_m5/m5_input_equivalence_validation.json,309
benchmarks/2026-09-13_v5_complete/execution/results_v5_m0_m2_m4_m5/m5_prompt_preparation_profile.json,/home/data3/txy/Documents/Codex/2026-09-11/agent-md-medrgag-workspace-guide-md/results_v5_m0_m2_m4_m5/m5_prompt_preparation_profile.json,354
benchmarks/2026-09-13_v5_complete/execution/results_v5_m0_m2_m4_m5/m6_validity_snapshot.json,/home/data3/txy/Documents/Codex/2026-09-11/agent-md-medrgag-workspace-guide-md/results_v5_m0_m2_m4_m5/m6_validity_snapshot.json,13296
benchmarks/2026-09-13_v5_complete/execution/results_v5_m0_m2_m4_m5/medrag_prompt_validation.json,/home/data3/txy/Documents/Codex/2026-09-11/agent-md-medrgag-workspace-guide-md/results_v5_m0_m2_m4_m5/medrag_prompt_validation.json,2292
benchmarks/2026-09-13_v5_complete/execution/results_v5_m0_m2_m4_m5/medrgb_mapping_note.json,/home/data3/txy/Documents/Codex/2026-09-11/agent-md-medrgag-workspace-guide-md/results_v5_m0_m2_m4_m5/medrgb_mapping_note.json,442
benchmarks/2026-09-13_v5_complete/execution/results_v5_m0_m2_m4_m5/old_m4_pilot/README.md,/home/data3/txy/Documents/Codex/2026-09-11/agent-md-medrgag-workspace-guide-md/results_v5_m0_m2_m4_m5/old_m4_pilot/README.md,527
benchmarks/2026-09-13_v5_complete/execution/results_v5_m0_m2_m4_m5/old_m4_pilot/old_config.json,/home/data3/txy/Documents/Codex/2026-09-11/agent-md-medrgag-workspace-guide-md/results_v5_m0_m2_m4_m5/old_m4_pilot/old_config.json,533
benchmarks/2026-09-13_v5_complete/execution/results_v5_m0_m2_m4_m5/old_m4_pilot/plan.json,/home/data3/txy/Documents/Codex/2026-09-11/agent-md-medrgag-workspace-guide-md/results_v5_m0_m2_m4_m5/old_m4_pilot/plan.json,660
benchmarks/2026-09-13_v5_complete/execution/results_v5_m0_m2_m4_m5/output_validity_audit.json,/home/data3/txy/Documents/Codex/2026-09-11/agent-md-medrgag-workspace-guide-md/results_v5_m0_m2_m4_m5/output_validity_audit.json,4124
benchmarks/2026-09-13_v5_complete/execution/results_v5_m0_m2_m4_m5/paired_method_comparisons.csv,/home/data3/txy/Documents/Codex/2026-09-11/agent-md-medrgag-workspace-guide-md/results_v5_m0_m2_m4_m5/paired_method_comparisons.csv,4717
benchmarks/2026-09-13_v5_complete/execution/results_v5_m0_m2_m4_m5/plan.json,/home/data3/txy/Documents/Codex/2026-09-11/agent-md-medrgag-workspace-guide-md/results_v5_m0_m2_m4_m5/plan.json,869
benchmarks/2026-09-13_v5_complete/execution/results_v5_m0_m2_m4_m5/preflight.json,/home/data3/txy/Documents/Codex/2026-09-11/agent-md-medrgag-workspace-guide-md/results_v5_m0_m2_m4_m5/preflight.json,351
benchmarks/2026-09-13_v5_complete/execution/results_v5_m0_m2_m4_m5/preparation_validation.json,/home/data3/txy/Documents/Codex/2026-09-11/agent-md-medrgag-workspace-guide-md/results_v5_m0_m2_m4_m5/preparation_validation.json,267
benchmarks/2026-09-13_v5_complete/execution/results_v5_m0_m2_m4_m5/pubmed_offset_validation.json,/home/data3/txy/Documents/Codex/2026-09-11/agent-md-medrgag-workspace-guide-md/results_v5_m0_m2_m4_m5/pubmed_offset_validation.json,233
benchmarks/2026-09-13_v5_complete/execution/results_v5_m0_m2_m4_m5/pubmed_offsets_full_validation.json,/home/data3/txy/Documents/Codex/2026-09-11/agent-md-medrgag-workspace-guide-md/results_v5_m0_m2_m4_m5/pubmed_offsets_full_validation.json,138
benchmarks/2026-09-13_v5_complete/execution/results_v5_m0_m2_m4_m5/r5_pair_summary.csv,/home/data3/txy/Documents/Codex/2026-09-11/agent-md-medrgag-workspace-guide-md/results_v5_m0_m2_m4_m5/r5_pair_summary.csv,236
benchmarks/2026-09-13_v5_complete/execution/results_v5_m0_m2_m4_m5/rrf_batch_validation.json,/home/data3/txy/Documents/Codex/2026-09-11/agent-md-medrgag-workspace-guide-md/results_v5_m0_m2_m4_m5/rrf_batch_validation.json,222
benchmarks/2026-09-13_v5_complete/execution/results_v5_m0_m2_m4_m5/source_scores.csv,/home/data3/txy/Documents/Codex/2026-09-11/agent-md-medrgag-workspace-guide-md/results_v5_m0_m2_m4_m5/source_scores.csv,2152
benchmarks/2026-09-13_v5_complete/execution/results_v5_m0_m2_m4_m5/source_task_scores.csv,/home/data3/txy/Documents/Codex/2026-09-11/agent-md-medrgag-workspace-guide-md/results_v5_m0_m2_m4_m5/source_task_scores.csv,10670
benchmarks/2026-09-13_v5_complete/execution/results_v5_m0_m2_m4_m5/supervision.md,/home/data3/txy/Documents/Codex/2026-09-11/agent-md-medrgag-workspace-guide-md/results_v5_m0_m2_m4_m5/supervision.md,11491
benchmarks/2026-09-13_v5_complete/execution/results_v5_m0_m2_m4_m5/unit_scores.csv,/home/data3/txy/Documents/Codex/2026-09-11/agent-md-medrgag-workspace-guide-md/results_v5_m0_m2_m4_m5/unit_scores.csv,3264754
benchmarks/2026-09-13_v5_complete/execution/results_v5_m0_m2_m4_m5/v5_four_methods.pdf,/home/data3/txy/Documents/Codex/2026-09-11/agent-md-medrgag-workspace-guide-md/results_v5_m0_m2_m4_m5/v5_four_methods.pdf,15689
benchmarks/2026-09-13_v5_complete/execution/results_v5_m0_m2_m4_m5/v5_four_methods.png,/home/data3/txy/Documents/Codex/2026-09-11/agent-md-medrgag-workspace-guide-md/results_v5_m0_m2_m4_m5/v5_four_methods.png,47232
benchmarks/2026-09-13_v5_complete/execution/results_v5_m0_m2_m4_m5/v5_four_methods.svg,/home/data3/txy/Documents/Codex/2026-09-11/agent-md-medrgag-workspace-guide-md/results_v5_m0_m2_m4_m5/v5_four_methods.svg,35135
benchmarks/2026-09-13_v5_complete/execution/results_v5_m0_m2_m4_m5/validation.json,/home/data3/txy/Documents/Codex/2026-09-11/agent-md-medrgag-workspace-guide-md/results_v5_m0_m2_m4_m5/validation.json,307
benchmarks/2026-09-13_v5_complete/execution/results_v5_m3/README.md,/home/data3/txy/Documents/Codex/2026-09-11/agent-md-medrgag-workspace-guide-md/results_v5_m3/README.md,7483
benchmarks/2026-09-13_v5_complete/execution/results_v5_m3/RESULTS.md,/home/data3/txy/Documents/Codex/2026-09-11/agent-md-medrgag-workspace-guide-md/results_v5_m3/RESULTS.md,1835
benchmarks/2026-09-13_v5_complete/execution/results_v5_m3/artifact_audit.json,/home/data3/txy/Documents/Codex/2026-09-11/agent-md-medrgag-workspace-guide-md/results_v5_m3/artifact_audit.json,101
benchmarks/2026-09-13_v5_complete/execution/results_v5_m3/category_scores.csv,/home/data3/txy/Documents/Codex/2026-09-11/agent-md-medrgag-workspace-guide-md/results_v5_m3/category_scores.csv,447
benchmarks/2026-09-13_v5_complete/execution/results_v5_m3/code/analyze_v5.py,/home/data3/txy/Documents/Codex/2026-09-11/agent-md-medrgag-workspace-guide-md/results_v5_m3/code/analyze_v5.py,10020
benchmarks/2026-09-13_v5_complete/execution/results_v5_m3/code/audit_smoke.py,/home/data3/txy/Documents/Codex/2026-09-11/agent-md-medrgag-workspace-guide-md/results_v5_m3/code/audit_smoke.py,1051
benchmarks/2026-09-13_v5_complete/execution/results_v5_m3/code/check_response_processing.py,/home/data3/txy/Documents/Codex/2026-09-11/agent-md-medrgag-workspace-guide-md/results_v5_m3/code/check_response_processing.py,1158
benchmarks/2026-09-13_v5_complete/execution/results_v5_m3/code/finish.py,/home/data3/txy/Documents/Codex/2026-09-11/agent-md-medrgag-workspace-guide-md/results_v5_m3/code/finish.py,1651
benchmarks/2026-09-13_v5_complete/execution/results_v5_m3/code/parallel_gpu0.py,/home/data3/txy/Documents/Codex/2026-09-11/agent-md-medrgag-workspace-guide-md/results_v5_m3/code/parallel_gpu0.py,6760
benchmarks/2026-09-13_v5_complete/execution/results_v5_m3/code/parallel_gpu0.sh,/home/data3/txy/Documents/Codex/2026-09-11/agent-md-medrgag-workspace-guide-md/results_v5_m3/code/parallel_gpu0.sh,559
benchmarks/2026-09-13_v5_complete/execution/results_v5_m3/code/parallel_gpu3.py,/home/data3/txy/Documents/Codex/2026-09-11/agent-md-medrgag-workspace-guide-md/results_v5_m3/code/parallel_gpu3.py,3233
benchmarks/2026-09-13_v5_complete/execution/results_v5_m3/code/parallel_gpu3.sh,/home/data3/txy/Documents/Codex/2026-09-11/agent-md-medrgag-workspace-guide-md/results_v5_m3/code/parallel_gpu3.sh,559
benchmarks/2026-09-13_v5_complete/execution/results_v5_m3/code/prepare.py,/home/data3/txy/Documents/Codex/2026-09-11/agent-md-medrgag-workspace-guide-md/results_v5_m3/code/prepare.py,3607
benchmarks/2026-09-13_v5_complete/execution/results_v5_m3/code/prepare_v5.py,/home/data3/txy/Documents/Codex/2026-09-11/agent-md-medrgag-workspace-guide-md/results_v5_m3/code/prepare_v5.py,265
benchmarks/2026-09-13_v5_complete/execution/results_v5_m3/code/response_processing.py,/home/data3/txy/Documents/Codex/2026-09-11/agent-md-medrgag-workspace-guide-md/results_v5_m3/code/response_processing.py,1722
benchmarks/2026-09-13_v5_complete/execution/results_v5_m3/code/resume_6_gpu2.sh,/home/data3/txy/Documents/Codex/2026-09-11/agent-md-medrgag-workspace-guide-md/results_v5_m3/code/resume_6_gpu2.sh,608
benchmarks/2026-09-13_v5_complete/execution/results_v5_m3/code/run_all.sh,/home/data3/txy/Documents/Codex/2026-09-11/agent-md-medrgag-workspace-guide-md/results_v5_m3/code/run_all.sh,1917
benchmarks/2026-09-13_v5_complete/execution/results_v5_m3/code/run_m3.py,/home/data3/txy/Documents/Codex/2026-09-11/agent-md-medrgag-workspace-guide-md/results_v5_m3/code/run_m3.py,16270
benchmarks/2026-09-13_v5_complete/execution/results_v5_m3/code/services.sh,/home/data3/txy/Documents/Codex/2026-09-11/agent-md-medrgag-workspace-guide-md/results_v5_m3/code/services.sh,1448
benchmarks/2026-09-13_v5_complete/execution/results_v5_m3/code/status.py,/home/data3/txy/Documents/Codex/2026-09-11/agent-md-medrgag-workspace-guide-md/results_v5_m3/code/status.py,1169
benchmarks/2026-09-13_v5_complete/execution/results_v5_m3/config.json,/home/data3/txy/Documents/Codex/2026-09-11/agent-md-medrgag-workspace-guide-md/results_v5_m3/config.json,1669
benchmarks/2026-09-13_v5_complete/execution/results_v5_m3/entropy_microbenchmark.json,/home/data3/txy/Documents/Codex/2026-09-11/agent-md-medrgag-workspace-guide-md/results_v5_m3/entropy_microbenchmark.json,220
benchmarks/2026-09-13_v5_complete/execution/results_v5_m3/gpu0_guard_validation.json,/home/data3/txy/Documents/Codex/2026-09-11/agent-md-medrgag-workspace-guide-md/results_v5_m3/gpu0_guard_validation.json,157
benchmarks/2026-09-13_v5_complete/execution/results_v5_m3/gpu0_guard_validation_4gib.json,/home/data3/txy/Documents/Codex/2026-09-11/agent-md-medrgag-workspace-guide-md/results_v5_m3/gpu0_guard_validation_4gib.json,85
benchmarks/2026-09-13_v5_complete/execution/results_v5_m3/gpu0_handoff.json,/home/data3/txy/Documents/Codex/2026-09-11/agent-md-medrgag-workspace-guide-md/results_v5_m3/gpu0_handoff.json,64405
benchmarks/2026-09-13_v5_complete/execution/results_v5_m3/gpu0_memory_upgrade.json,/home/data3/txy/Documents/Codex/2026-09-11/agent-md-medrgag-workspace-guide-md/results_v5_m3/gpu0_memory_upgrade.json,64967
benchmarks/2026-09-13_v5_complete/execution/results_v5_m3/gpu0_memory_upgrade_81gib.json,/home/data3/txy/Documents/Codex/2026-09-11/agent-md-medrgag-workspace-guide-md/results_v5_m3/gpu0_memory_upgrade_81gib.json,81335
benchmarks/2026-09-13_v5_complete/execution/results_v5_m3/gpu0_parallel_events.jsonl,/home/data3/txy/Documents/Codex/2026-09-11/agent-md-medrgag-workspace-guide-md/results_v5_m3/gpu0_parallel_events.jsonl,807
benchmarks/2026-09-13_v5_complete/execution/results_v5_m3/gpu0_parallel_status.json,/home/data3/txy/Documents/Codex/2026-09-11/agent-md-medrgag-workspace-guide-md/results_v5_m3/gpu0_parallel_status.json,50
benchmarks/2026-09-13_v5_complete/execution/results_v5_m3/gpu0_pre_upgrade_81gib_status.json,/home/data3/txy/Documents/Codex/2026-09-11/agent-md-medrgag-workspace-guide-md/results_v5_m3/gpu0_pre_upgrade_81gib_status.json,128
benchmarks/2026-09-13_v5_complete/execution/results_v5_m3/gpu0_pre_upgrade_status.json,/home/data3/txy/Documents/Codex/2026-09-11/agent-md-medrgag-workspace-guide-md/results_v5_m3/gpu0_pre_upgrade_status.json,127
benchmarks/2026-09-13_v5_complete/execution/results_v5_m3/gpu2_released.json,/home/data3/txy/Documents/Codex/2026-09-11/agent-md-medrgag-workspace-guide-md/results_v5_m3/gpu2_released.json,104
benchmarks/2026-09-13_v5_complete/execution/results_v5_m3/gpu2_shard6_handoff.json,/home/data3/txy/Documents/Codex/2026-09-11/agent-md-medrgag-workspace-guide-md/results_v5_m3/gpu2_shard6_handoff.json,328
benchmarks/2026-09-13_v5_complete/execution/results_v5_m3/gpu3_handoff.json,/home/data3/txy/Documents/Codex/2026-09-11/agent-md-medrgag-workspace-guide-md/results_v5_m3/gpu3_handoff.json,250
benchmarks/2026-09-13_v5_complete/execution/results_v5_m3/gpu3_released.json,/home/data3/txy/Documents/Codex/2026-09-11/agent-md-medrgag-workspace-guide-md/results_v5_m3/gpu3_released.json,84
benchmarks/2026-09-13_v5_complete/execution/results_v5_m3/performance_notes.md,/home/data3/txy/Documents/Codex/2026-09-11/agent-md-medrgag-workspace-guide-md/results_v5_m3/performance_notes.md,3244
benchmarks/2026-09-13_v5_complete/execution/results_v5_m3/plan.json,/home/data3/txy/Documents/Codex/2026-09-11/agent-md-medrgag-workspace-guide-md/results_v5_m3/plan.json,174415
benchmarks/2026-09-13_v5_complete/execution/results_v5_m3/r5_pair_summary.csv,/home/data3/txy/Documents/Codex/2026-09-11/agent-md-medrgag-workspace-guide-md/results_v5_m3/r5_pair_summary.csv,97
benchmarks/2026-09-13_v5_complete/execution/results_v5_m3/response_processing_validation.json,/home/data3/txy/Documents/Codex/2026-09-11/agent-md-medrgag-workspace-guide-md/results_v5_m3/response_processing_validation.json,510
benchmarks/2026-09-13_v5_complete/execution/results_v5_m3/retriever_cleanup.json,/home/data3/txy/Documents/Codex/2026-09-11/agent-md-medrgag-workspace-guide-md/results_v5_m3/retriever_cleanup.json,142
benchmarks/2026-09-13_v5_complete/execution/results_v5_m3/reuse_audit.json,/home/data3/txy/Documents/Codex/2026-09-11/agent-md-medrgag-workspace-guide-md/results_v5_m3/reuse_audit.json,147
benchmarks/2026-09-13_v5_complete/execution/results_v5_m3/run_0_complete.json,/home/data3/txy/Documents/Codex/2026-09-11/agent-md-medrgag-workspace-guide-md/results_v5_m3/run_0_complete.json,66
benchmarks/2026-09-13_v5_complete/execution/results_v5_m3/run_0_exit.json,/home/data3/txy/Documents/Codex/2026-09-11/agent-md-medrgag-workspace-guide-md/results_v5_m3/run_0_exit.json,19
benchmarks/2026-09-13_v5_complete/execution/results_v5_m3/run_0_progress.json,/home/data3/txy/Documents/Codex/2026-09-11/agent-md-medrgag-workspace-guide-md/results_v5_m3/run_0_progress.json,176
benchmarks/2026-09-13_v5_complete/execution/results_v5_m3/run_1_complete.json,/home/data3/txy/Documents/Codex/2026-09-11/agent-md-medrgag-workspace-guide-md/results_v5_m3/run_1_complete.json,66
benchmarks/2026-09-13_v5_complete/execution/results_v5_m3/run_1_exit.json,/home/data3/txy/Documents/Codex/2026-09-11/agent-md-medrgag-workspace-guide-md/results_v5_m3/run_1_exit.json,19
benchmarks/2026-09-13_v5_complete/execution/results_v5_m3/run_1_progress.json,/home/data3/txy/Documents/Codex/2026-09-11/agent-md-medrgag-workspace-guide-md/results_v5_m3/run_1_progress.json,175
benchmarks/2026-09-13_v5_complete/execution/results_v5_m3/run_2_complete.json,/home/data3/txy/Documents/Codex/2026-09-11/agent-md-medrgag-workspace-guide-md/results_v5_m3/run_2_complete.json,66
benchmarks/2026-09-13_v5_complete/execution/results_v5_m3/run_2_exit.json,/home/data3/txy/Documents/Codex/2026-09-11/agent-md-medrgag-workspace-guide-md/results_v5_m3/run_2_exit.json,19
benchmarks/2026-09-13_v5_complete/execution/results_v5_m3/run_2_progress.json,/home/data3/txy/Documents/Codex/2026-09-11/agent-md-medrgag-workspace-guide-md/results_v5_m3/run_2_progress.json,175
benchmarks/2026-09-13_v5_complete/execution/results_v5_m3/run_3_complete.json,/home/data3/txy/Documents/Codex/2026-09-11/agent-md-medrgag-workspace-guide-md/results_v5_m3/run_3_complete.json,66
benchmarks/2026-09-13_v5_complete/execution/results_v5_m3/run_3_exit.json,/home/data3/txy/Documents/Codex/2026-09-11/agent-md-medrgag-workspace-guide-md/results_v5_m3/run_3_exit.json,19
benchmarks/2026-09-13_v5_complete/execution/results_v5_m3/run_3_progress.json,/home/data3/txy/Documents/Codex/2026-09-11/agent-md-medrgag-workspace-guide-md/results_v5_m3/run_3_progress.json,175
benchmarks/2026-09-13_v5_complete/execution/results_v5_m3/run_4_complete.json,/home/data3/txy/Documents/Codex/2026-09-11/agent-md-medrgag-workspace-guide-md/results_v5_m3/run_4_complete.json,66
benchmarks/2026-09-13_v5_complete/execution/results_v5_m3/run_4_exit.json,/home/data3/txy/Documents/Codex/2026-09-11/agent-md-medrgag-workspace-guide-md/results_v5_m3/run_4_exit.json,19
benchmarks/2026-09-13_v5_complete/execution/results_v5_m3/run_4_progress.json,/home/data3/txy/Documents/Codex/2026-09-11/agent-md-medrgag-workspace-guide-md/results_v5_m3/run_4_progress.json,176
benchmarks/2026-09-13_v5_complete/execution/results_v5_m3/run_5_complete.json,/home/data3/txy/Documents/Codex/2026-09-11/agent-md-medrgag-workspace-guide-md/results_v5_m3/run_5_complete.json,66
benchmarks/2026-09-13_v5_complete/execution/results_v5_m3/run_5_exit.json,/home/data3/txy/Documents/Codex/2026-09-11/agent-md-medrgag-workspace-guide-md/results_v5_m3/run_5_exit.json,19
benchmarks/2026-09-13_v5_complete/execution/results_v5_m3/run_5_progress.json,/home/data3/txy/Documents/Codex/2026-09-11/agent-md-medrgag-workspace-guide-md/results_v5_m3/run_5_progress.json,174
benchmarks/2026-09-13_v5_complete/execution/results_v5_m3/run_6_complete.json,/home/data3/txy/Documents/Codex/2026-09-11/agent-md-medrgag-workspace-guide-md/results_v5_m3/run_6_complete.json,66
benchmarks/2026-09-13_v5_complete/execution/results_v5_m3/run_6_exit.json,/home/data3/txy/Documents/Codex/2026-09-11/agent-md-medrgag-workspace-guide-md/results_v5_m3/run_6_exit.json,19
benchmarks/2026-09-13_v5_complete/execution/results_v5_m3/run_6_progress.json,/home/data3/txy/Documents/Codex/2026-09-11/agent-md-medrgag-workspace-guide-md/results_v5_m3/run_6_progress.json,174
benchmarks/2026-09-13_v5_complete/execution/results_v5_m3/run_7_complete.json,/home/data3/txy/Documents/Codex/2026-09-11/agent-md-medrgag-workspace-guide-md/results_v5_m3/run_7_complete.json,66
benchmarks/2026-09-13_v5_complete/execution/results_v5_m3/run_7_exit.json,/home/data3/txy/Documents/Codex/2026-09-11/agent-md-medrgag-workspace-guide-md/results_v5_m3/run_7_exit.json,17
benchmarks/2026-09-13_v5_complete/execution/results_v5_m3/run_7_progress.json,/home/data3/txy/Documents/Codex/2026-09-11/agent-md-medrgag-workspace-guide-md/results_v5_m3/run_7_progress.json,174
benchmarks/2026-09-13_v5_complete/execution/results_v5_m3/run_exit.json,/home/data3/txy/Documents/Codex/2026-09-11/agent-md-medrgag-workspace-guide-md/results_v5_m3/run_exit.json,17
benchmarks/2026-09-13_v5_complete/execution/results_v5_m3/smoke_0_complete.json,/home/data3/txy/Documents/Codex/2026-09-11/agent-md-medrgag-workspace-guide-md/results_v5_m3/smoke_0_complete.json,63
benchmarks/2026-09-13_v5_complete/execution/results_v5_m3/smoke_0_progress.json,/home/data3/txy/Documents/Codex/2026-09-11/agent-md-medrgag-workspace-guide-md/results_v5_m3/smoke_0_progress.json,170
benchmarks/2026-09-13_v5_complete/execution/results_v5_m3/smoke_1_complete.json,/home/data3/txy/Documents/Codex/2026-09-11/agent-md-medrgag-workspace-guide-md/results_v5_m3/smoke_1_complete.json,63
benchmarks/2026-09-13_v5_complete/execution/results_v5_m3/smoke_1_progress.json,/home/data3/txy/Documents/Codex/2026-09-11/agent-md-medrgag-workspace-guide-md/results_v5_m3/smoke_1_progress.json,169
benchmarks/2026-09-13_v5_complete/execution/results_v5_m3/smoke_audit.json,/home/data3/txy/Documents/Codex/2026-09-11/agent-md-medrgag-workspace-guide-md/results_v5_m3/smoke_audit.json,33
benchmarks/2026-09-13_v5_complete/execution/results_v5_m3/source_scores.csv,/home/data3/txy/Documents/Codex/2026-09-11/agent-md-medrgag-workspace-guide-md/results_v5_m3/source_scores.csv,565
benchmarks/2026-09-13_v5_complete/execution/results_v5_m3/source_task_scores.csv,/home/data3/txy/Documents/Codex/2026-09-11/agent-md-medrgag-workspace-guide-md/results_v5_m3/source_task_scores.csv,2659
benchmarks/2026-09-13_v5_complete/execution/results_v5_m3/supervision.jsonl,/home/data3/txy/Documents/Codex/2026-09-11/agent-md-medrgag-workspace-guide-md/results_v5_m3/supervision.jsonl,479494
benchmarks/2026-09-13_v5_complete/execution/results_v5_m3/unit_scores.csv,/home/data3/txy/Documents/Codex/2026-09-11/agent-md-medrgag-workspace-guide-md/results_v5_m3/unit_scores.csv,818041
benchmarks/2026-09-13_v5_complete/execution/results_v5_m3/v5_selected_methods.pdf,/home/data3/txy/Documents/Codex/2026-09-11/agent-md-medrgag-workspace-guide-md/results_v5_m3/v5_selected_methods.pdf,15058
benchmarks/2026-09-13_v5_complete/execution/results_v5_m3/v5_selected_methods.png,/home/data3/txy/Documents/Codex/2026-09-11/agent-md-medrgag-workspace-guide-md/results_v5_m3/v5_selected_methods.png,44684
benchmarks/2026-09-13_v5_complete/execution/results_v5_m3/v5_selected_methods.svg,/home/data3/txy/Documents/Codex/2026-09-11/agent-md-medrgag-workspace-guide-md/results_v5_m3/v5_selected_methods.svg,30470
benchmarks/2026-09-13_v5_complete/execution/results_v5_m3/validation.json,/home/data3/txy/Documents/Codex/2026-09-11/agent-md-medrgag-workspace-guide-md/results_v5_m3/validation.json,268
benchmarks/2026-09-13_v5_complete/execution/v5_category_priority/README.md,/home/data3/txy/Documents/Codex/2026-09-11/agent-md-medrgag-workspace-guide-md/v5_category_priority/README.md,6790
benchmarks/2026-09-13_v5_complete/execution/v5_category_priority/build_report.py,/home/data3/txy/Documents/Codex/2026-09-11/agent-md-medrgag-workspace-guide-md/v5_category_priority/build_report.py,7458
benchmarks/2026-09-13_v5_complete/execution/v5_category_priority/category_scores_merged.csv,/home/data3/txy/Documents/Codex/2026-09-11/agent-md-medrgag-workspace-guide-md/v5_category_priority/category_scores_merged.csv,968
benchmarks/2026-09-13_v5_complete/execution/v5_category_priority/category_source_counts.csv,/home/data3/txy/Documents/Codex/2026-09-11/agent-md-medrgag-workspace-guide-md/v5_category_priority/category_source_counts.csv,516
benchmarks/2026-09-13_v5_complete/execution/v5_category_priority/loss_by_method.csv,/home/data3/txy/Documents/Codex/2026-09-11/agent-md-medrgag-workspace-guide-md/v5_category_priority/loss_by_method.csv,1799
benchmarks/2026-09-13_v5_complete/execution/v5_category_priority/loss_decomposition.csv,/home/data3/txy/Documents/Codex/2026-09-11/agent-md-medrgag-workspace-guide-md/v5_category_priority/loss_decomposition.csv,415
benchmarks/2026-09-13_v5_complete/execution/v5_category_priority/priority.csv,/home/data3/txy/Documents/Codex/2026-09-11/agent-md-medrgag-workspace-guide-md/v5_category_priority/priority.csv,825
benchmarks/2026-09-13_v5_complete/execution/v5_category_priority/v5_category_comparison.pdf,/home/data3/txy/Documents/Codex/2026-09-11/agent-md-medrgag-workspace-guide-md/v5_category_priority/v5_category_comparison.pdf,40976
benchmarks/2026-09-13_v5_complete/execution/v5_category_priority/v5_category_comparison.png,/home/data3/txy/Documents/Codex/2026-09-11/agent-md-medrgag-workspace-guide-md/v5_category_priority/v5_category_comparison.png,309493
benchmarks/2026-09-13_v5_complete/execution/v5_category_priority/v5_category_comparison.svg,/home/data3/txy/Documents/Codex/2026-09-11/agent-md-medrgag-workspace-guide-md/v5_category_priority/v5_category_comparison.svg,35461
benchmarks/2026-09-13_v5_complete/execution/v5_category_priority/v5_category_error_decomposition.pdf,/home/data3/txy/Documents/Codex/2026-09-11/agent-md-medrgag-workspace-guide-md/v5_category_priority/v5_category_error_decomposition.pdf,28050
benchmarks/2026-09-13_v5_complete/execution/v5_category_priority/v5_category_error_decomposition.png,/home/data3/txy/Documents/Codex/2026-09-11/agent-md-medrgag-workspace-guide-md/v5_category_priority/v5_category_error_decomposition.png,180149
benchmarks/2026-09-13_v5_complete/execution/v5_category_priority/v5_category_error_decomposition.svg,/home/data3/txy/Documents/Codex/2026-09-11/agent-md-medrgag-workspace-guide-md/v5_category_priority/v5_category_error_decomposition.svg,16268
benchmarks/2026-09-13_v5_complete/execution/v5_category_priority/validation.json,/home/data3/txy/Documents/Codex/2026-09-11/agent-md-medrgag-workspace-guide-md/v5_category_priority/validation.json,746
benchmarks/2026-09-13_v5_complete/m4_m5_implementation/.cache/prepare-processes.json,/home/data3/txy/Documents/Codex/2026-09-10/benchmark-gzxiong-medrag-sota-baseline-medrag/.cache/prepare-processes.json,358
benchmarks/2026-09-13_v5_complete/m4_m5_implementation/BASELINES.md,/home/data3/txy/Documents/Codex/2026-09-10/benchmark-gzxiong-medrag-sota-baseline-medrag/BASELINES.md,9175
benchmarks/2026-09-13_v5_complete/m4_m5_implementation/LICENSE,/home/data3/txy/Documents/Codex/2026-09-10/benchmark-gzxiong-medrag-sota-baseline-medrag/LICENSE,1132
benchmarks/2026-09-13_v5_complete/m4_m5_implementation/M4_M5_INSTALLATION_REPORT.md,/home/data3/txy/Documents/Codex/2026-09-10/benchmark-gzxiong-medrag-sota-baseline-medrag/M4_M5_INSTALLATION_REPORT.md,60773
benchmarks/2026-09-13_v5_complete/m4_m5_implementation/README.md,/home/data3/txy/Documents/Codex/2026-09-10/benchmark-gzxiong-medrag-sota-baseline-medrag/README.md,17799
benchmarks/2026-09-13_v5_complete/m4_m5_implementation/configs/m4.json,/home/data3/txy/Documents/Codex/2026-09-10/benchmark-gzxiong-medrag-sota-baseline-medrag/configs/m4.json,533
benchmarks/2026-09-13_v5_complete/m4_m5_implementation/configs/m5.json,/home/data3/txy/Documents/Codex/2026-09-10/benchmark-gzxiong-medrag-sota-baseline-medrag/configs/m5.json,570
benchmarks/2026-09-13_v5_complete/m4_m5_implementation/figs/MedRAG.png,/home/data3/txy/Documents/Codex/2026-09-10/benchmark-gzxiong-medrag-sota-baseline-medrag/figs/MedRAG.png,111507
benchmarks/2026-09-13_v5_complete/m4_m5_implementation/prepare_rrf4.py,/home/data3/txy/Documents/Codex/2026-09-10/benchmark-gzxiong-medrag-sota-baseline-medrag/prepare_rrf4.py,1959
benchmarks/2026-09-13_v5_complete/m4_m5_implementation/prepare_rrf4.sh,/home/data3/txy/Documents/Codex/2026-09-10/benchmark-gzxiong-medrag-sota-baseline-medrag/prepare_rrf4.sh,1395
benchmarks/2026-09-13_v5_complete/m4_m5_implementation/requirements-baseline.lock.txt,/home/data3/txy/Documents/Codex/2026-09-10/benchmark-gzxiong-medrag-sota-baseline-medrag/requirements-baseline.lock.txt,1592
benchmarks/2026-09-13_v5_complete/m4_m5_implementation/requirements-baseline.txt,/home/data3/txy/Documents/Codex/2026-09-10/benchmark-gzxiong-medrag-sota-baseline-medrag/requirements-baseline.txt,348
benchmarks/2026-09-13_v5_complete/m4_m5_implementation/requirements.txt,/home/data3/txy/Documents/Codex/2026-09-10/benchmark-gzxiong-medrag-sota-baseline-medrag/requirements.txt,186
benchmarks/2026-09-13_v5_complete/m4_m5_implementation/run_baseline.py,/home/data3/txy/Documents/Codex/2026-09-10/benchmark-gzxiong-medrag-sota-baseline-medrag/run_baseline.py,5050
benchmarks/2026-09-13_v5_complete/m4_m5_implementation/run_baseline.sh,/home/data3/txy/Documents/Codex/2026-09-10/benchmark-gzxiong-medrag-sota-baseline-medrag/run_baseline.sh,489
benchmarks/2026-09-13_v5_complete/m4_m5_implementation/src/baselines.py,/home/data3/txy/Documents/Codex/2026-09-10/benchmark-gzxiong-medrag-sota-baseline-medrag/src/baselines.py,3156
benchmarks/2026-09-13_v5_complete/m4_m5_implementation/src/config.py,/home/data3/txy/Documents/Codex/2026-09-10/benchmark-gzxiong-medrag-sota-baseline-medrag/src/config.py,134
benchmarks/2026-09-13_v5_complete/m4_m5_implementation/src/data/statpearls.py,/home/data3/txy/Documents/Codex/2026-09-10/benchmark-gzxiong-medrag-sota-baseline-medrag/src/data/statpearls.py,4647
benchmarks/2026-09-13_v5_complete/m4_m5_implementation/src/medrag.py,/home/data3/txy/Documents/Codex/2026-09-10/benchmark-gzxiong-medrag-sota-baseline-medrag/src/medrag.py,21147
benchmarks/2026-09-13_v5_complete/m4_m5_implementation/src/template.py,/home/data3/txy/Documents/Codex/2026-09-10/benchmark-gzxiong-medrag-sota-baseline-medrag/src/template.py,3368
benchmarks/2026-09-13_v5_complete/m4_m5_implementation/src/utils.py,/home/data3/txy/Documents/Codex/2026-09-10/benchmark-gzxiong-medrag-sota-baseline-medrag/src/utils.py,22629
benchmarks/2026-09-13_v5_complete/m4_m5_implementation/test_baselines.py,/home/data3/txy/Documents/Codex/2026-09-10/benchmark-gzxiong-medrag-sota-baseline-medrag/test_baselines.py,3869
benchmarks/2026-09-13_v5_complete/m6_m7_implementation/PAPER_REPRODUCTION_RECORD.md,/home/data3/txy/Documents/Codex/2026-09-12/benchmark-imedrag-medrag-agent-md-tc/PAPER_REPRODUCTION_RECORD.md,44936
benchmarks/2026-09-13_v5_complete/m6_m7_implementation/README.md,/home/data3/txy/Documents/Codex/2026-09-12/benchmark-imedrag-medrag-agent-md-tc/README.md,7230
benchmarks/2026-09-13_v5_complete/m6_m7_implementation/acceptance.sh,/home/data3/txy/Documents/Codex/2026-09-12/benchmark-imedrag-medrag-agent-md-tc/acceptance.sh,1245
benchmarks/2026-09-13_v5_complete/m6_m7_implementation/acceptance_report.md,/home/data3/txy/Documents/Codex/2026-09-12/benchmark-imedrag-medrag-agent-md-tc/acceptance_report.md,10437
benchmarks/2026-09-13_v5_complete/m6_m7_implementation/code/backend.py,/home/data3/txy/Documents/Codex/2026-09-12/benchmark-imedrag-medrag-agent-md-tc/code/backend.py,11894
benchmarks/2026-09-13_v5_complete/m6_m7_implementation/code/check.py,/home/data3/txy/Documents/Codex/2026-09-12/benchmark-imedrag-medrag-agent-md-tc/code/check.py,3029
benchmarks/2026-09-13_v5_complete/m6_m7_implementation/code/common.py,/home/data3/txy/Documents/Codex/2026-09-12/benchmark-imedrag-medrag-agent-md-tc/code/common.py,5843
benchmarks/2026-09-13_v5_complete/m6_m7_implementation/code/cost.py,/home/data3/txy/Documents/Codex/2026-09-12/benchmark-imedrag-medrag-agent-md-tc/code/cost.py,8884
benchmarks/2026-09-13_v5_complete/m6_m7_implementation/code/methods.py,/home/data3/txy/Documents/Codex/2026-09-12/benchmark-imedrag-medrag-agent-md-tc/code/methods.py,19217
benchmarks/2026-09-13_v5_complete/m6_m7_implementation/code/prepare.py,/home/data3/txy/Documents/Codex/2026-09-12/benchmark-imedrag-medrag-agent-md-tc/code/prepare.py,12959
benchmarks/2026-09-13_v5_complete/m6_m7_implementation/code/report.py,/home/data3/txy/Documents/Codex/2026-09-12/benchmark-imedrag-medrag-agent-md-tc/code/report.py,14142
benchmarks/2026-09-13_v5_complete/m6_m7_implementation/code/run.py,/home/data3/txy/Documents/Codex/2026-09-12/benchmark-imedrag-medrag-agent-md-tc/code/run.py,7362
benchmarks/2026-09-13_v5_complete/m6_m7_implementation/code/runtime.py,/home/data3/txy/Documents/Codex/2026-09-12/benchmark-imedrag-medrag-agent-md-tc/code/runtime.py,8655
benchmarks/2026-09-13_v5_complete/m6_m7_implementation/code/score.py,/home/data3/txy/Documents/Codex/2026-09-12/benchmark-imedrag-medrag-agent-md-tc/code/score.py,9508
benchmarks/2026-09-13_v5_complete/m6_m7_implementation/configs/environment.json,/home/data3/txy/Documents/Codex/2026-09-12/benchmark-imedrag-medrag-agent-md-tc/configs/environment.json,360
benchmarks/2026-09-13_v5_complete/m6_m7_implementation/configs/imedrag.json,/home/data3/txy/Documents/Codex/2026-09-12/benchmark-imedrag-medrag-agent-md-tc/configs/imedrag.json,2451
benchmarks/2026-09-13_v5_complete/m6_m7_implementation/configs/imedrag_runtime_v4.json,/home/data3/txy/Documents/Codex/2026-09-12/benchmark-imedrag-medrag-agent-md-tc/configs/imedrag_runtime_v4.json,3090
benchmarks/2026-09-13_v5_complete/m6_m7_implementation/configs/requirements.lock.txt,/home/data3/txy/Documents/Codex/2026-09-12/benchmark-imedrag-medrag-agent-md-tc/configs/requirements.lock.txt,1592
benchmarks/2026-09-13_v5_complete/m6_m7_implementation/configs/resources.json,/home/data3/txy/Documents/Codex/2026-09-12/benchmark-imedrag-medrag-agent-md-tc/configs/resources.json,70795
benchmarks/2026-09-13_v5_complete/m6_m7_implementation/configs/tcrag.json,/home/data3/txy/Documents/Codex/2026-09-12/benchmark-imedrag-medrag-agent-md-tc/configs/tcrag.json,2592
benchmarks/2026-09-13_v5_complete/m6_m7_implementation/configs/tcrag_runtime_v4.json,/home/data3/txy/Documents/Codex/2026-09-12/benchmark-imedrag-medrag-agent-md-tc/configs/tcrag_runtime_v4.json,3289
benchmarks/2026-09-13_v5_complete/m6_m7_implementation/data/dev_overlap_audit.json,/home/data3/txy/Documents/Codex/2026-09-12/benchmark-imedrag-medrag-agent-md-tc/data/dev_overlap_audit.json,264
benchmarks/2026-09-13_v5_complete/m6_m7_implementation/data/dev_source_acquisition.json,/home/data3/txy/Documents/Codex/2026-09-12/benchmark-imedrag-medrag-agent-md-tc/data/dev_source_acquisition.json,2777
benchmarks/2026-09-13_v5_complete/m6_m7_implementation/data/input_lock.json,/home/data3/txy/Documents/Codex/2026-09-12/benchmark-imedrag-medrag-agent-md-tc/data/input_lock.json,1693
benchmarks/2026-09-13_v5_complete/m6_m7_implementation/evidence_protocol.md,/home/data3/txy/Documents/Codex/2026-09-12/benchmark-imedrag-medrag-agent-md-tc/evidence_protocol.md,6334
benchmarks/2026-09-13_v5_complete/m6_m7_implementation/method_fidelity.md,/home/data3/txy/Documents/Codex/2026-09-12/benchmark-imedrag-medrag-agent-md-tc/method_fidelity.md,10721
benchmarks/2026-09-13_v5_complete/m6_m7_implementation/reports/acceptance_execution_complete.json,/home/data3/txy/Documents/Codex/2026-09-12/benchmark-imedrag-medrag-agent-md-tc/reports/acceptance_execution_complete.json,120
benchmarks/2026-09-13_v5_complete/m6_m7_implementation/reports/dev_question_overlap.json,/home/data3/txy/Documents/Codex/2026-09-12/benchmark-imedrag-medrag-agent-md-tc/reports/dev_question_overlap.json,122
benchmarks/2026-09-13_v5_complete/m6_m7_implementation/reports/environment_check.json,/home/data3/txy/Documents/Codex/2026-09-12/benchmark-imedrag-medrag-agent-md-tc/reports/environment_check.json,791
benchmarks/2026-09-13_v5_complete/m6_m7_implementation/reports/formal_cost_estimate.json,/home/data3/txy/Documents/Codex/2026-09-12/benchmark-imedrag-medrag-agent-md-tc/reports/formal_cost_estimate.json,9379
benchmarks/2026-09-13_v5_complete/m6_m7_implementation/reports/prefix_preparation_before_syntax_followup.json,/home/data3/txy/Documents/Codex/2026-09-12/benchmark-imedrag-medrag-agent-md-tc/reports/prefix_preparation_before_syntax_followup.json,296367
benchmarks/2026-09-13_v5_complete/m6_m7_implementation/reports/replay_format_prefix.py,/home/data3/txy/Documents/Codex/2026-09-12/benchmark-imedrag-medrag-agent-md-tc/reports/replay_format_prefix.py,4425
benchmarks/2026-09-13_v5_complete/m6_m7_implementation/reports/scope_correction.json,/home/data3/txy/Documents/Codex/2026-09-12/benchmark-imedrag-medrag-agent-md-tc/reports/scope_correction.json,319
benchmarks/2026-09-13_v5_complete/m6_m7_implementation/reports/scoring_snapshot/analyze_cf_baseline_screening.py,/home/data3/txy/Documents/Codex/2026-09-12/benchmark-imedrag-medrag-agent-md-tc/reports/scoring_snapshot/analyze_cf_baseline_screening.py,59077
benchmarks/2026-09-13_v5_complete/m6_m7_implementation/reports/scoring_snapshot/analyze_v5.py,/home/data3/txy/Documents/Codex/2026-09-12/benchmark-imedrag-medrag-agent-md-tc/reports/scoring_snapshot/analyze_v5.py,10070
benchmarks/2026-09-13_v5_complete/m6_m7_implementation/reports/scoring_snapshot/common.py,/home/data3/txy/Documents/Codex/2026-09-12/benchmark-imedrag-medrag-agent-md-tc/reports/scoring_snapshot/common.py,5843
benchmarks/2026-09-13_v5_complete/m6_m7_implementation/reports/scoring_snapshot/score.py,/home/data3/txy/Documents/Codex/2026-09-12/benchmark-imedrag-medrag-agent-md-tc/reports/scoring_snapshot/score.py,9508
benchmarks/2026-09-13_v5_complete/m6_m7_implementation/reports/scoring_snapshot/sources.json,/home/data3/txy/Documents/Codex/2026-09-12/benchmark-imedrag-medrag-agent-md-tc/reports/scoring_snapshot/sources.json,1703
benchmarks/2026-09-13_v5_complete/m6_m7_implementation/reports/source_resolution.json,/home/data3/txy/Documents/Codex/2026-09-12/benchmark-imedrag-medrag-agent-md-tc/reports/source_resolution.json,394
benchmarks/2026-09-13_v5_complete/m6_m7_implementation/reports/unused_tcrag_calibration_plan.json,/home/data3/txy/Documents/Codex/2026-09-12/benchmark-imedrag-medrag-agent-md-tc/reports/unused_tcrag_calibration_plan.json,1524
benchmarks/2026-09-13_v5_complete/m6_m7_implementation/reports/v5_existing_contract_audit.json,/home/data3/txy/Documents/Codex/2026-09-12/benchmark-imedrag-medrag-agent-md-tc/reports/v5_existing_contract_audit.json,230
benchmarks/2026-09-13_v5_complete/m6_m7_implementation/run.sh,/home/data3/txy/Documents/Codex/2026-09-12/benchmark-imedrag-medrag-agent-md-tc/run.sh,436
benchmarks/2026-09-13_v5_complete/m6_m7_implementation/runs/imedrag_dev_accepted/cache_provenance.json,/home/data3/txy/Documents/Codex/2026-09-12/benchmark-imedrag-medrag-agent-md-tc/runs/imedrag_dev_accepted/cache_provenance.json,325313
benchmarks/2026-09-13_v5_complete/m6_m7_implementation/runs/imedrag_dev_accepted/execution_report.json,/home/data3/txy/Documents/Codex/2026-09-12/benchmark-imedrag-medrag-agent-md-tc/runs/imedrag_dev_accepted/execution_report.json,4645
benchmarks/2026-09-13_v5_complete/m6_m7_implementation/runs/imedrag_dev_accepted/scores/summary.json,/home/data3/txy/Documents/Codex/2026-09-12/benchmark-imedrag-medrag-agent-md-tc/runs/imedrag_dev_accepted/scores/summary.json,894
benchmarks/2026-09-13_v5_complete/m6_m7_implementation/runs/imedrag_dev_v4/backend_reference.json,/home/data3/txy/Documents/Codex/2026-09-12/benchmark-imedrag-medrag-agent-md-tc/runs/imedrag_dev_v4/backend_reference.json,6173
benchmarks/2026-09-13_v5_complete/m6_m7_implementation/runs/tcrag_dev/backend_reference.json,/home/data3/txy/Documents/Codex/2026-09-12/benchmark-imedrag-medrag-agent-md-tc/runs/tcrag_dev/backend_reference.json,5442
benchmarks/2026-09-13_v5_complete/m6_m7_implementation/runs/tcrag_dev/execution_report.json,/home/data3/txy/Documents/Codex/2026-09-12/benchmark-imedrag-medrag-agent-md-tc/runs/tcrag_dev/execution_report.json,4716
benchmarks/2026-09-13_v5_complete/m6_m7_implementation/runs/tcrag_dev/scores/summary.json,/home/data3/txy/Documents/Codex/2026-09-12/benchmark-imedrag-medrag-agent-md-tc/runs/tcrag_dev/scores/summary.json,868
benchmarks/2026-09-13_v5_complete/m6_m7_implementation/tests/test_audit.py,/home/data3/txy/Documents/Codex/2026-09-12/benchmark-imedrag-medrag-agent-md-tc/tests/test_audit.py,3040
benchmarks/2026-09-13_v5_complete/m6_m7_implementation/tests/test_entropy.py,/home/data3/txy/Documents/Codex/2026-09-12/benchmark-imedrag-medrag-agent-md-tc/tests/test_entropy.py,3109
benchmarks/2026-09-13_v5_complete/m6_m7_implementation/tests/test_methods.py,/home/data3/txy/Documents/Codex/2026-09-12/benchmark-imedrag-medrag-agent-md-tc/tests/test_methods.py,15668
benchmarks/2026-09-13_v5_complete/m6_m7_implementation/tests/test_scoring.py,/home/data3/txy/Documents/Codex/2026-09-12/benchmark-imedrag-medrag-agent-md-tc/tests/test_scoring.py,2664
benchmarks/2026-09-13_v5_complete/workspace_reference/LLAMA31_REPRODUCTION_HISTORY.md,/home/data3/txy/MedRGAG/LLAMA31_REPRODUCTION_HISTORY.md,60539
benchmarks/2026-09-13_v5_complete/workspace_reference/MEDRGAG_WORKSPACE_GUIDE.md,/home/data3/txy/MEDRGAG_WORKSPACE_GUIDE.md,132420
benchmarks/2026-09-13_v5_complete/workspace_reference/R1_R5_CLASSIFICATION_GUIDE.md,/home/data3/txy/R1_R5_CLASSIFICATION_GUIDE.md,32269
benchmarks/2026-09-13_v5_complete/workspace_reference/R1_R5_V3_BASELINES_WORK_RECORD.md,/home/data3/txy/R1_R5_V3_BASELINES_WORK_RECORD.md,34930
