panel,request_id,method,seed,arm,family_id,source,answer_format,correct,native_valid,native_mapping_count,method_score,run_status,native_answer_ref,mixed_native_correctness,failure_type,repair_attempted,trigger,F_supported,correct_before,repair,harm,unavailable_recovery,correct_lost_to_unavailable,new_physical_calls_this_revision
historical121,d00000,M4,,baseline,M02:M02:DDI-CF-CN-001-A,M02,multi,true,true,1,scored,cached_baseline,2eaff33201aeac3e1444bc7ec0bf2844592b3b6bda88b85306d16e832af3638a,false,,false,,,true,false,false,false,false,0
historical121,d00001,M4,,baseline,M11:141,M11,single,true,true,1,scored,cached_baseline,92cf6a3f4b6c000fa6f9e582f1b35fddd2f06e1b3e6c39fb9de19ce8ebdf17a2,false,,false,,,true,false,false,false,false,0
historical121,d00002,M4,,baseline,M12:54,M12,single,true,true,3,scored,cached_baseline,3a04327bb9820cc471f0aa50ac513b5c2e94280e4ccc56e1adafe3b7c55f6157,false,,false,,,true,false,false,false,false,0
historical121,d00003,M4,,baseline,M22:mmlu/professional_medicine-205,M22,robustness_single,true,true,1,scored,cached_baseline,5f2851bb8349817217b8c0332554de85b4d1d1e80a6f4dd9f15656f4302a203e,false,,false,,,true,false,false,false,false,0
historical121,d00004,M4,,baseline,M10:medqa_00219,M10,single,false,true,1,scored,cached_baseline,e2f9c349e46291ab42f7c3410e42adac43c741f96cfeea1a50af0583a6d8db91,false,,false,,,false,false,false,false,false,0
historical121,d00005,M4,,baseline,M20:22,M20,relation,true,true,1,scored,cached_baseline,5f7df05b3600b3ebc708e9692e1631f25dd4390341a27cbf9523a77c8deb7d17,false,,false,,,true,false,false,false,false,0
historical121,d00006,M4,,baseline,M17:usmle_derm_991,M17,single,true,true,1,scored,cached_baseline,a4315e69c38b75597b39e81e182b01bf1dce7183242e68113b760ef231c0d5c9,false,,false,,,true,false,false,false,false,0
historical121,d00007,M4,,baseline,M14:exact_source_text:749,M14,single,false,true,1,scored,cached_baseline,c5fe9f5da3adc237038258254444bd3a15c729b9b5d8bf24bfa3f393cf99ab66,false,,false,,,false,false,false,false,false,0
historical121,d00008,M4,,baseline,M01:case_47649,M01,diagnosis,false,true,1,scored,cached_baseline,c91cb06a35d8ca1df8aac759caa4b8774c5f7a1be519b44acbb7d250cf21b9ba,false,,false,,,false,false,false,false,false,0
historical121,d00009,M4,,baseline,M10:medqa_01246,M10,single,true,true,1,scored,cached_baseline,e6d6f26e1308de27575ab65753434d888ebcd959dae0b87e6c318ef110e20a31,false,,false,,,true,false,false,false,false,0
historical121,d00010,M4,,baseline,M12:758,M12,single,false,true,1,scored,cached_baseline,199d2a6ccff71d282e42058f2442e36d60a0ded275bf3153601ca37dc85753bb,false,,false,,,false,false,false,false,false,0
historical121,d00011,M4,,baseline,M01:case_47649,M01,diagnosis,false,true,1,scored,cached_baseline,95776118882e748c0d1b019f3d1991bd6029b30fc805e8621227dd31f502fea1,false,,false,,,false,false,false,false,false,0
historical121,d00012,M4,,baseline,M11:141,M11,single,true,true,1,scored,cached_baseline,6dffa9f1335d5fa5037f920ce62ffbddea1b739d06fb99cfa30458c850827df2,false,,false,,,true,false,false,false,false,0
historical121,d00013,M4,,baseline,M10:medqa_01246,M10,single,true,true,1,scored,cached_baseline,36fac775deeb8deaa29c635213abc356415435ce15f444fbb8564dfca9bbaec1,false,,false,,,true,false,false,false,false,0
historical121,d00014,M4,,baseline,M20:22,M20,relation,true,true,1,scored,cached_baseline,0b39d701901663847c850b440f04e1de64d91bdf1ec1a29b01bdd9bc2eb68633,false,,false,,,true,false,false,false,false,0
historical121,d00015,M4,,baseline,M14:exact_source_text:936,M14,single,false,true,1,scored,cached_baseline,4251261d6cad974860bb696715242d7ab3cdd4ee59bba05cd92997667cf238bb,false,,false,,,false,false,false,false,false,0
historical121,d00016,M4,,baseline,M12:648,M12,single,true,true,2,scored,cached_baseline,e213df7f430bc777476d128d964e5aea20b1a32a755a8f850c0aa3e9a3163e02,false,,false,,,true,false,false,false,false,0
historical121,d00017,M4,,baseline,M12:725,M12,single,true,true,1,scored,cached_baseline,0526259ccc5a8d00e3836a4e108216f1268e31f7d903d263e182759a30578903,false,,false,,,true,false,false,false,false,0
historical121,d00018,M4,,baseline,M02:M02:CS-CF-AP-002-B,M02,multi,true,true,1,scored,cached_baseline,557485defff7b1776e7cf7a4ad6ef92a7e47cdb8b091a4091606c739eed5e96d,false,,false,,,true,false,false,false,false,0
historical121,d00019,M4,,baseline,M12:660,M12,single,true,true,1,scored,cached_baseline,8fbafe177348c2db9bcee7464e1b12052791d62e485f20fe2de3ed92a54bfb86,false,,false,,,true,false,false,false,false,0
historical121,d00020,M4,,baseline,M17:usmle_derm_327,M17,single,true,true,1,scored,cached_baseline,a63fd7c97514c0c4d4e836570e71886d5a5b3baaf235e1308214e44f6ad5f940,false,,false,,,true,false,false,false,false,0
historical121,d00021,M4,,baseline,M01:case_93766,M01,diagnosis,true,true,1,scored,cached_baseline,7cd47eaad9ebc950af7a7c76d7e5d9a6db77e2ae731ea67c030a9e17464e342c,false,,false,,,true,false,false,false,false,0
historical121,d00022,M4,,baseline,M17:usmle_derm_327,M17,single,true,true,2,scored,cached_baseline,5271c51d4c31c495f73663a69fec7e9ec6faa51dc0a5218595a50cd58a01d0a8,false,,false,,,true,false,false,false,false,0
historical121,d00023,M4,,baseline,M23:BioNLI:exact_context:1899,M23,single,true,true,1,scored,cached_baseline,ef3f8e1be30a053f6e38d656879b3d48d7e1cd7b1275deb66e90e6eee9e1ef8e,false,,false,,,true,false,false,false,false,0
historical121,d00024,M4,,baseline,M12:54,M12,single,true,true,1,scored,cached_baseline,533c699a37bcca15f31d539e7f136eb1fc51bbab40d37537ae6f6213b4b25331,false,,false,,,true,false,false,false,false,0
historical121,d00025,M4,,baseline,M12:648,M12,single,true,true,1,scored,cached_baseline,1e2b2588522dc21a9b1bfaf0a1ca3940ea10742e5a38b26159f7eb78b08e11d4,false,,false,,,true,false,false,false,false,0
historical121,d00026,M4,,baseline,M20:6,M20,relation,true,true,1,scored,cached_baseline,b91c54c4fc726a6d5cfaf7b04b26407a22ac06cd2392bf40c243cb04a09a41f9,false,,false,,,true,false,false,false,false,0
historical121,d00027,M4,,baseline,M17:usmle_derm_327,M17,single,true,true,2,scored,cached_baseline,6421796944c729a56b46f036576e425d47425417bf0ee6b8230e7bf79e46ae4f,false,,false,,,true,false,false,false,false,0
historical121,d00028,M4,,baseline,M12:725,M12,single,true,true,1,scored,cached_baseline,dc54b79bf4a4b8d606b74555afb774e9cd2fed35a93d8fadc0c3ff0263df5ea1,false,,false,,,true,false,false,false,false,0
historical121,d00029,M4,,baseline,M14:exact_source_text:20,M14,single,true,true,1,scored,cached_baseline,024367dd118a788808ca889e87dcb4f2065417624278660312676020b462825f,false,,false,,,true,false,false,false,false,0
historical121,d00030,M4,,baseline,M11:126,M11,single,false,true,1,scored,cached_baseline,194fdaebccc97c02017ebc97611cdef19b13acce99fec34dd7e2aece73df3cab,false,,false,,,false,false,false,false,false,0
historical121,d00031,M4,,baseline,M11:78,M11,single,true,true,1,scored,cached_baseline,c74d26d9d53bab6283b020e7b62bf3fc86c58d1ec4295a7e16151228bc12d104,false,,false,,,true,false,false,false,false,0
historical121,d00032,M4,,baseline,M14:exact_source_text:555,M14,single,false,true,1,scored,cached_baseline,00504cb1111e0b9d796f0a756db9dc500df092c94389d8ff06ced3efd211f9d3,false,,false,,,false,false,false,false,false,0
historical121,d00033,M4,,baseline,M17:usmle_derm_327,M17,single,true,true,1,scored,cached_baseline,0032d421def9c39b5e6def776dd21fe2f643ba59c833d393f4c1ede1f8c446ad,false,,false,,,true,false,false,false,false,0
historical121,d00034,M4,,baseline,M11:78,M11,single,true,true,1,scored,cached_baseline,11c72144faf69ba32e85f2b2144388aff2f6b3131e8f19c12f3d8b7134c2ac2f,false,,false,,,true,false,false,false,false,0
historical121,d00035,M4,,baseline,M01:case_24951,M01,diagnosis,false,true,1,scored,cached_baseline,d34486714bad3f15023fe303c572a3b943e44b9a49ba2c2a168d344ae3893fbc,false,,false,,,false,false,false,false,false,0
historical121,d00036,M4,,baseline,M12:12,M12,single,false,true,1,scored,cached_baseline,c37b0c7ffe5effe35c2341aa26237e5c845c2e199b4a26f5190f06f1382c67a8,false,,false,,,false,false,false,false,false,0
historical121,d00037,M4,,baseline,M11:103,M11,single,true,true,2,scored,cached_baseline,fec38c7d29f65ff49b4c5dda9ec70ed2596f682aa789d49a47da3967e8fc2e78,false,,false,,,true,false,false,false,false,0
historical121,d00038,M4,,baseline,M22:mmlu/professional_medicine-205,M22,robustness_single,true,true,1,scored,cached_baseline,1114c59b202a6859e8bc0ad0a46bfb33cb8152cb467531b5ee83d9d5fefb9ed3,false,,false,,,true,false,false,false,false,0
historical121,d00039,M4,,baseline,M12:725,M12,single,false,true,4,scored,cached_baseline,4fc749bdba778fb6381fe1ed2618886cfdcb8884f2864ecccdf26485540db5f8,false,,false,,,false,false,false,false,false,0
historical121,d00040,M4,,baseline,M06:supplement_N20,M06,single,false,true,1,scored,cached_baseline,2f9736a92f555808b35150c178293c80ac8e315fa1c177bbfd0b9a08af8aa570,false,,false,,,false,false,false,false,false,0
historical121,d00041,M4,,baseline,M23:BioNLI:exact_context:2298,M23,single,true,true,1,scored,cached_baseline,eae5d8db4add12f2f11720d1b3a4f82a7cbf767aac3b87284e9727f60b806e69,false,,false,,,true,false,false,false,false,0
historical121,d00042,M4,,baseline,M06:supplement_N48,M06,single,true,true,1,scored,cached_baseline,cebc4609852dd2511c2be46ece3a13e5af6d9227fd1764c66bc3c2c1cd3de5db,false,,false,,,true,false,false,false,false,0
historical121,d00043,M4,,baseline,M17:usmle_derm_991,M17,single,true,true,1,scored,cached_baseline,debf65729a7e96b36fc16584e458a3abb6fe0f8e7c66d264d897d3e2a83f1509,false,,false,,,true,false,false,false,false,0
historical121,d00044,M4,,baseline,M11:141,M11,single,true,true,1,scored,cached_baseline,53564eab94d216c30c0890444891ff4a04820fc5f37e00a11b198c44a197ea60,false,,false,,,true,false,false,false,false,0
historical121,d00045,M4,,baseline,M11:78,M11,single,true,true,5,scored,cached_baseline,21b54b0320465144f6e19a3da365aa621a3ea6b97189aa77976e2976adc2ccd7,false,,false,,,true,false,false,false,false,0
historical121,d00046,M4,,baseline,M22:bioasq/63f9cbb433942b094c00000c,M22,robustness_single,true,true,1,scored,cached_baseline,65dc05b71d0dedcce0416cd5b869e494112dcdf3579e6217b06c72692571c61f,false,,false,,,true,false,false,false,false,0
historical121,d00047,M4,,baseline,M02:M02:SS-CF-PD-002-POS,M02,multi,true,true,1,scored,cached_baseline,0cc2bd8f44460b953324977fdb2bd2039b56ec6782dcbe90183ddfa736eb953a,false,,false,,,true,false,false,false,false,0
historical121,d00048,M4,,baseline,M11:103,M11,single,true,true,1,scored,cached_baseline,d1b39b283b52e84a4051355209940303ccdfb0307c05ec3f208989924bb5d6e2,false,,false,,,true,false,false,false,false,0
historical121,d00049,M4,,baseline,M12:725,M12,single,false,true,1,scored,cached_baseline,fff765543b22fa5e4eeff7c1a36769835f6ba2099d9b898af630d1aabad21d2d,false,,false,,,false,false,false,false,false,0
historical121,d00050,M4,,baseline,M02:M02:RK-CF-TMP-001-B,M02,multi,false,true,1,scored,cached_baseline,ae28d13db957f9b291398d8005ca2a88f74f1576c0ed8da42428a8aba8f67380,false,,false,,,false,false,false,false,false,0
historical121,d00051,M4,,baseline,M01:case_79632,M01,diagnosis,false,true,1,scored,cached_baseline,185d9b4897419209d4cd527fa50e534b7f0c5031d2902f1532fe5d66cf0ed4d8,false,,false,,,false,false,false,false,false,0
historical121,d00052,M4,,baseline,M02:M02:RK-CF-ENO-001-A,M02,multi,true,true,1,scored,cached_baseline,faa73fd3e222f1898004eb07f89208a9f333a77f368acfe94993a036c0dee3a5,false,,false,,,true,false,false,false,false,0
historical121,d00053,M4,,baseline,M17:usmle_derm_327,M17,single,true,true,1,scored,cached_baseline,21ae0979e53c6cb7cf263055a152744c0aeff41c4d89080129cf90c8812962f5,false,,false,,,true,false,false,false,false,0
historical121,d00054,M4,,baseline,M14:exact_source_text:936,M14,single,false,true,1,scored,cached_baseline,f5caec2e368ed3db071bfaeeda3466e6efd61f1d5d8aaa54d70949ed79c5c656,false,,false,,,false,false,false,false,false,0
historical121,d00055,M4,,baseline,M12:660,M12,single,true,true,3,scored,cached_baseline,f29a4f530d66092543ff471f883b38304a69acce581c545aad1c7080b938383d,false,,false,,,true,false,false,false,false,0
historical121,d00056,M4,,baseline,M17:usmle_derm_327,M17,single,true,true,1,scored,cached_baseline,e94fb4f233a4e415056e0cf08b1a5498c576978be409ef32fb4b0a04b2ac1b01,false,,false,,,true,false,false,false,false,0
historical121,d00057,M4,,baseline,M12:660,M12,single,true,true,1,scored,cached_baseline,9435dbe8d974920998e5f1f94ea746cf70ee4a0050796f5293f0d93291ecba46,false,,false,,,true,false,false,false,false,0
historical121,d00058,M4,,baseline,M12:758,M12,single,false,true,3,scored,cached_baseline,1552c27fc6538bc9d3e0d8b5612797a7c9f150b147981abf913aa50869687036,false,,false,,,false,false,false,false,false,0
historical121,d00059,M4,,baseline,M12:758,M12,single,false,true,1,scored,cached_baseline,5b958dfb7fb6f363b39aaa23682850ee6bb59c1e299f590e2f990bbb20ee8b5b,false,,false,,,false,false,false,false,false,0
historical121,d00060,M4,,baseline,M12:725,M12,single,false,true,1,scored,cached_baseline,e7e7bf9eb281fa2384bdc56cc73c7929429f76fff5909e77db7b470119625732,false,,false,,,false,false,false,false,false,0
historical121,d00061,M4,,baseline,M11:78,M11,single,true,true,1,scored,cached_baseline,99648d6b339a269e0d44ded55b0de6cfbeff24515d7bfb113413baa993ae62f1,false,,false,,,true,false,false,false,false,0
historical121,d00062,M4,,baseline,M22:bioasq/63f9cbb433942b094c00000c,M22,robustness_single,true,true,1,scored,cached_baseline,c426fc276696fcc02c1a047a8ab1b776752d1d421cc46ecadecff7fcab462f5e,false,,false,,,true,false,false,false,false,0
historical121,d00063,M4,,baseline,M20:22,M20,relation,false,true,1,scored,cached_baseline,8b27e9ddd8dd9366d2dbfd6be0b3ee4f0eee38c705c94eb1a9e4112fb8273790,false,,false,,,false,false,false,false,false,0
historical121,d00064,M4,,baseline,M17:usmle_derm_991,M17,single,true,true,1,scored,cached_baseline,f289dac4a07a10eebf0f8f6edeff6aebd57f62d5dbb840a384ff045e566a15fd,false,,false,,,true,false,false,false,false,0
historical121,d00065,M4,,baseline,M14:exact_source_text:749,M14,single,false,true,1,scored,cached_baseline,96a621c03ebc933bd1d397027e4eb228d18d2e8d84d647aa4865511020565ccd,false,,false,,,false,false,false,false,false,0
historical121,d00066,M4,,baseline,M11:141,M11,single,true,true,1,scored,cached_baseline,d4c200c56a587bbf69b951005567742492e7d59fc0a28a9ed67e9eefc9141093,false,,false,,,true,false,false,false,false,0
historical121,d00067,M4,,baseline,M17:usmle_derm_327,M17,single,true,true,2,scored,cached_baseline,1fd0cc53d6047593772891570b80063b9c613ed28627fa20ce9771a65e737aed,false,,false,,,true,false,false,false,false,0
historical121,d00068,M4,,baseline,M01:case_24951,M01,diagnosis,true,true,1,scored,cached_baseline,99c75a2e9bdb1a75ec8149f1003a91a06d79c849bc7402acde7b53c628eb07a6,false,,false,,,true,false,false,false,false,0
historical121,d00069,M4,,baseline,M23:BioNLI:exact_context:2298,M23,single,true,true,1,scored,cached_baseline,f0136e55af1ef6b6fe4cdd67b55182ce6b4515e1ea5c9ee5c6e92cec765049a9,false,,false,,,true,false,false,false,false,0
historical121,d00070,M4,,baseline,M01:case_79632,M01,diagnosis,false,true,1,scored,cached_baseline,8069fbda6a08cb3978bec5892acc963ca0f65a106ec7145f60fa7f3eacdfe617,false,,false,,,false,false,false,false,false,0
historical121,d00071,M4,,baseline,M10:medqa_00219,M10,single,false,true,1,scored,cached_baseline,ddc489af4249c4a392d6bc903a3e466a0086cc2dd8e1b1be6c58fc66b83f3017,false,,false,,,false,false,false,false,false,0
historical121,d00072,M4,,baseline,M12:660,M12,single,false,true,1,scored,cached_baseline,248bef663a2d3161ee2698eab75bfc5bf96a8e735dc8b5c5606a6181b6a30b4a,false,,false,,,false,false,false,false,false,0
historical121,d00073,M4,,baseline,M22:mmlu/professional_medicine-205,M22,robustness_single,true,true,1,scored,cached_baseline,0048cbc0a4a9319714cac6645aaee5f194894c6309b2429590ad119b04851553,false,,false,,,true,false,false,false,false,0
historical121,d00074,M4,,baseline,M11:78,M11,single,true,true,1,scored,cached_baseline,4e76efadf861ca8d243835e479b2dea4f58c260221af39e36ee64801b0d6afbb,false,,false,,,true,false,false,false,false,0
historical121,d00075,M4,,baseline,M11:126,M11,single,false,true,6,scored,cached_baseline,2c1f609bf34ff203bbe512dee6a49e0310bcd5e7cb7e5e4c9039c71c3097d231,false,,false,,,false,false,false,false,false,0
historical121,d00076,M4,,baseline,M11:126,M11,single,false,true,1,scored,cached_baseline,ab9ace4db47e717f52c49a22a4234db6103218c0dd4cb4608ed30a58fa883594,false,,false,,,false,false,false,false,false,0
historical121,d00077,M4,,baseline,M01:case_93766,M01,diagnosis,true,true,1,scored,cached_baseline,6826c5a781086cbb00ab3ef675390f77dc390d5fb86e4cd43343b6d1e10e36f5,false,,false,,,true,false,false,false,false,0
historical121,d00078,M4,,baseline,M22:bioasq/63f9cbb433942b094c00000c,M22,robustness_single,true,true,1,scored,cached_baseline,4cdfafe9263ca1a6a3b6c927a1622207b9dc932327e6629c45afb35025d27906,false,,false,,,true,false,false,false,false,0
historical121,d00079,M4,,baseline,M11:141,M11,single,true,true,1,scored,cached_baseline,3cb474c9df153d7c6c8ba669cfef3f8e3a6d4d9bf628a20ab5275ba392eb2d41,false,,false,,,true,false,false,false,false,0
historical121,d00080,M4,,baseline,M22:mmlu/professional_medicine-205,M22,robustness_single,true,true,1,scored,cached_baseline,13736afb3de07d858569a8951f28ba2dcd1ac5ca27e086f93f7f398a25eb04d8,false,,false,,,true,false,false,false,false,0
historical121,d00081,M4,,baseline,M20:6,M20,relation,true,true,1,scored,cached_baseline,7d0e92ce0866d98053d32caa350d158252d35aaff87bbe83e668878de06a8b08,false,,false,,,true,false,false,false,false,0
historical121,d00082,M4,,baseline,M11:126,M11,single,false,true,1,scored,cached_baseline,d2b6599b5426e13d1468c7f57e1d89ea903bb848ebd62a8ec049d88db717a71a,false,,false,,,false,false,false,false,false,0
historical121,d00083,M4,,baseline,M17:usmle_derm_991,M17,single,true,true,1,scored,cached_baseline,1655270449820026f4022ef20717e9f7ad4572e3c16c73c2f221e80b5476885b,false,,false,,,true,false,false,false,false,0
historical121,d00084,M4,,baseline,M20:6,M20,relation,false,true,4,scored,cached_baseline,0357642161bc1560aa6b9fcda1c662c08d7cba5ae194d48bbc3b5053f4586b38,false,,false,,,false,false,false,false,false,0
historical121,d00085,M4,,baseline,M11:103,M11,single,true,true,1,scored,cached_baseline,510cadc5629720716d3c5372b2ddb68c34167d4145e38f6a916b5b7c5d76eb32,false,,false,,,true,false,false,false,false,0
historical121,d00086,M4,,baseline,M12:54,M12,single,true,true,1,scored,cached_baseline,ad75b36ea5a8f3940772df6073f4e56c61c1dc96a6c98ecd73f54cc63ff75706,false,,false,,,true,false,false,false,false,0
historical121,d00087,M4,,baseline,M11:141,M11,single,true,true,1,scored,cached_baseline,e332dc5c3034f611db4d1b1ffaf732940f9fc28a819b0d43d6999294f8c33cb0,false,,false,,,true,false,false,false,false,0
historical121,d00088,M4,,baseline,M20:6,M20,relation,true,true,1,scored,cached_baseline,0a3977d0a5268d6bd497171a355df8269dbd006862c5968df5a6becd2726b486,false,,false,,,true,false,false,false,false,0
historical121,d00089,M4,,baseline,M12:12,M12,single,false,true,1,scored,cached_baseline,def96e8a9179709963d7975a94c148f0ef191f59ee2ee148a73488aa7ccb6946,false,,false,,,false,false,false,false,false,0
historical121,d00090,M4,,baseline,M10:medqa_00275,M10,single,true,true,1,scored,cached_baseline,18a22004620b3e5532207961724bd996780adcd473168ae8a69eb5ee097cb163,false,,false,,,true,false,false,false,false,0
historical121,d00091,M4,,baseline,M23:BioNLI:exact_context:1899,M23,single,true,true,1,scored,cached_baseline,11650d16220508e43da76ab9b175c86f4207332fd2c500abd8564202bb462636,false,,false,,,true,false,false,false,false,0
historical121,d00092,M4,,baseline,M11:141,M11,single,true,true,1,scored,cached_baseline,a3b4a322efac607d178663d74b6079f47e6be9893572aa65d7ded6072930109f,false,,false,,,true,false,false,false,false,0
historical121,d00093,M4,,baseline,M14:exact_source_text:20,M14,single,true,true,1,scored,cached_baseline,b40d012f1e152cf2a62d6a4dd418cd07cd92e3b7deef6be321ecc6270e35be6a,false,,false,,,true,false,false,false,false,0
historical121,d00094,M4,,baseline,M20:6,M20,relation,true,true,1,scored,cached_baseline,38e2652a0ec11c6e2be30fb4fff67a706cde4a6222cbe4bb84f6652408289d9f,false,,false,,,true,false,false,false,false,0
historical121,d00095,M4,,baseline,M02:M02:CS-CF-AD-001-B,M02,multi,true,true,1,scored,cached_baseline,fe49c05800362a32bc3dde5fe83da1253a48dc59baa864ab8687a6f40d89fa11,false,,false,,,true,false,false,false,false,0
historical121,d00096,M4,,baseline,M02:M02:CS-CF-A1-002-B,M02,multi,true,true,1,scored,cached_baseline,d8c4e2652313ee1cf1f4f78192945b447473a32ac19f53ad11b12a2e25fa5e94,false,,false,,,true,false,false,false,false,0
historical121,d00097,M4,,baseline,M17:usmle_derm_327,M17,single,true,true,1,scored,cached_baseline,d6bc81c101b612032575e2a13ca8870be1de2b6521400113be54f2ccda8834ee,false,,false,,,true,false,false,false,false,0
historical121,d00098,M4,,baseline,M02:M02:CS-CF-HF-001-A,M02,multi,true,true,1,scored,cached_baseline,7a36860e04a4b2201332e82dfcf1d8489d1c2215bd6d4384ac7c33673af6b7ce,false,,false,,,true,false,false,false,false,0
historical121,d00099,M4,,baseline,M17:usmle_derm_991,M17,single,true,true,1,scored,cached_baseline,0a22a54340bad60b04fdd62a6c377f6d8df8eddcf07937f92886538acc137abb,false,,false,,,true,false,false,false,false,0
historical121,d00100,M4,,baseline,M22:bioasq/63f9cbb433942b094c00000c,M22,robustness_single,true,true,1,scored,cached_baseline,827185088deaff35e314cf8647ca2d20b87adf75d28351f72c6d5c17f697f79b,false,,false,,,true,false,false,false,false,0
historical121,d00101,M4,,baseline,M14:exact_source_text:555,M14,single,false,true,1,scored,cached_baseline,e6e5ec34a8397e0f373f929a18aa3142b51fee4929ca78ec25f6caca8a630a28,false,,false,,,false,false,false,false,false,0
historical121,d00102,M4,,baseline,M11:141,M11,single,true,true,1,scored,cached_baseline,6e6da2d9e8903689a6d678ee766bcdaa12cb0291dedf80e1d86a8a343072db6a,false,,false,,,true,false,false,false,false,0
historical121,d00103,M4,,baseline,M02:M02:CS-CF-NS-001-B,M02,multi,true,true,1,scored,cached_baseline,c392f5ad00250d0b7321055127cd22e3025636f6a8c03df5bce11e79f103e4c4,false,,false,,,true,false,false,false,false,0
historical121,d00104,M4,,baseline,M22:mmlu/professional_medicine-205,M22,robustness_single,true,true,1,scored,cached_baseline,cee9c5cbd263b61941eb72ce040eedec81fe295a1308994c63f28d3ec988a808,false,,false,,,true,false,false,false,false,0
historical121,d00105,M4,,baseline,M11:141,M11,single,true,true,8,scored,cached_baseline,f578be14109a88cc3c4b577eb11a9f9c5d2ceccef68b1b88b48d90f1746a8681,false,,false,,,true,false,false,false,false,0
historical121,d00106,M4,,baseline,M22:bioasq/63f9cbb433942b094c00000c,M22,robustness_single,true,true,1,scored,cached_baseline,115e8c53d59f9a365cd98a3ba0cd15c2dc92607d337171ce3b730ea75923f0c4,false,,false,,,true,false,false,false,false,0
historical121,d00107,M4,,baseline,M11:126,M11,single,false,true,1,scored,cached_baseline,f193916f7d83e7422f5c09ff698d60be26f0308d0920e880676d20e8e98d8d23,false,,false,,,false,false,false,false,false,0
historical121,d00108,M4,,baseline,M22:mmlu/professional_medicine-205,M22,robustness_single,true,true,1,scored,cached_baseline,be7d302115773da8d39c5129e50f892aab0980c3b569d2e22e70c0211cf0d2cc,false,,false,,,true,false,false,false,false,0
historical121,d00109,M4,,baseline,M12:54,M12,single,true,true,1,scored,cached_baseline,8dc2baa4606ab8d11132f570487c55d8bc51f76dafca1668629a446ba60dbe94,false,,false,,,true,false,false,false,false,0
historical121,d00110,M4,,baseline,M12:648,M12,single,false,true,1,scored,cached_baseline,9bea5651c24ad347a373e93007900eb037ff0b3561c376d0cf7b1f7ddc253644,false,,false,,,false,false,false,false,false,0
historical121,d00111,M4,,baseline,M11:78,M11,single,true,true,1,scored,cached_baseline,11922ab51c6422fd7f896b744d575d15ddef79ec3821fd09772c478adad500d2,false,,false,,,true,false,false,false,false,0
historical121,d00112,M4,,baseline,M20:22,M20,relation,true,true,4,scored,cached_baseline,460aefa6b873404f33b57cb0484f92d44c30bcfcf2eff814d9f94d5f868ee979,false,,false,,,true,false,false,false,false,0
historical121,d00113,M4,,baseline,M22:bioasq/63f9cbb433942b094c00000c,M22,robustness_single,true,true,1,scored,cached_baseline,c9a20a0574a9ffbceb102a8c800619e0e31f42c90da8700758ee7f3b0afb4337,false,,false,,,true,false,false,false,false,0
historical121,d00114,M4,,baseline,M11:126,M11,single,false,true,1,scored,cached_baseline,1738a49f89514ca17bd6640343f37c44b81148b35b83921c3930bd90af7c9663,false,,false,,,false,false,false,false,false,0
historical121,d00115,M4,,baseline,M10:medqa_00275,M10,single,true,true,1,scored,cached_baseline,153dfc23fa483694b332b083ebb99ffaf0d1fbcf6205a29490ab36407f3f18fb,false,,false,,,true,false,false,false,false,0
historical121,d00116,M4,,baseline,M11:126,M11,single,false,true,1,scored,cached_baseline,b291760b52f916852056d45601fa5ffd99e2663d3fb9b0e5155e738b0537c31b,false,,false,,,false,false,false,false,false,0
historical121,d00117,M4,,baseline,M20:22,M20,relation,true,true,1,scored,cached_baseline,0c4482f502a6f17c67f963bd34c814c94c839af30aa7063d8d1cd223cb78b49c,false,,false,,,true,false,false,false,false,0
historical121,d00118,M4,,baseline,M17:usmle_derm_991,M17,single,true,true,1,scored,cached_baseline,34fee0d3a930532cc3e727e474dbdce366e8afe6a12513c4a0057478512963d4,false,,false,,,true,false,false,false,false,0
historical121,d00119,M4,,baseline,M17:usmle_derm_327,M17,single,true,true,1,scored,cached_baseline,724b5419c94d450b1dfe255692faa945b98b85833741874f783c82019b665bc6,false,,false,,,true,false,false,false,false,0
historical121,d00120,M4,,baseline,M12:758,M12,single,true,true,1,scored,cached_baseline,d85fa96c751fd8d78aa48e4ce7fed88d9b6df63a2c4e48826d7f648bee82ba8b,false,,false,,,true,false,false,false,false,0
historical121,d00000,M4,42,a5_reanswer,M02:M02:DDI-CF-CN-001-A,M02,multi,true,true,1,scored,complete,2eaff33201aeac3e1444bc7ec0bf2844592b3b6bda88b85306d16e832af3638a,false,,false,false,false,true,false,false,false,false,0
historical121,d00001,M4,42,a5_reanswer,M11:141,M11,single,true,true,1,scored,complete,92cf6a3f4b6c000fa6f9e582f1b35fddd2f06e1b3e6c39fb9de19ce8ebdf17a2,false,,false,false,true,true,false,false,false,false,0
historical121,d00002,M4,42,a5_reanswer,M12:54,M12,single,true,true,3,scored,complete,3a04327bb9820cc471f0aa50ac513b5c2e94280e4ccc56e1adafe3b7c55f6157,false,,false,false,true,true,false,false,false,false,0
historical121,d00003,M4,42,a5_reanswer,M22:mmlu/professional_medicine-205,M22,robustness_single,true,true,1,scored,complete,5f2851bb8349817217b8c0332554de85b4d1d1e80a6f4dd9f15656f4302a203e,false,,false,false,true,true,false,false,false,false,0
historical121,d00004,M4,42,a5_reanswer,M10:medqa_00219,M10,single,false,true,1,scored,complete,e2f9c349e46291ab42f7c3410e42adac43c741f96cfeea1a50af0583a6d8db91,false,,false,false,true,false,false,false,false,false,0
historical121,d00005,M4,42,a5_reanswer,M20:22,M20,relation,true,true,1,scored,complete,5f7df05b3600b3ebc708e9692e1631f25dd4390341a27cbf9523a77c8deb7d17,false,,false,false,true,true,false,false,false,false,0
historical121,d00006,M4,42,a5_reanswer,M17:usmle_derm_991,M17,single,true,true,1,scored,complete,a4315e69c38b75597b39e81e182b01bf1dce7183242e68113b760ef231c0d5c9,false,,false,false,true,true,false,false,false,false,0
historical121,d00007,M4,42,a5_reanswer,M14:exact_source_text:749,M14,single,false,true,1,scored,complete,bd3b5350dec360502a674633e753069f8c60636611c041862d26ad1a6dbe9738,false,,false,true,true,false,false,false,false,false,0
historical121,d00008,M4,42,a5_reanswer,M01:case_47649,M01,diagnosis,false,true,1,scored,complete,c91cb06a35d8ca1df8aac759caa4b8774c5f7a1be519b44acbb7d250cf21b9ba,false,,false,false,false,false,false,false,false,false,0
historical121,d00009,M4,42,a5_reanswer,M10:medqa_01246,M10,single,true,true,1,scored,complete,e6d6f26e1308de27575ab65753434d888ebcd959dae0b87e6c318ef110e20a31,false,,false,false,true,true,false,false,false,false,0
historical121,d00010,M4,42,a5_reanswer,M12:758,M12,single,false,true,1,scored,complete,199d2a6ccff71d282e42058f2442e36d60a0ded275bf3153601ca37dc85753bb,false,,false,false,true,false,false,false,false,false,0
historical121,d00011,M4,42,a5_reanswer,M01:case_47649,M01,diagnosis,false,true,1,scored,complete,95776118882e748c0d1b019f3d1991bd6029b30fc805e8621227dd31f502fea1,false,,false,false,false,false,false,false,false,false,0
historical121,d00012,M4,42,a5_reanswer,M11:141,M11,single,true,true,1,scored,complete,6dffa9f1335d5fa5037f920ce62ffbddea1b739d06fb99cfa30458c850827df2,false,,false,false,true,true,false,false,false,false,0
historical121,d00013,M4,42,a5_reanswer,M10:medqa_01246,M10,single,true,true,1,scored,complete,36fac775deeb8deaa29c635213abc356415435ce15f444fbb8564dfca9bbaec1,false,,false,false,true,true,false,false,false,false,0
historical121,d00014,M4,42,a5_reanswer,M20:22,M20,relation,true,true,1,scored,complete,e85cbcca16eb54f559e229619bed7281304c27a58de4e1caf00a411665f06ca8,false,,false,true,true,true,false,false,false,false,0
historical121,d00015,M4,42,a5_reanswer,M14:exact_source_text:936,M14,single,false,true,1,scored,complete,93d12f7ea77adf72618dc892b190887e76592fb1f29e52a284cca81c4313ae41,false,,false,true,true,false,false,false,false,false,0
historical121,d00016,M4,42,a5_reanswer,M12:648,M12,single,true,true,2,scored,complete,d4fc62cacd8c7a742472bb21f8cec2acb9e946f0e26d791afb3ca723325ff9f4,false,,false,true,true,true,false,false,false,false,0
historical121,d00017,M4,42,a5_reanswer,M12:725,M12,single,true,true,1,scored,complete,0526259ccc5a8d00e3836a4e108216f1268e31f7d903d263e182759a30578903,false,,false,false,true,true,false,false,false,false,0
historical121,d00018,M4,42,a5_reanswer,M02:M02:CS-CF-AP-002-B,M02,multi,true,true,1,scored,complete,557485defff7b1776e7cf7a4ad6ef92a7e47cdb8b091a4091606c739eed5e96d,false,,false,false,false,true,false,false,false,false,0
historical121,d00019,M4,42,a5_reanswer,M12:660,M12,single,true,true,1,scored,complete,8fbafe177348c2db9bcee7464e1b12052791d62e485f20fe2de3ed92a54bfb86,false,,false,false,true,true,false,false,false,false,0
historical121,d00020,M4,42,a5_reanswer,M17:usmle_derm_327,M17,single,true,true,1,scored,complete,a63fd7c97514c0c4d4e836570e71886d5a5b3baaf235e1308214e44f6ad5f940,false,,false,false,true,true,false,false,false,false,0
historical121,d00021,M4,42,a5_reanswer,M01:case_93766,M01,diagnosis,true,true,1,scored,complete,7cd47eaad9ebc950af7a7c76d7e5d9a6db77e2ae731ea67c030a9e17464e342c,false,,false,false,false,true,false,false,false,false,0
historical121,d00022,M4,42,a5_reanswer,M17:usmle_derm_327,M17,single,true,true,2,scored,complete,5271c51d4c31c495f73663a69fec7e9ec6faa51dc0a5218595a50cd58a01d0a8,false,,false,false,true,true,false,false,false,false,0
historical121,d00023,M4,42,a5_reanswer,M23:BioNLI:exact_context:1899,M23,single,true,true,1,scored,complete,ef3f8e1be30a053f6e38d656879b3d48d7e1cd7b1275deb66e90e6eee9e1ef8e,false,,false,false,true,true,false,false,false,false,0
historical121,d00024,M4,42,a5_reanswer,M12:54,M12,single,true,true,1,scored,complete,533c699a37bcca15f31d539e7f136eb1fc51bbab40d37537ae6f6213b4b25331,false,,false,false,true,true,false,false,false,false,0
historical121,d00025,M4,42,a5_reanswer,M12:648,M12,single,true,true,1,scored,complete,1e2b2588522dc21a9b1bfaf0a1ca3940ea10742e5a38b26159f7eb78b08e11d4,false,,false,false,true,true,false,false,false,false,0
historical121,d00026,M4,42,a5_reanswer,M20:6,M20,relation,true,true,1,scored,complete,b91c54c4fc726a6d5cfaf7b04b26407a22ac06cd2392bf40c243cb04a09a41f9,false,,false,false,true,true,false,false,false,false,0
historical121,d00027,M4,42,a5_reanswer,M17:usmle_derm_327,M17,single,true,true,2,scored,complete,6421796944c729a56b46f036576e425d47425417bf0ee6b8230e7bf79e46ae4f,false,,false,false,true,true,false,false,false,false,0
historical121,d00028,M4,42,a5_reanswer,M12:725,M12,single,false,true,1,scored,complete,54857ad935667044f85c2fddc85d6098013b74f087bfd903809db5ad8257ffad,false,,false,true,true,true,false,true,false,false,0
historical121,d00029,M4,42,a5_reanswer,M14:exact_source_text:20,M14,single,true,true,1,scored,complete,024367dd118a788808ca889e87dcb4f2065417624278660312676020b462825f,false,,false,false,true,true,false,false,false,false,0
historical121,d00030,M4,42,a5_reanswer,M11:126,M11,single,false,true,1,scored,complete,d372b141ba0dd85e2fd72bfe34558e6b61035f879da0b35ba161d28730d60fd5,false,,false,true,true,false,false,false,false,false,0
historical121,d00031,M4,42,a5_reanswer,M11:78,M11,single,true,true,1,scored,complete,c74d26d9d53bab6283b020e7b62bf3fc86c58d1ec4295a7e16151228bc12d104,false,,false,false,true,true,false,false,false,false,0
historical121,d00032,M4,42,a5_reanswer,M14:exact_source_text:555,M14,single,true,true,1,scored,complete,66a66d4c1ca6f0500a8e46e1edc572ac7665f9a836c94e04de9c834de4b167e6,false,,false,true,true,false,true,false,false,false,0
historical121,d00033,M4,42,a5_reanswer,M17:usmle_derm_327,M17,single,true,true,1,scored,complete,7f03725b9ed567fff43bbb7a0f13ea1bd85f9499eb598104b2925e26633cff7d,false,,false,true,true,true,false,false,false,false,0
historical121,d00034,M4,42,a5_reanswer,M11:78,M11,single,true,true,1,scored,complete,11c72144faf69ba32e85f2b2144388aff2f6b3131e8f19c12f3d8b7134c2ac2f,false,,false,false,true,true,false,false,false,false,0
historical121,d00035,M4,42,a5_reanswer,M01:case_24951,M01,diagnosis,false,true,1,scored,complete,d34486714bad3f15023fe303c572a3b943e44b9a49ba2c2a168d344ae3893fbc,false,,false,false,false,false,false,false,false,false,0
historical121,d00036,M4,42,a5_reanswer,M12:12,M12,single,false,true,1,scored,complete,c37b0c7ffe5effe35c2341aa26237e5c845c2e199b4a26f5190f06f1382c67a8,false,,false,false,true,false,false,false,false,false,0
historical121,d00037,M4,42,a5_reanswer,M11:103,M11,single,true,true,2,scored,complete,fec38c7d29f65ff49b4c5dda9ec70ed2596f682aa789d49a47da3967e8fc2e78,false,,false,false,true,true,false,false,false,false,0
historical121,d00038,M4,42,a5_reanswer,M22:mmlu/professional_medicine-205,M22,robustness_single,true,true,1,scored,complete,1114c59b202a6859e8bc0ad0a46bfb33cb8152cb467531b5ee83d9d5fefb9ed3,false,,false,false,true,true,false,false,false,false,0
historical121,d00039,M4,42,a5_reanswer,M12:725,M12,single,false,true,4,scored,complete,4fc749bdba778fb6381fe1ed2618886cfdcb8884f2864ecccdf26485540db5f8,false,,false,false,true,false,false,false,false,false,0
historical121,d00040,M4,42,a5_reanswer,M06:supplement_N20,M06,single,false,true,1,scored,complete,2f9736a92f555808b35150c178293c80ac8e315fa1c177bbfd0b9a08af8aa570,false,,false,false,true,false,false,false,false,false,0
historical121,d00041,M4,42,a5_reanswer,M23:BioNLI:exact_context:2298,M23,single,true,true,1,scored,complete,ad07ed612b193e2f6727bde4ea68b7ea399590e0c740c6dfb11e7c9cc2b324c6,false,,false,true,true,true,false,false,false,false,0
historical121,d00042,M4,42,a5_reanswer,M06:supplement_N48,M06,single,true,true,1,scored,complete,cebc4609852dd2511c2be46ece3a13e5af6d9227fd1764c66bc3c2c1cd3de5db,false,,false,false,true,true,false,false,false,false,0
historical121,d00043,M4,42,a5_reanswer,M17:usmle_derm_991,M17,single,true,true,1,scored,complete,debf65729a7e96b36fc16584e458a3abb6fe0f8e7c66d264d897d3e2a83f1509,false,,false,false,true,true,false,false,false,false,0
historical121,d00044,M4,42,a5_reanswer,M11:141,M11,single,true,true,1,scored,complete,53564eab94d216c30c0890444891ff4a04820fc5f37e00a11b198c44a197ea60,false,,false,false,true,true,false,false,false,false,0
historical121,d00045,M4,42,a5_reanswer,M11:78,M11,single,true,true,5,scored,complete,21b54b0320465144f6e19a3da365aa621a3ea6b97189aa77976e2976adc2ccd7,false,,false,false,true,true,false,false,false,false,0
historical121,d00046,M4,42,a5_reanswer,M22:bioasq/63f9cbb433942b094c00000c,M22,robustness_single,true,true,1,scored,complete,65dc05b71d0dedcce0416cd5b869e494112dcdf3579e6217b06c72692571c61f,false,,false,false,true,true,false,false,false,false,0
historical121,d00047,M4,42,a5_reanswer,M02:M02:SS-CF-PD-002-POS,M02,multi,true,true,1,scored,complete,0cc2bd8f44460b953324977fdb2bd2039b56ec6782dcbe90183ddfa736eb953a,false,,false,false,false,true,false,false,false,false,0
historical121,d00048,M4,42,a5_reanswer,M11:103,M11,single,true,true,1,scored,complete,d1b39b283b52e84a4051355209940303ccdfb0307c05ec3f208989924bb5d6e2,false,,false,false,true,true,false,false,false,false,0
historical121,d00049,M4,42,a5_reanswer,M12:725,M12,single,false,true,1,scored,complete,fff765543b22fa5e4eeff7c1a36769835f6ba2099d9b898af630d1aabad21d2d,false,,false,false,true,false,false,false,false,false,0
historical121,d00050,M4,42,a5_reanswer,M02:M02:RK-CF-TMP-001-B,M02,multi,false,true,1,scored,complete,ae28d13db957f9b291398d8005ca2a88f74f1576c0ed8da42428a8aba8f67380,false,,false,false,false,false,false,false,false,false,0
historical121,d00051,M4,42,a5_reanswer,M01:case_79632,M01,diagnosis,false,true,1,scored,complete,185d9b4897419209d4cd527fa50e534b7f0c5031d2902f1532fe5d66cf0ed4d8,false,,false,false,false,false,false,false,false,false,0
historical121,d00052,M4,42,a5_reanswer,M02:M02:RK-CF-ENO-001-A,M02,multi,true,true,1,scored,complete,faa73fd3e222f1898004eb07f89208a9f333a77f368acfe94993a036c0dee3a5,false,,false,false,false,true,false,false,false,false,0
historical121,d00053,M4,42,a5_reanswer,M17:usmle_derm_327,M17,single,true,true,1,scored,complete,21ae0979e53c6cb7cf263055a152744c0aeff41c4d89080129cf90c8812962f5,false,,false,false,true,true,false,false,false,false,0
historical121,d00054,M4,42,a5_reanswer,M14:exact_source_text:936,M14,single,false,true,1,scored,complete,2e0aca4438d7f3583fa1606a74ee8ecf97a76cd4c2b8656894414002d6c3eecb,false,,false,true,true,false,false,false,false,false,0
historical121,d00055,M4,42,a5_reanswer,M12:660,M12,single,true,true,3,scored,complete,f29a4f530d66092543ff471f883b38304a69acce581c545aad1c7080b938383d,false,,false,false,true,true,false,false,false,false,0
historical121,d00056,M4,42,a5_reanswer,M17:usmle_derm_327,M17,single,true,true,1,scored,complete,e94fb4f233a4e415056e0cf08b1a5498c576978be409ef32fb4b0a04b2ac1b01,false,,false,false,true,true,false,false,false,false,0
historical121,d00057,M4,42,a5_reanswer,M12:660,M12,single,true,true,1,scored,complete,9435dbe8d974920998e5f1f94ea746cf70ee4a0050796f5293f0d93291ecba46,false,,false,false,true,true,false,false,false,false,0
historical121,d00058,M4,42,a5_reanswer,M12:758,M12,single,false,true,3,scored,complete,1552c27fc6538bc9d3e0d8b5612797a7c9f150b147981abf913aa50869687036,false,,false,false,true,false,false,false,false,false,0
historical121,d00059,M4,42,a5_reanswer,M12:758,M12,single,false,true,1,scored,complete,5b958dfb7fb6f363b39aaa23682850ee6bb59c1e299f590e2f990bbb20ee8b5b,false,,false,false,true,false,false,false,false,false,0
historical121,d00060,M4,42,a5_reanswer,M12:725,M12,single,false,true,1,scored,complete,d095b1efd0d52efb4711bc067c3eb73ab56de5b5fc4fc6f451f96a46fb5587f6,false,,false,true,true,false,false,false,false,false,0
historical121,d00061,M4,42,a5_reanswer,M11:78,M11,single,true,true,1,scored,complete,99648d6b339a269e0d44ded55b0de6cfbeff24515d7bfb113413baa993ae62f1,false,,false,false,true,true,false,false,false,false,0
historical121,d00062,M4,42,a5_reanswer,M22:bioasq/63f9cbb433942b094c00000c,M22,robustness_single,true,true,1,scored,complete,c426fc276696fcc02c1a047a8ab1b776752d1d421cc46ecadecff7fcab462f5e,false,,false,false,true,true,false,false,false,false,0
historical121,d00063,M4,42,a5_reanswer,M20:22,M20,relation,true,true,1,scored,complete,f39f378d090e7746d5b8599de4c5a73d227e086b0d10379924095a17895b881c,false,,false,true,true,false,true,false,false,false,0
historical121,d00064,M4,42,a5_reanswer,M17:usmle_derm_991,M17,single,true,true,1,scored,complete,f289dac4a07a10eebf0f8f6edeff6aebd57f62d5dbb840a384ff045e566a15fd,false,,false,false,true,true,false,false,false,false,0
historical121,d00065,M4,42,a5_reanswer,M14:exact_source_text:749,M14,single,false,true,1,scored,complete,255ac7e866bb04068ee09c65a6c857e500268239ec1b358165e0ce884af64331,false,,false,true,true,false,false,false,false,false,0
historical121,d00066,M4,42,a5_reanswer,M11:141,M11,single,true,true,1,scored,complete,d4c200c56a587bbf69b951005567742492e7d59fc0a28a9ed67e9eefc9141093,false,,false,false,true,true,false,false,false,false,0
historical121,d00067,M4,42,a5_reanswer,M17:usmle_derm_327,M17,single,true,true,2,scored,complete,1fd0cc53d6047593772891570b80063b9c613ed28627fa20ce9771a65e737aed,false,,false,false,true,true,false,false,false,false,0
historical121,d00068,M4,42,a5_reanswer,M01:case_24951,M01,diagnosis,true,true,1,scored,complete,99c75a2e9bdb1a75ec8149f1003a91a06d79c849bc7402acde7b53c628eb07a6,false,,false,false,false,true,false,false,false,false,0
historical121,d00069,M4,42,a5_reanswer,M23:BioNLI:exact_context:2298,M23,single,true,true,1,scored,complete,14de3c5d196c6129fac81a0c8c9a8343208358a7a232f6f56f69875fa5fab74b,false,,false,true,true,true,false,false,false,false,0
historical121,d00070,M4,42,a5_reanswer,M01:case_79632,M01,diagnosis,false,true,1,scored,complete,8069fbda6a08cb3978bec5892acc963ca0f65a106ec7145f60fa7f3eacdfe617,false,,false,false,false,false,false,false,false,false,0
historical121,d00071,M4,42,a5_reanswer,M10:medqa_00219,M10,single,false,true,1,scored,complete,ddc489af4249c4a392d6bc903a3e466a0086cc2dd8e1b1be6c58fc66b83f3017,false,,false,false,true,false,false,false,false,false,0
historical121,d00072,M4,42,a5_reanswer,M12:660,M12,single,false,true,1,scored,complete,248bef663a2d3161ee2698eab75bfc5bf96a8e735dc8b5c5606a6181b6a30b4a,false,,false,false,true,false,false,false,false,false,0
historical121,d00073,M4,42,a5_reanswer,M22:mmlu/professional_medicine-205,M22,robustness_single,true,true,1,scored,complete,0048cbc0a4a9319714cac6645aaee5f194894c6309b2429590ad119b04851553,false,,false,false,true,true,false,false,false,false,0
historical121,d00074,M4,42,a5_reanswer,M11:78,M11,single,true,true,1,scored,complete,4e76efadf861ca8d243835e479b2dea4f58c260221af39e36ee64801b0d6afbb,false,,false,false,true,true,false,false,false,false,0
historical121,d00075,M4,42,a5_reanswer,M11:126,M11,single,false,true,6,scored,complete,2c1f609bf34ff203bbe512dee6a49e0310bcd5e7cb7e5e4c9039c71c3097d231,false,,false,false,true,false,false,false,false,false,0
historical121,d00076,M4,42,a5_reanswer,M11:126,M11,single,false,true,1,scored,complete,980d8c5a2b5008ee0007b6ec56c670107900ba56a61fb742802a626abdb0d125,false,,false,true,true,false,false,false,false,false,0
historical121,d00077,M4,42,a5_reanswer,M01:case_93766,M01,diagnosis,true,true,1,scored,complete,6826c5a781086cbb00ab3ef675390f77dc390d5fb86e4cd43343b6d1e10e36f5,false,,false,false,false,true,false,false,false,false,0
historical121,d00078,M4,42,a5_reanswer,M22:bioasq/63f9cbb433942b094c00000c,M22,robustness_single,true,true,1,scored,complete,4cdfafe9263ca1a6a3b6c927a1622207b9dc932327e6629c45afb35025d27906,false,,false,false,true,true,false,false,false,false,0
historical121,d00079,M4,42,a5_reanswer,M11:141,M11,single,true,true,1,scored,complete,3cb474c9df153d7c6c8ba669cfef3f8e3a6d4d9bf628a20ab5275ba392eb2d41,false,,false,false,true,true,false,false,false,false,0
historical121,d00080,M4,42,a5_reanswer,M22:mmlu/professional_medicine-205,M22,robustness_single,true,true,1,scored,complete,13736afb3de07d858569a8951f28ba2dcd1ac5ca27e086f93f7f398a25eb04d8,false,,false,false,true,true,false,false,false,false,0
historical121,d00081,M4,42,a5_reanswer,M20:6,M20,relation,true,true,1,scored,complete,7d0e92ce0866d98053d32caa350d158252d35aaff87bbe83e668878de06a8b08,false,,false,false,true,true,false,false,false,false,0
historical121,d00082,M4,42,a5_reanswer,M11:126,M11,single,false,true,1,scored,complete,39df071d7a03de7e6bc3460f40935bb2ab120abc3583c82cc6dd9876907fa20e,false,,false,true,true,false,false,false,false,false,0
historical121,d00083,M4,42,a5_reanswer,M17:usmle_derm_991,M17,single,true,true,1,scored,complete,1655270449820026f4022ef20717e9f7ad4572e3c16c73c2f221e80b5476885b,false,,false,false,true,true,false,false,false,false,0
historical121,d00084,M4,42,a5_reanswer,M20:6,M20,relation,false,true,4,scored,complete,0357642161bc1560aa6b9fcda1c662c08d7cba5ae194d48bbc3b5053f4586b38,false,,false,false,true,false,false,false,false,false,0
historical121,d00085,M4,42,a5_reanswer,M11:103,M11,single,true,true,1,scored,complete,510cadc5629720716d3c5372b2ddb68c34167d4145e38f6a916b5b7c5d76eb32,false,,false,false,true,true,false,false,false,false,0
historical121,d00086,M4,42,a5_reanswer,M12:54,M12,single,true,true,1,scored,complete,ad75b36ea5a8f3940772df6073f4e56c61c1dc96a6c98ecd73f54cc63ff75706,false,,false,false,true,true,false,false,false,false,0
historical121,d00087,M4,42,a5_reanswer,M11:141,M11,single,true,true,1,scored,complete,b40fec59c211d7ebbf12d861bcf7ff7a46253a855703cb9d88bef75cda9a8388,false,,false,true,true,true,false,false,false,false,0
historical121,d00088,M4,42,a5_reanswer,M20:6,M20,relation,true,true,1,scored,complete,99a30851b729aa1e4b497092fe2a1e05dac0dc31ca13d537390615a2185586e7,false,,false,true,true,true,false,false,false,false,0
historical121,d00089,M4,42,a5_reanswer,M12:12,M12,single,false,true,1,scored,complete,9b8dab3618ac9429426b040bcdf22749de292934dfdf748053d71bbe8ce26249,false,,false,true,true,false,false,false,false,false,0
historical121,d00090,M4,42,a5_reanswer,M10:medqa_00275,M10,single,true,true,1,scored,complete,18a22004620b3e5532207961724bd996780adcd473168ae8a69eb5ee097cb163,false,,false,false,true,true,false,false,false,false,0
historical121,d00091,M4,42,a5_reanswer,M23:BioNLI:exact_context:1899,M23,single,true,true,1,scored,complete,d79f95737ff46718db5abf73eed51c96375bb74fe6471c83073261650b133422,false,,false,true,true,true,false,false,false,false,0
historical121,d00092,M4,42,a5_reanswer,M11:141,M11,single,true,true,1,scored,complete,a3b4a322efac607d178663d74b6079f47e6be9893572aa65d7ded6072930109f,false,,false,false,true,true,false,false,false,false,0
historical121,d00093,M4,42,a5_reanswer,M14:exact_source_text:20,M14,single,true,true,1,scored,complete,b40d012f1e152cf2a62d6a4dd418cd07cd92e3b7deef6be321ecc6270e35be6a,false,,false,false,true,true,false,false,false,false,0
historical121,d00094,M4,42,a5_reanswer,M20:6,M20,relation,true,true,1,scored,complete,6fe2553ece798bc7b8ee7499efe89961e29c36d5f5feb592456055e206bf0d7c,false,,false,true,true,true,false,false,false,false,0
historical121,d00095,M4,42,a5_reanswer,M02:M02:CS-CF-AD-001-B,M02,multi,true,true,1,scored,complete,fe49c05800362a32bc3dde5fe83da1253a48dc59baa864ab8687a6f40d89fa11,false,,false,false,false,true,false,false,false,false,0
historical121,d00096,M4,42,a5_reanswer,M02:M02:CS-CF-A1-002-B,M02,multi,true,true,1,scored,complete,d8c4e2652313ee1cf1f4f78192945b447473a32ac19f53ad11b12a2e25fa5e94,false,,false,false,false,true,false,false,false,false,0
historical121,d00097,M4,42,a5_reanswer,M17:usmle_derm_327,M17,single,true,true,1,scored,complete,d6bc81c101b612032575e2a13ca8870be1de2b6521400113be54f2ccda8834ee,false,,false,false,true,true,false,false,false,false,0
historical121,d00098,M4,42,a5_reanswer,M02:M02:CS-CF-HF-001-A,M02,multi,true,true,1,scored,complete,7a36860e04a4b2201332e82dfcf1d8489d1c2215bd6d4384ac7c33673af6b7ce,false,,false,false,false,true,false,false,false,false,0
historical121,d00099,M4,42,a5_reanswer,M17:usmle_derm_991,M17,single,true,true,1,scored,complete,0a22a54340bad60b04fdd62a6c377f6d8df8eddcf07937f92886538acc137abb,false,,false,false,true,true,false,false,false,false,0
historical121,d00100,M4,42,a5_reanswer,M22:bioasq/63f9cbb433942b094c00000c,M22,robustness_single,true,true,1,scored,complete,827185088deaff35e314cf8647ca2d20b87adf75d28351f72c6d5c17f697f79b,false,,false,false,true,true,false,false,false,false,0
historical121,d00101,M4,42,a5_reanswer,M14:exact_source_text:555,M14,single,true,true,1,scored,complete,552d976807d9293350940ef99097f5e68e5c59a6e519f7ee6192b7a2abdeddb4,false,,false,true,true,false,true,false,false,false,0
historical121,d00102,M4,42,a5_reanswer,M11:141,M11,single,true,true,1,scored,complete,6e6da2d9e8903689a6d678ee766bcdaa12cb0291dedf80e1d86a8a343072db6a,false,,false,false,true,true,false,false,false,false,0
historical121,d00103,M4,42,a5_reanswer,M02:M02:CS-CF-NS-001-B,M02,multi,true,true,1,scored,complete,c392f5ad00250d0b7321055127cd22e3025636f6a8c03df5bce11e79f103e4c4,false,,false,false,false,true,false,false,false,false,0
historical121,d00104,M4,42,a5_reanswer,M22:mmlu/professional_medicine-205,M22,robustness_single,true,true,1,scored,complete,cee9c5cbd263b61941eb72ce040eedec81fe295a1308994c63f28d3ec988a808,false,,false,false,true,true,false,false,false,false,0
historical121,d00105,M4,42,a5_reanswer,M11:141,M11,single,true,true,8,scored,complete,f578be14109a88cc3c4b577eb11a9f9c5d2ceccef68b1b88b48d90f1746a8681,false,,false,false,true,true,false,false,false,false,0
historical121,d00106,M4,42,a5_reanswer,M22:bioasq/63f9cbb433942b094c00000c,M22,robustness_single,true,true,1,scored,complete,115e8c53d59f9a365cd98a3ba0cd15c2dc92607d337171ce3b730ea75923f0c4,false,,false,false,true,true,false,false,false,false,0
historical121,d00107,M4,42,a5_reanswer,M11:126,M11,single,false,true,1,scored,complete,0cb514e4a5e61d175eb4c0a0aad1d94983287aced4a2652d4b49354e1709a239,false,,false,true,true,false,false,false,false,false,0
historical121,d00108,M4,42,a5_reanswer,M22:mmlu/professional_medicine-205,M22,robustness_single,true,true,1,scored,complete,be7d302115773da8d39c5129e50f892aab0980c3b569d2e22e70c0211cf0d2cc,false,,false,false,true,true,false,false,false,false,0
historical121,d00109,M4,42,a5_reanswer,M12:54,M12,single,true,true,1,scored,complete,77c59ee66fafd44f25ecb6153115414f3c13ca4231f180c9da92b8f18f2b3416,false,,false,true,true,true,false,false,false,false,0
historical121,d00110,M4,42,a5_reanswer,M12:648,M12,single,true,true,1,scored,complete,6e41ce6100a9c03972655ed7b5d2f283a790d3beafd629e27f5500cbda8f8a32,false,,false,true,true,false,true,false,false,false,0
historical121,d00111,M4,42,a5_reanswer,M11:78,M11,single,true,true,1,scored,complete,11922ab51c6422fd7f896b744d575d15ddef79ec3821fd09772c478adad500d2,false,,false,false,true,true,false,false,false,false,0
historical121,d00112,M4,42,a5_reanswer,M20:22,M20,relation,true,true,4,scored,complete,460aefa6b873404f33b57cb0484f92d44c30bcfcf2eff814d9f94d5f868ee979,false,,false,false,true,true,false,false,false,false,0
historical121,d00113,M4,42,a5_reanswer,M22:bioasq/63f9cbb433942b094c00000c,M22,robustness_single,true,true,1,scored,complete,c9a20a0574a9ffbceb102a8c800619e0e31f42c90da8700758ee7f3b0afb4337,false,,false,false,true,true,false,false,false,false,0
historical121,d00114,M4,42,a5_reanswer,M11:126,M11,single,false,true,1,scored,complete,a7d5f1e38af2cda19946a450dbd2e79f799ead8d642c515e796e0aa11f237984,false,,false,true,true,false,false,false,false,false,0
historical121,d00115,M4,42,a5_reanswer,M10:medqa_00275,M10,single,true,true,1,scored,complete,153dfc23fa483694b332b083ebb99ffaf0d1fbcf6205a29490ab36407f3f18fb,false,,false,false,true,true,false,false,false,false,0
historical121,d00116,M4,42,a5_reanswer,M11:126,M11,single,false,true,1,scored,complete,4df70d5686d53de53108e55047a07fdd8831c9cbce8d5fbbc8f7f77f9c972013,false,,false,true,true,false,false,false,false,false,0
historical121,d00117,M4,42,a5_reanswer,M20:22,M20,relation,true,true,1,scored,complete,0c4482f502a6f17c67f963bd34c814c94c839af30aa7063d8d1cd223cb78b49c,false,,false,false,true,true,false,false,false,false,0
historical121,d00118,M4,42,a5_reanswer,M17:usmle_derm_991,M17,single,true,true,1,scored,complete,34fee0d3a930532cc3e727e474dbdce366e8afe6a12513c4a0057478512963d4,false,,false,false,true,true,false,false,false,false,0
historical121,d00119,M4,42,a5_reanswer,M17:usmle_derm_327,M17,single,true,true,1,scored,complete,724b5419c94d450b1dfe255692faa945b98b85833741874f783c82019b665bc6,false,,false,false,true,true,false,false,false,false,0
historical121,d00120,M4,42,a5_reanswer,M12:758,M12,single,false,true,1,scored,complete,824a87a1730ba26613d326248b6bff29cfa66ead9f5e9cfbce7eca83eade3293,false,,false,true,true,true,false,true,false,false,0
historical121,d00035,M4,43,a5_reanswer,M01:case_24951,M01,diagnosis,false,true,1,scored,complete,d34486714bad3f15023fe303c572a3b943e44b9a49ba2c2a168d344ae3893fbc,false,,false,false,false,false,false,false,false,false,0
historical121,d00068,M4,43,a5_reanswer,M01:case_24951,M01,diagnosis,true,true,1,scored,complete,99c75a2e9bdb1a75ec8149f1003a91a06d79c849bc7402acde7b53c628eb07a6,false,,false,false,false,true,false,false,false,false,0
historical121,d00008,M4,43,a5_reanswer,M01:case_47649,M01,diagnosis,false,true,1,scored,complete,c91cb06a35d8ca1df8aac759caa4b8774c5f7a1be519b44acbb7d250cf21b9ba,false,,false,false,false,false,false,false,false,false,0
historical121,d00011,M4,43,a5_reanswer,M01:case_47649,M01,diagnosis,false,true,1,scored,complete,95776118882e748c0d1b019f3d1991bd6029b30fc805e8621227dd31f502fea1,false,,false,false,false,false,false,false,false,false,0
historical121,d00051,M4,43,a5_reanswer,M01:case_79632,M01,diagnosis,false,true,1,scored,complete,185d9b4897419209d4cd527fa50e534b7f0c5031d2902f1532fe5d66cf0ed4d8,false,,false,false,false,false,false,false,false,false,0
historical121,d00070,M4,43,a5_reanswer,M01:case_79632,M01,diagnosis,false,true,1,scored,complete,8069fbda6a08cb3978bec5892acc963ca0f65a106ec7145f60fa7f3eacdfe617,false,,false,false,false,false,false,false,false,false,0
historical121,d00077,M4,43,a5_reanswer,M01:case_93766,M01,diagnosis,true,true,1,scored,complete,6826c5a781086cbb00ab3ef675390f77dc390d5fb86e4cd43343b6d1e10e36f5,false,,false,false,false,true,false,false,false,false,0
historical121,d00021,M4,43,a5_reanswer,M01:case_93766,M01,diagnosis,true,true,1,scored,complete,7cd47eaad9ebc950af7a7c76d7e5d9a6db77e2ae731ea67c030a9e17464e342c,false,,false,false,false,true,false,false,false,false,0
historical121,d00047,M4,43,a5_reanswer,M02:M02:SS-CF-PD-002-POS,M02,multi,true,true,1,scored,complete,0cc2bd8f44460b953324977fdb2bd2039b56ec6782dcbe90183ddfa736eb953a,false,,false,false,false,true,false,false,false,false,0
historical121,d00098,M4,43,a5_reanswer,M02:M02:CS-CF-HF-001-A,M02,multi,true,true,1,scored,complete,7a36860e04a4b2201332e82dfcf1d8489d1c2215bd6d4384ac7c33673af6b7ce,false,,false,false,false,true,false,false,false,false,0
historical121,d00103,M4,43,a5_reanswer,M02:M02:CS-CF-NS-001-B,M02,multi,true,true,1,scored,complete,c392f5ad00250d0b7321055127cd22e3025636f6a8c03df5bce11e79f103e4c4,false,,false,false,false,true,false,false,false,false,0
historical121,d00095,M4,43,a5_reanswer,M02:M02:CS-CF-AD-001-B,M02,multi,true,true,1,scored,complete,fe49c05800362a32bc3dde5fe83da1253a48dc59baa864ab8687a6f40d89fa11,false,,false,false,false,true,false,false,false,false,0
historical121,d00018,M4,43,a5_reanswer,M02:M02:CS-CF-AP-002-B,M02,multi,true,true,1,scored,complete,557485defff7b1776e7cf7a4ad6ef92a7e47cdb8b091a4091606c739eed5e96d,false,,false,false,false,true,false,false,false,false,0
historical121,d00096,M4,43,a5_reanswer,M02:M02:CS-CF-A1-002-B,M02,multi,true,true,1,scored,complete,d8c4e2652313ee1cf1f4f78192945b447473a32ac19f53ad11b12a2e25fa5e94,false,,false,false,false,true,false,false,false,false,0
historical121,d00000,M4,43,a5_reanswer,M02:M02:DDI-CF-CN-001-A,M02,multi,true,true,1,scored,complete,2eaff33201aeac3e1444bc7ec0bf2844592b3b6bda88b85306d16e832af3638a,false,,false,false,false,true,false,false,false,false,0
historical121,d00050,M4,43,a5_reanswer,M02:M02:RK-CF-TMP-001-B,M02,multi,false,true,1,scored,complete,ae28d13db957f9b291398d8005ca2a88f74f1576c0ed8da42428a8aba8f67380,false,,false,false,false,false,false,false,false,false,0
historical121,d00052,M4,43,a5_reanswer,M02:M02:RK-CF-ENO-001-A,M02,multi,true,true,1,scored,complete,faa73fd3e222f1898004eb07f89208a9f333a77f368acfe94993a036c0dee3a5,false,,false,false,false,true,false,false,false,false,0
historical121,d00036,M4,43,a5_reanswer,M12:12,M12,single,false,true,1,scored,complete,c37b0c7ffe5effe35c2341aa26237e5c845c2e199b4a26f5190f06f1382c67a8,false,,false,false,true,false,false,false,false,false,0
historical121,d00089,M4,43,a5_reanswer,M12:12,M12,single,false,true,1,scored,complete,963ae7327a1c9279536d2ac327e6584edbed84d489d7e1b8a2903826bc24c0a8,false,,false,true,true,false,false,false,false,false,1
historical121,d00002,M4,43,a5_reanswer,M12:54,M12,single,true,true,3,scored,complete,3a04327bb9820cc471f0aa50ac513b5c2e94280e4ccc56e1adafe3b7c55f6157,false,,false,false,true,true,false,false,false,false,0
historical121,d00086,M4,43,a5_reanswer,M12:54,M12,single,true,true,1,scored,complete,ad75b36ea5a8f3940772df6073f4e56c61c1dc96a6c98ecd73f54cc63ff75706,false,,false,false,true,true,false,false,false,false,0
historical121,d00024,M4,43,a5_reanswer,M12:54,M12,single,true,true,1,scored,complete,533c699a37bcca15f31d539e7f136eb1fc51bbab40d37537ae6f6213b4b25331,false,,false,false,true,true,false,false,false,false,0
historical121,d00109,M4,43,a5_reanswer,M12:54,M12,single,true,true,1,scored,complete,abc3b8eea91f0b46bf490b0d6ea639e371d1d2470cba5be16df6714541784b14,false,,false,true,true,true,false,false,false,false,1
historical121,d00016,M4,43,a5_reanswer,M12:648,M12,single,true,true,2,scored,complete,883808e3d71987c172a0541929e8733e4152b1e9d3c10e9ca1247cdb6ed3b346,false,,false,true,true,true,false,false,false,false,1
historical121,d00110,M4,43,a5_reanswer,M12:648,M12,single,true,true,1,scored,complete,ce2baba8a9de277942e435d0bf6b17bb1808cdc45f11cf12a52703ca87113031,false,,false,true,true,false,true,false,false,false,1
historical121,d00025,M4,43,a5_reanswer,M12:648,M12,single,true,true,1,scored,complete,1e2b2588522dc21a9b1bfaf0a1ca3940ea10742e5a38b26159f7eb78b08e11d4,false,,false,false,true,true,false,false,false,false,0
historical121,d00055,M4,43,a5_reanswer,M12:660,M12,single,true,true,3,scored,complete,f29a4f530d66092543ff471f883b38304a69acce581c545aad1c7080b938383d,false,,false,false,true,true,false,false,false,false,0
historical121,d00019,M4,43,a5_reanswer,M12:660,M12,single,true,true,1,scored,complete,8fbafe177348c2db9bcee7464e1b12052791d62e485f20fe2de3ed92a54bfb86,false,,false,false,true,true,false,false,false,false,0
historical121,d00057,M4,43,a5_reanswer,M12:660,M12,single,true,true,1,scored,complete,9435dbe8d974920998e5f1f94ea746cf70ee4a0050796f5293f0d93291ecba46,false,,false,false,true,true,false,false,false,false,0
historical121,d00072,M4,43,a5_reanswer,M12:660,M12,single,false,true,1,scored,complete,248bef663a2d3161ee2698eab75bfc5bf96a8e735dc8b5c5606a6181b6a30b4a,false,,false,false,true,false,false,false,false,false,0
historical121,d00039,M4,43,a5_reanswer,M12:725,M12,single,false,true,4,scored,complete,4fc749bdba778fb6381fe1ed2618886cfdcb8884f2864ecccdf26485540db5f8,false,,false,false,true,false,false,false,false,false,0
historical121,d00049,M4,43,a5_reanswer,M12:725,M12,single,false,true,1,scored,complete,fff765543b22fa5e4eeff7c1a36769835f6ba2099d9b898af630d1aabad21d2d,false,,false,false,true,false,false,false,false,false,0
historical121,d00017,M4,43,a5_reanswer,M12:725,M12,single,true,true,1,scored,complete,0526259ccc5a8d00e3836a4e108216f1268e31f7d903d263e182759a30578903,false,,false,false,true,true,false,false,false,false,0
historical121,d00028,M4,43,a5_reanswer,M12:725,M12,single,false,true,1,scored,complete,e969ee4c1396e57d3376a1963f8d14a58b592ca7115ac552c855eca2c2ab5398,false,,false,true,true,true,false,true,false,false,1
historical121,d00060,M4,43,a5_reanswer,M12:725,M12,single,false,true,1,scored,complete,94a34ecef53cd9d7447823049fe91e9d2abfb2370a5f0180e44d9c0e36ccc8fb,false,,false,true,true,false,false,false,false,false,1
historical121,d00058,M4,43,a5_reanswer,M12:758,M12,single,false,true,3,scored,complete,1552c27fc6538bc9d3e0d8b5612797a7c9f150b147981abf913aa50869687036,false,,false,false,true,false,false,false,false,false,0
historical121,d00010,M4,43,a5_reanswer,M12:758,M12,single,false,true,1,scored,complete,199d2a6ccff71d282e42058f2442e36d60a0ded275bf3153601ca37dc85753bb,false,,false,false,true,false,false,false,false,false,0
historical121,d00120,M4,43,a5_reanswer,M12:758,M12,single,false,true,1,scored,complete,1a29f1e57a652b3fd0f631d529127812ad354784278a943521f6ed39c27ccb99,false,,false,true,true,true,false,true,false,false,1
historical121,d00059,M4,43,a5_reanswer,M12:758,M12,single,false,true,1,scored,complete,5b958dfb7fb6f363b39aaa23682850ee6bb59c1e299f590e2f990bbb20ee8b5b,false,,false,false,true,false,false,false,false,false,0
historical121,d00093,M4,43,a5_reanswer,M14:exact_source_text:20,M14,single,true,true,1,scored,complete,b40d012f1e152cf2a62d6a4dd418cd07cd92e3b7deef6be321ecc6270e35be6a,false,,false,false,true,true,false,false,false,false,0
historical121,d00029,M4,43,a5_reanswer,M14:exact_source_text:20,M14,single,true,true,1,scored,complete,024367dd118a788808ca889e87dcb4f2065417624278660312676020b462825f,false,,false,false,true,true,false,false,false,false,0
historical121,d00015,M4,43,a5_reanswer,M14:exact_source_text:936,M14,single,false,true,1,scored,complete,38781e37097bc34f82bda58c73e62eae39b8b46b60ec129651d2d29171b22b07,false,,false,true,true,false,false,false,false,false,1
historical121,d00054,M4,43,a5_reanswer,M14:exact_source_text:936,M14,single,false,true,1,scored,complete,6350ee573c2e56c033a6275cfbdc56b5637b33af3eca3d8a1b4d7384b7352c29,false,,false,true,true,false,false,false,false,false,1
historical121,d00101,M4,43,a5_reanswer,M14:exact_source_text:555,M14,single,true,true,1,scored,complete,bbe93cb42dc7384182973a4be310d27c2eeb4c8eb4e4411a983025ce260d211f,false,,false,true,true,false,true,false,false,false,1
historical121,d00032,M4,43,a5_reanswer,M14:exact_source_text:555,M14,single,true,true,1,scored,complete,f68a24f2ddee85c75fa2154c565c486390b1d68ff9c21f1026b47700c52458ac,false,,false,true,true,false,true,false,false,false,1
historical121,d00065,M4,43,a5_reanswer,M14:exact_source_text:749,M14,single,false,true,1,scored,complete,7e225b47ac4e48952309569d65da990b612377a7df9ae90a9dbd8a4225c9c167,false,,false,true,true,false,false,false,false,false,1
historical121,d00007,M4,43,a5_reanswer,M14:exact_source_text:749,M14,single,false,true,1,scored,complete,941ea6c4f4de643784e3026b9c051fcbcf197e7e602e2e265cc660dc8f000d64,false,,false,true,true,false,false,false,false,false,1
historical121,d00106,M4,43,a5_reanswer,M22:bioasq/63f9cbb433942b094c00000c,M22,robustness_single,true,true,1,scored,complete,115e8c53d59f9a365cd98a3ba0cd15c2dc92607d337171ce3b730ea75923f0c4,false,,false,false,true,true,false,false,false,false,0
historical121,d00062,M4,43,a5_reanswer,M22:bioasq/63f9cbb433942b094c00000c,M22,robustness_single,true,true,1,scored,complete,c426fc276696fcc02c1a047a8ab1b776752d1d421cc46ecadecff7fcab462f5e,false,,false,false,true,true,false,false,false,false,0
historical121,d00046,M4,43,a5_reanswer,M22:bioasq/63f9cbb433942b094c00000c,M22,robustness_single,true,true,1,scored,complete,65dc05b71d0dedcce0416cd5b869e494112dcdf3579e6217b06c72692571c61f,false,,false,false,true,true,false,false,false,false,0
historical121,d00100,M4,43,a5_reanswer,M22:bioasq/63f9cbb433942b094c00000c,M22,robustness_single,true,true,1,scored,complete,827185088deaff35e314cf8647ca2d20b87adf75d28351f72c6d5c17f697f79b,false,,false,false,true,true,false,false,false,false,0
historical121,d00113,M4,43,a5_reanswer,M22:bioasq/63f9cbb433942b094c00000c,M22,robustness_single,true,true,1,scored,complete,c9a20a0574a9ffbceb102a8c800619e0e31f42c90da8700758ee7f3b0afb4337,false,,false,false,true,true,false,false,false,false,0
historical121,d00078,M4,43,a5_reanswer,M22:bioasq/63f9cbb433942b094c00000c,M22,robustness_single,true,true,1,scored,complete,4cdfafe9263ca1a6a3b6c927a1622207b9dc932327e6629c45afb35025d27906,false,,false,false,true,true,false,false,false,false,0
historical121,d00108,M4,43,a5_reanswer,M22:mmlu/professional_medicine-205,M22,robustness_single,true,true,1,scored,complete,be7d302115773da8d39c5129e50f892aab0980c3b569d2e22e70c0211cf0d2cc,false,,false,false,true,true,false,false,false,false,0
historical121,d00003,M4,43,a5_reanswer,M22:mmlu/professional_medicine-205,M22,robustness_single,true,true,1,scored,complete,5f2851bb8349817217b8c0332554de85b4d1d1e80a6f4dd9f15656f4302a203e,false,,false,false,true,true,false,false,false,false,0
historical121,d00080,M4,43,a5_reanswer,M22:mmlu/professional_medicine-205,M22,robustness_single,true,true,1,scored,complete,13736afb3de07d858569a8951f28ba2dcd1ac5ca27e086f93f7f398a25eb04d8,false,,false,false,true,true,false,false,false,false,0
historical121,d00073,M4,43,a5_reanswer,M22:mmlu/professional_medicine-205,M22,robustness_single,true,true,1,scored,complete,0048cbc0a4a9319714cac6645aaee5f194894c6309b2429590ad119b04851553,false,,false,false,true,true,false,false,false,false,0
historical121,d00038,M4,43,a5_reanswer,M22:mmlu/professional_medicine-205,M22,robustness_single,true,true,1,scored,complete,1114c59b202a6859e8bc0ad0a46bfb33cb8152cb467531b5ee83d9d5fefb9ed3,false,,false,false,true,true,false,false,false,false,0
historical121,d00104,M4,43,a5_reanswer,M22:mmlu/professional_medicine-205,M22,robustness_single,true,true,1,scored,complete,cee9c5cbd263b61941eb72ce040eedec81fe295a1308994c63f28d3ec988a808,false,,false,false,true,true,false,false,false,false,0
historical121,d00091,M4,43,a5_reanswer,M23:BioNLI:exact_context:1899,M23,single,true,true,1,scored,complete,b7481c3e6799aefda84926ace47d564cf94cf08e53489aa9bd72e6e70334de52,false,,false,true,true,true,false,false,false,false,1
historical121,d00023,M4,43,a5_reanswer,M23:BioNLI:exact_context:1899,M23,single,true,true,1,scored,complete,ef3f8e1be30a053f6e38d656879b3d48d7e1cd7b1275deb66e90e6eee9e1ef8e,false,,false,false,true,true,false,false,false,false,0
historical121,d00041,M4,43,a5_reanswer,M23:BioNLI:exact_context:2298,M23,single,true,true,1,scored,complete,8e3cfbc6561a732502c3942f6bb9a252f57bae7112f9a6f58ba7b334d53cf544,false,,false,true,true,true,false,false,false,false,1
historical121,d00069,M4,43,a5_reanswer,M23:BioNLI:exact_context:2298,M23,single,true,true,1,scored,complete,f2be4976538178cfd6ad7d8ba40f7f8722d19396d36ca06468576a49489495a7,false,,false,true,true,true,false,false,false,false,1
historical121,d00004,M4,43,a5_reanswer,M10:medqa_00219,M10,single,false,true,1,scored,complete,e2f9c349e46291ab42f7c3410e42adac43c741f96cfeea1a50af0583a6d8db91,false,,false,false,true,false,false,false,false,false,0
historical121,d00071,M4,43,a5_reanswer,M10:medqa_00219,M10,single,false,true,1,scored,complete,ddc489af4249c4a392d6bc903a3e466a0086cc2dd8e1b1be6c58fc66b83f3017,false,,false,false,true,false,false,false,false,false,0
historical121,d00115,M4,43,a5_reanswer,M10:medqa_00275,M10,single,true,true,1,scored,complete,153dfc23fa483694b332b083ebb99ffaf0d1fbcf6205a29490ab36407f3f18fb,false,,false,false,true,true,false,false,false,false,0
historical121,d00090,M4,43,a5_reanswer,M10:medqa_00275,M10,single,true,true,1,scored,complete,18a22004620b3e5532207961724bd996780adcd473168ae8a69eb5ee097cb163,false,,false,false,true,true,false,false,false,false,0
historical121,d00009,M4,43,a5_reanswer,M10:medqa_01246,M10,single,true,true,1,scored,complete,e6d6f26e1308de27575ab65753434d888ebcd959dae0b87e6c318ef110e20a31,false,,false,false,true,true,false,false,false,false,0
historical121,d00013,M4,43,a5_reanswer,M10:medqa_01246,M10,single,true,true,1,scored,complete,36fac775deeb8deaa29c635213abc356415435ce15f444fbb8564dfca9bbaec1,false,,false,false,true,true,false,false,false,false,0
historical121,d00045,M4,43,a5_reanswer,M11:78,M11,single,true,true,5,scored,complete,21b54b0320465144f6e19a3da365aa621a3ea6b97189aa77976e2976adc2ccd7,false,,false,false,true,true,false,false,false,false,0
historical121,d00031,M4,43,a5_reanswer,M11:78,M11,single,true,true,1,scored,complete,c74d26d9d53bab6283b020e7b62bf3fc86c58d1ec4295a7e16151228bc12d104,false,,false,false,true,true,false,false,false,false,0
historical121,d00111,M4,43,a5_reanswer,M11:78,M11,single,true,true,1,scored,complete,11922ab51c6422fd7f896b744d575d15ddef79ec3821fd09772c478adad500d2,false,,false,false,true,true,false,false,false,false,0
historical121,d00074,M4,43,a5_reanswer,M11:78,M11,single,true,true,1,scored,complete,4e76efadf861ca8d243835e479b2dea4f58c260221af39e36ee64801b0d6afbb,false,,false,false,true,true,false,false,false,false,0
historical121,d00061,M4,43,a5_reanswer,M11:78,M11,single,true,true,1,scored,complete,99648d6b339a269e0d44ded55b0de6cfbeff24515d7bfb113413baa993ae62f1,false,,false,false,true,true,false,false,false,false,0
historical121,d00034,M4,43,a5_reanswer,M11:78,M11,single,true,true,1,scored,complete,11c72144faf69ba32e85f2b2144388aff2f6b3131e8f19c12f3d8b7134c2ac2f,false,,false,false,true,true,false,false,false,false,0
historical121,d00037,M4,43,a5_reanswer,M11:103,M11,single,true,true,2,scored,complete,fec38c7d29f65ff49b4c5dda9ec70ed2596f682aa789d49a47da3967e8fc2e78,false,,false,false,true,true,false,false,false,false,0
historical121,d00085,M4,43,a5_reanswer,M11:103,M11,single,true,true,1,scored,complete,510cadc5629720716d3c5372b2ddb68c34167d4145e38f6a916b5b7c5d76eb32,false,,false,false,true,true,false,false,false,false,0
historical121,d00048,M4,43,a5_reanswer,M11:103,M11,single,true,true,1,scored,complete,d1b39b283b52e84a4051355209940303ccdfb0307c05ec3f208989924bb5d6e2,false,,false,false,true,true,false,false,false,false,0
historical121,d00075,M4,43,a5_reanswer,M11:126,M11,single,false,true,6,scored,complete,2c1f609bf34ff203bbe512dee6a49e0310bcd5e7cb7e5e4c9039c71c3097d231,false,,false,false,true,false,false,false,false,false,0
historical121,d00116,M4,43,a5_reanswer,M11:126,M11,single,false,true,1,scored,complete,a7557f06c7e9904f1b7609edb3304dcc1a9a5fde6e5b2d6b9f715f516eec11ff,false,,false,true,true,false,false,false,false,false,1
historical121,d00114,M4,43,a5_reanswer,M11:126,M11,single,false,true,1,scored,complete,3727aeffb019fead1a18d2fa9af96b127e6628a2ab96ad359280d8711e40e17f,false,,false,true,true,false,false,false,false,false,1
historical121,d00107,M4,43,a5_reanswer,M11:126,M11,single,false,true,1,scored,complete,09860a19eed860226f37977f1494d0d59e90d9f09cf91cc688e23bc42348b82a,false,,false,true,true,false,false,false,false,false,1
historical121,d00082,M4,43,a5_reanswer,M11:126,M11,single,false,true,1,scored,complete,0cdcf9e49f28bfbdaf585b425c267a172e8cebc828d72145ca20942e48cf519f,false,,false,true,true,false,false,false,false,false,1
historical121,d00030,M4,43,a5_reanswer,M11:126,M11,single,false,true,1,scored,complete,8b2345a5786b924371d0506322edfb4225827d2655e9ef3f7acbfe4b3a5efc5e,false,,false,true,true,false,false,false,false,false,1
historical121,d00076,M4,43,a5_reanswer,M11:126,M11,single,false,true,1,scored,complete,9f223d9fc406aa3a1a38a72c6db00c7c9fd3f8b76aeb4315028501d30d7a281e,false,,false,true,true,false,false,false,false,false,1
historical121,d00105,M4,43,a5_reanswer,M11:141,M11,single,true,true,8,scored,complete,f578be14109a88cc3c4b577eb11a9f9c5d2ceccef68b1b88b48d90f1746a8681,false,,false,false,true,true,false,false,false,false,0
historical121,d00012,M4,43,a5_reanswer,M11:141,M11,single,true,true,1,scored,complete,6dffa9f1335d5fa5037f920ce62ffbddea1b739d06fb99cfa30458c850827df2,false,,false,false,true,true,false,false,false,false,0
historical121,d00079,M4,43,a5_reanswer,M11:141,M11,single,true,true,1,scored,complete,3cb474c9df153d7c6c8ba669cfef3f8e3a6d4d9bf628a20ab5275ba392eb2d41,false,,false,false,true,true,false,false,false,false,0
historical121,d00066,M4,43,a5_reanswer,M11:141,M11,single,true,true,1,scored,complete,d4c200c56a587bbf69b951005567742492e7d59fc0a28a9ed67e9eefc9141093,false,,false,false,true,true,false,false,false,false,0
historical121,d00087,M4,43,a5_reanswer,M11:141,M11,single,true,true,1,scored,complete,1e294a4eea57bbbf58bb3cc568608cf429d2ee856b8922e88c53446220958c89,false,,false,true,true,true,false,false,false,false,1
historical121,d00044,M4,43,a5_reanswer,M11:141,M11,single,true,true,1,scored,complete,53564eab94d216c30c0890444891ff4a04820fc5f37e00a11b198c44a197ea60,false,,false,false,true,true,false,false,false,false,0
historical121,d00102,M4,43,a5_reanswer,M11:141,M11,single,true,true,1,scored,complete,6e6da2d9e8903689a6d678ee766bcdaa12cb0291dedf80e1d86a8a343072db6a,false,,false,false,true,true,false,false,false,false,0
historical121,d00092,M4,43,a5_reanswer,M11:141,M11,single,true,true,1,scored,complete,a3b4a322efac607d178663d74b6079f47e6be9893572aa65d7ded6072930109f,false,,false,false,true,true,false,false,false,false,0
historical121,d00001,M4,43,a5_reanswer,M11:141,M11,single,true,true,1,scored,complete,92cf6a3f4b6c000fa6f9e582f1b35fddd2f06e1b3e6c39fb9de19ce8ebdf17a2,false,,false,false,true,true,false,false,false,false,0
historical121,d00084,M4,43,a5_reanswer,M20:6,M20,relation,false,true,4,scored,complete,0357642161bc1560aa6b9fcda1c662c08d7cba5ae194d48bbc3b5053f4586b38,false,,false,false,true,false,false,false,false,false,0
historical121,d00094,M4,43,a5_reanswer,M20:6,M20,relation,true,true,1,scored,complete,84b75b756ba0928868db01e0e81808c763993e45a843a0fd8eeefa43df6895c3,false,,false,true,true,true,false,false,false,false,1
historical121,d00088,M4,43,a5_reanswer,M20:6,M20,relation,true,true,1,scored,complete,0f57b016a7094849c439b61c1c5a4a2d1a51b9cfc3c73cda780f3b9fd8b0f016,false,,false,true,true,true,false,false,false,false,1
historical121,d00026,M4,43,a5_reanswer,M20:6,M20,relation,true,true,1,scored,complete,b91c54c4fc726a6d5cfaf7b04b26407a22ac06cd2392bf40c243cb04a09a41f9,false,,false,false,true,true,false,false,false,false,0
historical121,d00081,M4,43,a5_reanswer,M20:6,M20,relation,true,true,1,scored,complete,7d0e92ce0866d98053d32caa350d158252d35aaff87bbe83e668878de06a8b08,false,,false,false,true,true,false,false,false,false,0
historical121,d00112,M4,43,a5_reanswer,M20:22,M20,relation,true,true,4,scored,complete,460aefa6b873404f33b57cb0484f92d44c30bcfcf2eff814d9f94d5f868ee979,false,,false,false,true,true,false,false,false,false,0
historical121,d00014,M4,43,a5_reanswer,M20:22,M20,relation,true,true,1,scored,complete,47ec2fb63b8e53553b39f32a1bb920ea4b21d91e7c0db50a024f68a89611e320,false,,false,true,true,true,false,false,false,false,1
historical121,d00005,M4,43,a5_reanswer,M20:22,M20,relation,true,true,1,scored,complete,5f7df05b3600b3ebc708e9692e1631f25dd4390341a27cbf9523a77c8deb7d17,false,,false,false,true,true,false,false,false,false,0
historical121,d00063,M4,43,a5_reanswer,M20:22,M20,relation,false,true,1,scored,complete,de20c2c772a7767fede730cdaebe0c7a8baa1588d426555f0cf2eb177e79bddd,false,,false,true,true,false,false,false,false,false,1
historical121,d00117,M4,43,a5_reanswer,M20:22,M20,relation,true,true,1,scored,complete,0c4482f502a6f17c67f963bd34c814c94c839af30aa7063d8d1cd223cb78b49c,false,,false,false,true,true,false,false,false,false,0
historical121,d00040,M4,43,a5_reanswer,M06:supplement_N20,M06,single,false,true,1,scored,complete,2f9736a92f555808b35150c178293c80ac8e315fa1c177bbfd0b9a08af8aa570,false,,false,false,true,false,false,false,false,false,0
historical121,d00042,M4,43,a5_reanswer,M06:supplement_N48,M06,single,true,true,1,scored,complete,cebc4609852dd2511c2be46ece3a13e5af6d9227fd1764c66bc3c2c1cd3de5db,false,,false,false,true,true,false,false,false,false,0
historical121,d00067,M4,43,a5_reanswer,M17:usmle_derm_327,M17,single,true,true,2,scored,complete,1fd0cc53d6047593772891570b80063b9c613ed28627fa20ce9771a65e737aed,false,,false,false,true,true,false,false,false,false,0
historical121,d00027,M4,43,a5_reanswer,M17:usmle_derm_327,M17,single,true,true,2,scored,complete,6421796944c729a56b46f036576e425d47425417bf0ee6b8230e7bf79e46ae4f,false,,false,false,true,true,false,false,false,false,0
historical121,d00022,M4,43,a5_reanswer,M17:usmle_derm_327,M17,single,true,true,2,scored,complete,5271c51d4c31c495f73663a69fec7e9ec6faa51dc0a5218595a50cd58a01d0a8,false,,false,false,true,true,false,false,false,false,0
historical121,d00056,M4,43,a5_reanswer,M17:usmle_derm_327,M17,single,true,true,1,scored,complete,e94fb4f233a4e415056e0cf08b1a5498c576978be409ef32fb4b0a04b2ac1b01,false,,false,false,true,true,false,false,false,false,0
historical121,d00097,M4,43,a5_reanswer,M17:usmle_derm_327,M17,single,true,true,1,scored,complete,d6bc81c101b612032575e2a13ca8870be1de2b6521400113be54f2ccda8834ee,false,,false,false,true,true,false,false,false,false,0
historical121,d00053,M4,43,a5_reanswer,M17:usmle_derm_327,M17,single,true,true,1,scored,complete,21ae0979e53c6cb7cf263055a152744c0aeff41c4d89080129cf90c8812962f5,false,,false,false,true,true,false,false,false,false,0
historical121,d00020,M4,43,a5_reanswer,M17:usmle_derm_327,M17,single,true,true,1,scored,complete,a63fd7c97514c0c4d4e836570e71886d5a5b3baaf235e1308214e44f6ad5f940,false,,false,false,true,true,false,false,false,false,0
historical121,d00119,M4,43,a5_reanswer,M17:usmle_derm_327,M17,single,true,true,1,scored,complete,724b5419c94d450b1dfe255692faa945b98b85833741874f783c82019b665bc6,false,,false,false,true,true,false,false,false,false,0
historical121,d00033,M4,43,a5_reanswer,M17:usmle_derm_327,M17,single,true,true,1,scored,complete,5df2c875a979d5f464d7ee3edc2c14c75f5af665ee35e607425d5d290075a647,false,,false,true,true,true,false,false,false,false,1
historical121,d00083,M4,43,a5_reanswer,M17:usmle_derm_991,M17,single,true,true,1,scored,complete,1655270449820026f4022ef20717e9f7ad4572e3c16c73c2f221e80b5476885b,false,,false,false,true,true,false,false,false,false,0
historical121,d00006,M4,43,a5_reanswer,M17:usmle_derm_991,M17,single,true,true,1,scored,complete,a4315e69c38b75597b39e81e182b01bf1dce7183242e68113b760ef231c0d5c9,false,,false,false,true,true,false,false,false,false,0
historical121,d00043,M4,43,a5_reanswer,M17:usmle_derm_991,M17,single,true,true,1,scored,complete,debf65729a7e96b36fc16584e458a3abb6fe0f8e7c66d264d897d3e2a83f1509,false,,false,false,true,true,false,false,false,false,0
historical121,d00099,M4,43,a5_reanswer,M17:usmle_derm_991,M17,single,true,true,1,scored,complete,0a22a54340bad60b04fdd62a6c377f6d8df8eddcf07937f92886538acc137abb,false,,false,false,true,true,false,false,false,false,0
historical121,d00118,M4,43,a5_reanswer,M17:usmle_derm_991,M17,single,true,true,1,scored,complete,34fee0d3a930532cc3e727e474dbdce366e8afe6a12513c4a0057478512963d4,false,,false,false,true,true,false,false,false,false,0
historical121,d00064,M4,43,a5_reanswer,M17:usmle_derm_991,M17,single,true,true,1,scored,complete,f289dac4a07a10eebf0f8f6edeff6aebd57f62d5dbb840a384ff045e566a15fd,false,,false,false,true,true,false,false,false,false,0
historical121,d00035,M4,44,a5_reanswer,M01:case_24951,M01,diagnosis,false,true,1,scored,complete,d34486714bad3f15023fe303c572a3b943e44b9a49ba2c2a168d344ae3893fbc,false,,false,false,false,false,false,false,false,false,0
historical121,d00068,M4,44,a5_reanswer,M01:case_24951,M01,diagnosis,true,true,1,scored,complete,99c75a2e9bdb1a75ec8149f1003a91a06d79c849bc7402acde7b53c628eb07a6,false,,false,false,false,true,false,false,false,false,0
historical121,d00008,M4,44,a5_reanswer,M01:case_47649,M01,diagnosis,false,true,1,scored,complete,c91cb06a35d8ca1df8aac759caa4b8774c5f7a1be519b44acbb7d250cf21b9ba,false,,false,false,false,false,false,false,false,false,0
historical121,d00011,M4,44,a5_reanswer,M01:case_47649,M01,diagnosis,false,true,1,scored,complete,95776118882e748c0d1b019f3d1991bd6029b30fc805e8621227dd31f502fea1,false,,false,false,false,false,false,false,false,false,0
historical121,d00051,M4,44,a5_reanswer,M01:case_79632,M01,diagnosis,false,true,1,scored,complete,185d9b4897419209d4cd527fa50e534b7f0c5031d2902f1532fe5d66cf0ed4d8,false,,false,false,false,false,false,false,false,false,0
historical121,d00070,M4,44,a5_reanswer,M01:case_79632,M01,diagnosis,false,true,1,scored,complete,8069fbda6a08cb3978bec5892acc963ca0f65a106ec7145f60fa7f3eacdfe617,false,,false,false,false,false,false,false,false,false,0
historical121,d00077,M4,44,a5_reanswer,M01:case_93766,M01,diagnosis,true,true,1,scored,complete,6826c5a781086cbb00ab3ef675390f77dc390d5fb86e4cd43343b6d1e10e36f5,false,,false,false,false,true,false,false,false,false,0
historical121,d00021,M4,44,a5_reanswer,M01:case_93766,M01,diagnosis,true,true,1,scored,complete,7cd47eaad9ebc950af7a7c76d7e5d9a6db77e2ae731ea67c030a9e17464e342c,false,,false,false,false,true,false,false,false,false,0
historical121,d00047,M4,44,a5_reanswer,M02:M02:SS-CF-PD-002-POS,M02,multi,true,true,1,scored,complete,0cc2bd8f44460b953324977fdb2bd2039b56ec6782dcbe90183ddfa736eb953a,false,,false,false,false,true,false,false,false,false,0
historical121,d00098,M4,44,a5_reanswer,M02:M02:CS-CF-HF-001-A,M02,multi,true,true,1,scored,complete,7a36860e04a4b2201332e82dfcf1d8489d1c2215bd6d4384ac7c33673af6b7ce,false,,false,false,false,true,false,false,false,false,0
historical121,d00103,M4,44,a5_reanswer,M02:M02:CS-CF-NS-001-B,M02,multi,true,true,1,scored,complete,c392f5ad00250d0b7321055127cd22e3025636f6a8c03df5bce11e79f103e4c4,false,,false,false,false,true,false,false,false,false,0
historical121,d00095,M4,44,a5_reanswer,M02:M02:CS-CF-AD-001-B,M02,multi,true,true,1,scored,complete,fe49c05800362a32bc3dde5fe83da1253a48dc59baa864ab8687a6f40d89fa11,false,,false,false,false,true,false,false,false,false,0
historical121,d00018,M4,44,a5_reanswer,M02:M02:CS-CF-AP-002-B,M02,multi,true,true,1,scored,complete,557485defff7b1776e7cf7a4ad6ef92a7e47cdb8b091a4091606c739eed5e96d,false,,false,false,false,true,false,false,false,false,0
historical121,d00096,M4,44,a5_reanswer,M02:M02:CS-CF-A1-002-B,M02,multi,true,true,1,scored,complete,d8c4e2652313ee1cf1f4f78192945b447473a32ac19f53ad11b12a2e25fa5e94,false,,false,false,false,true,false,false,false,false,0
historical121,d00000,M4,44,a5_reanswer,M02:M02:DDI-CF-CN-001-A,M02,multi,true,true,1,scored,complete,2eaff33201aeac3e1444bc7ec0bf2844592b3b6bda88b85306d16e832af3638a,false,,false,false,false,true,false,false,false,false,0
historical121,d00050,M4,44,a5_reanswer,M02:M02:RK-CF-TMP-001-B,M02,multi,false,true,1,scored,complete,ae28d13db957f9b291398d8005ca2a88f74f1576c0ed8da42428a8aba8f67380,false,,false,false,false,false,false,false,false,false,0
historical121,d00052,M4,44,a5_reanswer,M02:M02:RK-CF-ENO-001-A,M02,multi,true,true,1,scored,complete,faa73fd3e222f1898004eb07f89208a9f333a77f368acfe94993a036c0dee3a5,false,,false,false,false,true,false,false,false,false,0
historical121,d00036,M4,44,a5_reanswer,M12:12,M12,single,false,true,1,scored,complete,c37b0c7ffe5effe35c2341aa26237e5c845c2e199b4a26f5190f06f1382c67a8,false,,false,false,true,false,false,false,false,false,0
historical121,d00089,M4,44,a5_reanswer,M12:12,M12,single,false,true,1,scored,complete,54d2b3ead475e19d57cc0febf31a0a349f76a9871c10cb5b0d9121fadeec19a8,false,,false,true,true,false,false,false,false,false,1
historical121,d00002,M4,44,a5_reanswer,M12:54,M12,single,true,true,3,scored,complete,3a04327bb9820cc471f0aa50ac513b5c2e94280e4ccc56e1adafe3b7c55f6157,false,,false,false,true,true,false,false,false,false,0
historical121,d00086,M4,44,a5_reanswer,M12:54,M12,single,true,true,1,scored,complete,ad75b36ea5a8f3940772df6073f4e56c61c1dc96a6c98ecd73f54cc63ff75706,false,,false,false,true,true,false,false,false,false,0
historical121,d00024,M4,44,a5_reanswer,M12:54,M12,single,true,true,1,scored,complete,533c699a37bcca15f31d539e7f136eb1fc51bbab40d37537ae6f6213b4b25331,false,,false,false,true,true,false,false,false,false,0
historical121,d00109,M4,44,a5_reanswer,M12:54,M12,single,true,true,1,scored,complete,d0d88fc4d53276ff74c26e2f7883a07cd378b314e654a5625fbe5fda72190ced,false,,false,true,true,true,false,false,false,false,1
historical121,d00016,M4,44,a5_reanswer,M12:648,M12,single,true,true,2,scored,complete,c16d6af7297a9081b797bf35de1195467988967f5b47d77c0cf79116182a89f6,false,,false,true,true,true,false,false,false,false,1
historical121,d00110,M4,44,a5_reanswer,M12:648,M12,single,true,true,1,scored,complete,a90b6679b3d67bdcb5b200b9a02178ab299fe0392fcb440a794b3beba1e5a8bd,false,,false,true,true,false,true,false,false,false,1
historical121,d00025,M4,44,a5_reanswer,M12:648,M12,single,true,true,1,scored,complete,1e2b2588522dc21a9b1bfaf0a1ca3940ea10742e5a38b26159f7eb78b08e11d4,false,,false,false,true,true,false,false,false,false,0
historical121,d00055,M4,44,a5_reanswer,M12:660,M12,single,true,true,3,scored,complete,f29a4f530d66092543ff471f883b38304a69acce581c545aad1c7080b938383d,false,,false,false,true,true,false,false,false,false,0
historical121,d00019,M4,44,a5_reanswer,M12:660,M12,single,true,true,1,scored,complete,8fbafe177348c2db9bcee7464e1b12052791d62e485f20fe2de3ed92a54bfb86,false,,false,false,true,true,false,false,false,false,0
historical121,d00057,M4,44,a5_reanswer,M12:660,M12,single,true,true,1,scored,complete,9435dbe8d974920998e5f1f94ea746cf70ee4a0050796f5293f0d93291ecba46,false,,false,false,true,true,false,false,false,false,0
historical121,d00072,M4,44,a5_reanswer,M12:660,M12,single,false,true,1,scored,complete,248bef663a2d3161ee2698eab75bfc5bf96a8e735dc8b5c5606a6181b6a30b4a,false,,false,false,true,false,false,false,false,false,0
historical121,d00039,M4,44,a5_reanswer,M12:725,M12,single,false,true,4,scored,complete,4fc749bdba778fb6381fe1ed2618886cfdcb8884f2864ecccdf26485540db5f8,false,,false,false,true,false,false,false,false,false,0
historical121,d00049,M4,44,a5_reanswer,M12:725,M12,single,false,true,1,scored,complete,fff765543b22fa5e4eeff7c1a36769835f6ba2099d9b898af630d1aabad21d2d,false,,false,false,true,false,false,false,false,false,0
historical121,d00017,M4,44,a5_reanswer,M12:725,M12,single,true,true,1,scored,complete,0526259ccc5a8d00e3836a4e108216f1268e31f7d903d263e182759a30578903,false,,false,false,true,true,false,false,false,false,0
historical121,d00028,M4,44,a5_reanswer,M12:725,M12,single,true,true,1,scored,complete,a2f88c2a62231c5ee7483d12d1589fbc1ca5da0ba851c18a035d9cc0bb469cf5,false,,false,true,true,true,false,false,false,false,1
historical121,d00060,M4,44,a5_reanswer,M12:725,M12,single,false,true,1,scored,complete,c7cc98bdf81adf64aeee86c5aadf305319fa9c0f669b56738a917fc7e11daa98,false,,false,true,true,false,false,false,false,false,1
historical121,d00058,M4,44,a5_reanswer,M12:758,M12,single,false,true,3,scored,complete,1552c27fc6538bc9d3e0d8b5612797a7c9f150b147981abf913aa50869687036,false,,false,false,true,false,false,false,false,false,0
historical121,d00010,M4,44,a5_reanswer,M12:758,M12,single,false,true,1,scored,complete,199d2a6ccff71d282e42058f2442e36d60a0ded275bf3153601ca37dc85753bb,false,,false,false,true,false,false,false,false,false,0
historical121,d00120,M4,44,a5_reanswer,M12:758,M12,single,false,true,1,scored,complete,ba3391cf458d98c385c7090639e0f6242dd4c448ce034c46224c9352f26b64de,false,,false,true,true,true,false,true,false,false,1
historical121,d00059,M4,44,a5_reanswer,M12:758,M12,single,false,true,1,scored,complete,5b958dfb7fb6f363b39aaa23682850ee6bb59c1e299f590e2f990bbb20ee8b5b,false,,false,false,true,false,false,false,false,false,0
historical121,d00093,M4,44,a5_reanswer,M14:exact_source_text:20,M14,single,true,true,1,scored,complete,b40d012f1e152cf2a62d6a4dd418cd07cd92e3b7deef6be321ecc6270e35be6a,false,,false,false,true,true,false,false,false,false,0
historical121,d00029,M4,44,a5_reanswer,M14:exact_source_text:20,M14,single,true,true,1,scored,complete,024367dd118a788808ca889e87dcb4f2065417624278660312676020b462825f,false,,false,false,true,true,false,false,false,false,0
historical121,d00015,M4,44,a5_reanswer,M14:exact_source_text:936,M14,single,false,true,1,scored,complete,ae8ccc76c4336dcba3449b717e862d01c729e330234c778676d984e219be6cfc,false,,false,true,true,false,false,false,false,false,1
historical121,d00054,M4,44,a5_reanswer,M14:exact_source_text:936,M14,single,false,true,1,scored,complete,5ad092529f0965d6661c0d3990a7f559acd16fbc44f1f9b7b94e208f81baecb8,false,,false,true,true,false,false,false,false,false,1
historical121,d00101,M4,44,a5_reanswer,M14:exact_source_text:555,M14,single,false,true,1,scored,complete,b7d863dd5051dc9e0592e7f15c45fea14be0093c17e82c424bd3ae4494bb3253,false,,false,true,true,false,false,false,false,false,1
historical121,d00032,M4,44,a5_reanswer,M14:exact_source_text:555,M14,single,true,true,1,scored,complete,58289d5157ce302e7bbf80a8e1a4025810c8411879ba96ff38cde6f51b75b227,false,,false,true,true,false,true,false,false,false,1
historical121,d00065,M4,44,a5_reanswer,M14:exact_source_text:749,M14,single,false,true,1,scored,complete,917cb484aa7c998b3f96d6c4a48ef6b014ccce3380af395a1bb9a39f2d1b8e2f,false,,false,true,true,false,false,false,false,false,1
historical121,d00007,M4,44,a5_reanswer,M14:exact_source_text:749,M14,single,false,true,1,scored,complete,b4ac6144e3679036e93a2cbddf8154787ad882e71360bbff336f9be7ff3e9f21,false,,false,true,true,false,false,false,false,false,1
historical121,d00106,M4,44,a5_reanswer,M22:bioasq/63f9cbb433942b094c00000c,M22,robustness_single,true,true,1,scored,complete,115e8c53d59f9a365cd98a3ba0cd15c2dc92607d337171ce3b730ea75923f0c4,false,,false,false,true,true,false,false,false,false,0
historical121,d00062,M4,44,a5_reanswer,M22:bioasq/63f9cbb433942b094c00000c,M22,robustness_single,true,true,1,scored,complete,c426fc276696fcc02c1a047a8ab1b776752d1d421cc46ecadecff7fcab462f5e,false,,false,false,true,true,false,false,false,false,0
historical121,d00046,M4,44,a5_reanswer,M22:bioasq/63f9cbb433942b094c00000c,M22,robustness_single,true,true,1,scored,complete,65dc05b71d0dedcce0416cd5b869e494112dcdf3579e6217b06c72692571c61f,false,,false,false,true,true,false,false,false,false,0
historical121,d00100,M4,44,a5_reanswer,M22:bioasq/63f9cbb433942b094c00000c,M22,robustness_single,true,true,1,scored,complete,827185088deaff35e314cf8647ca2d20b87adf75d28351f72c6d5c17f697f79b,false,,false,false,true,true,false,false,false,false,0
historical121,d00113,M4,44,a5_reanswer,M22:bioasq/63f9cbb433942b094c00000c,M22,robustness_single,true,true,1,scored,complete,c9a20a0574a9ffbceb102a8c800619e0e31f42c90da8700758ee7f3b0afb4337,false,,false,false,true,true,false,false,false,false,0
historical121,d00078,M4,44,a5_reanswer,M22:bioasq/63f9cbb433942b094c00000c,M22,robustness_single,true,true,1,scored,complete,4cdfafe9263ca1a6a3b6c927a1622207b9dc932327e6629c45afb35025d27906,false,,false,false,true,true,false,false,false,false,0
historical121,d00108,M4,44,a5_reanswer,M22:mmlu/professional_medicine-205,M22,robustness_single,true,true,1,scored,complete,be7d302115773da8d39c5129e50f892aab0980c3b569d2e22e70c0211cf0d2cc,false,,false,false,true,true,false,false,false,false,0
historical121,d00003,M4,44,a5_reanswer,M22:mmlu/professional_medicine-205,M22,robustness_single,true,true,1,scored,complete,5f2851bb8349817217b8c0332554de85b4d1d1e80a6f4dd9f15656f4302a203e,false,,false,false,true,true,false,false,false,false,0
historical121,d00080,M4,44,a5_reanswer,M22:mmlu/professional_medicine-205,M22,robustness_single,true,true,1,scored,complete,13736afb3de07d858569a8951f28ba2dcd1ac5ca27e086f93f7f398a25eb04d8,false,,false,false,true,true,false,false,false,false,0
historical121,d00073,M4,44,a5_reanswer,M22:mmlu/professional_medicine-205,M22,robustness_single,true,true,1,scored,complete,0048cbc0a4a9319714cac6645aaee5f194894c6309b2429590ad119b04851553,false,,false,false,true,true,false,false,false,false,0
historical121,d00038,M4,44,a5_reanswer,M22:mmlu/professional_medicine-205,M22,robustness_single,true,true,1,scored,complete,1114c59b202a6859e8bc0ad0a46bfb33cb8152cb467531b5ee83d9d5fefb9ed3,false,,false,false,true,true,false,false,false,false,0
historical121,d00104,M4,44,a5_reanswer,M22:mmlu/professional_medicine-205,M22,robustness_single,true,true,1,scored,complete,cee9c5cbd263b61941eb72ce040eedec81fe295a1308994c63f28d3ec988a808,false,,false,false,true,true,false,false,false,false,0
historical121,d00091,M4,44,a5_reanswer,M23:BioNLI:exact_context:1899,M23,single,true,true,1,scored,complete,3f012c47865ae80ba9592daba4d4c32ad35428476dbf517cfce4a5415cda3b06,false,,false,true,true,true,false,false,false,false,1
historical121,d00023,M4,44,a5_reanswer,M23:BioNLI:exact_context:1899,M23,single,true,true,1,scored,complete,ef3f8e1be30a053f6e38d656879b3d48d7e1cd7b1275deb66e90e6eee9e1ef8e,false,,false,false,true,true,false,false,false,false,0
historical121,d00041,M4,44,a5_reanswer,M23:BioNLI:exact_context:2298,M23,single,true,true,1,scored,complete,e2d85da30d6a9f8788b6226a5411bf5372b94f09d6cb9d425e729ae7f91fe93f,false,,false,true,true,true,false,false,false,false,1
historical121,d00069,M4,44,a5_reanswer,M23:BioNLI:exact_context:2298,M23,single,true,true,1,scored,complete,790d9f8b0e9aa900b594387ce31c06660a5247e10bb5f0fc9112eea0f7287318,false,,false,true,true,true,false,false,false,false,1
historical121,d00004,M4,44,a5_reanswer,M10:medqa_00219,M10,single,false,true,1,scored,complete,e2f9c349e46291ab42f7c3410e42adac43c741f96cfeea1a50af0583a6d8db91,false,,false,false,true,false,false,false,false,false,0
historical121,d00071,M4,44,a5_reanswer,M10:medqa_00219,M10,single,false,true,1,scored,complete,ddc489af4249c4a392d6bc903a3e466a0086cc2dd8e1b1be6c58fc66b83f3017,false,,false,false,true,false,false,false,false,false,0
historical121,d00115,M4,44,a5_reanswer,M10:medqa_00275,M10,single,true,true,1,scored,complete,153dfc23fa483694b332b083ebb99ffaf0d1fbcf6205a29490ab36407f3f18fb,false,,false,false,true,true,false,false,false,false,0
historical121,d00090,M4,44,a5_reanswer,M10:medqa_00275,M10,single,true,true,1,scored,complete,18a22004620b3e5532207961724bd996780adcd473168ae8a69eb5ee097cb163,false,,false,false,true,true,false,false,false,false,0
historical121,d00009,M4,44,a5_reanswer,M10:medqa_01246,M10,single,true,true,1,scored,complete,e6d6f26e1308de27575ab65753434d888ebcd959dae0b87e6c318ef110e20a31,false,,false,false,true,true,false,false,false,false,0
historical121,d00013,M4,44,a5_reanswer,M10:medqa_01246,M10,single,true,true,1,scored,complete,36fac775deeb8deaa29c635213abc356415435ce15f444fbb8564dfca9bbaec1,false,,false,false,true,true,false,false,false,false,0
historical121,d00045,M4,44,a5_reanswer,M11:78,M11,single,true,true,5,scored,complete,21b54b0320465144f6e19a3da365aa621a3ea6b97189aa77976e2976adc2ccd7,false,,false,false,true,true,false,false,false,false,0
historical121,d00031,M4,44,a5_reanswer,M11:78,M11,single,true,true,1,scored,complete,c74d26d9d53bab6283b020e7b62bf3fc86c58d1ec4295a7e16151228bc12d104,false,,false,false,true,true,false,false,false,false,0
historical121,d00111,M4,44,a5_reanswer,M11:78,M11,single,true,true,1,scored,complete,11922ab51c6422fd7f896b744d575d15ddef79ec3821fd09772c478adad500d2,false,,false,false,true,true,false,false,false,false,0
historical121,d00074,M4,44,a5_reanswer,M11:78,M11,single,true,true,1,scored,complete,4e76efadf861ca8d243835e479b2dea4f58c260221af39e36ee64801b0d6afbb,false,,false,false,true,true,false,false,false,false,0
historical121,d00061,M4,44,a5_reanswer,M11:78,M11,single,true,true,1,scored,complete,99648d6b339a269e0d44ded55b0de6cfbeff24515d7bfb113413baa993ae62f1,false,,false,false,true,true,false,false,false,false,0
historical121,d00034,M4,44,a5_reanswer,M11:78,M11,single,true,true,1,scored,complete,11c72144faf69ba32e85f2b2144388aff2f6b3131e8f19c12f3d8b7134c2ac2f,false,,false,false,true,true,false,false,false,false,0
historical121,d00037,M4,44,a5_reanswer,M11:103,M11,single,true,true,2,scored,complete,fec38c7d29f65ff49b4c5dda9ec70ed2596f682aa789d49a47da3967e8fc2e78,false,,false,false,true,true,false,false,false,false,0
historical121,d00085,M4,44,a5_reanswer,M11:103,M11,single,true,true,1,scored,complete,510cadc5629720716d3c5372b2ddb68c34167d4145e38f6a916b5b7c5d76eb32,false,,false,false,true,true,false,false,false,false,0
historical121,d00048,M4,44,a5_reanswer,M11:103,M11,single,true,true,1,scored,complete,d1b39b283b52e84a4051355209940303ccdfb0307c05ec3f208989924bb5d6e2,false,,false,false,true,true,false,false,false,false,0
historical121,d00075,M4,44,a5_reanswer,M11:126,M11,single,false,true,6,scored,complete,2c1f609bf34ff203bbe512dee6a49e0310bcd5e7cb7e5e4c9039c71c3097d231,false,,false,false,true,false,false,false,false,false,0
historical121,d00116,M4,44,a5_reanswer,M11:126,M11,single,false,true,1,scored,complete,31a928069e04e4b1f71593d7e8d75f9e61100992eb8cd2b125f324881f84225b,false,,false,true,true,false,false,false,false,false,1
historical121,d00114,M4,44,a5_reanswer,M11:126,M11,single,false,true,1,scored,complete,af644fecf265018b15b1df6bc1ed0402f02839ef3a2ec61699a13f04a0281792,false,,false,true,true,false,false,false,false,false,1
historical121,d00107,M4,44,a5_reanswer,M11:126,M11,single,false,true,1,scored,complete,7f66289774b633bb2115008606496f2b926984eac6de4d474ba2cb6bbe956550,false,,false,true,true,false,false,false,false,false,1
historical121,d00082,M4,44,a5_reanswer,M11:126,M11,single,false,true,1,scored,complete,7a853e575822ad113ee98e969c96f24fa651cc626f2b36391881dbd7ed03a06a,false,,false,true,true,false,false,false,false,false,1
historical121,d00030,M4,44,a5_reanswer,M11:126,M11,single,false,true,1,scored,complete,30a0dcaf51765f43d3b4e12f54c3c3bb84c19c0d735243296ca380f39f96807f,false,,false,true,true,false,false,false,false,false,1
historical121,d00076,M4,44,a5_reanswer,M11:126,M11,single,false,true,1,scored,complete,bd8e12b35de1fcb4a9bdb354c9d7d0d9b89e477e692897fad7fbf3e08c53c1cd,false,,false,true,true,false,false,false,false,false,1
historical121,d00105,M4,44,a5_reanswer,M11:141,M11,single,true,true,8,scored,complete,f578be14109a88cc3c4b577eb11a9f9c5d2ceccef68b1b88b48d90f1746a8681,false,,false,false,true,true,false,false,false,false,0
historical121,d00012,M4,44,a5_reanswer,M11:141,M11,single,true,true,1,scored,complete,6dffa9f1335d5fa5037f920ce62ffbddea1b739d06fb99cfa30458c850827df2,false,,false,false,true,true,false,false,false,false,0
historical121,d00079,M4,44,a5_reanswer,M11:141,M11,single,true,true,1,scored,complete,3cb474c9df153d7c6c8ba669cfef3f8e3a6d4d9bf628a20ab5275ba392eb2d41,false,,false,false,true,true,false,false,false,false,0
historical121,d00066,M4,44,a5_reanswer,M11:141,M11,single,true,true,1,scored,complete,d4c200c56a587bbf69b951005567742492e7d59fc0a28a9ed67e9eefc9141093,false,,false,false,true,true,false,false,false,false,0
historical121,d00087,M4,44,a5_reanswer,M11:141,M11,single,true,true,1,scored,complete,acb4ac6029413f669e9795c36dfc7d4c65375828a9c0ab2e433bd3e1ec4aef63,false,,false,true,true,true,false,false,false,false,1
historical121,d00044,M4,44,a5_reanswer,M11:141,M11,single,true,true,1,scored,complete,53564eab94d216c30c0890444891ff4a04820fc5f37e00a11b198c44a197ea60,false,,false,false,true,true,false,false,false,false,0
historical121,d00102,M4,44,a5_reanswer,M11:141,M11,single,true,true,1,scored,complete,6e6da2d9e8903689a6d678ee766bcdaa12cb0291dedf80e1d86a8a343072db6a,false,,false,false,true,true,false,false,false,false,0
historical121,d00092,M4,44,a5_reanswer,M11:141,M11,single,true,true,1,scored,complete,a3b4a322efac607d178663d74b6079f47e6be9893572aa65d7ded6072930109f,false,,false,false,true,true,false,false,false,false,0
historical121,d00001,M4,44,a5_reanswer,M11:141,M11,single,true,true,1,scored,complete,92cf6a3f4b6c000fa6f9e582f1b35fddd2f06e1b3e6c39fb9de19ce8ebdf17a2,false,,false,false,true,true,false,false,false,false,0
historical121,d00084,M4,44,a5_reanswer,M20:6,M20,relation,false,true,4,scored,complete,0357642161bc1560aa6b9fcda1c662c08d7cba5ae194d48bbc3b5053f4586b38,false,,false,false,true,false,false,false,false,false,0
historical121,d00094,M4,44,a5_reanswer,M20:6,M20,relation,true,true,1,scored,complete,77505afaa4c611c51449d401629fce69fa426c31a5a0825538d2d20c0d1bee99,false,,false,true,true,true,false,false,false,false,1
historical121,d00088,M4,44,a5_reanswer,M20:6,M20,relation,true,true,1,scored,complete,f34c29bab67a707c3c9836db8f44454451cd92011c38f78e4ab260d2f1ae9410,false,,false,true,true,true,false,false,false,false,1
historical121,d00026,M4,44,a5_reanswer,M20:6,M20,relation,true,true,1,scored,complete,b91c54c4fc726a6d5cfaf7b04b26407a22ac06cd2392bf40c243cb04a09a41f9,false,,false,false,true,true,false,false,false,false,0
historical121,d00081,M4,44,a5_reanswer,M20:6,M20,relation,true,true,1,scored,complete,7d0e92ce0866d98053d32caa350d158252d35aaff87bbe83e668878de06a8b08,false,,false,false,true,true,false,false,false,false,0
historical121,d00112,M4,44,a5_reanswer,M20:22,M20,relation,true,true,4,scored,complete,460aefa6b873404f33b57cb0484f92d44c30bcfcf2eff814d9f94d5f868ee979,false,,false,false,true,true,false,false,false,false,0
historical121,d00014,M4,44,a5_reanswer,M20:22,M20,relation,true,true,1,scored,complete,7b86aa88ff8f4794dd8c2267264ecf70496b3ba35046ae41b8de29e8f5f1272e,false,,false,true,true,true,false,false,false,false,1
historical121,d00005,M4,44,a5_reanswer,M20:22,M20,relation,true,true,1,scored,complete,5f7df05b3600b3ebc708e9692e1631f25dd4390341a27cbf9523a77c8deb7d17,false,,false,false,true,true,false,false,false,false,0
historical121,d00063,M4,44,a5_reanswer,M20:22,M20,relation,true,true,1,scored,complete,181de39da95ebc3e306ce5499340865215122a19d2e039d62d8e696d6692354a,false,,false,true,true,false,true,false,false,false,1
historical121,d00117,M4,44,a5_reanswer,M20:22,M20,relation,true,true,1,scored,complete,0c4482f502a6f17c67f963bd34c814c94c839af30aa7063d8d1cd223cb78b49c,false,,false,false,true,true,false,false,false,false,0
historical121,d00040,M4,44,a5_reanswer,M06:supplement_N20,M06,single,false,true,1,scored,complete,2f9736a92f555808b35150c178293c80ac8e315fa1c177bbfd0b9a08af8aa570,false,,false,false,true,false,false,false,false,false,0
historical121,d00042,M4,44,a5_reanswer,M06:supplement_N48,M06,single,true,true,1,scored,complete,cebc4609852dd2511c2be46ece3a13e5af6d9227fd1764c66bc3c2c1cd3de5db,false,,false,false,true,true,false,false,false,false,0
historical121,d00067,M4,44,a5_reanswer,M17:usmle_derm_327,M17,single,true,true,2,scored,complete,1fd0cc53d6047593772891570b80063b9c613ed28627fa20ce9771a65e737aed,false,,false,false,true,true,false,false,false,false,0
historical121,d00027,M4,44,a5_reanswer,M17:usmle_derm_327,M17,single,true,true,2,scored,complete,6421796944c729a56b46f036576e425d47425417bf0ee6b8230e7bf79e46ae4f,false,,false,false,true,true,false,false,false,false,0
historical121,d00022,M4,44,a5_reanswer,M17:usmle_derm_327,M17,single,true,true,2,scored,complete,5271c51d4c31c495f73663a69fec7e9ec6faa51dc0a5218595a50cd58a01d0a8,false,,false,false,true,true,false,false,false,false,0
historical121,d00056,M4,44,a5_reanswer,M17:usmle_derm_327,M17,single,true,true,1,scored,complete,e94fb4f233a4e415056e0cf08b1a5498c576978be409ef32fb4b0a04b2ac1b01,false,,false,false,true,true,false,false,false,false,0
historical121,d00097,M4,44,a5_reanswer,M17:usmle_derm_327,M17,single,true,true,1,scored,complete,d6bc81c101b612032575e2a13ca8870be1de2b6521400113be54f2ccda8834ee,false,,false,false,true,true,false,false,false,false,0
historical121,d00053,M4,44,a5_reanswer,M17:usmle_derm_327,M17,single,true,true,1,scored,complete,21ae0979e53c6cb7cf263055a152744c0aeff41c4d89080129cf90c8812962f5,false,,false,false,true,true,false,false,false,false,0
historical121,d00020,M4,44,a5_reanswer,M17:usmle_derm_327,M17,single,true,true,1,scored,complete,a63fd7c97514c0c4d4e836570e71886d5a5b3baaf235e1308214e44f6ad5f940,false,,false,false,true,true,false,false,false,false,0
historical121,d00119,M4,44,a5_reanswer,M17:usmle_derm_327,M17,single,true,true,1,scored,complete,724b5419c94d450b1dfe255692faa945b98b85833741874f783c82019b665bc6,false,,false,false,true,true,false,false,false,false,0
historical121,d00033,M4,44,a5_reanswer,M17:usmle_derm_327,M17,single,false,true,1,scored,complete,6bebceaf40ef866d005b58f8b553b964e7ed47469fc2fe7ca7c9132e4b5f73e5,false,,false,true,true,true,false,true,false,false,1
historical121,d00083,M4,44,a5_reanswer,M17:usmle_derm_991,M17,single,true,true,1,scored,complete,1655270449820026f4022ef20717e9f7ad4572e3c16c73c2f221e80b5476885b,false,,false,false,true,true,false,false,false,false,0
historical121,d00006,M4,44,a5_reanswer,M17:usmle_derm_991,M17,single,true,true,1,scored,complete,a4315e69c38b75597b39e81e182b01bf1dce7183242e68113b760ef231c0d5c9,false,,false,false,true,true,false,false,false,false,0
historical121,d00043,M4,44,a5_reanswer,M17:usmle_derm_991,M17,single,true,true,1,scored,complete,debf65729a7e96b36fc16584e458a3abb6fe0f8e7c66d264d897d3e2a83f1509,false,,false,false,true,true,false,false,false,false,0
historical121,d00099,M4,44,a5_reanswer,M17:usmle_derm_991,M17,single,true,true,1,scored,complete,0a22a54340bad60b04fdd62a6c377f6d8df8eddcf07937f92886538acc137abb,false,,false,false,true,true,false,false,false,false,0
historical121,d00118,M4,44,a5_reanswer,M17:usmle_derm_991,M17,single,true,true,1,scored,complete,34fee0d3a930532cc3e727e474dbdce366e8afe6a12513c4a0057478512963d4,false,,false,false,true,true,false,false,false,false,0
historical121,d00064,M4,44,a5_reanswer,M17:usmle_derm_991,M17,single,true,true,1,scored,complete,f289dac4a07a10eebf0f8f6edeff6aebd57f62d5dbb840a384ff045e566a15fd,false,,false,false,true,true,false,false,false,false,0
historical121,d00000,M5,,baseline,M02:M02:DDI-CF-CN-001-A,M02,multi,true,true,1,scored,cached_baseline,2eaff33201aeac3e1444bc7ec0bf2844592b3b6bda88b85306d16e832af3638a,false,,false,,,true,false,false,false,false,0
historical121,d00001,M5,,baseline,M11:141,M11,single,true,true,1,scored,cached_baseline,29515b903c63ecbd9660715685726cdbcb0aff910e128a6d3b76af557b05fd49,false,,false,,,true,false,false,false,false,0
historical121,d00002,M5,,baseline,M12:54,M12,single,true,true,3,scored,cached_baseline,2194164d220207358b011d0c336f82466718b101c2c24ee8d9a6f7ab1ebe6357,false,,false,,,true,false,false,false,false,0
historical121,d00003,M5,,baseline,M22:mmlu/professional_medicine-205,M22,robustness_single,true,true,1,scored,cached_baseline,3799e1f033af37983fd3f5d0b60299e19e5fb526d44337301dcac74e3fa608f5,false,,false,,,true,false,false,false,false,0
historical121,d00004,M5,,baseline,M10:medqa_00219,M10,single,false,true,1,scored,cached_baseline,a18f33bf795c1cdb336f7bcda2a4ef8a447aa4f5a8ac09fb290ad34cbb96ab35,false,,false,,,false,false,false,false,false,0
historical121,d00005,M5,,baseline,M20:22,M20,relation,true,true,1,scored,cached_baseline,f53abcff881be974a6f341aff85b5131ee519b69467b3dd7ff9a7f3df7f22c35,false,,false,,,true,false,false,false,false,0
historical121,d00006,M5,,baseline,M17:usmle_derm_991,M17,single,true,true,1,scored,cached_baseline,9077da19db1bcf4db4e783f43ebc94f910a0c15e934063c716ad779019339cd8,false,,false,,,true,false,false,false,false,0
historical121,d00007,M5,,baseline,M14:exact_source_text:749,M14,single,false,true,1,scored,cached_baseline,677e55bac646d471c8f9a691c1803c9f96027d39bb57f18f328ec806228d705b,false,,false,,,false,false,false,false,false,0
historical121,d00008,M5,,baseline,M01:case_47649,M01,diagnosis,true,true,1,scored,cached_baseline,b56caf9fca4a4863b34541d56da5e2f00c38a24a49f5cd6e658d969fc60b2ae1,false,,false,,,true,false,false,false,false,0
historical121,d00009,M5,,baseline,M10:medqa_01246,M10,single,true,true,1,scored,cached_baseline,662325cb011824a3f5bb7cdd77208999b5468459d8d1d320164003822de5ffe0,false,,false,,,true,false,false,false,false,0
historical121,d00010,M5,,baseline,M12:758,M12,single,false,true,1,scored,cached_baseline,bb59b840f478e75b905f3ed4edc7d813be1b549e7a0e95afaa322a7963b5326d,false,,false,,,false,false,false,false,false,0
historical121,d00011,M5,,baseline,M01:case_47649,M01,diagnosis,false,true,1,scored,cached_baseline,363c100ba8d1c0372d9ec7a531b4de1b66565383e0e0c74c5d02a9ff796663ac,false,,false,,,false,false,false,false,false,0
historical121,d00012,M5,,baseline,M11:141,M11,single,true,true,1,scored,cached_baseline,018b32478fcb8357b6287704c3a2c3d9aa96bc512b6609f4a77d06748d73a476,false,,false,,,true,false,false,false,false,0
historical121,d00013,M5,,baseline,M10:medqa_01246,M10,single,true,true,1,scored,cached_baseline,795823c3a6786ee22ca10663a1ca2e1fb3424cb640d7349e031a363c10361120,false,,false,,,true,false,false,false,false,0
historical121,d00014,M5,,baseline,M20:22,M20,relation,true,true,1,scored,cached_baseline,aae80ab4a8c03e6a6d6221cb0562a8950f78aaf469c811b6b16bf25f83f60588,false,,false,,,true,false,false,false,false,0
historical121,d00015,M5,,baseline,M14:exact_source_text:936,M14,single,false,true,1,scored,cached_baseline,b9bb5f12ada92007a5a2099c772b3316b58cd74a7cb8f8176a40955dca16ae05,false,,false,,,false,false,false,false,false,0
historical121,d00016,M5,,baseline,M12:648,M12,single,true,true,2,scored,cached_baseline,56e728ecb0a625541ae3d49f5bb1d37d1bdda4d58ac2073fbd6ed8cf68bb97bc,false,,false,,,true,false,false,false,false,0
historical121,d00017,M5,,baseline,M12:725,M12,single,true,true,1,scored,cached_baseline,1dedacc5a8222ac2001564536fd8b6167a62b55444a98b9ab41097d5d134bb77,false,,false,,,true,false,false,false,false,0
historical121,d00018,M5,,baseline,M02:M02:CS-CF-AP-002-B,M02,multi,true,true,1,scored,cached_baseline,557485defff7b1776e7cf7a4ad6ef92a7e47cdb8b091a4091606c739eed5e96d,false,,false,,,true,false,false,false,false,0
historical121,d00019,M5,,baseline,M12:660,M12,single,true,true,1,scored,cached_baseline,2076c3610ee654b214d953d5d0cd180d8f9ae56b66adc9263f6bb9aa7ff84445,false,,false,,,true,false,false,false,false,0
historical121,d00020,M5,,baseline,M17:usmle_derm_327,M17,single,true,true,1,scored,cached_baseline,c74bf01bb061325c343aaf67aa17a87792402f7dd6e5507e6de161ac3e103977,false,,false,,,true,false,false,false,false,0
historical121,d00021,M5,,baseline,M01:case_93766,M01,diagnosis,true,true,1,scored,cached_baseline,7cd47eaad9ebc950af7a7c76d7e5d9a6db77e2ae731ea67c030a9e17464e342c,false,,false,,,true,false,false,false,false,0
historical121,d00022,M5,,baseline,M17:usmle_derm_327,M17,single,true,true,2,scored,cached_baseline,2fcb6aabeae77a2c3b9fa467ef78cb49505683c557e34e560fc9e729844f7635,false,,false,,,true,false,false,false,false,0
historical121,d00023,M5,,baseline,M23:BioNLI:exact_context:1899,M23,single,true,true,1,scored,cached_baseline,bed3d4410073ef94c7a6c8c27c5aa535cb453fe78d4283fd13ca0a113626d073,false,,false,,,true,false,false,false,false,0
historical121,d00024,M5,,baseline,M12:54,M12,single,true,true,1,scored,cached_baseline,3f62e7394a83f8133cd7104df121ca57128e402730ccb47546daca579df46162,false,,false,,,true,false,false,false,false,0
historical121,d00025,M5,,baseline,M12:648,M12,single,true,true,1,scored,cached_baseline,40f222e66573457253fb8860531a5b705e4229a3e4107e289a35d6dccbb49c6f,false,,false,,,true,false,false,false,false,0
historical121,d00026,M5,,baseline,M20:6,M20,relation,false,true,1,scored,cached_baseline,021fc70595e4073d4eb5c9ef232fc33e4cdd0f82095c3b9298673431fe88e0dc,false,,false,,,false,false,false,false,false,0
historical121,d00027,M5,,baseline,M17:usmle_derm_327,M17,single,true,true,2,scored,cached_baseline,dd6ebe0900b57b0109b885f1424d3174979f95660ad2297ff8adb2322a25b984,false,,false,,,true,false,false,false,false,0
historical121,d00028,M5,,baseline,M12:725,M12,single,true,true,1,scored,cached_baseline,657c73aacff53c89a584d596547986830bab2f88981641fa57fb85d28411924b,false,,false,,,true,false,false,false,false,0
historical121,d00029,M5,,baseline,M14:exact_source_text:20,M14,single,true,true,1,scored,cached_baseline,37af08fc58fb7f9a6d1df5b772ba28b89a74b3e3c180b3fed007ff69a3184f6c,false,,false,,,true,false,false,false,false,0
historical121,d00030,M5,,baseline,M11:126,M11,single,false,true,1,scored,cached_baseline,b1d2f5f46736cb85788369e837a34ab288fd089cb2a453b606a656d74b43a145,false,,false,,,false,false,false,false,false,0
historical121,d00031,M5,,baseline,M11:78,M11,single,true,true,1,scored,cached_baseline,8fe79fa2ad93d4ecafc99154d841a05c73c725bc9ccd445d82906b5235f171dc,false,,false,,,true,false,false,false,false,0
historical121,d00032,M5,,baseline,M14:exact_source_text:555,M14,single,true,true,1,scored,cached_baseline,f58da3aacaefb5546a25778f1a08cdd5a3b0c1960c25c26cba63b8b3d1a6c09b,false,,false,,,true,false,false,false,false,0
historical121,d00033,M5,,baseline,M17:usmle_derm_327,M17,single,false,true,1,scored,cached_baseline,af6d1ef1d376bb0c874e6f7a99b982bcc8b154ec44da4ab78d650762715b9594,false,,false,,,false,false,false,false,false,0
historical121,d00034,M5,,baseline,M11:78,M11,single,true,true,1,scored,cached_baseline,4b15b791b341676b7c964660169d83bc5eaa58ecb7ccd6fb8eb39b0d8d2ab8b1,false,,false,,,true,false,false,false,false,0
historical121,d00035,M5,,baseline,M01:case_24951,M01,diagnosis,false,true,1,scored,cached_baseline,defc32f201f5697726a74a90cf2dfe87af54f65f9c8a19eacaee9eb28718f2b3,false,,false,,,false,false,false,false,false,0
historical121,d00036,M5,,baseline,M12:12,M12,single,false,true,1,scored,cached_baseline,5cb9ef164a4d673fa4d1f76ebd380df2aaf95cbf52235f7bf8501bc07149a35a,false,,false,,,false,false,false,false,false,0
historical121,d00037,M5,,baseline,M11:103,M11,single,true,true,2,scored,cached_baseline,75cfad908ea5c6a5af21e65c3c7d6668545060f568feaee7490ce28f834cc0b7,false,,false,,,true,false,false,false,false,0
historical121,d00038,M5,,baseline,M22:mmlu/professional_medicine-205,M22,robustness_single,true,true,1,scored,cached_baseline,190c4ec9492e7b8a498db8d14fda72454afef05a8cd5a9bc477229cf729cad8c,false,,false,,,true,false,false,false,false,0
historical121,d00039,M5,,baseline,M12:725,M12,single,false,true,4,scored,cached_baseline,a190b566b35799e55ea455122a8c5b2845beb70488675770892acf61ea02c0e1,false,,false,,,false,false,false,false,false,0
historical121,d00040,M5,,baseline,M06:supplement_N20,M06,single,true,true,1,scored,cached_baseline,dc75bb08a752a61c2ab257577edd43750218a26b3e333fd93740766c5af932c2,false,,false,,,true,false,false,false,false,0
historical121,d00041,M5,,baseline,M23:BioNLI:exact_context:2298,M23,single,true,true,1,scored,cached_baseline,b095e8b46b55120b487a0a8d86ba8354c5048cb6f06c2cb61280238cdc9ae776,false,,false,,,true,false,false,false,false,0
historical121,d00042,M5,,baseline,M06:supplement_N48,M06,single,false,true,1,scored,cached_baseline,3c1d2efa79315caf65827187d9c50c56b2eec10a56fb0ce71b7bb11ef588a4ec,false,,false,,,false,false,false,false,false,0
historical121,d00043,M5,,baseline,M17:usmle_derm_991,M17,single,true,true,1,scored,cached_baseline,b73654efc51406d38e8d9442cb9222c385c0bfe20fddea838a947724c795102f,false,,false,,,true,false,false,false,false,0
historical121,d00044,M5,,baseline,M11:141,M11,single,true,true,1,scored,cached_baseline,6709781c0ff934debf87dd7d58c084aa61860a8ebc99c4f2d7738e889d33b8ef,false,,false,,,true,false,false,false,false,0
historical121,d00045,M5,,baseline,M11:78,M11,single,true,true,5,scored,cached_baseline,afb316c574c9f129f40fec68a989d8545d966e05844aa33439b389a848504e0b,false,,false,,,true,false,false,false,false,0
historical121,d00046,M5,,baseline,M22:bioasq/63f9cbb433942b094c00000c,M22,robustness_single,true,true,1,scored,cached_baseline,afe54336b34066dca71cdef26cef1cd7392cbd054b04182680fe588f829209a7,false,,false,,,true,false,false,false,false,0
historical121,d00047,M5,,baseline,M02:M02:SS-CF-PD-002-POS,M02,multi,true,true,1,scored,cached_baseline,0cc2bd8f44460b953324977fdb2bd2039b56ec6782dcbe90183ddfa736eb953a,false,,false,,,true,false,false,false,false,0
historical121,d00048,M5,,baseline,M11:103,M11,single,true,true,1,scored,cached_baseline,a8fef80dfd4e379143882b909bb37129978c8beb90c6fcea40991691cf206efd,false,,false,,,true,false,false,false,false,0
historical121,d00049,M5,,baseline,M12:725,M12,single,false,true,1,scored,cached_baseline,9c972116a5f11a4792d6bcb0137f84b6c0b902fd07f55315e69947b80d54f23d,false,,false,,,false,false,false,false,false,0
historical121,d00050,M5,,baseline,M02:M02:RK-CF-TMP-001-B,M02,multi,,false,1,not_scored,cached_baseline,,false,,false,,,,false,false,false,false,0
historical121,d00051,M5,,baseline,M01:case_79632,M01,diagnosis,false,true,1,scored,cached_baseline,7cd47eaad9ebc950af7a7c76d7e5d9a6db77e2ae731ea67c030a9e17464e342c,false,,false,,,false,false,false,false,false,0
historical121,d00052,M5,,baseline,M02:M02:RK-CF-ENO-001-A,M02,multi,true,true,1,scored,cached_baseline,faa73fd3e222f1898004eb07f89208a9f333a77f368acfe94993a036c0dee3a5,false,,false,,,true,false,false,false,false,0
historical121,d00053,M5,,baseline,M17:usmle_derm_327,M17,single,false,true,1,scored,cached_baseline,169d03a5968f66883023e873225cbbd686f9a7f660caf6d4c8e3d9032ab663c1,false,,false,,,false,false,false,false,false,0
historical121,d00054,M5,,baseline,M14:exact_source_text:936,M14,single,true,true,1,scored,cached_baseline,233e3d7ede198e5390c1bcca5b57419fb442b531a76c7045f3fd3ad4ad90bc5a,false,,false,,,true,false,false,false,false,0
historical121,d00055,M5,,baseline,M12:660,M12,single,true,true,3,scored,cached_baseline,2a000eab157decf08a9468924f6de37a62922bd2eb2972d04a2b16bfa9c3e358,false,,false,,,true,false,false,false,false,0
historical121,d00056,M5,,baseline,M17:usmle_derm_327,M17,single,true,true,1,scored,cached_baseline,9c762aa3115e0918e40a8ea4d5732854b4cc6173585749f97135bb9a26a45944,false,,false,,,true,false,false,false,false,0
historical121,d00057,M5,,baseline,M12:660,M12,single,false,true,1,scored,cached_baseline,e345dafaf806d289ca46e539e9fd76541a48f5ade80e7fc204f78ebf0e8936f9,false,,false,,,false,false,false,false,false,0
historical121,d00058,M5,,baseline,M12:758,M12,single,true,true,3,scored,cached_baseline,7548c96787c8e0fb10bea3ef03b5cde1c37ca60d8614c4d0dda8f6327d035c68,false,,false,,,true,false,false,false,false,0
historical121,d00059,M5,,baseline,M12:758,M12,single,false,true,1,scored,cached_baseline,3f4168808b90203c6552ea337a18bb145a21cc9d16ccd515577adc5af9103cd3,false,,false,,,false,false,false,false,false,0
historical121,d00060,M5,,baseline,M12:725,M12,single,false,true,1,scored,cached_baseline,b92e2c156d2a7d10f7f4ea52da3e9a4796cd3e6c5b2c9d865f4b2db269ecf061,false,,false,,,false,false,false,false,false,0
historical121,d00061,M5,,baseline,M11:78,M11,single,true,true,1,scored,cached_baseline,2ee4800a50ff3afb9ce23dcf3c81aaae4cf4b73e4eb2ebd0b3bf7fd48afb2510,false,,false,,,true,false,false,false,false,0
historical121,d00062,M5,,baseline,M22:bioasq/63f9cbb433942b094c00000c,M22,robustness_single,true,true,1,scored,cached_baseline,ae263ef17b477d9af9aa2ed96ab6a99be9087fa98c0d11754852c6cbb27bdf53,false,,false,,,true,false,false,false,false,0
historical121,d00063,M5,,baseline,M20:22,M20,relation,true,true,1,scored,cached_baseline,9700de3777ae0a03a08e64b391c36a7bbdc062f3cc2816f7809503ae49142e47,false,,false,,,true,false,false,false,false,0
historical121,d00064,M5,,baseline,M17:usmle_derm_991,M17,single,true,true,1,scored,cached_baseline,9aeac195cdb992b90b9bb8fdcece37f4182abc193fde8af8dde802faffe539c1,false,,false,,,true,false,false,false,false,0
historical121,d00065,M5,,baseline,M14:exact_source_text:749,M14,single,false,true,1,scored,cached_baseline,b7d8ad810227024ecfe40c14e3f65a294f4efe2e7c3aa15ee59bef22c2378248,false,,false,,,false,false,false,false,false,0
historical121,d00066,M5,,baseline,M11:141,M11,single,true,true,1,scored,cached_baseline,942b498a206f9f16ff7ded21f700dfdad171339639c4f49e93ad37783cc489d4,false,,false,,,true,false,false,false,false,0
historical121,d00067,M5,,baseline,M17:usmle_derm_327,M17,single,true,true,2,scored,cached_baseline,bfd60a98e25352cade531b6a9d4a643af76f8150c847635af4dae8b2d6010259,false,,false,,,true,false,false,false,false,0
historical121,d00068,M5,,baseline,M01:case_24951,M01,diagnosis,true,true,1,scored,cached_baseline,7be24aff515979b05756f428b1ed646304fea3444ae672f9f040d49833fd0543,false,,false,,,true,false,false,false,false,0
historical121,d00069,M5,,baseline,M23:BioNLI:exact_context:2298,M23,single,true,true,1,scored,cached_baseline,b8f78d571619e3e37ff2773cde7c6eef3602d1e52174a521a2faa5e562c814a6,false,,false,,,true,false,false,false,false,0
historical121,d00070,M5,,baseline,M01:case_79632,M01,diagnosis,false,true,1,scored,cached_baseline,7cd47eaad9ebc950af7a7c76d7e5d9a6db77e2ae731ea67c030a9e17464e342c,false,,false,,,false,false,false,false,false,0
historical121,d00071,M5,,baseline,M10:medqa_00219,M10,single,false,true,1,scored,cached_baseline,f00a2695ccc77db1e29c5716d7463d21c2e9c3bcf9c2aa244ef54bf7ed41886a,false,,false,,,false,false,false,false,false,0
historical121,d00072,M5,,baseline,M12:660,M12,single,false,true,1,scored,cached_baseline,9fdc9724a394553d037f35c6504030c92b2882444047116b096fc97c89d382ca,false,,false,,,false,false,false,false,false,0
historical121,d00073,M5,,baseline,M22:mmlu/professional_medicine-205,M22,robustness_single,true,true,1,scored,cached_baseline,524a60d50c3c420332b1d3b271e5173dab68c862facb99a57d6f3737cd1694e8,false,,false,,,true,false,false,false,false,0
historical121,d00074,M5,,baseline,M11:78,M11,single,true,true,1,scored,cached_baseline,d5e28aca16925dc4fb97eff31dc2a44a231f147a6c5ba0e8b078fcc5593b3009,false,,false,,,true,false,false,false,false,0
historical121,d00075,M5,,baseline,M11:126,M11,single,false,true,6,scored,cached_baseline,92279561cfd45cc7e89bf00328d07ec4e1d0481f8e225e2f5d7c0b35eb4a88bb,false,,false,,,false,false,false,false,false,0
historical121,d00076,M5,,baseline,M11:126,M11,single,false,true,1,scored,cached_baseline,0ea89edc468a5b8f2620a80e77100bd5321c90d3390389ea68c68656c4f54cdf,false,,false,,,false,false,false,false,false,0
historical121,d00077,M5,,baseline,M01:case_93766,M01,diagnosis,true,true,1,scored,cached_baseline,5a4775f013fc144cd6a1f8d70e09875138f9432db393b692dddd4a2a09e6107b,false,,false,,,true,false,false,false,false,0
historical121,d00078,M5,,baseline,M22:bioasq/63f9cbb433942b094c00000c,M22,robustness_single,true,true,1,scored,cached_baseline,ae5bd8fcfe8931a807b4360619deecb7351c53dd4c3b301a098b67dfaac174fb,false,,false,,,true,false,false,false,false,0
historical121,d00079,M5,,baseline,M11:141,M11,single,true,true,1,scored,cached_baseline,f8b95528dbd60a4c7722ae902484e19aff44b42792fccb370492c81856cd5841,false,,false,,,true,false,false,false,false,0
historical121,d00080,M5,,baseline,M22:mmlu/professional_medicine-205,M22,robustness_single,true,true,1,scored,cached_baseline,644d49a70cfbf5d0a053a8794944a6cc9638f7b64ffe3873dff8a72910b0badd,false,,false,,,true,false,false,false,false,0
historical121,d00081,M5,,baseline,M20:6,M20,relation,false,true,1,scored,cached_baseline,250abe5f14962dc18e2551aecae3d1a0fbd6a0da33ef0bdfb33575d8b3a62b66,false,,false,,,false,false,false,false,false,0
historical121,d00082,M5,,baseline,M11:126,M11,single,false,true,1,scored,cached_baseline,cf5d4b13e6387694e5c4a554072a56f912e721a096377aa83c8d6e17ad9f6316,false,,false,,,false,false,false,false,false,0
historical121,d00083,M5,,baseline,M17:usmle_derm_991,M17,single,true,true,1,scored,cached_baseline,99f5c38182aa29be9e5f12d6783b3849ffd9fedf6faf72b21b9c3a356abfc0e7,false,,false,,,true,false,false,false,false,0
historical121,d00084,M5,,baseline,M20:6,M20,relation,false,true,4,scored,cached_baseline,8388c35a93273f16f819afa8ac497de323eaf2bbcfddaeff8e5ec96146513865,false,,false,,,false,false,false,false,false,0
historical121,d00085,M5,,baseline,M11:103,M11,single,true,true,1,scored,cached_baseline,17d98fdfc9515dde55bb43cffad3e882a822739cbbbc55761e6d0fbdbbaad349,false,,false,,,true,false,false,false,false,0
historical121,d00086,M5,,baseline,M12:54,M12,single,true,true,1,scored,cached_baseline,c8fd64809924e1faa10746aaf48b8742f479654592d2bc7b7bf391549efdbc70,false,,false,,,true,false,false,false,false,0
historical121,d00087,M5,,baseline,M11:141,M11,single,false,true,1,scored,cached_baseline,558d3d8c270594c70cdbb9d65600fcb72213efba7526c1369048f041f9f2d4e8,false,,false,,,false,false,false,false,false,0
historical121,d00088,M5,,baseline,M20:6,M20,relation,false,true,1,scored,cached_baseline,f1e8b31c14433a8613a867748cab1bfd8456ff069bbf063dc034f8572d80624f,false,,false,,,false,false,false,false,false,0
historical121,d00089,M5,,baseline,M12:12,M12,single,false,true,1,scored,cached_baseline,76e2d05f2de9e69d440e1e82d49fe34427a17093aea259a6e48f367f0c36f82a,false,,false,,,false,false,false,false,false,0
historical121,d00090,M5,,baseline,M10:medqa_00275,M10,single,true,true,1,scored,cached_baseline,b27c88c11733489e3d09e20b1603d61315798cdf3c83c7c4bfb887cd3d658d85,false,,false,,,true,false,false,false,false,0
historical121,d00091,M5,,baseline,M23:BioNLI:exact_context:1899,M23,single,true,true,1,scored,cached_baseline,80c944a6d9abde3d906ec37e45e0f6dbf89ae29673af105aa2533ea97c877d13,false,,false,,,true,false,false,false,false,0
historical121,d00092,M5,,baseline,M11:141,M11,single,true,true,1,scored,cached_baseline,a91ab5da9db830e124e861446743d01f46d0d4fa979c0765b0ed22dfa78adabd,false,,false,,,true,false,false,false,false,0
historical121,d00093,M5,,baseline,M14:exact_source_text:20,M14,single,true,true,1,scored,cached_baseline,0db2c323bee12a904c3e3e84bf1e316c952fa9a2c062d554d765cf2ae37ad92b,false,,false,,,true,false,false,false,false,0
historical121,d00094,M5,,baseline,M20:6,M20,relation,false,true,1,scored,cached_baseline,65cb48f391dfab698625c9525dfa8f3681d3f89d58fcdefd078e42393fdc8d0c,false,,false,,,false,false,false,false,false,0
historical121,d00095,M5,,baseline,M02:M02:CS-CF-AD-001-B,M02,multi,true,true,1,scored,cached_baseline,321000425974e2272c8309386baa37c49659ca20476b0607ee921dbeae6cb935,false,,false,,,true,false,false,false,false,0
historical121,d00096,M5,,baseline,M02:M02:CS-CF-A1-002-B,M02,multi,true,true,1,scored,cached_baseline,d8c4e2652313ee1cf1f4f78192945b447473a32ac19f53ad11b12a2e25fa5e94,false,,false,,,true,false,false,false,false,0
historical121,d00097,M5,,baseline,M17:usmle_derm_327,M17,single,false,true,1,scored,cached_baseline,875390f5404cf10f32d2da774191e92604bbdc949b13732922a95e0896ed280c,false,,false,,,false,false,false,false,false,0
historical121,d00098,M5,,baseline,M02:M02:CS-CF-HF-001-A,M02,multi,true,true,1,scored,cached_baseline,7a36860e04a4b2201332e82dfcf1d8489d1c2215bd6d4384ac7c33673af6b7ce,false,,false,,,true,false,false,false,false,0
historical121,d00099,M5,,baseline,M17:usmle_derm_991,M17,single,true,true,1,scored,cached_baseline,aedb462fc318a86700f58acecb72989bd00307693ae9003f1aee867cf7257bc9,false,,false,,,true,false,false,false,false,0
historical121,d00100,M5,,baseline,M22:bioasq/63f9cbb433942b094c00000c,M22,robustness_single,true,true,1,scored,cached_baseline,697427cad506d5a7329dd83b18e04a601620c343a4a8db4eda236579be87a7e5,false,,false,,,true,false,false,false,false,0
historical121,d00101,M5,,baseline,M14:exact_source_text:555,M14,single,false,true,1,scored,cached_baseline,6d3da43c4bc90e255b5fdf70aaacf9a05f440c4f64b33af02bcfe12246875359,false,,false,,,false,false,false,false,false,0
historical121,d00102,M5,,baseline,M11:141,M11,single,true,true,1,scored,cached_baseline,9baa5035d560504410d13b5ca09b6da1eb18fea9e21ff96ad48f25a4dfcd7192,false,,false,,,true,false,false,false,false,0
historical121,d00103,M5,,baseline,M02:M02:CS-CF-NS-001-B,M02,multi,true,true,1,scored,cached_baseline,c392f5ad00250d0b7321055127cd22e3025636f6a8c03df5bce11e79f103e4c4,false,,false,,,true,false,false,false,false,0
historical121,d00104,M5,,baseline,M22:mmlu/professional_medicine-205,M22,robustness_single,true,true,1,scored,cached_baseline,8a51e3aca876d55f8be07f789fd916b48a331a8a2b54909dd6450e30e71826a5,false,,false,,,true,false,false,false,false,0
historical121,d00105,M5,,baseline,M11:141,M11,single,true,true,8,scored,cached_baseline,f1d152d45133412c77d01b61be1bfb3f33c3805d37f4d7723ae49787a76cb10b,false,,false,,,true,false,false,false,false,0
historical121,d00106,M5,,baseline,M22:bioasq/63f9cbb433942b094c00000c,M22,robustness_single,true,true,1,scored,cached_baseline,b5cde2eb95c6f104e78d6540cb008ffc02deb1947e576e6c638a9241df72b731,false,,false,,,true,false,false,false,false,0
historical121,d00107,M5,,baseline,M11:126,M11,single,false,true,1,scored,cached_baseline,ac608497963f6b85fc91ee322f4c8ae51b14623e4f5e197aa75ab98da9f17c92,false,,false,,,false,false,false,false,false,0
historical121,d00108,M5,,baseline,M22:mmlu/professional_medicine-205,M22,robustness_single,true,true,1,scored,cached_baseline,89b1d912b760c9704d59d9e9951719dccd24d6f1443cb48ab79b80d42e9d3b8d,false,,false,,,true,false,false,false,false,0
historical121,d00109,M5,,baseline,M12:54,M12,single,true,true,1,scored,cached_baseline,ab60d71b7be17f22eb57da49dd71d2675ace9aadf18fc749a2f7a0aceea40c0e,false,,false,,,true,false,false,false,false,0
historical121,d00110,M5,,baseline,M12:648,M12,single,false,true,1,scored,cached_baseline,0f61f26f42a0dde649e6427ba261e9a274d8932ff8b601b974217854e8c80fe7,false,,false,,,false,false,false,false,false,0
historical121,d00111,M5,,baseline,M11:78,M11,single,true,true,1,scored,cached_baseline,8c7b0d183a34c9a6a94a0c79de2c24039ad3d8fe9c0508076a4e13b26326a8aa,false,,false,,,true,false,false,false,false,0
historical121,d00112,M5,,baseline,M20:22,M20,relation,true,true,4,scored,cached_baseline,01e24aee316f188da007adc4744e50ed86132bfd3ab24c42aeae860efaa7542b,false,,false,,,true,false,false,false,false,0
historical121,d00113,M5,,baseline,M22:bioasq/63f9cbb433942b094c00000c,M22,robustness_single,true,true,1,scored,cached_baseline,0f22aefa3a9b1ca3607e87eb9d3f6548ac604de34a7a51e1e6a6fb4e64b403f7,false,,false,,,true,false,false,false,false,0
historical121,d00114,M5,,baseline,M11:126,M11,single,false,true,1,scored,cached_baseline,a5d85b16dc13270f77bf9e107daf349e3de0c4b72eac6081588413daf4b7e781,false,,false,,,false,false,false,false,false,0
historical121,d00115,M5,,baseline,M10:medqa_00275,M10,single,true,true,1,scored,cached_baseline,2f33c5601a4eee23fe2fc30cbc83b0dfb2575d285d40ea760ad00f4fcf9ff8be,false,,false,,,true,false,false,false,false,0
historical121,d00116,M5,,baseline,M11:126,M11,single,false,true,1,scored,cached_baseline,d057f85b3803b715100f151f4f0c4f7fe0197cb022299c7262b0af66661816a6,false,,false,,,false,false,false,false,false,0
historical121,d00117,M5,,baseline,M20:22,M20,relation,true,true,1,scored,cached_baseline,843160a8da71f427bb68fb92175809fb40a01396bd9800b29d17024018f8cc57,false,,false,,,true,false,false,false,false,0
historical121,d00118,M5,,baseline,M17:usmle_derm_991,M17,single,true,true,1,scored,cached_baseline,c289de3a7759fb79b7cdcb966f2e7722fe10bba6d1f1da5e450871618219d781,false,,false,,,true,false,false,false,false,0
historical121,d00119,M5,,baseline,M17:usmle_derm_327,M17,single,false,true,1,scored,cached_baseline,8bd5c5f6a3ed125f0661ffc09cad039a47793719ecd1f165d7c6a1fdc3aa25c6,false,,false,,,false,false,false,false,false,0
historical121,d00120,M5,,baseline,M12:758,M12,single,true,true,1,scored,cached_baseline,f25db2b0fe60c47c84451eee51af4d2065ccb99f9eb5070b6fac647735db5824,false,,false,,,true,false,false,false,false,0
historical121,d00000,M5,42,a5_reanswer,M02:M02:DDI-CF-CN-001-A,M02,multi,true,true,1,scored,complete,2eaff33201aeac3e1444bc7ec0bf2844592b3b6bda88b85306d16e832af3638a,false,,false,false,false,true,false,false,false,false,0
historical121,d00001,M5,42,a5_reanswer,M11:141,M11,single,true,true,1,scored,complete,29515b903c63ecbd9660715685726cdbcb0aff910e128a6d3b76af557b05fd49,false,,false,false,true,true,false,false,false,false,0
historical121,d00002,M5,42,a5_reanswer,M12:54,M12,single,true,true,3,scored,complete,2194164d220207358b011d0c336f82466718b101c2c24ee8d9a6f7ab1ebe6357,false,,false,false,true,true,false,false,false,false,0
historical121,d00003,M5,42,a5_reanswer,M22:mmlu/professional_medicine-205,M22,robustness_single,true,true,1,scored,complete,3799e1f033af37983fd3f5d0b60299e19e5fb526d44337301dcac74e3fa608f5,false,,false,false,true,true,false,false,false,false,0
historical121,d00004,M5,42,a5_reanswer,M10:medqa_00219,M10,single,false,true,1,scored,complete,a18f33bf795c1cdb336f7bcda2a4ef8a447aa4f5a8ac09fb290ad34cbb96ab35,false,,false,false,true,false,false,false,false,false,0
historical121,d00005,M5,42,a5_reanswer,M20:22,M20,relation,true,true,1,scored,complete,f53abcff881be974a6f341aff85b5131ee519b69467b3dd7ff9a7f3df7f22c35,false,,false,false,true,true,false,false,false,false,0
historical121,d00006,M5,42,a5_reanswer,M17:usmle_derm_991,M17,single,true,true,1,scored,complete,3676457054448e7c5ad4748f8b8964e61c2cb66272f858339bd03eb2d758a01c,false,,false,true,true,true,false,false,false,false,0
historical121,d00007,M5,42,a5_reanswer,M14:exact_source_text:749,M14,single,false,true,1,scored,complete,677e55bac646d471c8f9a691c1803c9f96027d39bb57f18f328ec806228d705b,false,,false,false,true,false,false,false,false,false,0
historical121,d00008,M5,42,a5_reanswer,M01:case_47649,M01,diagnosis,true,true,1,scored,complete,b56caf9fca4a4863b34541d56da5e2f00c38a24a49f5cd6e658d969fc60b2ae1,false,,false,false,false,true,false,false,false,false,0
historical121,d00009,M5,42,a5_reanswer,M10:medqa_01246,M10,single,true,true,1,scored,complete,662325cb011824a3f5bb7cdd77208999b5468459d8d1d320164003822de5ffe0,false,,false,false,true,true,false,false,false,false,0
historical121,d00010,M5,42,a5_reanswer,M12:758,M12,single,false,true,1,scored,complete,bb59b840f478e75b905f3ed4edc7d813be1b549e7a0e95afaa322a7963b5326d,false,,false,false,true,false,false,false,false,false,0
historical121,d00011,M5,42,a5_reanswer,M01:case_47649,M01,diagnosis,false,true,1,scored,complete,363c100ba8d1c0372d9ec7a531b4de1b66565383e0e0c74c5d02a9ff796663ac,false,,false,false,false,false,false,false,false,false,0
historical121,d00012,M5,42,a5_reanswer,M11:141,M11,single,true,true,1,scored,complete,018b32478fcb8357b6287704c3a2c3d9aa96bc512b6609f4a77d06748d73a476,false,,false,false,true,true,false,false,false,false,0
historical121,d00013,M5,42,a5_reanswer,M10:medqa_01246,M10,single,true,true,1,scored,complete,795823c3a6786ee22ca10663a1ca2e1fb3424cb640d7349e031a363c10361120,false,,false,false,true,true,false,false,false,false,0
historical121,d00014,M5,42,a5_reanswer,M20:22,M20,relation,true,true,1,scored,complete,aae80ab4a8c03e6a6d6221cb0562a8950f78aaf469c811b6b16bf25f83f60588,false,,false,false,true,true,false,false,false,false,0
historical121,d00015,M5,42,a5_reanswer,M14:exact_source_text:936,M14,single,true,true,1,scored,complete,1782c01019ca2eb50d40e230b6e62ae8a3439987c03bfb18d1d6bd56ceb9b3cf,false,,false,true,true,false,true,false,false,false,0
historical121,d00016,M5,42,a5_reanswer,M12:648,M12,single,true,true,2,scored,complete,56e728ecb0a625541ae3d49f5bb1d37d1bdda4d58ac2073fbd6ed8cf68bb97bc,false,,false,false,true,true,false,false,false,false,0
historical121,d00017,M5,42,a5_reanswer,M12:725,M12,single,true,true,1,scored,complete,7debd8961a3fe40442ffc16995fb405c841ea572dadef8142ae3ba653a6eaa11,false,,false,true,true,true,false,false,false,false,0
historical121,d00018,M5,42,a5_reanswer,M02:M02:CS-CF-AP-002-B,M02,multi,true,true,1,scored,complete,557485defff7b1776e7cf7a4ad6ef92a7e47cdb8b091a4091606c739eed5e96d,false,,false,false,false,true,false,false,false,false,0
historical121,d00019,M5,42,a5_reanswer,M12:660,M12,single,true,true,1,scored,complete,2076c3610ee654b214d953d5d0cd180d8f9ae56b66adc9263f6bb9aa7ff84445,false,,false,false,true,true,false,false,false,false,0
historical121,d00020,M5,42,a5_reanswer,M17:usmle_derm_327,M17,single,true,true,1,scored,complete,c74bf01bb061325c343aaf67aa17a87792402f7dd6e5507e6de161ac3e103977,false,,false,false,true,true,false,false,false,false,0
historical121,d00021,M5,42,a5_reanswer,M01:case_93766,M01,diagnosis,true,true,1,scored,complete,7cd47eaad9ebc950af7a7c76d7e5d9a6db77e2ae731ea67c030a9e17464e342c,false,,false,false,false,true,false,false,false,false,0
historical121,d00022,M5,42,a5_reanswer,M17:usmle_derm_327,M17,single,true,true,2,scored,complete,2fcb6aabeae77a2c3b9fa467ef78cb49505683c557e34e560fc9e729844f7635,false,,false,false,true,true,false,false,false,false,0
historical121,d00023,M5,42,a5_reanswer,M23:BioNLI:exact_context:1899,M23,single,true,true,1,scored,complete,bed3d4410073ef94c7a6c8c27c5aa535cb453fe78d4283fd13ca0a113626d073,false,,false,false,true,true,false,false,false,false,0
historical121,d00024,M5,42,a5_reanswer,M12:54,M12,single,true,true,1,scored,complete,3f62e7394a83f8133cd7104df121ca57128e402730ccb47546daca579df46162,false,,false,false,true,true,false,false,false,false,0
historical121,d00025,M5,42,a5_reanswer,M12:648,M12,single,true,true,1,scored,complete,40f222e66573457253fb8860531a5b705e4229a3e4107e289a35d6dccbb49c6f,false,,false,false,true,true,false,false,false,false,0
historical121,d00026,M5,42,a5_reanswer,M20:6,M20,relation,false,true,1,scored,complete,021fc70595e4073d4eb5c9ef232fc33e4cdd0f82095c3b9298673431fe88e0dc,false,,false,false,true,false,false,false,false,false,0
historical121,d00027,M5,42,a5_reanswer,M17:usmle_derm_327,M17,single,true,true,2,scored,complete,dd6ebe0900b57b0109b885f1424d3174979f95660ad2297ff8adb2322a25b984,false,,false,false,true,true,false,false,false,false,0
historical121,d00028,M5,42,a5_reanswer,M12:725,M12,single,true,true,1,scored,complete,9131ff4f4917d2c31e0b3c19d4f35e50b0c09f3b4efb8d8ccac215389bd84917,false,,false,true,true,true,false,false,false,false,0
historical121,d00029,M5,42,a5_reanswer,M14:exact_source_text:20,M14,single,true,true,1,scored,complete,37af08fc58fb7f9a6d1df5b772ba28b89a74b3e3c180b3fed007ff69a3184f6c,false,,false,false,true,true,false,false,false,false,0
historical121,d00030,M5,42,a5_reanswer,M11:126,M11,single,false,true,1,scored,complete,08fa3d8217b7b579b3f34351ca3f08ffb7d8a28f3aa4c22459ca50dbcb68ee52,false,,false,true,true,false,false,false,false,false,0
historical121,d00031,M5,42,a5_reanswer,M11:78,M11,single,true,true,1,scored,complete,8fe79fa2ad93d4ecafc99154d841a05c73c725bc9ccd445d82906b5235f171dc,false,,false,false,true,true,false,false,false,false,0
historical121,d00032,M5,42,a5_reanswer,M14:exact_source_text:555,M14,single,false,true,1,scored,complete,61cce3fdc9ec52ec88ef480039ea8ffc0dd8b52feaea3c4962c9121af462edd5,false,,false,true,true,true,false,true,false,false,0
historical121,d00033,M5,42,a5_reanswer,M17:usmle_derm_327,M17,single,false,true,1,scored,complete,af6d1ef1d376bb0c874e6f7a99b982bcc8b154ec44da4ab78d650762715b9594,false,,false,false,true,false,false,false,false,false,0
historical121,d00034,M5,42,a5_reanswer,M11:78,M11,single,true,true,1,scored,complete,4b15b791b341676b7c964660169d83bc5eaa58ecb7ccd6fb8eb39b0d8d2ab8b1,false,,false,false,true,true,false,false,false,false,0
historical121,d00035,M5,42,a5_reanswer,M01:case_24951,M01,diagnosis,false,true,1,scored,complete,defc32f201f5697726a74a90cf2dfe87af54f65f9c8a19eacaee9eb28718f2b3,false,,false,false,false,false,false,false,false,false,0
historical121,d00036,M5,42,a5_reanswer,M12:12,M12,single,false,true,1,scored,complete,5cb9ef164a4d673fa4d1f76ebd380df2aaf95cbf52235f7bf8501bc07149a35a,false,,false,false,true,false,false,false,false,false,0
historical121,d00037,M5,42,a5_reanswer,M11:103,M11,single,true,true,2,scored,complete,75cfad908ea5c6a5af21e65c3c7d6668545060f568feaee7490ce28f834cc0b7,false,,false,false,true,true,false,false,false,false,0
historical121,d00038,M5,42,a5_reanswer,M22:mmlu/professional_medicine-205,M22,robustness_single,true,true,1,scored,complete,190c4ec9492e7b8a498db8d14fda72454afef05a8cd5a9bc477229cf729cad8c,false,,false,false,true,true,false,false,false,false,0
historical121,d00039,M5,42,a5_reanswer,M12:725,M12,single,false,true,4,scored,complete,a190b566b35799e55ea455122a8c5b2845beb70488675770892acf61ea02c0e1,false,,false,false,true,false,false,false,false,false,0
historical121,d00040,M5,42,a5_reanswer,M06:supplement_N20,M06,single,true,true,1,scored,complete,dc75bb08a752a61c2ab257577edd43750218a26b3e333fd93740766c5af932c2,false,,false,false,true,true,false,false,false,false,0
historical121,d00041,M5,42,a5_reanswer,M23:BioNLI:exact_context:2298,M23,single,true,true,1,scored,complete,b095e8b46b55120b487a0a8d86ba8354c5048cb6f06c2cb61280238cdc9ae776,false,,false,false,true,true,false,false,false,false,0
historical121,d00042,M5,42,a5_reanswer,M06:supplement_N48,M06,single,true,true,1,scored,complete,7873ca6e5df2720806fd9703149f11bf9f45b8b4509b2c8d42e63c32a9885326,false,,false,true,true,false,true,false,false,false,0
historical121,d00043,M5,42,a5_reanswer,M17:usmle_derm_991,M17,single,true,true,1,scored,complete,b73654efc51406d38e8d9442cb9222c385c0bfe20fddea838a947724c795102f,false,,false,false,true,true,false,false,false,false,0
historical121,d00044,M5,42,a5_reanswer,M11:141,M11,single,true,true,1,scored,complete,6709781c0ff934debf87dd7d58c084aa61860a8ebc99c4f2d7738e889d33b8ef,false,,false,false,true,true,false,false,false,false,0
historical121,d00045,M5,42,a5_reanswer,M11:78,M11,single,true,true,5,scored,complete,afb316c574c9f129f40fec68a989d8545d966e05844aa33439b389a848504e0b,false,,false,false,true,true,false,false,false,false,0
historical121,d00046,M5,42,a5_reanswer,M22:bioasq/63f9cbb433942b094c00000c,M22,robustness_single,true,true,1,scored,complete,afe54336b34066dca71cdef26cef1cd7392cbd054b04182680fe588f829209a7,false,,false,false,true,true,false,false,false,false,0
historical121,d00047,M5,42,a5_reanswer,M02:M02:SS-CF-PD-002-POS,M02,multi,true,true,1,scored,complete,0cc2bd8f44460b953324977fdb2bd2039b56ec6782dcbe90183ddfa736eb953a,false,,false,false,false,true,false,false,false,false,0
historical121,d00048,M5,42,a5_reanswer,M11:103,M11,single,true,true,1,scored,complete,a8fef80dfd4e379143882b909bb37129978c8beb90c6fcea40991691cf206efd,false,,false,false,true,true,false,false,false,false,0
historical121,d00049,M5,42,a5_reanswer,M12:725,M12,single,false,true,1,scored,complete,81f1168dc0e88e4f63178b0580e0e1766b3402e80e07ec0837e28c78406710b8,false,,false,true,true,false,false,false,false,false,0
historical121,d00050,M5,42,a5_reanswer,M02:M02:RK-CF-TMP-001-B,M02,multi,,false,1,not_scored,unavailable,,false,,false,false,false,,false,false,false,false,0
historical121,d00051,M5,42,a5_reanswer,M01:case_79632,M01,diagnosis,false,true,1,scored,complete,7cd47eaad9ebc950af7a7c76d7e5d9a6db77e2ae731ea67c030a9e17464e342c,false,,false,false,false,false,false,false,false,false,0
historical121,d00052,M5,42,a5_reanswer,M02:M02:RK-CF-ENO-001-A,M02,multi,true,true,1,scored,complete,faa73fd3e222f1898004eb07f89208a9f333a77f368acfe94993a036c0dee3a5,false,,false,false,false,true,false,false,false,false,0
historical121,d00053,M5,42,a5_reanswer,M17:usmle_derm_327,M17,single,false,true,1,scored,complete,459523d5132c5a1fe498ff226a1ad840194173d0007d1bb03ab09d2f0f976054,false,,false,true,true,false,false,false,false,false,0
historical121,d00054,M5,42,a5_reanswer,M14:exact_source_text:936,M14,single,true,true,1,scored,complete,233e3d7ede198e5390c1bcca5b57419fb442b531a76c7045f3fd3ad4ad90bc5a,false,,false,false,true,true,false,false,false,false,0
historical121,d00055,M5,42,a5_reanswer,M12:660,M12,single,true,true,3,scored,complete,2a000eab157decf08a9468924f6de37a62922bd2eb2972d04a2b16bfa9c3e358,false,,false,false,true,true,false,false,false,false,0
historical121,d00056,M5,42,a5_reanswer,M17:usmle_derm_327,M17,single,true,true,1,scored,complete,9c762aa3115e0918e40a8ea4d5732854b4cc6173585749f97135bb9a26a45944,false,,false,false,true,true,false,false,false,false,0
historical121,d00057,M5,42,a5_reanswer,M12:660,M12,single,true,true,1,scored,complete,d0158ab462840f5af3281a322483763c7f91a67bd41e8d36f69cc46ab0d674f3,false,,false,true,true,false,true,false,false,false,0
historical121,d00058,M5,42,a5_reanswer,M12:758,M12,single,false,true,3,scored,complete,7050de0dc5e0f97a26875e3137c00641d5d0dc852a096d35e3c3672ec355ed75,false,,false,true,true,true,false,true,false,false,0
historical121,d00059,M5,42,a5_reanswer,M12:758,M12,single,false,true,1,scored,complete,59ecf62ccf59e708c7352259aecd01fe4ad265b6d2e7040491828f1bf37751c2,false,,false,true,true,false,false,false,false,false,0
historical121,d00060,M5,42,a5_reanswer,M12:725,M12,single,false,true,1,scored,complete,b92e2c156d2a7d10f7f4ea52da3e9a4796cd3e6c5b2c9d865f4b2db269ecf061,false,,false,false,true,false,false,false,false,false,0
historical121,d00061,M5,42,a5_reanswer,M11:78,M11,single,true,true,1,scored,complete,c1eeadd8890dfe8f19c41b46aea5f1732acca539b292da62862ce34782e7f8b8,false,,false,true,true,true,false,false,false,false,0
historical121,d00062,M5,42,a5_reanswer,M22:bioasq/63f9cbb433942b094c00000c,M22,robustness_single,true,true,1,scored,complete,ae263ef17b477d9af9aa2ed96ab6a99be9087fa98c0d11754852c6cbb27bdf53,false,,false,false,true,true,false,false,false,false,0
historical121,d00063,M5,42,a5_reanswer,M20:22,M20,relation,true,true,1,scored,complete,447c563e41dfec6f96d2d2947e8029fe9073379374477d2112eefd035d3685e1,false,,false,true,true,true,false,false,false,false,0
historical121,d00064,M5,42,a5_reanswer,M17:usmle_derm_991,M17,single,false,true,1,scored,complete,3c24add2aa123d5b2c1e0c3ddae87dca2354d8268d649f92d253abc50a1b6755,false,,false,true,true,true,false,true,false,false,0
historical121,d00065,M5,42,a5_reanswer,M14:exact_source_text:749,M14,single,false,true,1,scored,complete,b7d8ad810227024ecfe40c14e3f65a294f4efe2e7c3aa15ee59bef22c2378248,false,,false,false,true,false,false,false,false,false,0
historical121,d00066,M5,42,a5_reanswer,M11:141,M11,single,true,true,1,scored,complete,942b498a206f9f16ff7ded21f700dfdad171339639c4f49e93ad37783cc489d4,false,,false,false,true,true,false,false,false,false,0
historical121,d00067,M5,42,a5_reanswer,M17:usmle_derm_327,M17,single,true,true,2,scored,complete,bfd60a98e25352cade531b6a9d4a643af76f8150c847635af4dae8b2d6010259,false,,false,false,true,true,false,false,false,false,0
historical121,d00068,M5,42,a5_reanswer,M01:case_24951,M01,diagnosis,true,true,1,scored,complete,7be24aff515979b05756f428b1ed646304fea3444ae672f9f040d49833fd0543,false,,false,false,false,true,false,false,false,false,0
historical121,d00069,M5,42,a5_reanswer,M23:BioNLI:exact_context:2298,M23,single,true,true,1,scored,complete,b8f78d571619e3e37ff2773cde7c6eef3602d1e52174a521a2faa5e562c814a6,false,,false,false,true,true,false,false,false,false,0
historical121,d00070,M5,42,a5_reanswer,M01:case_79632,M01,diagnosis,false,true,1,scored,complete,7cd47eaad9ebc950af7a7c76d7e5d9a6db77e2ae731ea67c030a9e17464e342c,false,,false,false,false,false,false,false,false,false,0
historical121,d00071,M5,42,a5_reanswer,M10:medqa_00219,M10,single,false,true,1,scored,complete,f00a2695ccc77db1e29c5716d7463d21c2e9c3bcf9c2aa244ef54bf7ed41886a,false,,false,false,true,false,false,false,false,false,0
historical121,d00072,M5,42,a5_reanswer,M12:660,M12,single,false,true,1,scored,complete,9fdc9724a394553d037f35c6504030c92b2882444047116b096fc97c89d382ca,false,,false,false,true,false,false,false,false,false,0
historical121,d00073,M5,42,a5_reanswer,M22:mmlu/professional_medicine-205,M22,robustness_single,true,true,1,scored,complete,524a60d50c3c420332b1d3b271e5173dab68c862facb99a57d6f3737cd1694e8,false,,false,false,true,true,false,false,false,false,0
historical121,d00074,M5,42,a5_reanswer,M11:78,M11,single,true,true,1,scored,complete,4293a7a6068f1df063abd3590045c2acf189037e246023140319d8de2b8ed7e1,false,,false,true,true,true,false,false,false,false,0
historical121,d00075,M5,42,a5_reanswer,M11:126,M11,single,false,true,6,scored,complete,b80df74ee462615ad59c86f9a096bcf9c8c423932ad5a7e2bc717fa87346ecc3,false,,false,true,true,false,false,false,false,false,0
historical121,d00076,M5,42,a5_reanswer,M11:126,M11,single,false,true,1,scored,complete,f5d8c72bef90e2e75b005b15e404a4e3baa10dcf8263ac09c53e7aa9a2175629,false,,false,true,true,false,false,false,false,false,0
historical121,d00077,M5,42,a5_reanswer,M01:case_93766,M01,diagnosis,true,true,1,scored,complete,5a4775f013fc144cd6a1f8d70e09875138f9432db393b692dddd4a2a09e6107b,false,,false,false,false,true,false,false,false,false,0
historical121,d00078,M5,42,a5_reanswer,M22:bioasq/63f9cbb433942b094c00000c,M22,robustness_single,true,true,1,scored,complete,ae5bd8fcfe8931a807b4360619deecb7351c53dd4c3b301a098b67dfaac174fb,false,,false,false,true,true,false,false,false,false,0
historical121,d00079,M5,42,a5_reanswer,M11:141,M11,single,true,true,1,scored,complete,f8b95528dbd60a4c7722ae902484e19aff44b42792fccb370492c81856cd5841,false,,false,false,true,true,false,false,false,false,0
historical121,d00080,M5,42,a5_reanswer,M22:mmlu/professional_medicine-205,M22,robustness_single,true,true,1,scored,complete,644d49a70cfbf5d0a053a8794944a6cc9638f7b64ffe3873dff8a72910b0badd,false,,false,false,true,true,false,false,false,false,0
historical121,d00081,M5,42,a5_reanswer,M20:6,M20,relation,false,true,1,scored,complete,250abe5f14962dc18e2551aecae3d1a0fbd6a0da33ef0bdfb33575d8b3a62b66,false,,false,false,true,false,false,false,false,false,0
historical121,d00082,M5,42,a5_reanswer,M11:126,M11,single,false,true,1,scored,complete,fde92dd4b91b8011a693594cc25c5eaa6d01cedf7491d3a10e04034ecf09fe48,false,,false,true,true,false,false,false,false,false,0
historical121,d00083,M5,42,a5_reanswer,M17:usmle_derm_991,M17,single,true,true,1,scored,complete,99f5c38182aa29be9e5f12d6783b3849ffd9fedf6faf72b21b9c3a356abfc0e7,false,,false,false,true,true,false,false,false,false,0
historical121,d00084,M5,42,a5_reanswer,M20:6,M20,relation,false,true,4,scored,complete,8388c35a93273f16f819afa8ac497de323eaf2bbcfddaeff8e5ec96146513865,false,,false,false,true,false,false,false,false,false,0
historical121,d00085,M5,42,a5_reanswer,M11:103,M11,single,true,true,1,scored,complete,17d98fdfc9515dde55bb43cffad3e882a822739cbbbc55761e6d0fbdbbaad349,false,,false,false,true,true,false,false,false,false,0
historical121,d00086,M5,42,a5_reanswer,M12:54,M12,single,true,true,1,scored,complete,c8fd64809924e1faa10746aaf48b8742f479654592d2bc7b7bf391549efdbc70,false,,false,false,true,true,false,false,false,false,0
historical121,d00087,M5,42,a5_reanswer,M11:141,M11,single,false,true,1,scored,complete,558d3d8c270594c70cdbb9d65600fcb72213efba7526c1369048f041f9f2d4e8,false,,false,false,true,false,false,false,false,false,0
historical121,d00088,M5,42,a5_reanswer,M20:6,M20,relation,false,true,1,scored,complete,118333aaec584a73311f51abbada5bb5bb214e50c9dc5f1ea272a9646b41be2a,false,,false,true,true,false,false,false,false,false,0
historical121,d00089,M5,42,a5_reanswer,M12:12,M12,single,false,true,1,scored,complete,76e2d05f2de9e69d440e1e82d49fe34427a17093aea259a6e48f367f0c36f82a,false,,false,false,true,false,false,false,false,false,0
historical121,d00090,M5,42,a5_reanswer,M10:medqa_00275,M10,single,true,true,1,scored,complete,b27c88c11733489e3d09e20b1603d61315798cdf3c83c7c4bfb887cd3d658d85,false,,false,false,true,true,false,false,false,false,0
historical121,d00091,M5,42,a5_reanswer,M23:BioNLI:exact_context:1899,M23,single,true,true,1,scored,complete,80c944a6d9abde3d906ec37e45e0f6dbf89ae29673af105aa2533ea97c877d13,false,,false,false,true,true,false,false,false,false,0
historical121,d00092,M5,42,a5_reanswer,M11:141,M11,single,true,true,1,scored,complete,a91ab5da9db830e124e861446743d01f46d0d4fa979c0765b0ed22dfa78adabd,false,,false,false,true,true,false,false,false,false,0
historical121,d00093,M5,42,a5_reanswer,M14:exact_source_text:20,M14,single,true,true,1,scored,complete,0db2c323bee12a904c3e3e84bf1e316c952fa9a2c062d554d765cf2ae37ad92b,false,,false,false,true,true,false,false,false,false,0
historical121,d00094,M5,42,a5_reanswer,M20:6,M20,relation,true,true,1,scored,complete,ab167f79dd282c4fd0d52c8ff49cd86e4dae12ddb938a55c27c2c1f587f48c3f,false,,false,true,true,false,true,false,false,false,0
historical121,d00095,M5,42,a5_reanswer,M02:M02:CS-CF-AD-001-B,M02,multi,true,true,1,scored,complete,321000425974e2272c8309386baa37c49659ca20476b0607ee921dbeae6cb935,false,,false,false,false,true,false,false,false,false,0
historical121,d00096,M5,42,a5_reanswer,M02:M02:CS-CF-A1-002-B,M02,multi,true,true,1,scored,complete,d8c4e2652313ee1cf1f4f78192945b447473a32ac19f53ad11b12a2e25fa5e94,false,,false,false,false,true,false,false,false,false,0
historical121,d00097,M5,42,a5_reanswer,M17:usmle_derm_327,M17,single,false,true,1,scored,complete,875390f5404cf10f32d2da774191e92604bbdc949b13732922a95e0896ed280c,false,,false,false,true,false,false,false,false,false,0
historical121,d00098,M5,42,a5_reanswer,M02:M02:CS-CF-HF-001-A,M02,multi,true,true,1,scored,complete,7a36860e04a4b2201332e82dfcf1d8489d1c2215bd6d4384ac7c33673af6b7ce,false,,false,false,false,true,false,false,false,false,0
historical121,d00099,M5,42,a5_reanswer,M17:usmle_derm_991,M17,single,true,true,1,scored,complete,aedb462fc318a86700f58acecb72989bd00307693ae9003f1aee867cf7257bc9,false,,false,false,true,true,false,false,false,false,0
historical121,d00100,M5,42,a5_reanswer,M22:bioasq/63f9cbb433942b094c00000c,M22,robustness_single,true,true,1,scored,complete,697427cad506d5a7329dd83b18e04a601620c343a4a8db4eda236579be87a7e5,false,,false,false,true,true,false,false,false,false,0
historical121,d00101,M5,42,a5_reanswer,M14:exact_source_text:555,M14,single,false,true,1,scored,complete,9214f5fd6bd3a3fc71ee3d7b45f55a6e81f4c3ca4a9004eb61c192b7f0db2729,false,,false,true,true,false,false,false,false,false,0
historical121,d00102,M5,42,a5_reanswer,M11:141,M11,single,true,true,1,scored,complete,9baa5035d560504410d13b5ca09b6da1eb18fea9e21ff96ad48f25a4dfcd7192,false,,false,false,true,true,false,false,false,false,0
historical121,d00103,M5,42,a5_reanswer,M02:M02:CS-CF-NS-001-B,M02,multi,true,true,1,scored,complete,c392f5ad00250d0b7321055127cd22e3025636f6a8c03df5bce11e79f103e4c4,false,,false,false,false,true,false,false,false,false,0
historical121,d00104,M5,42,a5_reanswer,M22:mmlu/professional_medicine-205,M22,robustness_single,true,true,1,scored,complete,8a51e3aca876d55f8be07f789fd916b48a331a8a2b54909dd6450e30e71826a5,false,,false,false,true,true,false,false,false,false,0
historical121,d00105,M5,42,a5_reanswer,M11:141,M11,single,true,true,8,scored,complete,f1d152d45133412c77d01b61be1bfb3f33c3805d37f4d7723ae49787a76cb10b,false,,false,false,true,true,false,false,false,false,0
historical121,d00106,M5,42,a5_reanswer,M22:bioasq/63f9cbb433942b094c00000c,M22,robustness_single,true,true,1,scored,complete,b5cde2eb95c6f104e78d6540cb008ffc02deb1947e576e6c638a9241df72b731,false,,false,false,true,true,false,false,false,false,0
historical121,d00107,M5,42,a5_reanswer,M11:126,M11,single,false,true,1,scored,complete,08b5c07afdd5acddb42720fed1c1ef1e2179b17769747e5263681df1461ade38,false,,false,true,true,false,false,false,false,false,0
historical121,d00108,M5,42,a5_reanswer,M22:mmlu/professional_medicine-205,M22,robustness_single,true,true,1,scored,complete,89b1d912b760c9704d59d9e9951719dccd24d6f1443cb48ab79b80d42e9d3b8d,false,,false,false,true,true,false,false,false,false,0
historical121,d00109,M5,42,a5_reanswer,M12:54,M12,single,true,true,1,scored,complete,ab60d71b7be17f22eb57da49dd71d2675ace9aadf18fc749a2f7a0aceea40c0e,false,,false,false,true,true,false,false,false,false,0
historical121,d00110,M5,42,a5_reanswer,M12:648,M12,single,false,true,1,scored,complete,dffdb97d59291f15ed0e4f8a1d018303943c410b985289ca449fbc7937e385c5,false,,false,true,true,false,false,false,false,false,0
historical121,d00111,M5,42,a5_reanswer,M11:78,M11,single,true,true,1,scored,complete,8c7b0d183a34c9a6a94a0c79de2c24039ad3d8fe9c0508076a4e13b26326a8aa,false,,false,false,true,true,false,false,false,false,0
historical121,d00112,M5,42,a5_reanswer,M20:22,M20,relation,true,true,4,scored,complete,01e24aee316f188da007adc4744e50ed86132bfd3ab24c42aeae860efaa7542b,false,,false,false,true,true,false,false,false,false,0
historical121,d00113,M5,42,a5_reanswer,M22:bioasq/63f9cbb433942b094c00000c,M22,robustness_single,true,true,1,scored,complete,0f22aefa3a9b1ca3607e87eb9d3f6548ac604de34a7a51e1e6a6fb4e64b403f7,false,,false,false,true,true,false,false,false,false,0
historical121,d00114,M5,42,a5_reanswer,M11:126,M11,single,false,true,1,scored,complete,32f9d1e6b5e12053f19dd46d229d541dd3e3a1bb9acc400bd9a99ca2029190a7,false,,false,true,true,false,false,false,false,false,0
historical121,d00115,M5,42,a5_reanswer,M10:medqa_00275,M10,single,true,true,1,scored,complete,2f33c5601a4eee23fe2fc30cbc83b0dfb2575d285d40ea760ad00f4fcf9ff8be,false,,false,false,true,true,false,false,false,false,0
historical121,d00116,M5,42,a5_reanswer,M11:126,M11,single,false,true,1,scored,complete,d057f85b3803b715100f151f4f0c4f7fe0197cb022299c7262b0af66661816a6,false,,false,false,true,false,false,false,false,false,0
historical121,d00117,M5,42,a5_reanswer,M20:22,M20,relation,true,true,1,scored,complete,33dc0e7d37c46d28eafa44ebae94127e7f24fa6cbe53031aaddb61472dac5e3c,false,,false,true,true,true,false,false,false,false,0
historical121,d00118,M5,42,a5_reanswer,M17:usmle_derm_991,M17,single,true,true,1,scored,complete,c289de3a7759fb79b7cdcb966f2e7722fe10bba6d1f1da5e450871618219d781,false,,false,false,true,true,false,false,false,false,0
historical121,d00119,M5,42,a5_reanswer,M17:usmle_derm_327,M17,single,false,true,1,scored,complete,8bd5c5f6a3ed125f0661ffc09cad039a47793719ecd1f165d7c6a1fdc3aa25c6,false,,false,false,true,false,false,false,false,false,0
historical121,d00120,M5,42,a5_reanswer,M12:758,M12,single,true,true,1,scored,complete,f25db2b0fe60c47c84451eee51af4d2065ccb99f9eb5070b6fac647735db5824,false,,false,false,true,true,false,false,false,false,0
historical121,d00035,M5,43,a5_reanswer,M01:case_24951,M01,diagnosis,false,true,1,scored,complete,defc32f201f5697726a74a90cf2dfe87af54f65f9c8a19eacaee9eb28718f2b3,false,,false,false,false,false,false,false,false,false,0
historical121,d00068,M5,43,a5_reanswer,M01:case_24951,M01,diagnosis,true,true,1,scored,complete,7be24aff515979b05756f428b1ed646304fea3444ae672f9f040d49833fd0543,false,,false,false,false,true,false,false,false,false,0
historical121,d00008,M5,43,a5_reanswer,M01:case_47649,M01,diagnosis,true,true,1,scored,complete,b56caf9fca4a4863b34541d56da5e2f00c38a24a49f5cd6e658d969fc60b2ae1,false,,false,false,false,true,false,false,false,false,0
historical121,d00011,M5,43,a5_reanswer,M01:case_47649,M01,diagnosis,false,true,1,scored,complete,363c100ba8d1c0372d9ec7a531b4de1b66565383e0e0c74c5d02a9ff796663ac,false,,false,false,false,false,false,false,false,false,0
historical121,d00051,M5,43,a5_reanswer,M01:case_79632,M01,diagnosis,false,true,1,scored,complete,7cd47eaad9ebc950af7a7c76d7e5d9a6db77e2ae731ea67c030a9e17464e342c,false,,false,false,false,false,false,false,false,false,0
historical121,d00070,M5,43,a5_reanswer,M01:case_79632,M01,diagnosis,false,true,1,scored,complete,7cd47eaad9ebc950af7a7c76d7e5d9a6db77e2ae731ea67c030a9e17464e342c,false,,false,false,false,false,false,false,false,false,0
historical121,d00077,M5,43,a5_reanswer,M01:case_93766,M01,diagnosis,true,true,1,scored,complete,5a4775f013fc144cd6a1f8d70e09875138f9432db393b692dddd4a2a09e6107b,false,,false,false,false,true,false,false,false,false,0
historical121,d00021,M5,43,a5_reanswer,M01:case_93766,M01,diagnosis,true,true,1,scored,complete,7cd47eaad9ebc950af7a7c76d7e5d9a6db77e2ae731ea67c030a9e17464e342c,false,,false,false,false,true,false,false,false,false,0
historical121,d00047,M5,43,a5_reanswer,M02:M02:SS-CF-PD-002-POS,M02,multi,true,true,1,scored,complete,0cc2bd8f44460b953324977fdb2bd2039b56ec6782dcbe90183ddfa736eb953a,false,,false,false,false,true,false,false,false,false,0
historical121,d00098,M5,43,a5_reanswer,M02:M02:CS-CF-HF-001-A,M02,multi,true,true,1,scored,complete,7a36860e04a4b2201332e82dfcf1d8489d1c2215bd6d4384ac7c33673af6b7ce,false,,false,false,false,true,false,false,false,false,0
historical121,d00103,M5,43,a5_reanswer,M02:M02:CS-CF-NS-001-B,M02,multi,true,true,1,scored,complete,c392f5ad00250d0b7321055127cd22e3025636f6a8c03df5bce11e79f103e4c4,false,,false,false,false,true,false,false,false,false,0
historical121,d00095,M5,43,a5_reanswer,M02:M02:CS-CF-AD-001-B,M02,multi,true,true,1,scored,complete,321000425974e2272c8309386baa37c49659ca20476b0607ee921dbeae6cb935,false,,false,false,false,true,false,false,false,false,0
historical121,d00018,M5,43,a5_reanswer,M02:M02:CS-CF-AP-002-B,M02,multi,true,true,1,scored,complete,557485defff7b1776e7cf7a4ad6ef92a7e47cdb8b091a4091606c739eed5e96d,false,,false,false,false,true,false,false,false,false,0
historical121,d00096,M5,43,a5_reanswer,M02:M02:CS-CF-A1-002-B,M02,multi,true,true,1,scored,complete,d8c4e2652313ee1cf1f4f78192945b447473a32ac19f53ad11b12a2e25fa5e94,false,,false,false,false,true,false,false,false,false,0
historical121,d00000,M5,43,a5_reanswer,M02:M02:DDI-CF-CN-001-A,M02,multi,true,true,1,scored,complete,2eaff33201aeac3e1444bc7ec0bf2844592b3b6bda88b85306d16e832af3638a,false,,false,false,false,true,false,false,false,false,0
historical121,d00050,M5,43,a5_reanswer,M02:M02:RK-CF-TMP-001-B,M02,multi,,false,1,not_scored,unavailable,,false,,false,false,false,,false,false,false,false,0
historical121,d00052,M5,43,a5_reanswer,M02:M02:RK-CF-ENO-001-A,M02,multi,true,true,1,scored,complete,faa73fd3e222f1898004eb07f89208a9f333a77f368acfe94993a036c0dee3a5,false,,false,false,false,true,false,false,false,false,0
historical121,d00036,M5,43,a5_reanswer,M12:12,M12,single,false,true,1,scored,complete,5cb9ef164a4d673fa4d1f76ebd380df2aaf95cbf52235f7bf8501bc07149a35a,false,,false,false,true,false,false,false,false,false,0
historical121,d00089,M5,43,a5_reanswer,M12:12,M12,single,false,true,1,scored,complete,76e2d05f2de9e69d440e1e82d49fe34427a17093aea259a6e48f367f0c36f82a,false,,false,false,true,false,false,false,false,false,0
historical121,d00002,M5,43,a5_reanswer,M12:54,M12,single,true,true,3,scored,complete,2194164d220207358b011d0c336f82466718b101c2c24ee8d9a6f7ab1ebe6357,false,,false,false,true,true,false,false,false,false,0
historical121,d00086,M5,43,a5_reanswer,M12:54,M12,single,true,true,1,scored,complete,c8fd64809924e1faa10746aaf48b8742f479654592d2bc7b7bf391549efdbc70,false,,false,false,true,true,false,false,false,false,0
historical121,d00024,M5,43,a5_reanswer,M12:54,M12,single,true,true,1,scored,complete,3f62e7394a83f8133cd7104df121ca57128e402730ccb47546daca579df46162,false,,false,false,true,true,false,false,false,false,0
historical121,d00109,M5,43,a5_reanswer,M12:54,M12,single,true,true,1,scored,complete,ab60d71b7be17f22eb57da49dd71d2675ace9aadf18fc749a2f7a0aceea40c0e,false,,false,false,true,true,false,false,false,false,0
historical121,d00016,M5,43,a5_reanswer,M12:648,M12,single,true,true,2,scored,complete,56e728ecb0a625541ae3d49f5bb1d37d1bdda4d58ac2073fbd6ed8cf68bb97bc,false,,false,false,true,true,false,false,false,false,0
historical121,d00110,M5,43,a5_reanswer,M12:648,M12,single,false,true,1,scored,complete,c1b463188228af02f38eb9646d65beb7becfe65294ba3b809ed6aa466e68e566,false,,false,true,true,false,false,false,false,false,1
historical121,d00025,M5,43,a5_reanswer,M12:648,M12,single,true,true,1,scored,complete,40f222e66573457253fb8860531a5b705e4229a3e4107e289a35d6dccbb49c6f,false,,false,false,true,true,false,false,false,false,0
historical121,d00055,M5,43,a5_reanswer,M12:660,M12,single,true,true,3,scored,complete,2a000eab157decf08a9468924f6de37a62922bd2eb2972d04a2b16bfa9c3e358,false,,false,false,true,true,false,false,false,false,0
historical121,d00019,M5,43,a5_reanswer,M12:660,M12,single,true,true,1,scored,complete,2076c3610ee654b214d953d5d0cd180d8f9ae56b66adc9263f6bb9aa7ff84445,false,,false,false,true,true,false,false,false,false,0
historical121,d00057,M5,43,a5_reanswer,M12:660,M12,single,true,true,1,scored,complete,bf7365c6d15dce767fc6afbeed5eb678e6a17270c30e9e614db2322e9f12bb2d,false,,false,true,true,false,true,false,false,false,1
historical121,d00072,M5,43,a5_reanswer,M12:660,M12,single,false,true,1,scored,complete,9fdc9724a394553d037f35c6504030c92b2882444047116b096fc97c89d382ca,false,,false,false,true,false,false,false,false,false,0
historical121,d00039,M5,43,a5_reanswer,M12:725,M12,single,false,true,4,scored,complete,a190b566b35799e55ea455122a8c5b2845beb70488675770892acf61ea02c0e1,false,,false,false,true,false,false,false,false,false,0
historical121,d00049,M5,43,a5_reanswer,M12:725,M12,single,false,true,1,scored,complete,71fff9b30b1d8cd3d20971524f450b9ff5da2a0fe6270413b4f8c61f2e3ad60b,false,,false,true,true,false,false,false,false,false,1
historical121,d00017,M5,43,a5_reanswer,M12:725,M12,single,true,true,1,scored,complete,3321e12b44a8476c20624dfce55c9c3a68791aaa134e28917f708df934bec3f8,false,,false,true,true,true,false,false,false,false,1
historical121,d00028,M5,43,a5_reanswer,M12:725,M12,single,true,true,1,scored,complete,074dc1f8b6eac3e9107f0294737c9f718aa69aca6103be4eb86e3be26d211ce9,false,,false,true,true,true,false,false,false,false,1
historical121,d00060,M5,43,a5_reanswer,M12:725,M12,single,false,true,1,scored,complete,b92e2c156d2a7d10f7f4ea52da3e9a4796cd3e6c5b2c9d865f4b2db269ecf061,false,,false,false,true,false,false,false,false,false,0
historical121,d00058,M5,43,a5_reanswer,M12:758,M12,single,false,true,3,scored,complete,21ca43463068fa0bb26c144c1553e7ffb69e9efb3e1a80bdb091c8807c54cd99,false,,false,true,true,true,false,true,false,false,1
historical121,d00010,M5,43,a5_reanswer,M12:758,M12,single,false,true,1,scored,complete,bb59b840f478e75b905f3ed4edc7d813be1b549e7a0e95afaa322a7963b5326d,false,,false,false,true,false,false,false,false,false,0
historical121,d00120,M5,43,a5_reanswer,M12:758,M12,single,true,true,1,scored,complete,f25db2b0fe60c47c84451eee51af4d2065ccb99f9eb5070b6fac647735db5824,false,,false,false,true,true,false,false,false,false,0
historical121,d00059,M5,43,a5_reanswer,M12:758,M12,single,false,true,1,scored,complete,998a255e6d0f21744f1bd64d3f919933bec7adcffa768c9fa4fb6e90fe3de1a0,false,,false,true,true,false,false,false,false,false,1
historical121,d00093,M5,43,a5_reanswer,M14:exact_source_text:20,M14,single,true,true,1,scored,complete,0db2c323bee12a904c3e3e84bf1e316c952fa9a2c062d554d765cf2ae37ad92b,false,,false,false,true,true,false,false,false,false,0
historical121,d00029,M5,43,a5_reanswer,M14:exact_source_text:20,M14,single,true,true,1,scored,complete,37af08fc58fb7f9a6d1df5b772ba28b89a74b3e3c180b3fed007ff69a3184f6c,false,,false,false,true,true,false,false,false,false,0
historical121,d00015,M5,43,a5_reanswer,M14:exact_source_text:936,M14,single,true,true,1,scored,complete,343d5bc33d554ba70c2343d7292d9a155ecf55bd7480098cca25c7cb1e16cf62,false,,false,true,true,false,true,false,false,false,1
historical121,d00054,M5,43,a5_reanswer,M14:exact_source_text:936,M14,single,true,true,1,scored,complete,233e3d7ede198e5390c1bcca5b57419fb442b531a76c7045f3fd3ad4ad90bc5a,false,,false,false,true,true,false,false,false,false,0
historical121,d00101,M5,43,a5_reanswer,M14:exact_source_text:555,M14,single,false,true,1,scored,complete,0dd314da92396743f6cb69bce41f01b378f11f25ae730524181b8c79727cf626,false,,false,true,true,false,false,false,false,false,1
historical121,d00032,M5,43,a5_reanswer,M14:exact_source_text:555,M14,single,false,true,1,scored,complete,a7edfd3b0ba61b4f20e3372bb5011d3542f164c1bf06ad445f5a2f61c0514439,false,,false,true,true,true,false,true,false,false,1
historical121,d00065,M5,43,a5_reanswer,M14:exact_source_text:749,M14,single,false,true,1,scored,complete,b7d8ad810227024ecfe40c14e3f65a294f4efe2e7c3aa15ee59bef22c2378248,false,,false,false,true,false,false,false,false,false,0
historical121,d00007,M5,43,a5_reanswer,M14:exact_source_text:749,M14,single,false,true,1,scored,complete,677e55bac646d471c8f9a691c1803c9f96027d39bb57f18f328ec806228d705b,false,,false,false,true,false,false,false,false,false,0
historical121,d00106,M5,43,a5_reanswer,M22:bioasq/63f9cbb433942b094c00000c,M22,robustness_single,true,true,1,scored,complete,b5cde2eb95c6f104e78d6540cb008ffc02deb1947e576e6c638a9241df72b731,false,,false,false,true,true,false,false,false,false,0
historical121,d00062,M5,43,a5_reanswer,M22:bioasq/63f9cbb433942b094c00000c,M22,robustness_single,true,true,1,scored,complete,ae263ef17b477d9af9aa2ed96ab6a99be9087fa98c0d11754852c6cbb27bdf53,false,,false,false,true,true,false,false,false,false,0
historical121,d00046,M5,43,a5_reanswer,M22:bioasq/63f9cbb433942b094c00000c,M22,robustness_single,true,true,1,scored,complete,afe54336b34066dca71cdef26cef1cd7392cbd054b04182680fe588f829209a7,false,,false,false,true,true,false,false,false,false,0
historical121,d00100,M5,43,a5_reanswer,M22:bioasq/63f9cbb433942b094c00000c,M22,robustness_single,true,true,1,scored,complete,697427cad506d5a7329dd83b18e04a601620c343a4a8db4eda236579be87a7e5,false,,false,false,true,true,false,false,false,false,0
historical121,d00113,M5,43,a5_reanswer,M22:bioasq/63f9cbb433942b094c00000c,M22,robustness_single,true,true,1,scored,complete,0f22aefa3a9b1ca3607e87eb9d3f6548ac604de34a7a51e1e6a6fb4e64b403f7,false,,false,false,true,true,false,false,false,false,0
historical121,d00078,M5,43,a5_reanswer,M22:bioasq/63f9cbb433942b094c00000c,M22,robustness_single,true,true,1,scored,complete,ae5bd8fcfe8931a807b4360619deecb7351c53dd4c3b301a098b67dfaac174fb,false,,false,false,true,true,false,false,false,false,0
historical121,d00108,M5,43,a5_reanswer,M22:mmlu/professional_medicine-205,M22,robustness_single,true,true,1,scored,complete,89b1d912b760c9704d59d9e9951719dccd24d6f1443cb48ab79b80d42e9d3b8d,false,,false,false,true,true,false,false,false,false,0
historical121,d00003,M5,43,a5_reanswer,M22:mmlu/professional_medicine-205,M22,robustness_single,true,true,1,scored,complete,3799e1f033af37983fd3f5d0b60299e19e5fb526d44337301dcac74e3fa608f5,false,,false,false,true,true,false,false,false,false,0
historical121,d00080,M5,43,a5_reanswer,M22:mmlu/professional_medicine-205,M22,robustness_single,true,true,1,scored,complete,644d49a70cfbf5d0a053a8794944a6cc9638f7b64ffe3873dff8a72910b0badd,false,,false,false,true,true,false,false,false,false,0
historical121,d00073,M5,43,a5_reanswer,M22:mmlu/professional_medicine-205,M22,robustness_single,true,true,1,scored,complete,524a60d50c3c420332b1d3b271e5173dab68c862facb99a57d6f3737cd1694e8,false,,false,false,true,true,false,false,false,false,0
historical121,d00038,M5,43,a5_reanswer,M22:mmlu/professional_medicine-205,M22,robustness_single,true,true,1,scored,complete,190c4ec9492e7b8a498db8d14fda72454afef05a8cd5a9bc477229cf729cad8c,false,,false,false,true,true,false,false,false,false,0
historical121,d00104,M5,43,a5_reanswer,M22:mmlu/professional_medicine-205,M22,robustness_single,true,true,1,scored,complete,8a51e3aca876d55f8be07f789fd916b48a331a8a2b54909dd6450e30e71826a5,false,,false,false,true,true,false,false,false,false,0
historical121,d00091,M5,43,a5_reanswer,M23:BioNLI:exact_context:1899,M23,single,true,true,1,scored,complete,80c944a6d9abde3d906ec37e45e0f6dbf89ae29673af105aa2533ea97c877d13,false,,false,false,true,true,false,false,false,false,0
historical121,d00023,M5,43,a5_reanswer,M23:BioNLI:exact_context:1899,M23,single,true,true,1,scored,complete,bed3d4410073ef94c7a6c8c27c5aa535cb453fe78d4283fd13ca0a113626d073,false,,false,false,true,true,false,false,false,false,0
historical121,d00041,M5,43,a5_reanswer,M23:BioNLI:exact_context:2298,M23,single,true,true,1,scored,complete,b095e8b46b55120b487a0a8d86ba8354c5048cb6f06c2cb61280238cdc9ae776,false,,false,false,true,true,false,false,false,false,0
historical121,d00069,M5,43,a5_reanswer,M23:BioNLI:exact_context:2298,M23,single,true,true,1,scored,complete,b8f78d571619e3e37ff2773cde7c6eef3602d1e52174a521a2faa5e562c814a6,false,,false,false,true,true,false,false,false,false,0
historical121,d00004,M5,43,a5_reanswer,M10:medqa_00219,M10,single,false,true,1,scored,complete,a18f33bf795c1cdb336f7bcda2a4ef8a447aa4f5a8ac09fb290ad34cbb96ab35,false,,false,false,true,false,false,false,false,false,0
historical121,d00071,M5,43,a5_reanswer,M10:medqa_00219,M10,single,false,true,1,scored,complete,f00a2695ccc77db1e29c5716d7463d21c2e9c3bcf9c2aa244ef54bf7ed41886a,false,,false,false,true,false,false,false,false,false,0
historical121,d00115,M5,43,a5_reanswer,M10:medqa_00275,M10,single,true,true,1,scored,complete,2f33c5601a4eee23fe2fc30cbc83b0dfb2575d285d40ea760ad00f4fcf9ff8be,false,,false,false,true,true,false,false,false,false,0
historical121,d00090,M5,43,a5_reanswer,M10:medqa_00275,M10,single,true,true,1,scored,complete,b27c88c11733489e3d09e20b1603d61315798cdf3c83c7c4bfb887cd3d658d85,false,,false,false,true,true,false,false,false,false,0
historical121,d00009,M5,43,a5_reanswer,M10:medqa_01246,M10,single,true,true,1,scored,complete,662325cb011824a3f5bb7cdd77208999b5468459d8d1d320164003822de5ffe0,false,,false,false,true,true,false,false,false,false,0
historical121,d00013,M5,43,a5_reanswer,M10:medqa_01246,M10,single,true,true,1,scored,complete,795823c3a6786ee22ca10663a1ca2e1fb3424cb640d7349e031a363c10361120,false,,false,false,true,true,false,false,false,false,0
historical121,d00045,M5,43,a5_reanswer,M11:78,M11,single,true,true,5,scored,complete,afb316c574c9f129f40fec68a989d8545d966e05844aa33439b389a848504e0b,false,,false,false,true,true,false,false,false,false,0
historical121,d00031,M5,43,a5_reanswer,M11:78,M11,single,true,true,1,scored,complete,8fe79fa2ad93d4ecafc99154d841a05c73c725bc9ccd445d82906b5235f171dc,false,,false,false,true,true,false,false,false,false,0
historical121,d00111,M5,43,a5_reanswer,M11:78,M11,single,true,true,1,scored,complete,8c7b0d183a34c9a6a94a0c79de2c24039ad3d8fe9c0508076a4e13b26326a8aa,false,,false,false,true,true,false,false,false,false,0
historical121,d00074,M5,43,a5_reanswer,M11:78,M11,single,true,true,1,scored,complete,82d03e5dde86746e5afa582a737b81f833eb010f47e03c6fefa704498d0aa6e9,false,,false,true,true,true,false,false,false,false,1
historical121,d00061,M5,43,a5_reanswer,M11:78,M11,single,true,true,1,scored,complete,a4f72a846759a738e727e5ff62c4d443cdb2fd88abac628b58b051efab6f884d,false,,false,true,true,true,false,false,false,false,1
historical121,d00034,M5,43,a5_reanswer,M11:78,M11,single,true,true,1,scored,complete,4b15b791b341676b7c964660169d83bc5eaa58ecb7ccd6fb8eb39b0d8d2ab8b1,false,,false,false,true,true,false,false,false,false,0
historical121,d00037,M5,43,a5_reanswer,M11:103,M11,single,true,true,2,scored,complete,75cfad908ea5c6a5af21e65c3c7d6668545060f568feaee7490ce28f834cc0b7,false,,false,false,true,true,false,false,false,false,0
historical121,d00085,M5,43,a5_reanswer,M11:103,M11,single,true,true,1,scored,complete,17d98fdfc9515dde55bb43cffad3e882a822739cbbbc55761e6d0fbdbbaad349,false,,false,false,true,true,false,false,false,false,0
historical121,d00048,M5,43,a5_reanswer,M11:103,M11,single,true,true,1,scored,complete,a8fef80dfd4e379143882b909bb37129978c8beb90c6fcea40991691cf206efd,false,,false,false,true,true,false,false,false,false,0
historical121,d00075,M5,43,a5_reanswer,M11:126,M11,single,false,true,6,scored,complete,f7970b1411705401ec017de66890fe18cb189a046ad473dfb5bc9f054bb970d8,false,,false,true,true,false,false,false,false,false,1
historical121,d00116,M5,43,a5_reanswer,M11:126,M11,single,false,true,1,scored,complete,d057f85b3803b715100f151f4f0c4f7fe0197cb022299c7262b0af66661816a6,false,,false,false,true,false,false,false,false,false,0
historical121,d00114,M5,43,a5_reanswer,M11:126,M11,single,false,true,1,scored,complete,7cf759d28b95361c8ab31fa3bed619285ce0c5315d5251023c66be02f815e056,false,,false,true,true,false,false,false,false,false,1
historical121,d00107,M5,43,a5_reanswer,M11:126,M11,single,false,true,1,scored,complete,de58fb82896664d9a5a8674a3076ef108dcf8c2344105261356e4d2e50cd7926,false,,false,true,true,false,false,false,false,false,1
historical121,d00082,M5,43,a5_reanswer,M11:126,M11,single,false,true,1,scored,complete,72d00c6a0cef92c5af2cd128955cca82996d461becfec59d093f9595b3043ac3,false,,false,true,true,false,false,false,false,false,1
historical121,d00030,M5,43,a5_reanswer,M11:126,M11,single,false,true,1,scored,complete,e4d344102cf7e3620665e30f02b6ff7b134a8aa410dfa38ed2a435a1adb0eca9,false,,false,true,true,false,false,false,false,false,1
historical121,d00076,M5,43,a5_reanswer,M11:126,M11,single,false,true,1,scored,complete,2b93665a282cdc22713fc2c3920826604a6cc4ca04c339f39c06a7080bc7c365,false,,false,true,true,false,false,false,false,false,1
historical121,d00105,M5,43,a5_reanswer,M11:141,M11,single,true,true,8,scored,complete,f1d152d45133412c77d01b61be1bfb3f33c3805d37f4d7723ae49787a76cb10b,false,,false,false,true,true,false,false,false,false,0
historical121,d00012,M5,43,a5_reanswer,M11:141,M11,single,true,true,1,scored,complete,018b32478fcb8357b6287704c3a2c3d9aa96bc512b6609f4a77d06748d73a476,false,,false,false,true,true,false,false,false,false,0
historical121,d00079,M5,43,a5_reanswer,M11:141,M11,single,true,true,1,scored,complete,f8b95528dbd60a4c7722ae902484e19aff44b42792fccb370492c81856cd5841,false,,false,false,true,true,false,false,false,false,0
historical121,d00066,M5,43,a5_reanswer,M11:141,M11,single,true,true,1,scored,complete,942b498a206f9f16ff7ded21f700dfdad171339639c4f49e93ad37783cc489d4,false,,false,false,true,true,false,false,false,false,0
historical121,d00087,M5,43,a5_reanswer,M11:141,M11,single,false,true,1,scored,complete,558d3d8c270594c70cdbb9d65600fcb72213efba7526c1369048f041f9f2d4e8,false,,false,false,true,false,false,false,false,false,0
historical121,d00044,M5,43,a5_reanswer,M11:141,M11,single,true,true,1,scored,complete,6709781c0ff934debf87dd7d58c084aa61860a8ebc99c4f2d7738e889d33b8ef,false,,false,false,true,true,false,false,false,false,0
historical121,d00102,M5,43,a5_reanswer,M11:141,M11,single,true,true,1,scored,complete,9baa5035d560504410d13b5ca09b6da1eb18fea9e21ff96ad48f25a4dfcd7192,false,,false,false,true,true,false,false,false,false,0
historical121,d00092,M5,43,a5_reanswer,M11:141,M11,single,true,true,1,scored,complete,a91ab5da9db830e124e861446743d01f46d0d4fa979c0765b0ed22dfa78adabd,false,,false,false,true,true,false,false,false,false,0
historical121,d00001,M5,43,a5_reanswer,M11:141,M11,single,true,true,1,scored,complete,29515b903c63ecbd9660715685726cdbcb0aff910e128a6d3b76af557b05fd49,false,,false,false,true,true,false,false,false,false,0
historical121,d00084,M5,43,a5_reanswer,M20:6,M20,relation,false,true,4,scored,complete,8388c35a93273f16f819afa8ac497de323eaf2bbcfddaeff8e5ec96146513865,false,,false,false,true,false,false,false,false,false,0
historical121,d00094,M5,43,a5_reanswer,M20:6,M20,relation,true,true,1,scored,complete,9ce64cccf0a7d38f0b5095a5cf14a3e6e09949226fbb0c5b8d46db92a752e5f4,false,,false,true,true,false,true,false,false,false,1
historical121,d00088,M5,43,a5_reanswer,M20:6,M20,relation,true,true,1,scored,complete,1c37528483334b49739a0a61de03bb6b94bdb99fdaea97590b4e9dc67ebecbbb,false,,false,true,true,false,true,false,false,false,1
historical121,d00026,M5,43,a5_reanswer,M20:6,M20,relation,false,true,1,scored,complete,021fc70595e4073d4eb5c9ef232fc33e4cdd0f82095c3b9298673431fe88e0dc,false,,false,false,true,false,false,false,false,false,0
historical121,d00081,M5,43,a5_reanswer,M20:6,M20,relation,false,true,1,scored,complete,250abe5f14962dc18e2551aecae3d1a0fbd6a0da33ef0bdfb33575d8b3a62b66,false,,false,false,true,false,false,false,false,false,0
historical121,d00112,M5,43,a5_reanswer,M20:22,M20,relation,true,true,4,scored,complete,01e24aee316f188da007adc4744e50ed86132bfd3ab24c42aeae860efaa7542b,false,,false,false,true,true,false,false,false,false,0
historical121,d00014,M5,43,a5_reanswer,M20:22,M20,relation,true,true,1,scored,complete,aae80ab4a8c03e6a6d6221cb0562a8950f78aaf469c811b6b16bf25f83f60588,false,,false,false,true,true,false,false,false,false,0
historical121,d00005,M5,43,a5_reanswer,M20:22,M20,relation,true,true,1,scored,complete,f53abcff881be974a6f341aff85b5131ee519b69467b3dd7ff9a7f3df7f22c35,false,,false,false,true,true,false,false,false,false,0
historical121,d00063,M5,43,a5_reanswer,M20:22,M20,relation,true,true,1,scored,complete,38b0b6761890507bf7c342c2dfd925fa3e013d336e1780e56604d0b2648cd64c,false,,false,true,true,true,false,false,false,false,1
historical121,d00117,M5,43,a5_reanswer,M20:22,M20,relation,true,true,1,scored,complete,b5f9f8315d67039bf2c5ca2bcef1e92d916b2252843f3be13ceeef1c23c31d1e,false,,false,true,true,true,false,false,false,false,1
historical121,d00040,M5,43,a5_reanswer,M06:supplement_N20,M06,single,true,true,1,scored,complete,dc75bb08a752a61c2ab257577edd43750218a26b3e333fd93740766c5af932c2,false,,false,false,true,true,false,false,false,false,0
historical121,d00042,M5,43,a5_reanswer,M06:supplement_N48,M06,single,true,true,1,scored,complete,885e3358b58fd851cba9e09be24abf62e2e1b3050c219c04133b085a70c8f5e2,false,,false,true,true,false,true,false,false,false,1
historical121,d00067,M5,43,a5_reanswer,M17:usmle_derm_327,M17,single,true,true,2,scored,complete,bfd60a98e25352cade531b6a9d4a643af76f8150c847635af4dae8b2d6010259,false,,false,false,true,true,false,false,false,false,0
historical121,d00027,M5,43,a5_reanswer,M17:usmle_derm_327,M17,single,true,true,2,scored,complete,dd6ebe0900b57b0109b885f1424d3174979f95660ad2297ff8adb2322a25b984,false,,false,false,true,true,false,false,false,false,0
historical121,d00022,M5,43,a5_reanswer,M17:usmle_derm_327,M17,single,true,true,2,scored,complete,2fcb6aabeae77a2c3b9fa467ef78cb49505683c557e34e560fc9e729844f7635,false,,false,false,true,true,false,false,false,false,0
historical121,d00056,M5,43,a5_reanswer,M17:usmle_derm_327,M17,single,true,true,1,scored,complete,9c762aa3115e0918e40a8ea4d5732854b4cc6173585749f97135bb9a26a45944,false,,false,false,true,true,false,false,false,false,0
historical121,d00097,M5,43,a5_reanswer,M17:usmle_derm_327,M17,single,false,true,1,scored,complete,875390f5404cf10f32d2da774191e92604bbdc949b13732922a95e0896ed280c,false,,false,false,true,false,false,false,false,false,0
historical121,d00053,M5,43,a5_reanswer,M17:usmle_derm_327,M17,single,false,true,1,scored,complete,7eda988fbbacad04bd568b4986285105ecf6538afac542069e4af82349bb8b55,false,,false,true,true,false,false,false,false,false,1
historical121,d00020,M5,43,a5_reanswer,M17:usmle_derm_327,M17,single,true,true,1,scored,complete,c74bf01bb061325c343aaf67aa17a87792402f7dd6e5507e6de161ac3e103977,false,,false,false,true,true,false,false,false,false,0
historical121,d00119,M5,43,a5_reanswer,M17:usmle_derm_327,M17,single,false,true,1,scored,complete,8bd5c5f6a3ed125f0661ffc09cad039a47793719ecd1f165d7c6a1fdc3aa25c6,false,,false,false,true,false,false,false,false,false,0
historical121,d00033,M5,43,a5_reanswer,M17:usmle_derm_327,M17,single,false,true,1,scored,complete,af6d1ef1d376bb0c874e6f7a99b982bcc8b154ec44da4ab78d650762715b9594,false,,false,false,true,false,false,false,false,false,0
historical121,d00083,M5,43,a5_reanswer,M17:usmle_derm_991,M17,single,true,true,1,scored,complete,99f5c38182aa29be9e5f12d6783b3849ffd9fedf6faf72b21b9c3a356abfc0e7,false,,false,false,true,true,false,false,false,false,0
historical121,d00006,M5,43,a5_reanswer,M17:usmle_derm_991,M17,single,true,true,1,scored,complete,62777e14a500bbd8f58ce4ca4328cbe45863c631133f96504626a8d681af89a7,false,,false,true,true,true,false,false,false,false,1
historical121,d00043,M5,43,a5_reanswer,M17:usmle_derm_991,M17,single,true,true,1,scored,complete,b73654efc51406d38e8d9442cb9222c385c0bfe20fddea838a947724c795102f,false,,false,false,true,true,false,false,false,false,0
historical121,d00099,M5,43,a5_reanswer,M17:usmle_derm_991,M17,single,true,true,1,scored,complete,aedb462fc318a86700f58acecb72989bd00307693ae9003f1aee867cf7257bc9,false,,false,false,true,true,false,false,false,false,0
historical121,d00118,M5,43,a5_reanswer,M17:usmle_derm_991,M17,single,true,true,1,scored,complete,c289de3a7759fb79b7cdcb966f2e7722fe10bba6d1f1da5e450871618219d781,false,,false,false,true,true,false,false,false,false,0
historical121,d00064,M5,43,a5_reanswer,M17:usmle_derm_991,M17,single,false,true,1,scored,complete,0bdac49ea628d44eb26c9acb6c944aa711c0e4609b48432647142fc88dfb6f8e,false,,false,true,true,true,false,true,false,false,1
historical121,d00035,M5,44,a5_reanswer,M01:case_24951,M01,diagnosis,false,true,1,scored,complete,defc32f201f5697726a74a90cf2dfe87af54f65f9c8a19eacaee9eb28718f2b3,false,,false,false,false,false,false,false,false,false,0
historical121,d00068,M5,44,a5_reanswer,M01:case_24951,M01,diagnosis,true,true,1,scored,complete,7be24aff515979b05756f428b1ed646304fea3444ae672f9f040d49833fd0543,false,,false,false,false,true,false,false,false,false,0
historical121,d00008,M5,44,a5_reanswer,M01:case_47649,M01,diagnosis,true,true,1,scored,complete,b56caf9fca4a4863b34541d56da5e2f00c38a24a49f5cd6e658d969fc60b2ae1,false,,false,false,false,true,false,false,false,false,0
historical121,d00011,M5,44,a5_reanswer,M01:case_47649,M01,diagnosis,false,true,1,scored,complete,363c100ba8d1c0372d9ec7a531b4de1b66565383e0e0c74c5d02a9ff796663ac,false,,false,false,false,false,false,false,false,false,0
historical121,d00051,M5,44,a5_reanswer,M01:case_79632,M01,diagnosis,false,true,1,scored,complete,7cd47eaad9ebc950af7a7c76d7e5d9a6db77e2ae731ea67c030a9e17464e342c,false,,false,false,false,false,false,false,false,false,0
historical121,d00070,M5,44,a5_reanswer,M01:case_79632,M01,diagnosis,false,true,1,scored,complete,7cd47eaad9ebc950af7a7c76d7e5d9a6db77e2ae731ea67c030a9e17464e342c,false,,false,false,false,false,false,false,false,false,0
historical121,d00077,M5,44,a5_reanswer,M01:case_93766,M01,diagnosis,true,true,1,scored,complete,5a4775f013fc144cd6a1f8d70e09875138f9432db393b692dddd4a2a09e6107b,false,,false,false,false,true,false,false,false,false,0
historical121,d00021,M5,44,a5_reanswer,M01:case_93766,M01,diagnosis,true,true,1,scored,complete,7cd47eaad9ebc950af7a7c76d7e5d9a6db77e2ae731ea67c030a9e17464e342c,false,,false,false,false,true,false,false,false,false,0
historical121,d00047,M5,44,a5_reanswer,M02:M02:SS-CF-PD-002-POS,M02,multi,true,true,1,scored,complete,0cc2bd8f44460b953324977fdb2bd2039b56ec6782dcbe90183ddfa736eb953a,false,,false,false,false,true,false,false,false,false,0
historical121,d00098,M5,44,a5_reanswer,M02:M02:CS-CF-HF-001-A,M02,multi,true,true,1,scored,complete,7a36860e04a4b2201332e82dfcf1d8489d1c2215bd6d4384ac7c33673af6b7ce,false,,false,false,false,true,false,false,false,false,0
historical121,d00103,M5,44,a5_reanswer,M02:M02:CS-CF-NS-001-B,M02,multi,true,true,1,scored,complete,c392f5ad00250d0b7321055127cd22e3025636f6a8c03df5bce11e79f103e4c4,false,,false,false,false,true,false,false,false,false,0
historical121,d00095,M5,44,a5_reanswer,M02:M02:CS-CF-AD-001-B,M02,multi,true,true,1,scored,complete,321000425974e2272c8309386baa37c49659ca20476b0607ee921dbeae6cb935,false,,false,false,false,true,false,false,false,false,0
historical121,d00018,M5,44,a5_reanswer,M02:M02:CS-CF-AP-002-B,M02,multi,true,true,1,scored,complete,557485defff7b1776e7cf7a4ad6ef92a7e47cdb8b091a4091606c739eed5e96d,false,,false,false,false,true,false,false,false,false,0
historical121,d00096,M5,44,a5_reanswer,M02:M02:CS-CF-A1-002-B,M02,multi,true,true,1,scored,complete,d8c4e2652313ee1cf1f4f78192945b447473a32ac19f53ad11b12a2e25fa5e94,false,,false,false,false,true,false,false,false,false,0
historical121,d00000,M5,44,a5_reanswer,M02:M02:DDI-CF-CN-001-A,M02,multi,true,true,1,scored,complete,2eaff33201aeac3e1444bc7ec0bf2844592b3b6bda88b85306d16e832af3638a,false,,false,false,false,true,false,false,false,false,0
historical121,d00050,M5,44,a5_reanswer,M02:M02:RK-CF-TMP-001-B,M02,multi,,false,1,not_scored,unavailable,,false,,false,false,false,,false,false,false,false,0
historical121,d00052,M5,44,a5_reanswer,M02:M02:RK-CF-ENO-001-A,M02,multi,true,true,1,scored,complete,faa73fd3e222f1898004eb07f89208a9f333a77f368acfe94993a036c0dee3a5,false,,false,false,false,true,false,false,false,false,0
historical121,d00036,M5,44,a5_reanswer,M12:12,M12,single,false,true,1,scored,complete,5cb9ef164a4d673fa4d1f76ebd380df2aaf95cbf52235f7bf8501bc07149a35a,false,,false,false,true,false,false,false,false,false,0
historical121,d00089,M5,44,a5_reanswer,M12:12,M12,single,false,true,1,scored,complete,76e2d05f2de9e69d440e1e82d49fe34427a17093aea259a6e48f367f0c36f82a,false,,false,false,true,false,false,false,false,false,0
historical121,d00002,M5,44,a5_reanswer,M12:54,M12,single,true,true,3,scored,complete,2194164d220207358b011d0c336f82466718b101c2c24ee8d9a6f7ab1ebe6357,false,,false,false,true,true,false,false,false,false,0
historical121,d00086,M5,44,a5_reanswer,M12:54,M12,single,true,true,1,scored,complete,c8fd64809924e1faa10746aaf48b8742f479654592d2bc7b7bf391549efdbc70,false,,false,false,true,true,false,false,false,false,0
historical121,d00024,M5,44,a5_reanswer,M12:54,M12,single,true,true,1,scored,complete,3f62e7394a83f8133cd7104df121ca57128e402730ccb47546daca579df46162,false,,false,false,true,true,false,false,false,false,0
historical121,d00109,M5,44,a5_reanswer,M12:54,M12,single,true,true,1,scored,complete,ab60d71b7be17f22eb57da49dd71d2675ace9aadf18fc749a2f7a0aceea40c0e,false,,false,false,true,true,false,false,false,false,0
historical121,d00016,M5,44,a5_reanswer,M12:648,M12,single,true,true,2,scored,complete,56e728ecb0a625541ae3d49f5bb1d37d1bdda4d58ac2073fbd6ed8cf68bb97bc,false,,false,false,true,true,false,false,false,false,0
historical121,d00110,M5,44,a5_reanswer,M12:648,M12,single,false,true,1,scored,complete,3ad08b5775277a5737f66500e231212ef04097b2e0705dab1c649ef0d53a682e,false,,false,true,true,false,false,false,false,false,1
historical121,d00025,M5,44,a5_reanswer,M12:648,M12,single,true,true,1,scored,complete,40f222e66573457253fb8860531a5b705e4229a3e4107e289a35d6dccbb49c6f,false,,false,false,true,true,false,false,false,false,0
historical121,d00055,M5,44,a5_reanswer,M12:660,M12,single,true,true,3,scored,complete,2a000eab157decf08a9468924f6de37a62922bd2eb2972d04a2b16bfa9c3e358,false,,false,false,true,true,false,false,false,false,0
historical121,d00019,M5,44,a5_reanswer,M12:660,M12,single,true,true,1,scored,complete,2076c3610ee654b214d953d5d0cd180d8f9ae56b66adc9263f6bb9aa7ff84445,false,,false,false,true,true,false,false,false,false,0
historical121,d00057,M5,44,a5_reanswer,M12:660,M12,single,true,true,1,scored,complete,b52805ca82bad0ed949286828611494685bd53918995ebf130060fcf9372bdaf,false,,false,true,true,false,true,false,false,false,1
historical121,d00072,M5,44,a5_reanswer,M12:660,M12,single,false,true,1,scored,complete,9fdc9724a394553d037f35c6504030c92b2882444047116b096fc97c89d382ca,false,,false,false,true,false,false,false,false,false,0
historical121,d00039,M5,44,a5_reanswer,M12:725,M12,single,false,true,4,scored,complete,a190b566b35799e55ea455122a8c5b2845beb70488675770892acf61ea02c0e1,false,,false,false,true,false,false,false,false,false,0
historical121,d00049,M5,44,a5_reanswer,M12:725,M12,single,false,true,1,scored,complete,60beb144797978d02abc375a2bc3bdf8c17e27a184bfe8fa499f6ff34087d647,false,,false,true,true,false,false,false,false,false,1
historical121,d00017,M5,44,a5_reanswer,M12:725,M12,single,true,true,1,scored,complete,3bee896516c09530e88ed1940d2cb6b79ad28e1dea3b05f900e945ef176f6932,false,,false,true,true,true,false,false,false,false,1
historical121,d00028,M5,44,a5_reanswer,M12:725,M12,single,true,true,1,scored,complete,ab29244dfe48113d9af3e14035bcb14e30d0f3289098046ffd67bb8a7378ae0f,false,,false,true,true,true,false,false,false,false,1
historical121,d00060,M5,44,a5_reanswer,M12:725,M12,single,false,true,1,scored,complete,b92e2c156d2a7d10f7f4ea52da3e9a4796cd3e6c5b2c9d865f4b2db269ecf061,false,,false,false,true,false,false,false,false,false,0
historical121,d00058,M5,44,a5_reanswer,M12:758,M12,single,false,true,3,scored,complete,138302ea30fb64f3d4f4d1b4a6d1838b59492208e2bcbf11a929862d4d9599f2,false,,false,true,true,true,false,true,false,false,1
historical121,d00010,M5,44,a5_reanswer,M12:758,M12,single,false,true,1,scored,complete,bb59b840f478e75b905f3ed4edc7d813be1b549e7a0e95afaa322a7963b5326d,false,,false,false,true,false,false,false,false,false,0
historical121,d00120,M5,44,a5_reanswer,M12:758,M12,single,true,true,1,scored,complete,f25db2b0fe60c47c84451eee51af4d2065ccb99f9eb5070b6fac647735db5824,false,,false,false,true,true,false,false,false,false,0
historical121,d00059,M5,44,a5_reanswer,M12:758,M12,single,false,true,1,scored,complete,3f8c78c4d7e9e5395026a1ff8ebd42e7902c2d4f95dcd80da72f898f735fda36,false,,false,true,true,false,false,false,false,false,1
historical121,d00093,M5,44,a5_reanswer,M14:exact_source_text:20,M14,single,true,true,1,scored,complete,0db2c323bee12a904c3e3e84bf1e316c952fa9a2c062d554d765cf2ae37ad92b,false,,false,false,true,true,false,false,false,false,0
historical121,d00029,M5,44,a5_reanswer,M14:exact_source_text:20,M14,single,true,true,1,scored,complete,37af08fc58fb7f9a6d1df5b772ba28b89a74b3e3c180b3fed007ff69a3184f6c,false,,false,false,true,true,false,false,false,false,0
historical121,d00015,M5,44,a5_reanswer,M14:exact_source_text:936,M14,single,true,true,1,scored,complete,ebcbf0edd65df8e8c312c80b4644035deed4a062e66496d6e746e520a1407dae,false,,false,true,true,false,true,false,false,false,1
historical121,d00054,M5,44,a5_reanswer,M14:exact_source_text:936,M14,single,true,true,1,scored,complete,233e3d7ede198e5390c1bcca5b57419fb442b531a76c7045f3fd3ad4ad90bc5a,false,,false,false,true,true,false,false,false,false,0
historical121,d00101,M5,44,a5_reanswer,M14:exact_source_text:555,M14,single,false,true,1,scored,complete,03a49ed9856a6b78ed75381cf9358b4a303f425b9b748785437feff8b610e7c6,false,,false,true,true,false,false,false,false,false,1
historical121,d00032,M5,44,a5_reanswer,M14:exact_source_text:555,M14,single,false,true,1,scored,complete,1b6d94ed3ad26d3d217ac1f75fb54dc68932906814d5668e275a2b64cbf583d1,false,,false,true,true,true,false,true,false,false,1
historical121,d00065,M5,44,a5_reanswer,M14:exact_source_text:749,M14,single,false,true,1,scored,complete,b7d8ad810227024ecfe40c14e3f65a294f4efe2e7c3aa15ee59bef22c2378248,false,,false,false,true,false,false,false,false,false,0
historical121,d00007,M5,44,a5_reanswer,M14:exact_source_text:749,M14,single,false,true,1,scored,complete,677e55bac646d471c8f9a691c1803c9f96027d39bb57f18f328ec806228d705b,false,,false,false,true,false,false,false,false,false,0
historical121,d00106,M5,44,a5_reanswer,M22:bioasq/63f9cbb433942b094c00000c,M22,robustness_single,true,true,1,scored,complete,b5cde2eb95c6f104e78d6540cb008ffc02deb1947e576e6c638a9241df72b731,false,,false,false,true,true,false,false,false,false,0
historical121,d00062,M5,44,a5_reanswer,M22:bioasq/63f9cbb433942b094c00000c,M22,robustness_single,true,true,1,scored,complete,ae263ef17b477d9af9aa2ed96ab6a99be9087fa98c0d11754852c6cbb27bdf53,false,,false,false,true,true,false,false,false,false,0
historical121,d00046,M5,44,a5_reanswer,M22:bioasq/63f9cbb433942b094c00000c,M22,robustness_single,true,true,1,scored,complete,afe54336b34066dca71cdef26cef1cd7392cbd054b04182680fe588f829209a7,false,,false,false,true,true,false,false,false,false,0
historical121,d00100,M5,44,a5_reanswer,M22:bioasq/63f9cbb433942b094c00000c,M22,robustness_single,true,true,1,scored,complete,697427cad506d5a7329dd83b18e04a601620c343a4a8db4eda236579be87a7e5,false,,false,false,true,true,false,false,false,false,0
historical121,d00113,M5,44,a5_reanswer,M22:bioasq/63f9cbb433942b094c00000c,M22,robustness_single,true,true,1,scored,complete,0f22aefa3a9b1ca3607e87eb9d3f6548ac604de34a7a51e1e6a6fb4e64b403f7,false,,false,false,true,true,false,false,false,false,0
historical121,d00078,M5,44,a5_reanswer,M22:bioasq/63f9cbb433942b094c00000c,M22,robustness_single,true,true,1,scored,complete,ae5bd8fcfe8931a807b4360619deecb7351c53dd4c3b301a098b67dfaac174fb,false,,false,false,true,true,false,false,false,false,0
historical121,d00108,M5,44,a5_reanswer,M22:mmlu/professional_medicine-205,M22,robustness_single,true,true,1,scored,complete,89b1d912b760c9704d59d9e9951719dccd24d6f1443cb48ab79b80d42e9d3b8d,false,,false,false,true,true,false,false,false,false,0
historical121,d00003,M5,44,a5_reanswer,M22:mmlu/professional_medicine-205,M22,robustness_single,true,true,1,scored,complete,3799e1f033af37983fd3f5d0b60299e19e5fb526d44337301dcac74e3fa608f5,false,,false,false,true,true,false,false,false,false,0
historical121,d00080,M5,44,a5_reanswer,M22:mmlu/professional_medicine-205,M22,robustness_single,true,true,1,scored,complete,644d49a70cfbf5d0a053a8794944a6cc9638f7b64ffe3873dff8a72910b0badd,false,,false,false,true,true,false,false,false,false,0
historical121,d00073,M5,44,a5_reanswer,M22:mmlu/professional_medicine-205,M22,robustness_single,true,true,1,scored,complete,524a60d50c3c420332b1d3b271e5173dab68c862facb99a57d6f3737cd1694e8,false,,false,false,true,true,false,false,false,false,0
historical121,d00038,M5,44,a5_reanswer,M22:mmlu/professional_medicine-205,M22,robustness_single,true,true,1,scored,complete,190c4ec9492e7b8a498db8d14fda72454afef05a8cd5a9bc477229cf729cad8c,false,,false,false,true,true,false,false,false,false,0
historical121,d00104,M5,44,a5_reanswer,M22:mmlu/professional_medicine-205,M22,robustness_single,true,true,1,scored,complete,8a51e3aca876d55f8be07f789fd916b48a331a8a2b54909dd6450e30e71826a5,false,,false,false,true,true,false,false,false,false,0
historical121,d00091,M5,44,a5_reanswer,M23:BioNLI:exact_context:1899,M23,single,true,true,1,scored,complete,80c944a6d9abde3d906ec37e45e0f6dbf89ae29673af105aa2533ea97c877d13,false,,false,false,true,true,false,false,false,false,0
historical121,d00023,M5,44,a5_reanswer,M23:BioNLI:exact_context:1899,M23,single,true,true,1,scored,complete,bed3d4410073ef94c7a6c8c27c5aa535cb453fe78d4283fd13ca0a113626d073,false,,false,false,true,true,false,false,false,false,0
historical121,d00041,M5,44,a5_reanswer,M23:BioNLI:exact_context:2298,M23,single,true,true,1,scored,complete,b095e8b46b55120b487a0a8d86ba8354c5048cb6f06c2cb61280238cdc9ae776,false,,false,false,true,true,false,false,false,false,0
historical121,d00069,M5,44,a5_reanswer,M23:BioNLI:exact_context:2298,M23,single,true,true,1,scored,complete,b8f78d571619e3e37ff2773cde7c6eef3602d1e52174a521a2faa5e562c814a6,false,,false,false,true,true,false,false,false,false,0
historical121,d00004,M5,44,a5_reanswer,M10:medqa_00219,M10,single,false,true,1,scored,complete,a18f33bf795c1cdb336f7bcda2a4ef8a447aa4f5a8ac09fb290ad34cbb96ab35,false,,false,false,true,false,false,false,false,false,0
historical121,d00071,M5,44,a5_reanswer,M10:medqa_00219,M10,single,false,true,1,scored,complete,f00a2695ccc77db1e29c5716d7463d21c2e9c3bcf9c2aa244ef54bf7ed41886a,false,,false,false,true,false,false,false,false,false,0
historical121,d00115,M5,44,a5_reanswer,M10:medqa_00275,M10,single,true,true,1,scored,complete,2f33c5601a4eee23fe2fc30cbc83b0dfb2575d285d40ea760ad00f4fcf9ff8be,false,,false,false,true,true,false,false,false,false,0
historical121,d00090,M5,44,a5_reanswer,M10:medqa_00275,M10,single,true,true,1,scored,complete,b27c88c11733489e3d09e20b1603d61315798cdf3c83c7c4bfb887cd3d658d85,false,,false,false,true,true,false,false,false,false,0
historical121,d00009,M5,44,a5_reanswer,M10:medqa_01246,M10,single,true,true,1,scored,complete,662325cb011824a3f5bb7cdd77208999b5468459d8d1d320164003822de5ffe0,false,,false,false,true,true,false,false,false,false,0
historical121,d00013,M5,44,a5_reanswer,M10:medqa_01246,M10,single,true,true,1,scored,complete,795823c3a6786ee22ca10663a1ca2e1fb3424cb640d7349e031a363c10361120,false,,false,false,true,true,false,false,false,false,0
historical121,d00045,M5,44,a5_reanswer,M11:78,M11,single,true,true,5,scored,complete,afb316c574c9f129f40fec68a989d8545d966e05844aa33439b389a848504e0b,false,,false,false,true,true,false,false,false,false,0
historical121,d00031,M5,44,a5_reanswer,M11:78,M11,single,true,true,1,scored,complete,8fe79fa2ad93d4ecafc99154d841a05c73c725bc9ccd445d82906b5235f171dc,false,,false,false,true,true,false,false,false,false,0
historical121,d00111,M5,44,a5_reanswer,M11:78,M11,single,true,true,1,scored,complete,8c7b0d183a34c9a6a94a0c79de2c24039ad3d8fe9c0508076a4e13b26326a8aa,false,,false,false,true,true,false,false,false,false,0
historical121,d00074,M5,44,a5_reanswer,M11:78,M11,single,true,true,1,scored,complete,d368442e410adc766d15b95606da51762bb766667bd3bf9ca30197bba7888060,false,,false,true,true,true,false,false,false,false,1
historical121,d00061,M5,44,a5_reanswer,M11:78,M11,single,true,true,1,scored,complete,11ca0d2f60479316784fe9031637a224822a47bcc4a2c74272d2c1d11f058fea,false,,false,true,true,true,false,false,false,false,1
historical121,d00034,M5,44,a5_reanswer,M11:78,M11,single,true,true,1,scored,complete,4b15b791b341676b7c964660169d83bc5eaa58ecb7ccd6fb8eb39b0d8d2ab8b1,false,,false,false,true,true,false,false,false,false,0
historical121,d00037,M5,44,a5_reanswer,M11:103,M11,single,true,true,2,scored,complete,75cfad908ea5c6a5af21e65c3c7d6668545060f568feaee7490ce28f834cc0b7,false,,false,false,true,true,false,false,false,false,0
historical121,d00085,M5,44,a5_reanswer,M11:103,M11,single,true,true,1,scored,complete,17d98fdfc9515dde55bb43cffad3e882a822739cbbbc55761e6d0fbdbbaad349,false,,false,false,true,true,false,false,false,false,0
historical121,d00048,M5,44,a5_reanswer,M11:103,M11,single,true,true,1,scored,complete,a8fef80dfd4e379143882b909bb37129978c8beb90c6fcea40991691cf206efd,false,,false,false,true,true,false,false,false,false,0
historical121,d00075,M5,44,a5_reanswer,M11:126,M11,single,false,true,6,scored,complete,7b2943050f1fb3e1fc24c4178627d09d8dd7d82bfb639e6d3d05d5cf4c3f09e5,false,,false,true,true,false,false,false,false,false,1
historical121,d00116,M5,44,a5_reanswer,M11:126,M11,single,false,true,1,scored,complete,d057f85b3803b715100f151f4f0c4f7fe0197cb022299c7262b0af66661816a6,false,,false,false,true,false,false,false,false,false,0
historical121,d00114,M5,44,a5_reanswer,M11:126,M11,single,false,true,1,scored,complete,a946f51c4ae5cb6925aabafaa266ddf2eddb2fe98cee5972fef5e757b0a8179f,false,,false,true,true,false,false,false,false,false,1
historical121,d00107,M5,44,a5_reanswer,M11:126,M11,single,false,true,1,scored,complete,403eff2234332182999fb2bfea4f56dd5a021e70230f837d8958a2af54b67c7d,false,,false,true,true,false,false,false,false,false,1
historical121,d00082,M5,44,a5_reanswer,M11:126,M11,single,false,true,1,scored,complete,c4c71a7731e804903e7fdbc12ea62ce53d39769da83a9c91875a0635dbebc212,false,,false,true,true,false,false,false,false,false,1
historical121,d00030,M5,44,a5_reanswer,M11:126,M11,single,false,true,1,scored,complete,77138d4b1ff42599d2852a342a0cf57605a1ed9af71ed97245063b790a3ec93a,false,,false,true,true,false,false,false,false,false,1
historical121,d00076,M5,44,a5_reanswer,M11:126,M11,single,false,true,1,scored,complete,e956a16a65e3fff34a8140491f31d6fd9ef539302a2e419f166d3a8484bfc7ee,false,,false,true,true,false,false,false,false,false,1
historical121,d00105,M5,44,a5_reanswer,M11:141,M11,single,true,true,8,scored,complete,f1d152d45133412c77d01b61be1bfb3f33c3805d37f4d7723ae49787a76cb10b,false,,false,false,true,true,false,false,false,false,0
historical121,d00012,M5,44,a5_reanswer,M11:141,M11,single,true,true,1,scored,complete,018b32478fcb8357b6287704c3a2c3d9aa96bc512b6609f4a77d06748d73a476,false,,false,false,true,true,false,false,false,false,0
historical121,d00079,M5,44,a5_reanswer,M11:141,M11,single,true,true,1,scored,complete,f8b95528dbd60a4c7722ae902484e19aff44b42792fccb370492c81856cd5841,false,,false,false,true,true,false,false,false,false,0
historical121,d00066,M5,44,a5_reanswer,M11:141,M11,single,true,true,1,scored,complete,942b498a206f9f16ff7ded21f700dfdad171339639c4f49e93ad37783cc489d4,false,,false,false,true,true,false,false,false,false,0
historical121,d00087,M5,44,a5_reanswer,M11:141,M11,single,false,true,1,scored,complete,558d3d8c270594c70cdbb9d65600fcb72213efba7526c1369048f041f9f2d4e8,false,,false,false,true,false,false,false,false,false,0
historical121,d00044,M5,44,a5_reanswer,M11:141,M11,single,true,true,1,scored,complete,6709781c0ff934debf87dd7d58c084aa61860a8ebc99c4f2d7738e889d33b8ef,false,,false,false,true,true,false,false,false,false,0
historical121,d00102,M5,44,a5_reanswer,M11:141,M11,single,true,true,1,scored,complete,9baa5035d560504410d13b5ca09b6da1eb18fea9e21ff96ad48f25a4dfcd7192,false,,false,false,true,true,false,false,false,false,0
historical121,d00092,M5,44,a5_reanswer,M11:141,M11,single,true,true,1,scored,complete,a91ab5da9db830e124e861446743d01f46d0d4fa979c0765b0ed22dfa78adabd,false,,false,false,true,true,false,false,false,false,0
historical121,d00001,M5,44,a5_reanswer,M11:141,M11,single,true,true,1,scored,complete,29515b903c63ecbd9660715685726cdbcb0aff910e128a6d3b76af557b05fd49,false,,false,false,true,true,false,false,false,false,0
historical121,d00084,M5,44,a5_reanswer,M20:6,M20,relation,false,true,4,scored,complete,8388c35a93273f16f819afa8ac497de323eaf2bbcfddaeff8e5ec96146513865,false,,false,false,true,false,false,false,false,false,0
historical121,d00094,M5,44,a5_reanswer,M20:6,M20,relation,true,true,1,scored,complete,cba3c0da21fb1e0922d3015ddc43956d36f7d1544ba95ad28a866d64d3c52a67,false,,false,true,true,false,true,false,false,false,1
historical121,d00088,M5,44,a5_reanswer,M20:6,M20,relation,true,true,1,scored,complete,3ed4c12000e5ffd9aee443b2ebdddd416776d62112f723801a8ca4dd9347e5c4,false,,false,true,true,false,true,false,false,false,1
historical121,d00026,M5,44,a5_reanswer,M20:6,M20,relation,false,true,1,scored,complete,021fc70595e4073d4eb5c9ef232fc33e4cdd0f82095c3b9298673431fe88e0dc,false,,false,false,true,false,false,false,false,false,0
historical121,d00081,M5,44,a5_reanswer,M20:6,M20,relation,false,true,1,scored,complete,250abe5f14962dc18e2551aecae3d1a0fbd6a0da33ef0bdfb33575d8b3a62b66,false,,false,false,true,false,false,false,false,false,0
historical121,d00112,M5,44,a5_reanswer,M20:22,M20,relation,true,true,4,scored,complete,01e24aee316f188da007adc4744e50ed86132bfd3ab24c42aeae860efaa7542b,false,,false,false,true,true,false,false,false,false,0
historical121,d00014,M5,44,a5_reanswer,M20:22,M20,relation,true,true,1,scored,complete,aae80ab4a8c03e6a6d6221cb0562a8950f78aaf469c811b6b16bf25f83f60588,false,,false,false,true,true,false,false,false,false,0
historical121,d00005,M5,44,a5_reanswer,M20:22,M20,relation,true,true,1,scored,complete,f53abcff881be974a6f341aff85b5131ee519b69467b3dd7ff9a7f3df7f22c35,false,,false,false,true,true,false,false,false,false,0
historical121,d00063,M5,44,a5_reanswer,M20:22,M20,relation,true,true,1,scored,complete,287e919c308cbf3687bc28988a59de3df883b7464108128db11443d23c8593ee,false,,false,true,true,true,false,false,false,false,1
historical121,d00117,M5,44,a5_reanswer,M20:22,M20,relation,true,true,1,scored,complete,8bdc853f0ab0b17782a7f08a267aa1cc9059c3a30bc88555a6c1f0dc8be52a23,false,,false,true,true,true,false,false,false,false,1
historical121,d00040,M5,44,a5_reanswer,M06:supplement_N20,M06,single,true,true,1,scored,complete,dc75bb08a752a61c2ab257577edd43750218a26b3e333fd93740766c5af932c2,false,,false,false,true,true,false,false,false,false,0
historical121,d00042,M5,44,a5_reanswer,M06:supplement_N48,M06,single,true,true,1,scored,complete,5b2bdaf29d708cfcb5cddc51746fc3c28e07c3ddc40caa69d5046c7be1e42661,false,,false,true,true,false,true,false,false,false,1
historical121,d00067,M5,44,a5_reanswer,M17:usmle_derm_327,M17,single,true,true,2,scored,complete,bfd60a98e25352cade531b6a9d4a643af76f8150c847635af4dae8b2d6010259,false,,false,false,true,true,false,false,false,false,0
historical121,d00027,M5,44,a5_reanswer,M17:usmle_derm_327,M17,single,true,true,2,scored,complete,dd6ebe0900b57b0109b885f1424d3174979f95660ad2297ff8adb2322a25b984,false,,false,false,true,true,false,false,false,false,0
historical121,d00022,M5,44,a5_reanswer,M17:usmle_derm_327,M17,single,true,true,2,scored,complete,2fcb6aabeae77a2c3b9fa467ef78cb49505683c557e34e560fc9e729844f7635,false,,false,false,true,true,false,false,false,false,0
historical121,d00056,M5,44,a5_reanswer,M17:usmle_derm_327,M17,single,true,true,1,scored,complete,9c762aa3115e0918e40a8ea4d5732854b4cc6173585749f97135bb9a26a45944,false,,false,false,true,true,false,false,false,false,0
historical121,d00097,M5,44,a5_reanswer,M17:usmle_derm_327,M17,single,false,true,1,scored,complete,875390f5404cf10f32d2da774191e92604bbdc949b13732922a95e0896ed280c,false,,false,false,true,false,false,false,false,false,0
historical121,d00053,M5,44,a5_reanswer,M17:usmle_derm_327,M17,single,false,true,1,scored,complete,bfb0daacfe73be0c991558eae206cd21026d7644a737f694d34bf2cb45bfd1ba,false,,false,true,true,false,false,false,false,false,1
historical121,d00020,M5,44,a5_reanswer,M17:usmle_derm_327,M17,single,true,true,1,scored,complete,c74bf01bb061325c343aaf67aa17a87792402f7dd6e5507e6de161ac3e103977,false,,false,false,true,true,false,false,false,false,0
historical121,d00119,M5,44,a5_reanswer,M17:usmle_derm_327,M17,single,false,true,1,scored,complete,8bd5c5f6a3ed125f0661ffc09cad039a47793719ecd1f165d7c6a1fdc3aa25c6,false,,false,false,true,false,false,false,false,false,0
historical121,d00033,M5,44,a5_reanswer,M17:usmle_derm_327,M17,single,false,true,1,scored,complete,af6d1ef1d376bb0c874e6f7a99b982bcc8b154ec44da4ab78d650762715b9594,false,,false,false,true,false,false,false,false,false,0
historical121,d00083,M5,44,a5_reanswer,M17:usmle_derm_991,M17,single,true,true,1,scored,complete,99f5c38182aa29be9e5f12d6783b3849ffd9fedf6faf72b21b9c3a356abfc0e7,false,,false,false,true,true,false,false,false,false,0
historical121,d00006,M5,44,a5_reanswer,M17:usmle_derm_991,M17,single,true,true,1,scored,complete,92bc75cea92f95f8e25f3bfd1d556ca2e8d3743e246295c3506c6e7ac2ed4240,false,,false,true,true,true,false,false,false,false,1
historical121,d00043,M5,44,a5_reanswer,M17:usmle_derm_991,M17,single,true,true,1,scored,complete,b73654efc51406d38e8d9442cb9222c385c0bfe20fddea838a947724c795102f,false,,false,false,true,true,false,false,false,false,0
historical121,d00099,M5,44,a5_reanswer,M17:usmle_derm_991,M17,single,true,true,1,scored,complete,aedb462fc318a86700f58acecb72989bd00307693ae9003f1aee867cf7257bc9,false,,false,false,true,true,false,false,false,false,0
historical121,d00118,M5,44,a5_reanswer,M17:usmle_derm_991,M17,single,true,true,1,scored,complete,c289de3a7759fb79b7cdcb966f2e7722fe10bba6d1f1da5e450871618219d781,false,,false,false,true,true,false,false,false,false,0
historical121,d00064,M5,44,a5_reanswer,M17:usmle_derm_991,M17,single,false,true,1,scored,complete,3804746e30bfec3691bef9c1143d4d1513be34a50250a310ea039b28e5b15965,false,,false,true,true,true,false,true,false,false,1
natural52,n00023,M4,,baseline,M12:596,M12,single,true,true,1,scored,cached_baseline,4ec3d1cace8b36190bfc8f87d6e317b3a63bf99d4020b51291a2e9702c905632,false,,false,,,true,false,false,false,false,0
natural52,n00036,M4,,baseline,M12:596,M12,single,true,true,1,scored,cached_baseline,dbaa1985712b0c8d4673017805e6bc228724de1df348af86d617c80245ada493,false,,false,,,true,false,false,false,false,0
natural52,n00031,M4,,baseline,M22:medqa/1080,M22,robustness_single,false,true,1,scored,cached_baseline,c7850416c4bbbd2d772cf241fe5173d14989d3f8f4199330f2c06f15c8be593e,false,,false,,,false,false,false,false,false,0
natural52,n00048,M4,,baseline,M22:medqa/1080,M22,robustness_single,false,true,1,scored,cached_baseline,f16c82974ccf4af1d0800811e18797d1fcc360659d466a780ac6b503f8da2d73,false,,false,,,false,false,false,false,false,0
natural52,n00009,M4,,baseline,M22:medqa/1080,M22,robustness_single,false,true,1,scored,cached_baseline,2667df46177dae26fb3b2c78ab9dcc29d7657ee5a9b07dd36cb4a0f1dc70bf27,false,,false,,,false,false,false,false,false,0
natural52,n00046,M4,,baseline,M22:medqa/1080,M22,robustness_single,true,true,1,scored,cached_baseline,3ae44ab3743b0c8296937b11a48f3d0afcffd882ef02abcbedf1cc71f0dda824,false,,false,,,true,false,false,false,false,0
natural52,n00039,M4,,baseline,M22:medqa/1080,M22,robustness_single,false,true,1,scored,cached_baseline,646572ca0472c6e0a1dc9d55992178cd81073a862fc6dd338db417acab123294,false,,false,,,false,false,false,false,false,0
natural52,n00017,M4,,baseline,M22:medqa/1080,M22,robustness_single,false,true,1,scored,cached_baseline,84b23066e622bcc4227cb6e9cb794900dfd2be22ce6b3d6033116b5dc7146302,false,,false,,,false,false,false,false,false,0
natural52,n00007,M4,,baseline,M10:medqa_01062,M10,single,true,true,1,scored,cached_baseline,e0bb64d300e550e98e27fd94556cf21e19324426e78169a95a51ad9d2e60c7d8,false,,false,,,true,false,false,false,false,0
natural52,n00024,M4,,baseline,M10:medqa_01062,M10,single,true,true,1,scored,cached_baseline,b600dbf1d2accefd7e693274451de8004ccc9afef619879855136a6956d6d013,false,,false,,,true,false,false,false,false,0
natural52,n00045,M4,,baseline,M11:122,M11,single,true,true,1,scored,cached_baseline,696f97e4de5b866ad47445fef9fe68244ed84a78de05d921814bb7d8e5d9ff02,false,,false,,,true,false,false,false,false,0
natural52,n00014,M4,,baseline,M11:122,M11,single,true,true,1,scored,cached_baseline,0a26420aefe6eb051f79f61b117e9dbdccd6440400ad95aca3af144db0de4044,false,,false,,,true,false,false,false,false,0
natural52,n00032,M4,,baseline,M17:usmle_derm_1919,M17,single,true,true,1,scored,cached_baseline,7256a1c8fe3b7a76e9175bff63d7b345fdc8eea2e33a325b1db8d0c1b061fead,false,,false,,,true,false,false,false,false,0
natural52,n00049,M4,,baseline,M17:usmle_derm_1919,M17,single,true,true,1,scored,cached_baseline,921a994875b9ae25c5733be25c1bca0a754f00e34a0d9afe488856ef9da991d0,false,,false,,,true,false,false,false,false,0
natural52,n00011,M4,,baseline,M17:usmle_derm_1919,M17,single,true,true,1,scored,cached_baseline,b841fa294bc2d7a863ce3d110bbdd7263b73a39b7150dea4ec205c90b7909a0f,false,,false,,,true,false,false,false,false,0
natural52,n00002,M4,,baseline,M17:usmle_derm_1919,M17,single,true,true,1,scored,cached_baseline,6e3830404b60726ea60577779af28e23d1e84b9fc8909472b1a2fe4ca8ee19f6,false,,false,,,true,false,false,false,false,0
natural52,n00026,M4,,baseline,M17:usmle_derm_1919,M17,single,false,true,1,scored,cached_baseline,4fffbfaf3807d107993f25827a1bc34709e9b3cb359552942b213240b066dd8e,false,,false,,,false,false,false,false,false,0
natural52,n00013,M4,,baseline,M17:usmle_derm_1919,M17,single,true,true,1,scored,cached_baseline,8577777560fdebf32a948015e9d5c6eaf50c574b964dec7bbdd14a0c71fd13b4,false,,false,,,true,false,false,false,false,0
natural52,n00004,M4,,baseline,M12:723,M12,single,true,true,1,scored,cached_baseline,18a06b1db4c1b653e992a8c53233a933c4b2b82dc0637e119bfbe68a5dc192da,false,,false,,,true,false,false,false,false,0
natural52,n00010,M4,,baseline,M12:723,M12,single,true,true,1,scored,cached_baseline,258dc37c594fc5dd2d5de4fbf1390541961b193b46c119a9e550ff737c08047d,false,,false,,,true,false,false,false,false,0
natural52,n00029,M4,,baseline,M14:exact_source_text:442,M14,single,false,true,1,scored,cached_baseline,f885d9bcdcc28fd89af79eef66ffad6f9e198665cacd6fe9b9f4099dbd1c0f2f,false,,false,,,false,false,false,false,false,0
natural52,n00037,M4,,baseline,M14:exact_source_text:442,M14,single,false,true,1,scored,cached_baseline,6e1039887f0898468dd6d18cc919160d1187f37cacaa5670aaf394251cc643ae,false,,false,,,false,false,false,false,false,0
natural52,n00040,M4,,baseline,M14:exact_source_text:1487,M14,single,true,true,1,scored,cached_baseline,299ead504207086c5379472fa1e603c14272f56663de8fcb27acaf70a4322d13,false,,false,,,true,false,false,false,false,0
natural52,n00021,M4,,baseline,M14:exact_source_text:1487,M14,single,true,true,1,scored,cached_baseline,f6261a49fd05749548d0cf5660082e8706c2233de78bb9e8149098c6c03e6dd9,false,,false,,,true,false,false,false,false,0
natural52,n00006,M4,,baseline,M22:pubmedqa/25725704,M22,robustness_single,true,true,1,scored,cached_baseline,458bea25441c7fc48d1e209a014e79121262b88630bd0380727772f5625687d7,false,,false,,,true,false,false,false,false,0
natural52,n00022,M4,,baseline,M22:pubmedqa/25725704,M22,robustness_single,true,true,1,scored,cached_baseline,763029b948c377e7f69b214bdfcf417a5f773bbbe7ac0c3dc200dbbd0c6acb68,false,,false,,,true,false,false,false,false,0
natural52,n00001,M4,,baseline,M22:pubmedqa/25725704,M22,robustness_single,true,true,1,scored,cached_baseline,d621b99ffb72a94386179de2630e67aae7637b55077f115cf35799b4bdd3a242,false,,false,,,true,false,false,false,false,0
natural52,n00008,M4,,baseline,M22:pubmedqa/25725704,M22,robustness_single,true,true,1,scored,cached_baseline,ab5cbf1f452a5a156c17ab75c90c55eb7861938501b35406aad8429f0c5586bb,false,,false,,,true,false,false,false,false,0
natural52,n00050,M4,,baseline,M22:pubmedqa/25725704,M22,robustness_single,true,true,1,scored,cached_baseline,b4c8b7448cbe93117605691396b55567c61b3af999d92aede4cd1afd71dc2dd2,false,,false,,,true,false,false,false,false,0
natural52,n00044,M4,,baseline,M22:pubmedqa/25725704,M22,robustness_single,true,true,1,scored,cached_baseline,2d1b03e376acb88dfbdfd15c2505cc8c23862352457ef85492bc79024cde42aa,false,,false,,,true,false,false,false,false,0
natural52,n00038,M4,,baseline,M10:medqa_00226,M10,single,true,true,1,scored,cached_baseline,2851e379f9b9aa1f21e246adf873789d7cf1a5046cc54a4d76b0896f9f96809c,false,,false,,,true,false,false,false,false,0
natural52,n00003,M4,,baseline,M10:medqa_00226,M10,single,true,true,1,scored,cached_baseline,3b8f605e7e504fa0c487cce3a237e7c544bfee773bde365c3620e7577118ca93,false,,false,,,true,false,false,false,false,0
natural52,n00051,M4,,baseline,M11:3,M11,single,false,true,1,scored,cached_baseline,efb4dacc71dfd109f3c3d039cd9a03525f329d23f2b79ab76df5690f065c2a7f,false,,false,,,false,false,false,false,false,0
natural52,n00018,M4,,baseline,M11:3,M11,single,false,true,1,scored,cached_baseline,2ef03fb49b49668b9d48d9d17383186ff69136da13e957435e8dbb3805c3dd64,false,,false,,,false,false,false,false,false,0
natural52,n00033,M4,,baseline,M20:56,M20,relation,false,true,1,scored,cached_baseline,450aa514cbd96da4900906d796a9113a5a64e714e5745831e28b11e2f3170036,false,,false,,,false,false,false,false,false,0
natural52,n00028,M4,,baseline,M20:56,M20,relation,false,true,1,scored,cached_baseline,3eb4437a7e39ba8103ef639a5c33822c3c5c74fa3f5f4f60f6280ba23ea09eae,false,,false,,,false,false,false,false,false,0
natural52,n00012,M4,,baseline,M20:164,M20,relation,true,true,1,scored,cached_baseline,e385a102bcfd78ee86dd6db9390c3bea0d9baf32130613a3b9212b0f6fcc2460,false,,false,,,true,false,false,false,false,0
natural52,n00047,M4,,baseline,M20:164,M20,relation,true,true,1,scored,cached_baseline,12208643bc2201b398ae2dbc42164cec139d7c5616e3d4d2c715acae3573b85a,false,,false,,,true,false,false,false,false,0
natural52,n00015,M4,,baseline,M17:askdocs_17,M17,single,true,true,1,scored,cached_baseline,12bd983d43e88c8edeb3c4fcdd5733281d9ac8a4138a22b6f58c7ac1396b21fb,false,,false,,,true,false,false,false,false,0
natural52,n00035,M4,,baseline,M17:askdocs_17,M17,single,true,true,1,scored,cached_baseline,3259e891d3aa023ca311925c08dbc9b61965ee1741c0d57ed557226bf00c3ab9,false,,false,,,true,false,false,false,false,0
natural52,n00016,M4,,baseline,M17:askdocs_17,M17,single,true,true,1,scored,cached_baseline,ed395e2efd34c709e3648c7420fdeb89dad7fa5867e57448f3dcb9933b83e6b4,false,,false,,,true,false,false,false,false,0
natural52,n00041,M4,,baseline,M17:askdocs_17,M17,single,true,true,1,scored,cached_baseline,25dee46e8ba0495760813c2348542fc6f906f7a3a8d81378f683bf72dab8e6b9,false,,false,,,true,false,false,false,false,0
natural52,n00043,M4,,baseline,M17:askdocs_17,M17,single,true,true,1,scored,cached_baseline,33dfd1b9a62df15f5105340b5545b3a25a8af51f63894deb446c1d5331bac8b3,false,,false,,,true,false,false,false,false,0
natural52,n00025,M4,,baseline,M17:askdocs_17,M17,single,true,true,1,scored,cached_baseline,a72348a4b33ce58952e6dc27909d27bb0448d359e4378c6d93daed8702d5613b,false,,false,,,true,false,false,false,false,0
natural52,n00027,M4,,baseline,M23:BioNLI:exact_context:3284,M23,single,false,true,1,scored,cached_baseline,7ebc6b127d2f73b7b3c534f374737bfae7c6227f530d70a05bf4d6df3fa4a20c,false,,false,,,false,false,false,false,false,0
natural52,n00034,M4,,baseline,M23:BioNLI:exact_context:3284,M23,single,false,true,1,scored,cached_baseline,fdcbe4d794fc377bbbd7e8acf10a2f30bc34355bbb0ded4a185653584239604e,false,,false,,,false,false,false,false,false,0
natural52,n00042,M4,,baseline,M23:BioNLI:exact_context:431,M23,single,false,true,1,scored,cached_baseline,2d4ec04a9b38283b5c8fb5620fecca4742057c4cf7689b096cc32b81d33d68f0,false,,false,,,false,false,false,false,false,0
natural52,n00020,M4,,baseline,M23:BioNLI:exact_context:431,M23,single,false,true,1,scored,cached_baseline,6ef4b0c2435c68d02f8b51d3efef81198712cc1fa56248022dcdd1047e81467b,false,,false,,,false,false,false,false,false,0
natural52,n00019,M4,,baseline,M23_control:bionli_choice_relevant_05,M23_control,single,true,true,1,scored,cached_baseline,b84377097882e9d03e96125af360bf49f9bc243e849f3461191e5688a87b751b,false,,false,,,true,false,false,false,false,0
natural52,n00000,M4,,baseline,M23_control:bionli_choice_relevant_05,M23_control,single,false,true,1,scored,cached_baseline,a901e344d7bc8d5be4662ad8de04622db19e12812bbdef66f134f277e13eef47,false,,false,,,false,false,false,false,false,0
natural52,n00005,M4,,baseline,M23_control:bionli_choice_relevant_08,M23_control,single,true,true,1,scored,cached_baseline,ad829ebd20736f561eedeae0b2b9790cc30e37e5b4aee86150334689622fc3a8,false,,false,,,true,false,false,false,false,0
natural52,n00030,M4,,baseline,M23_control:bionli_choice_relevant_08,M23_control,single,true,true,1,scored,cached_baseline,7a779447edae60a67a389afd42b596d1e2e3cef8924e8d5cf9ac0d35839e85e2,false,,false,,,true,false,false,false,false,0
natural52,n00023,M4,42,a5_reanswer,M12:596,M12,single,false,true,1,scored,complete,8547c821901e646d37531927e012db47b74db079b3eb014315ca60675fec1e17,false,,false,true,true,true,false,true,false,false,1
natural52,n00036,M4,42,a5_reanswer,M12:596,M12,single,true,true,1,scored,complete,dbaa1985712b0c8d4673017805e6bc228724de1df348af86d617c80245ada493,false,,false,false,true,true,false,false,false,false,0
natural52,n00031,M4,42,a5_reanswer,M22:medqa/1080,M22,robustness_single,false,true,1,scored,complete,c7850416c4bbbd2d772cf241fe5173d14989d3f8f4199330f2c06f15c8be593e,false,,false,false,true,false,false,false,false,false,0
natural52,n00048,M4,42,a5_reanswer,M22:medqa/1080,M22,robustness_single,false,true,1,scored,complete,f16c82974ccf4af1d0800811e18797d1fcc360659d466a780ac6b503f8da2d73,false,,false,false,true,false,false,false,false,false,0
natural52,n00009,M4,42,a5_reanswer,M22:medqa/1080,M22,robustness_single,false,true,1,scored,complete,b1f68f16e8f31379ed850bffede6cecc7c6adc9c73ebf8169dbe20179a300542,false,,false,true,true,false,false,false,false,false,1
natural52,n00046,M4,42,a5_reanswer,M22:medqa/1080,M22,robustness_single,false,true,1,scored,complete,6e86c19fcde8a6d654ca369a3748a3ec0e326fb7cc700843fd7bf710b24c7037,false,,false,true,true,true,false,true,false,false,1
natural52,n00039,M4,42,a5_reanswer,M22:medqa/1080,M22,robustness_single,true,true,1,scored,complete,634fd072e1d31cb1e2b509217d5130f4816af11b33fcc7d766cec26bf6d37e3a,false,,false,true,true,false,true,false,false,false,1
natural52,n00017,M4,42,a5_reanswer,M22:medqa/1080,M22,robustness_single,false,true,1,scored,complete,d8ff583119cd40bea4bec5cc14277ad06cf6827d01f1ef88fe0359d467e8d2f6,false,,false,true,true,false,false,false,false,false,1
natural52,n00007,M4,42,a5_reanswer,M10:medqa_01062,M10,single,true,true,1,scored,complete,0fdee07bcb6402ab1f99ededc71b6552132614eb6a35a54a3e5d6ea8b193f8c1,false,,false,true,true,true,false,false,false,false,1
natural52,n00024,M4,42,a5_reanswer,M10:medqa_01062,M10,single,true,true,1,scored,complete,707c0693557baf630584c54ca8dd4d08207c59027f873c578e18b95149c1da9a,false,,false,true,true,true,false,false,false,false,1
natural52,n00045,M4,42,a5_reanswer,M11:122,M11,single,true,true,1,scored,complete,c01026c00b72b2ef8eb3705af713b30d4ee3656da0ed8e59f89690c1d55ff050,false,,false,true,true,true,false,false,false,false,1
natural52,n00014,M4,42,a5_reanswer,M11:122,M11,single,true,true,1,scored,complete,20848a52123ab5bf6dc7e76a7693fa46482694244778153a903bedc8f284b9cd,false,,false,true,true,true,false,false,false,false,1
natural52,n00032,M4,42,a5_reanswer,M17:usmle_derm_1919,M17,single,true,true,1,scored,complete,d412b9412fac62dd8aabeea89272518c99a1de16d245d0f11bdb650922351640,false,,false,true,true,true,false,false,false,false,1
natural52,n00049,M4,42,a5_reanswer,M17:usmle_derm_1919,M17,single,true,true,1,scored,complete,921a994875b9ae25c5733be25c1bca0a754f00e34a0d9afe488856ef9da991d0,false,,false,false,true,true,false,false,false,false,0
natural52,n00011,M4,42,a5_reanswer,M17:usmle_derm_1919,M17,single,true,true,1,scored,complete,b841fa294bc2d7a863ce3d110bbdd7263b73a39b7150dea4ec205c90b7909a0f,false,,false,false,true,true,false,false,false,false,0
natural52,n00002,M4,42,a5_reanswer,M17:usmle_derm_1919,M17,single,true,true,1,scored,complete,42daf095853aea41f1d59830cbeced0af95747f085a2489939b8eb8211cd6679,false,,false,true,true,true,false,false,false,false,1
natural52,n00026,M4,42,a5_reanswer,M17:usmle_derm_1919,M17,single,true,true,1,scored,complete,110400c4cdc533e7be09f6c9707a54413befdaa44461fcd11bc759d5c5cc8f0a,false,,false,true,true,false,true,false,false,false,1
natural52,n00013,M4,42,a5_reanswer,M17:usmle_derm_1919,M17,single,true,true,1,scored,complete,de66e28fd13ce8ff7031c6379ac5b7da8b199fcbb7543c2bae064db3d3d0c00d,false,,false,true,true,true,false,false,false,false,1
natural52,n00004,M4,42,a5_reanswer,M12:723,M12,single,true,true,1,scored,complete,18a06b1db4c1b653e992a8c53233a933c4b2b82dc0637e119bfbe68a5dc192da,false,,false,false,true,true,false,false,false,false,0
natural52,n00010,M4,42,a5_reanswer,M12:723,M12,single,true,true,1,scored,complete,258dc37c594fc5dd2d5de4fbf1390541961b193b46c119a9e550ff737c08047d,false,,false,false,true,true,false,false,false,false,0
natural52,n00029,M4,42,a5_reanswer,M14:exact_source_text:442,M14,single,false,true,1,scored,complete,4127863b700d8e4090513afd74203a9f9f0308de64731178ba8500f4862face4,false,,false,true,true,false,false,false,false,false,1
natural52,n00037,M4,42,a5_reanswer,M14:exact_source_text:442,M14,single,false,true,1,scored,complete,407e31a527439c803934a7c3eafbe886106bbf14ac55a1901d2ba76b2cd61136,false,,false,true,true,false,false,false,false,false,1
natural52,n00040,M4,42,a5_reanswer,M14:exact_source_text:1487,M14,single,true,true,1,scored,complete,299ead504207086c5379472fa1e603c14272f56663de8fcb27acaf70a4322d13,false,,false,false,true,true,false,false,false,false,0
natural52,n00021,M4,42,a5_reanswer,M14:exact_source_text:1487,M14,single,true,true,1,scored,complete,f6261a49fd05749548d0cf5660082e8706c2233de78bb9e8149098c6c03e6dd9,false,,false,false,true,true,false,false,false,false,0
natural52,n00006,M4,42,a5_reanswer,M22:pubmedqa/25725704,M22,robustness_single,true,true,1,scored,complete,3d64abdf97b5753eb21ef9e61ad5bd8c449e2fd4f1400605ca00f076b2433300,false,,false,true,true,true,false,false,false,false,1
natural52,n00022,M4,42,a5_reanswer,M22:pubmedqa/25725704,M22,robustness_single,true,true,1,scored,complete,7ee2138df3edf870510ab0963614e8e62c90e1c6c4d1e023f4650f29ca4c506e,false,,false,true,true,true,false,false,false,false,1
natural52,n00001,M4,42,a5_reanswer,M22:pubmedqa/25725704,M22,robustness_single,true,true,1,scored,complete,d2783007a1c4eddfb4e9476dc5d2ae1c4dcbb86b9b7d14edac313eaf8108ec8f,false,,false,true,true,true,false,false,false,false,1
natural52,n00008,M4,42,a5_reanswer,M22:pubmedqa/25725704,M22,robustness_single,true,true,1,scored,complete,ab5cbf1f452a5a156c17ab75c90c55eb7861938501b35406aad8429f0c5586bb,false,,false,false,true,true,false,false,false,false,0
natural52,n00050,M4,42,a5_reanswer,M22:pubmedqa/25725704,M22,robustness_single,true,true,1,scored,complete,b4c8b7448cbe93117605691396b55567c61b3af999d92aede4cd1afd71dc2dd2,false,,false,false,true,true,false,false,false,false,0
natural52,n00044,M4,42,a5_reanswer,M22:pubmedqa/25725704,M22,robustness_single,true,true,1,scored,complete,2d1b03e376acb88dfbdfd15c2505cc8c23862352457ef85492bc79024cde42aa,false,,false,false,true,true,false,false,false,false,0
natural52,n00038,M4,42,a5_reanswer,M10:medqa_00226,M10,single,true,true,1,scored,complete,0027f6729164739f2173f9c32dab9710194738f2ddac2d3537d0d786844ae1ef,false,,false,true,true,true,false,false,false,false,1
natural52,n00003,M4,42,a5_reanswer,M10:medqa_00226,M10,single,true,true,1,scored,complete,4ebe049fca7921d90e2e3b72190765785556cf53877d3ce993c1711deee53a63,false,,false,true,true,true,false,false,false,false,1
natural52,n00051,M4,42,a5_reanswer,M11:3,M11,single,false,true,1,scored,complete,efb4dacc71dfd109f3c3d039cd9a03525f329d23f2b79ab76df5690f065c2a7f,false,,false,false,true,false,false,false,false,false,0
natural52,n00018,M4,42,a5_reanswer,M11:3,M11,single,false,true,1,scored,complete,a65ca0353838426ce00cff9b34fda368bd68a82bd5e8d429b762aff132652bf5,false,,false,true,true,false,false,false,false,false,1
natural52,n00033,M4,42,a5_reanswer,M20:56,M20,relation,false,true,1,scored,complete,40215973a177597d10770533b6e9dcf557ef052ff359cadf64c844f092b2a86e,false,,false,true,true,false,false,false,false,false,1
natural52,n00028,M4,42,a5_reanswer,M20:56,M20,relation,false,true,1,scored,complete,3eb4437a7e39ba8103ef639a5c33822c3c5c74fa3f5f4f60f6280ba23ea09eae,false,,false,false,true,false,false,false,false,false,0
natural52,n00012,M4,42,a5_reanswer,M20:164,M20,relation,true,true,1,scored,complete,e385a102bcfd78ee86dd6db9390c3bea0d9baf32130613a3b9212b0f6fcc2460,false,,false,false,true,true,false,false,false,false,0
natural52,n00047,M4,42,a5_reanswer,M20:164,M20,relation,true,true,1,scored,complete,12208643bc2201b398ae2dbc42164cec139d7c5616e3d4d2c715acae3573b85a,false,,false,false,true,true,false,false,false,false,0
natural52,n00015,M4,42,a5_reanswer,M17:askdocs_17,M17,single,true,true,1,scored,complete,12bd983d43e88c8edeb3c4fcdd5733281d9ac8a4138a22b6f58c7ac1396b21fb,false,,false,false,true,true,false,false,false,false,0
natural52,n00035,M4,42,a5_reanswer,M17:askdocs_17,M17,single,true,true,1,scored,complete,3259e891d3aa023ca311925c08dbc9b61965ee1741c0d57ed557226bf00c3ab9,false,,false,false,true,true,false,false,false,false,0
natural52,n00016,M4,42,a5_reanswer,M17:askdocs_17,M17,single,true,true,1,scored,complete,ed395e2efd34c709e3648c7420fdeb89dad7fa5867e57448f3dcb9933b83e6b4,false,,false,false,true,true,false,false,false,false,0
natural52,n00041,M4,42,a5_reanswer,M17:askdocs_17,M17,single,true,true,1,scored,complete,25dee46e8ba0495760813c2348542fc6f906f7a3a8d81378f683bf72dab8e6b9,false,,false,false,true,true,false,false,false,false,0
natural52,n00043,M4,42,a5_reanswer,M17:askdocs_17,M17,single,true,true,1,scored,complete,33dfd1b9a62df15f5105340b5545b3a25a8af51f63894deb446c1d5331bac8b3,false,,false,false,true,true,false,false,false,false,0
natural52,n00025,M4,42,a5_reanswer,M17:askdocs_17,M17,single,true,true,1,scored,complete,a72348a4b33ce58952e6dc27909d27bb0448d359e4378c6d93daed8702d5613b,false,,false,false,true,true,false,false,false,false,0
natural52,n00027,M4,42,a5_reanswer,M23:BioNLI:exact_context:3284,M23,single,false,true,1,scored,complete,7ebc6b127d2f73b7b3c534f374737bfae7c6227f530d70a05bf4d6df3fa4a20c,false,,false,false,true,false,false,false,false,false,0
natural52,n00034,M4,42,a5_reanswer,M23:BioNLI:exact_context:3284,M23,single,false,true,1,scored,complete,fdcbe4d794fc377bbbd7e8acf10a2f30bc34355bbb0ded4a185653584239604e,false,,false,false,true,false,false,false,false,false,0
natural52,n00042,M4,42,a5_reanswer,M23:BioNLI:exact_context:431,M23,single,false,true,1,scored,complete,eeb46c4a69b251d64dc33980f42060f8fdfc4998209b887afb8122e24bbb5e54,false,,false,true,true,false,false,false,false,false,1
natural52,n00020,M4,42,a5_reanswer,M23:BioNLI:exact_context:431,M23,single,false,true,1,scored,complete,5cd1082827d63644a923a1725f53b4eee514ef53c2b7903033ec11615d177f0c,false,,false,true,true,false,false,false,false,false,1
natural52,n00019,M4,42,a5_reanswer,M23_control:bionli_choice_relevant_05,M23_control,single,true,true,1,scored,complete,b84377097882e9d03e96125af360bf49f9bc243e849f3461191e5688a87b751b,false,,false,false,true,true,false,false,false,false,0
natural52,n00000,M4,42,a5_reanswer,M23_control:bionli_choice_relevant_05,M23_control,single,false,true,1,scored,complete,a901e344d7bc8d5be4662ad8de04622db19e12812bbdef66f134f277e13eef47,false,,false,false,true,false,false,false,false,false,0
natural52,n00005,M4,42,a5_reanswer,M23_control:bionli_choice_relevant_08,M23_control,single,true,true,1,scored,complete,ad829ebd20736f561eedeae0b2b9790cc30e37e5b4aee86150334689622fc3a8,false,,false,false,true,true,false,false,false,false,0
natural52,n00030,M4,42,a5_reanswer,M23_control:bionli_choice_relevant_08,M23_control,single,false,true,1,scored,complete,7d780cb3b21263a906c28c0e7c2cdd0ca80e1bdf5f9c4b293a2d25529fb76d38,false,,false,true,true,true,false,true,false,false,1
natural52,n00023,M4,43,a5_reanswer,M12:596,M12,single,false,true,1,scored,complete,934e9a6f668fcfe060ffbf02ffb4d732325018769b70bcff49174932d09603d4,false,,false,true,true,true,false,true,false,false,1
natural52,n00036,M4,43,a5_reanswer,M12:596,M12,single,true,true,1,scored,complete,dbaa1985712b0c8d4673017805e6bc228724de1df348af86d617c80245ada493,false,,false,false,true,true,false,false,false,false,0
natural52,n00031,M4,43,a5_reanswer,M22:medqa/1080,M22,robustness_single,false,true,1,scored,complete,c7850416c4bbbd2d772cf241fe5173d14989d3f8f4199330f2c06f15c8be593e,false,,false,false,true,false,false,false,false,false,0
natural52,n00048,M4,43,a5_reanswer,M22:medqa/1080,M22,robustness_single,false,true,1,scored,complete,f16c82974ccf4af1d0800811e18797d1fcc360659d466a780ac6b503f8da2d73,false,,false,false,true,false,false,false,false,false,0
natural52,n00009,M4,43,a5_reanswer,M22:medqa/1080,M22,robustness_single,false,true,1,scored,complete,4b6029d2af432c0a1f6614b3b9651307ca93c72e37f0d111281002ec85f4710e,false,,false,true,true,false,false,false,false,false,1
natural52,n00046,M4,43,a5_reanswer,M22:medqa/1080,M22,robustness_single,false,true,1,scored,complete,a8ed8e6ca1d64ab2700b7da74bb2a00df917f39b31addc0c1795153f4b702b77,false,,false,true,true,true,false,true,false,false,1
natural52,n00039,M4,43,a5_reanswer,M22:medqa/1080,M22,robustness_single,false,true,1,scored,complete,7ab24283431ce82ede394b64e9a8e9519054a07372a9528d8c006f28c961d787,false,,false,true,true,false,false,false,false,false,1
natural52,n00017,M4,43,a5_reanswer,M22:medqa/1080,M22,robustness_single,false,true,1,scored,complete,9aca4c8453d8fffe7210813378e53f7fb1b376ec0a4a7ac30d7865972da0c9bf,false,,false,true,true,false,false,false,false,false,1
natural52,n00007,M4,43,a5_reanswer,M10:medqa_01062,M10,single,true,true,1,scored,complete,f7fc41ed98264877c149485f9846412876c28191cb9ee8bc99ea4096ebabc18f,false,,false,true,true,true,false,false,false,false,1
natural52,n00024,M4,43,a5_reanswer,M10:medqa_01062,M10,single,true,true,1,scored,complete,048466bb9bb1a035a7f7500030cd386dc7c1f740cb7dd675cdf0c4c94e10541b,false,,false,true,true,true,false,false,false,false,1
natural52,n00045,M4,43,a5_reanswer,M11:122,M11,single,true,true,1,scored,complete,88561a061bba7576c45bbfacbb3e9529ddd6ad3db7c7d8af77533da0b278abf8,false,,false,true,true,true,false,false,false,false,1
natural52,n00014,M4,43,a5_reanswer,M11:122,M11,single,true,true,1,scored,complete,e2ca00a97b62949b22ffe2083b76abedcf239047362b2cc8bbbff2db8d9668ac,false,,false,true,true,true,false,false,false,false,1
natural52,n00032,M4,43,a5_reanswer,M17:usmle_derm_1919,M17,single,true,true,1,scored,complete,c23336810ec459a7572ea646c4061f869732918620242811bec5323cb291cfc3,false,,false,true,true,true,false,false,false,false,1
natural52,n00049,M4,43,a5_reanswer,M17:usmle_derm_1919,M17,single,true,true,1,scored,complete,921a994875b9ae25c5733be25c1bca0a754f00e34a0d9afe488856ef9da991d0,false,,false,false,true,true,false,false,false,false,0
natural52,n00011,M4,43,a5_reanswer,M17:usmle_derm_1919,M17,single,true,true,1,scored,complete,b841fa294bc2d7a863ce3d110bbdd7263b73a39b7150dea4ec205c90b7909a0f,false,,false,false,true,true,false,false,false,false,0
natural52,n00002,M4,43,a5_reanswer,M17:usmle_derm_1919,M17,single,true,true,1,scored,complete,6263f88e512edbd4e04a7257976f8501d8f5066611477816309462229ccf7476,false,,false,true,true,true,false,false,false,false,1
natural52,n00026,M4,43,a5_reanswer,M17:usmle_derm_1919,M17,single,true,true,1,scored,complete,a18451ca1d844b45f58233ef8e1603e9eb60c921e8f95a710f1856bc64863428,false,,false,true,true,false,true,false,false,false,1
natural52,n00013,M4,43,a5_reanswer,M17:usmle_derm_1919,M17,single,true,true,1,scored,complete,edbf535b5dc56ceec7617c2e9c9da6b12befc0f51e1d157ae0af878ef45b2343,false,,false,true,true,true,false,false,false,false,1
natural52,n00004,M4,43,a5_reanswer,M12:723,M12,single,true,true,1,scored,complete,18a06b1db4c1b653e992a8c53233a933c4b2b82dc0637e119bfbe68a5dc192da,false,,false,false,true,true,false,false,false,false,0
natural52,n00010,M4,43,a5_reanswer,M12:723,M12,single,true,true,1,scored,complete,258dc37c594fc5dd2d5de4fbf1390541961b193b46c119a9e550ff737c08047d,false,,false,false,true,true,false,false,false,false,0
natural52,n00029,M4,43,a5_reanswer,M14:exact_source_text:442,M14,single,false,true,1,scored,complete,0621a9f67ceb3fd1f162473c9cda2e81aeebceef57caaa8433f769a0fa5dc075,false,,false,true,true,false,false,false,false,false,1
natural52,n00037,M4,43,a5_reanswer,M14:exact_source_text:442,M14,single,false,true,1,scored,complete,6c542ae5cfa075b588e45f362d4a83457ea8164c378b7ad5dce7eeb4f4677d1c,false,,false,true,true,false,false,false,false,false,1
natural52,n00040,M4,43,a5_reanswer,M14:exact_source_text:1487,M14,single,true,true,1,scored,complete,299ead504207086c5379472fa1e603c14272f56663de8fcb27acaf70a4322d13,false,,false,false,true,true,false,false,false,false,0
natural52,n00021,M4,43,a5_reanswer,M14:exact_source_text:1487,M14,single,true,true,1,scored,complete,f6261a49fd05749548d0cf5660082e8706c2233de78bb9e8149098c6c03e6dd9,false,,false,false,true,true,false,false,false,false,0
natural52,n00006,M4,43,a5_reanswer,M22:pubmedqa/25725704,M22,robustness_single,true,true,1,scored,complete,2e027d485536c298d9b185223eee903f5a69a7663ace0e0e1bf1bb6165354129,false,,false,true,true,true,false,false,false,false,1
natural52,n00022,M4,43,a5_reanswer,M22:pubmedqa/25725704,M22,robustness_single,true,true,1,scored,complete,24a772e5965f8539c75f869200a9c3ea6a08f0919bede40d7ef7a55bc85e1a13,false,,false,true,true,true,false,false,false,false,1
natural52,n00001,M4,43,a5_reanswer,M22:pubmedqa/25725704,M22,robustness_single,true,true,1,scored,complete,0c07bd01e1f896701f936175c357c7e9905929375f7af97c5636987277e1bb09,false,,false,true,true,true,false,false,false,false,1
natural52,n00008,M4,43,a5_reanswer,M22:pubmedqa/25725704,M22,robustness_single,true,true,1,scored,complete,ab5cbf1f452a5a156c17ab75c90c55eb7861938501b35406aad8429f0c5586bb,false,,false,false,true,true,false,false,false,false,0
natural52,n00050,M4,43,a5_reanswer,M22:pubmedqa/25725704,M22,robustness_single,true,true,1,scored,complete,b4c8b7448cbe93117605691396b55567c61b3af999d92aede4cd1afd71dc2dd2,false,,false,false,true,true,false,false,false,false,0
natural52,n00044,M4,43,a5_reanswer,M22:pubmedqa/25725704,M22,robustness_single,true,true,1,scored,complete,2d1b03e376acb88dfbdfd15c2505cc8c23862352457ef85492bc79024cde42aa,false,,false,false,true,true,false,false,false,false,0
natural52,n00038,M4,43,a5_reanswer,M10:medqa_00226,M10,single,false,true,1,scored,complete,f8c2cf23f042ca479cc79cd55c5680185f5cba246c5869f933fc8af8782d86ec,false,,false,true,true,true,false,true,false,false,1
natural52,n00003,M4,43,a5_reanswer,M10:medqa_00226,M10,single,false,true,1,scored,complete,f8f34f7b987a75642f7125ff07748d41c6ca267a47a4b63041ff725e359678d7,false,,false,true,true,true,false,true,false,false,1
natural52,n00051,M4,43,a5_reanswer,M11:3,M11,single,false,true,1,scored,complete,efb4dacc71dfd109f3c3d039cd9a03525f329d23f2b79ab76df5690f065c2a7f,false,,false,false,true,false,false,false,false,false,0
natural52,n00018,M4,43,a5_reanswer,M11:3,M11,single,false,true,1,scored,complete,3146f340e8f5e18d2858774e96d4147cb428530d5f77677e07d6b553c9d301e7,false,,false,true,true,false,false,false,false,false,1
natural52,n00033,M4,43,a5_reanswer,M20:56,M20,relation,false,true,1,scored,complete,aeef59bf6642143bd4189bf4671be4210ba154a53b07f5157cc7396324d71ed7,false,,false,true,true,false,false,false,false,false,1
natural52,n00028,M4,43,a5_reanswer,M20:56,M20,relation,false,true,1,scored,complete,3eb4437a7e39ba8103ef639a5c33822c3c5c74fa3f5f4f60f6280ba23ea09eae,false,,false,false,true,false,false,false,false,false,0
natural52,n00012,M4,43,a5_reanswer,M20:164,M20,relation,true,true,1,scored,complete,e385a102bcfd78ee86dd6db9390c3bea0d9baf32130613a3b9212b0f6fcc2460,false,,false,false,true,true,false,false,false,false,0
natural52,n00047,M4,43,a5_reanswer,M20:164,M20,relation,true,true,1,scored,complete,12208643bc2201b398ae2dbc42164cec139d7c5616e3d4d2c715acae3573b85a,false,,false,false,true,true,false,false,false,false,0
natural52,n00015,M4,43,a5_reanswer,M17:askdocs_17,M17,single,true,true,1,scored,complete,12bd983d43e88c8edeb3c4fcdd5733281d9ac8a4138a22b6f58c7ac1396b21fb,false,,false,false,true,true,false,false,false,false,0
natural52,n00035,M4,43,a5_reanswer,M17:askdocs_17,M17,single,true,true,1,scored,complete,3259e891d3aa023ca311925c08dbc9b61965ee1741c0d57ed557226bf00c3ab9,false,,false,false,true,true,false,false,false,false,0
natural52,n00016,M4,43,a5_reanswer,M17:askdocs_17,M17,single,true,true,1,scored,complete,ed395e2efd34c709e3648c7420fdeb89dad7fa5867e57448f3dcb9933b83e6b4,false,,false,false,true,true,false,false,false,false,0
natural52,n00041,M4,43,a5_reanswer,M17:askdocs_17,M17,single,true,true,1,scored,complete,25dee46e8ba0495760813c2348542fc6f906f7a3a8d81378f683bf72dab8e6b9,false,,false,false,true,true,false,false,false,false,0
natural52,n00043,M4,43,a5_reanswer,M17:askdocs_17,M17,single,true,true,1,scored,complete,33dfd1b9a62df15f5105340b5545b3a25a8af51f63894deb446c1d5331bac8b3,false,,false,false,true,true,false,false,false,false,0
natural52,n00025,M4,43,a5_reanswer,M17:askdocs_17,M17,single,true,true,1,scored,complete,a72348a4b33ce58952e6dc27909d27bb0448d359e4378c6d93daed8702d5613b,false,,false,false,true,true,false,false,false,false,0
natural52,n00027,M4,43,a5_reanswer,M23:BioNLI:exact_context:3284,M23,single,false,true,1,scored,complete,7ebc6b127d2f73b7b3c534f374737bfae7c6227f530d70a05bf4d6df3fa4a20c,false,,false,false,true,false,false,false,false,false,0
natural52,n00034,M4,43,a5_reanswer,M23:BioNLI:exact_context:3284,M23,single,false,true,1,scored,complete,fdcbe4d794fc377bbbd7e8acf10a2f30bc34355bbb0ded4a185653584239604e,false,,false,false,true,false,false,false,false,false,0
natural52,n00042,M4,43,a5_reanswer,M23:BioNLI:exact_context:431,M23,single,false,true,1,scored,complete,73cbbeaada5e4818fbb713ef967a06742189e13dc295413974d6556f75d7a07b,false,,false,true,true,false,false,false,false,false,1
natural52,n00020,M4,43,a5_reanswer,M23:BioNLI:exact_context:431,M23,single,false,true,1,scored,complete,c590363ab7ad5ffbd7c33bcba5f45202b2f7c9e532c9e8fcc60443965e183ec1,false,,false,true,true,false,false,false,false,false,1
natural52,n00019,M4,43,a5_reanswer,M23_control:bionli_choice_relevant_05,M23_control,single,true,true,1,scored,complete,b84377097882e9d03e96125af360bf49f9bc243e849f3461191e5688a87b751b,false,,false,false,true,true,false,false,false,false,0
natural52,n00000,M4,43,a5_reanswer,M23_control:bionli_choice_relevant_05,M23_control,single,false,true,1,scored,complete,a901e344d7bc8d5be4662ad8de04622db19e12812bbdef66f134f277e13eef47,false,,false,false,true,false,false,false,false,false,0
natural52,n00005,M4,43,a5_reanswer,M23_control:bionli_choice_relevant_08,M23_control,single,true,true,1,scored,complete,ad829ebd20736f561eedeae0b2b9790cc30e37e5b4aee86150334689622fc3a8,false,,false,false,true,true,false,false,false,false,0
natural52,n00030,M4,43,a5_reanswer,M23_control:bionli_choice_relevant_08,M23_control,single,false,true,1,scored,complete,7f28a42917b2be6e6c7b8f8d0643d38933bef722b797c66198bf9c3d4d52f58c,false,,false,true,true,true,false,true,false,false,1
natural52,n00023,M4,44,a5_reanswer,M12:596,M12,single,false,true,1,scored,complete,d7d71201837b3629ed637fd21c7633ddd89f59da6132e4d0819b727b2061a514,false,,false,true,true,true,false,true,false,false,1
natural52,n00036,M4,44,a5_reanswer,M12:596,M12,single,true,true,1,scored,complete,dbaa1985712b0c8d4673017805e6bc228724de1df348af86d617c80245ada493,false,,false,false,true,true,false,false,false,false,0
natural52,n00031,M4,44,a5_reanswer,M22:medqa/1080,M22,robustness_single,false,true,1,scored,complete,c7850416c4bbbd2d772cf241fe5173d14989d3f8f4199330f2c06f15c8be593e,false,,false,false,true,false,false,false,false,false,0
natural52,n00048,M4,44,a5_reanswer,M22:medqa/1080,M22,robustness_single,false,true,1,scored,complete,f16c82974ccf4af1d0800811e18797d1fcc360659d466a780ac6b503f8da2d73,false,,false,false,true,false,false,false,false,false,0
natural52,n00009,M4,44,a5_reanswer,M22:medqa/1080,M22,robustness_single,false,true,1,scored,complete,e4a957610e2b18c69ca4fd5bb4233029b9271eb48f3959b5e0dcd76633ae0b29,false,,false,true,true,false,false,false,false,false,1
natural52,n00046,M4,44,a5_reanswer,M22:medqa/1080,M22,robustness_single,false,true,1,scored,complete,a786ba8b626930a333d7c4437fc1134cdd6d93af9660fe982b5943fa521abc86,false,,false,true,true,true,false,true,false,false,1
natural52,n00039,M4,44,a5_reanswer,M22:medqa/1080,M22,robustness_single,true,true,1,scored,complete,4ef2e58a008f083d8f34c9cb00fde61810cd74f1ac6f2e66aa00b527cdf62c9b,false,,false,true,true,false,true,false,false,false,1
natural52,n00017,M4,44,a5_reanswer,M22:medqa/1080,M22,robustness_single,false,true,1,scored,complete,17fd87f351b952a43f5bd626d14c6188a849967efe407b5b3bcee97849e8a06e,false,,false,true,true,false,false,false,false,false,1
natural52,n00007,M4,44,a5_reanswer,M10:medqa_01062,M10,single,false,true,1,scored,complete,687ab644451fb15988f9caf8a06529aae285a301fd4537e16ec41d2a7c915637,false,,false,true,true,true,false,true,false,false,1
natural52,n00024,M4,44,a5_reanswer,M10:medqa_01062,M10,single,false,true,1,scored,complete,0d707d69ea5f530e4029564c1f7f695265ec993ffc170b45abb022db4c03b66f,false,,false,true,true,true,false,true,false,false,1
natural52,n00045,M4,44,a5_reanswer,M11:122,M11,single,true,true,1,scored,complete,80a909c942c368ff954de4cbc98de8b1a8fc2f9e7c6a5980c0d5a8ccb75d2e4a,false,,false,true,true,true,false,false,false,false,1
natural52,n00014,M4,44,a5_reanswer,M11:122,M11,single,true,true,1,scored,complete,80a909c942c368ff954de4cbc98de8b1a8fc2f9e7c6a5980c0d5a8ccb75d2e4a,false,,false,true,true,true,false,false,false,false,1
natural52,n00032,M4,44,a5_reanswer,M17:usmle_derm_1919,M17,single,true,true,1,scored,complete,46b2fcd721b14f30d754b733b964a8f334e3a81edda88349ab5a846b651d3fd2,false,,false,true,true,true,false,false,false,false,1
natural52,n00049,M4,44,a5_reanswer,M17:usmle_derm_1919,M17,single,true,true,1,scored,complete,921a994875b9ae25c5733be25c1bca0a754f00e34a0d9afe488856ef9da991d0,false,,false,false,true,true,false,false,false,false,0
natural52,n00011,M4,44,a5_reanswer,M17:usmle_derm_1919,M17,single,true,true,1,scored,complete,b841fa294bc2d7a863ce3d110bbdd7263b73a39b7150dea4ec205c90b7909a0f,false,,false,false,true,true,false,false,false,false,0
natural52,n00002,M4,44,a5_reanswer,M17:usmle_derm_1919,M17,single,true,true,1,scored,complete,6246a20f69753176cd9361a11b2f79342730a3accd8f8cc4d73e5e71cb9cc308,false,,false,true,true,true,false,false,false,false,1
natural52,n00026,M4,44,a5_reanswer,M17:usmle_derm_1919,M17,single,true,true,1,scored,complete,798405950dc64ce517ba538e7e177c8f58ee0a6485b0c71d315cf113c83fba11,false,,false,true,true,false,true,false,false,false,1
natural52,n00013,M4,44,a5_reanswer,M17:usmle_derm_1919,M17,single,true,true,1,scored,complete,ad7d7e9129a124ddb858a74c5724eb8bcbac5714221b1585bed1915da2ff00e6,false,,false,true,true,true,false,false,false,false,1
natural52,n00004,M4,44,a5_reanswer,M12:723,M12,single,true,true,1,scored,complete,18a06b1db4c1b653e992a8c53233a933c4b2b82dc0637e119bfbe68a5dc192da,false,,false,false,true,true,false,false,false,false,0
natural52,n00010,M4,44,a5_reanswer,M12:723,M12,single,true,true,1,scored,complete,258dc37c594fc5dd2d5de4fbf1390541961b193b46c119a9e550ff737c08047d,false,,false,false,true,true,false,false,false,false,0
natural52,n00029,M4,44,a5_reanswer,M14:exact_source_text:442,M14,single,false,true,1,scored,complete,33d28581ae6f49cf31228e6013cfd3c6711e652d00af74147eb23ec3751a669d,false,,false,true,true,false,false,false,false,false,1
natural52,n00037,M4,44,a5_reanswer,M14:exact_source_text:442,M14,single,false,true,1,scored,complete,258bc9ef396305f03599346b65957743afbb8034dbb9477c24a41071801a85f1,false,,false,true,true,false,false,false,false,false,1
natural52,n00040,M4,44,a5_reanswer,M14:exact_source_text:1487,M14,single,true,true,1,scored,complete,299ead504207086c5379472fa1e603c14272f56663de8fcb27acaf70a4322d13,false,,false,false,true,true,false,false,false,false,0
natural52,n00021,M4,44,a5_reanswer,M14:exact_source_text:1487,M14,single,true,true,1,scored,complete,f6261a49fd05749548d0cf5660082e8706c2233de78bb9e8149098c6c03e6dd9,false,,false,false,true,true,false,false,false,false,0
natural52,n00006,M4,44,a5_reanswer,M22:pubmedqa/25725704,M22,robustness_single,true,true,1,scored,complete,37741ae025b0c0c55bf539360fed2eb4aa1ec876ce003db7b57188c5e6c83c97,false,,false,true,true,true,false,false,false,false,1
natural52,n00022,M4,44,a5_reanswer,M22:pubmedqa/25725704,M22,robustness_single,true,true,1,scored,complete,949d746ac6210504b50df98accdaa32e1a599316eb17738287635833d5dc0397,false,,false,true,true,true,false,false,false,false,1
natural52,n00001,M4,44,a5_reanswer,M22:pubmedqa/25725704,M22,robustness_single,true,true,1,scored,complete,a0ea39d107f64181835c46ddb2ebf90bee8472f6ad4421a9687bf2c504ec1156,false,,false,true,true,true,false,false,false,false,1
natural52,n00008,M4,44,a5_reanswer,M22:pubmedqa/25725704,M22,robustness_single,true,true,1,scored,complete,ab5cbf1f452a5a156c17ab75c90c55eb7861938501b35406aad8429f0c5586bb,false,,false,false,true,true,false,false,false,false,0
natural52,n00050,M4,44,a5_reanswer,M22:pubmedqa/25725704,M22,robustness_single,true,true,1,scored,complete,b4c8b7448cbe93117605691396b55567c61b3af999d92aede4cd1afd71dc2dd2,false,,false,false,true,true,false,false,false,false,0
natural52,n00044,M4,44,a5_reanswer,M22:pubmedqa/25725704,M22,robustness_single,true,true,1,scored,complete,2d1b03e376acb88dfbdfd15c2505cc8c23862352457ef85492bc79024cde42aa,false,,false,false,true,true,false,false,false,false,0
natural52,n00038,M4,44,a5_reanswer,M10:medqa_00226,M10,single,true,true,1,scored,complete,d62a9289289cca05c9672381b9473d1c13fd598d6cb3a165b18c7cf35d9f8489,false,,false,true,true,true,false,false,false,false,1
natural52,n00003,M4,44,a5_reanswer,M10:medqa_00226,M10,single,true,true,1,scored,complete,49186388ca334443e76fd26c685e75772b93542f3039be80393a08a9936a592d,false,,false,true,true,true,false,false,false,false,1
natural52,n00051,M4,44,a5_reanswer,M11:3,M11,single,false,true,1,scored,complete,efb4dacc71dfd109f3c3d039cd9a03525f329d23f2b79ab76df5690f065c2a7f,false,,false,false,true,false,false,false,false,false,0
natural52,n00018,M4,44,a5_reanswer,M11:3,M11,single,false,true,1,scored,complete,d23f17192323092824404c9328b47d40b9bedb5f36e0dc83f34de94e495b7764,false,,false,true,true,false,false,false,false,false,1
natural52,n00033,M4,44,a5_reanswer,M20:56,M20,relation,false,true,1,scored,complete,1149419064792f02a832a7ddba96973361e8a98cbafa25678cfacfd4791bf569,false,,false,true,true,false,false,false,false,false,1
natural52,n00028,M4,44,a5_reanswer,M20:56,M20,relation,false,true,1,scored,complete,3eb4437a7e39ba8103ef639a5c33822c3c5c74fa3f5f4f60f6280ba23ea09eae,false,,false,false,true,false,false,false,false,false,0
natural52,n00012,M4,44,a5_reanswer,M20:164,M20,relation,true,true,1,scored,complete,e385a102bcfd78ee86dd6db9390c3bea0d9baf32130613a3b9212b0f6fcc2460,false,,false,false,true,true,false,false,false,false,0
natural52,n00047,M4,44,a5_reanswer,M20:164,M20,relation,true,true,1,scored,complete,12208643bc2201b398ae2dbc42164cec139d7c5616e3d4d2c715acae3573b85a,false,,false,false,true,true,false,false,false,false,0
natural52,n00015,M4,44,a5_reanswer,M17:askdocs_17,M17,single,true,true,1,scored,complete,12bd983d43e88c8edeb3c4fcdd5733281d9ac8a4138a22b6f58c7ac1396b21fb,false,,false,false,true,true,false,false,false,false,0
natural52,n00035,M4,44,a5_reanswer,M17:askdocs_17,M17,single,true,true,1,scored,complete,3259e891d3aa023ca311925c08dbc9b61965ee1741c0d57ed557226bf00c3ab9,false,,false,false,true,true,false,false,false,false,0
natural52,n00016,M4,44,a5_reanswer,M17:askdocs_17,M17,single,true,true,1,scored,complete,ed395e2efd34c709e3648c7420fdeb89dad7fa5867e57448f3dcb9933b83e6b4,false,,false,false,true,true,false,false,false,false,0
natural52,n00041,M4,44,a5_reanswer,M17:askdocs_17,M17,single,true,true,1,scored,complete,25dee46e8ba0495760813c2348542fc6f906f7a3a8d81378f683bf72dab8e6b9,false,,false,false,true,true,false,false,false,false,0
natural52,n00043,M4,44,a5_reanswer,M17:askdocs_17,M17,single,true,true,1,scored,complete,33dfd1b9a62df15f5105340b5545b3a25a8af51f63894deb446c1d5331bac8b3,false,,false,false,true,true,false,false,false,false,0
natural52,n00025,M4,44,a5_reanswer,M17:askdocs_17,M17,single,true,true,1,scored,complete,a72348a4b33ce58952e6dc27909d27bb0448d359e4378c6d93daed8702d5613b,false,,false,false,true,true,false,false,false,false,0
natural52,n00027,M4,44,a5_reanswer,M23:BioNLI:exact_context:3284,M23,single,false,true,1,scored,complete,7ebc6b127d2f73b7b3c534f374737bfae7c6227f530d70a05bf4d6df3fa4a20c,false,,false,false,true,false,false,false,false,false,0
natural52,n00034,M4,44,a5_reanswer,M23:BioNLI:exact_context:3284,M23,single,false,true,1,scored,complete,fdcbe4d794fc377bbbd7e8acf10a2f30bc34355bbb0ded4a185653584239604e,false,,false,false,true,false,false,false,false,false,0
natural52,n00042,M4,44,a5_reanswer,M23:BioNLI:exact_context:431,M23,single,false,true,1,scored,complete,108b383e0cf9db8319f0c7fd4ab80696f89751529adcdb6d94d1828440ad6232,false,,false,true,true,false,false,false,false,false,1
natural52,n00020,M4,44,a5_reanswer,M23:BioNLI:exact_context:431,M23,single,false,true,1,scored,complete,42d74a705fb9435f7f1d60db967ddc550ad1d39c6c783c72adb7cb873674a7b6,false,,false,true,true,false,false,false,false,false,1
natural52,n00019,M4,44,a5_reanswer,M23_control:bionli_choice_relevant_05,M23_control,single,true,true,1,scored,complete,b84377097882e9d03e96125af360bf49f9bc243e849f3461191e5688a87b751b,false,,false,false,true,true,false,false,false,false,0
natural52,n00000,M4,44,a5_reanswer,M23_control:bionli_choice_relevant_05,M23_control,single,false,true,1,scored,complete,a901e344d7bc8d5be4662ad8de04622db19e12812bbdef66f134f277e13eef47,false,,false,false,true,false,false,false,false,false,0
natural52,n00005,M4,44,a5_reanswer,M23_control:bionli_choice_relevant_08,M23_control,single,true,true,1,scored,complete,ad829ebd20736f561eedeae0b2b9790cc30e37e5b4aee86150334689622fc3a8,false,,false,false,true,true,false,false,false,false,0
natural52,n00030,M4,44,a5_reanswer,M23_control:bionli_choice_relevant_08,M23_control,single,false,true,1,scored,complete,de1d9dd49d30bb0362d613da14efc38ceaef8c2f44f54e1515230996c6e8c2aa,false,,false,true,true,true,false,true,false,false,1
natural52,n00023,M5,,baseline,M12:596,M12,single,true,true,1,scored,cached_baseline,6534d09c818aba939363bd1bd1d84adddbffdaf3015f298df7b0a2c35f83d3f8,false,,false,,,true,false,false,false,false,0
natural52,n00036,M5,,baseline,M12:596,M12,single,true,true,1,scored,cached_baseline,b0cec2fb925e8e5b7178fcc2e47e75183e607ecd4015490f2b53189111241186,false,,false,,,true,false,false,false,false,0
natural52,n00031,M5,,baseline,M22:medqa/1080,M22,robustness_single,false,true,1,scored,cached_baseline,4bcb4cf5d0a2cc83cbf8a04d96e6b8ffea0a7e59eb3f4d9cbd2a1107393ab5f4,false,,false,,,false,false,false,false,false,0
natural52,n00048,M5,,baseline,M22:medqa/1080,M22,robustness_single,false,true,1,scored,cached_baseline,d3d575a44e22c4188c39b768418bcc80dc139a6fb70ebd7631c5cb293d7d228f,false,,false,,,false,false,false,false,false,0
natural52,n00009,M5,,baseline,M22:medqa/1080,M22,robustness_single,false,true,1,scored,cached_baseline,0dcef56667353d9860e053118ccb5428495e98f9943f290cada5e897c77e182c,false,,false,,,false,false,false,false,false,0
natural52,n00046,M5,,baseline,M22:medqa/1080,M22,robustness_single,false,true,1,scored,cached_baseline,3fccffc47539f1daaaef41606eac278df3ddce28555754c86fb3f532f8882fe2,false,,false,,,false,false,false,false,false,0
natural52,n00039,M5,,baseline,M22:medqa/1080,M22,robustness_single,false,true,1,scored,cached_baseline,2817a77784b275dab3a3fdac739f0a9ae71530ffbf9b3c63e9abe9f8e0fcae34,false,,false,,,false,false,false,false,false,0
natural52,n00017,M5,,baseline,M22:medqa/1080,M22,robustness_single,true,true,1,scored,cached_baseline,3859f8798aa832dc2fcdc6b9292184cafc664a2464ff3be2e6759345369e59cb,false,,false,,,true,false,false,false,false,0
natural52,n00007,M5,,baseline,M10:medqa_01062,M10,single,false,true,1,scored,cached_baseline,505ba8f31e1d65a53c9220be4e8271e0fcf8781b921c126cc121bc40a8d27f39,false,,false,,,false,false,false,false,false,0
natural52,n00024,M5,,baseline,M10:medqa_01062,M10,single,false,true,1,scored,cached_baseline,88534addab57ca078a608f5043f8a79eca5e9a084f0e439873170436695916f7,false,,false,,,false,false,false,false,false,0
natural52,n00045,M5,,baseline,M11:122,M11,single,true,true,1,scored,cached_baseline,7973d34f5a9d9f9be67f3caa0e7ed8c106c495e3bfe3768e00e858552e9d7611,false,,false,,,true,false,false,false,false,0
natural52,n00014,M5,,baseline,M11:122,M11,single,true,true,1,scored,cached_baseline,b3440ab804eaa36e43e4f747da125f424adda2de201dbb63625e23f3b33880f0,false,,false,,,true,false,false,false,false,0
natural52,n00032,M5,,baseline,M17:usmle_derm_1919,M17,single,true,true,1,scored,cached_baseline,36bfeaf011e951815060f72b43932a0ccbea8cf79f34640f65a5c084f1444006,false,,false,,,true,false,false,false,false,0
natural52,n00049,M5,,baseline,M17:usmle_derm_1919,M17,single,true,true,1,scored,cached_baseline,493d46e27970f187890bf7dcec17e6bd096907a009dc2b789e5cb4ac4bb2bae2,false,,false,,,true,false,false,false,false,0
natural52,n00011,M5,,baseline,M17:usmle_derm_1919,M17,single,true,true,1,scored,cached_baseline,5046d999d1671c1dcc7ff36a90eedd181360b56444a5712bb3726778b6b3a43e,false,,false,,,true,false,false,false,false,0
natural52,n00002,M5,,baseline,M17:usmle_derm_1919,M17,single,true,true,1,scored,cached_baseline,52759b9c5b065c17054bc172a47adbe287d76e9567867f297b2f243e19ea8c0d,false,,false,,,true,false,false,false,false,0
natural52,n00026,M5,,baseline,M17:usmle_derm_1919,M17,single,true,true,1,scored,cached_baseline,ef9fc8ff4324e044c20d09cba04a7dabf08b1225293ad23746219f45e3b9b754,false,,false,,,true,false,false,false,false,0
natural52,n00013,M5,,baseline,M17:usmle_derm_1919,M17,single,true,true,1,scored,cached_baseline,d40261da3f17377c00478559653866371c004b15c633f4a4faeb1684aa02c2db,false,,false,,,true,false,false,false,false,0
natural52,n00004,M5,,baseline,M12:723,M12,single,true,true,1,scored,cached_baseline,10ac5910515cffd9c8296584bf5dfd7484c244af3af6002b91b5f764a0331ad5,false,,false,,,true,false,false,false,false,0
natural52,n00010,M5,,baseline,M12:723,M12,single,false,true,1,scored,cached_baseline,f4f083d2c640b4d94e52d99b668d9537f84a6ebcb187fc8a232c43040a9eefef,false,,false,,,false,false,false,false,false,0
natural52,n00029,M5,,baseline,M14:exact_source_text:442,M14,single,false,true,1,scored,cached_baseline,d454e03cbec232b4d032008e3c54d05c58fed3be5a8d0c8fed95666b8525bfee,false,,false,,,false,false,false,false,false,0
natural52,n00037,M5,,baseline,M14:exact_source_text:442,M14,single,false,true,1,scored,cached_baseline,b0074b212853d2e782cd8815b97195245d4eb63b03c6cf967d9e6fc698f314f6,false,,false,,,false,false,false,false,false,0
natural52,n00040,M5,,baseline,M14:exact_source_text:1487,M14,single,true,true,1,scored,cached_baseline,eaf92ee49fdeea8b8dc5bc4dee3495330ef2f9c1e18093a43989788b05a6bac3,false,,false,,,true,false,false,false,false,0
natural52,n00021,M5,,baseline,M14:exact_source_text:1487,M14,single,true,true,1,scored,cached_baseline,a2cd3f9a8b1c297491631ee175d5436bf7264ad2e0a344063a3cecf8b1083f30,false,,false,,,true,false,false,false,false,0
natural52,n00006,M5,,baseline,M22:pubmedqa/25725704,M22,robustness_single,false,true,1,scored,cached_baseline,b8597620ce89df07b5cb60081939aced20613feda65b1faeef67230e649e8fd2,false,,false,,,false,false,false,false,false,0
natural52,n00022,M5,,baseline,M22:pubmedqa/25725704,M22,robustness_single,false,true,1,scored,cached_baseline,a6bf67ab87b2d4ad92db8035ce5024f2c0de5aba6fc5d0e16cfd33bce0d663d7,false,,false,,,false,false,false,false,false,0
natural52,n00001,M5,,baseline,M22:pubmedqa/25725704,M22,robustness_single,false,true,1,scored,cached_baseline,e441dcad581e08d0da1c512278d728b13663b906cf841405b21d9d2be4b1f8ce,false,,false,,,false,false,false,false,false,0
natural52,n00008,M5,,baseline,M22:pubmedqa/25725704,M22,robustness_single,false,true,1,scored,cached_baseline,32405ce88cf2d1466433b2de4b096fcc06367d082b0cd0f5e9e075d59c311bca,false,,false,,,false,false,false,false,false,0
natural52,n00050,M5,,baseline,M22:pubmedqa/25725704,M22,robustness_single,false,true,1,scored,cached_baseline,a918d0fba75400da2b7dd01435e607dbd7751aa4b71df403f0b24a60894fec27,false,,false,,,false,false,false,false,false,0
natural52,n00044,M5,,baseline,M22:pubmedqa/25725704,M22,robustness_single,false,true,1,scored,cached_baseline,574e9819d5d52fea10f96b5027710ed652efd353732817f2fd7ddf83259ad3c7,false,,false,,,false,false,false,false,false,0
natural52,n00038,M5,,baseline,M10:medqa_00226,M10,single,false,true,1,scored,cached_baseline,d7b32025480fd3354f9cbba4ded3daf2036c03aa2ba4f2ab83b7dd65499fd247,false,,false,,,false,false,false,false,false,0
natural52,n00003,M5,,baseline,M10:medqa_00226,M10,single,false,true,1,scored,cached_baseline,f4a6cd6629a050a44ebf4b277ce693285a6a5d1b0fd320d1fa6f5532d4fe304f,false,,false,,,false,false,false,false,false,0
natural52,n00051,M5,,baseline,M11:3,M11,single,false,true,1,scored,cached_baseline,ac1771b1aa3066f77248b2f8cbe4eb70ec3ec25ef17d8999185b609d8d30953e,false,,false,,,false,false,false,false,false,0
natural52,n00018,M5,,baseline,M11:3,M11,single,false,true,1,scored,cached_baseline,9a294e329845efe6d291334ba10c6dfb77def68b7ffc2f39622c4c733cecf4da,false,,false,,,false,false,false,false,false,0
natural52,n00033,M5,,baseline,M20:56,M20,relation,false,true,1,scored,cached_baseline,02628e71ca6bb996dec381936f386000345d5ee52254d308add93483f5a8a7a4,false,,false,,,false,false,false,false,false,0
natural52,n00028,M5,,baseline,M20:56,M20,relation,false,true,1,scored,cached_baseline,c6bb3e32247e21f5e911fc7f74a1fc7e995a8cad8608ea2cd4d43d0bb476ea31,false,,false,,,false,false,false,false,false,0
natural52,n00012,M5,,baseline,M20:164,M20,relation,true,true,1,scored,cached_baseline,727e34029e0dca616c4818a9e66de1ea06eeae62f344669edab2e51ce0c6316a,false,,false,,,true,false,false,false,false,0
natural52,n00047,M5,,baseline,M20:164,M20,relation,true,true,1,scored,cached_baseline,6b22bba07c9acd921af5a0a2676741e51cba7c00e753c4ecb1e956746f8a4039,false,,false,,,true,false,false,false,false,0
natural52,n00015,M5,,baseline,M17:askdocs_17,M17,single,true,true,1,scored,cached_baseline,a78a440af121d14d34decc363a1295fdf74f1885b28998459654652325e4bcb7,false,,false,,,true,false,false,false,false,0
natural52,n00035,M5,,baseline,M17:askdocs_17,M17,single,true,true,1,scored,cached_baseline,8d12ec24126b808279238d8d39e09e4b67d9038a9424c267f1a84843da4c6261,false,,false,,,true,false,false,false,false,0
natural52,n00016,M5,,baseline,M17:askdocs_17,M17,single,false,true,1,scored,cached_baseline,dc8906046734e68776c99d81b9d261d8d2b27ca0930cf7b83ee51b7d1d67642d,false,,false,,,false,false,false,false,false,0
natural52,n00041,M5,,baseline,M17:askdocs_17,M17,single,true,true,1,scored,cached_baseline,64077a53e247d056fabc97216ed5f5bc6312c01657bb6531783adbfd32d5b9a9,false,,false,,,true,false,false,false,false,0
natural52,n00043,M5,,baseline,M17:askdocs_17,M17,single,true,true,1,scored,cached_baseline,0af116100e085d6b42c70ee6ba54535be44faa00704fd294961ccd00a9ff9b30,false,,false,,,true,false,false,false,false,0
natural52,n00025,M5,,baseline,M17:askdocs_17,M17,single,false,true,1,scored,cached_baseline,b36f43a29c802738887f86ffe7fbb81d350fca517664bea185e1d9e5dae88cc5,false,,false,,,false,false,false,false,false,0
natural52,n00027,M5,,baseline,M23:BioNLI:exact_context:3284,M23,single,false,true,1,scored,cached_baseline,9cca3784a1822de771c3d821a4a7413c3d82c66b5e59a63d4ef97ea83e4c7169,false,,false,,,false,false,false,false,false,0
natural52,n00034,M5,,baseline,M23:BioNLI:exact_context:3284,M23,single,true,true,1,scored,cached_baseline,628a0c1c458b2e1324f3d31d59efd64329812e8c8f64b78b0bce08cafc98a9a8,false,,false,,,true,false,false,false,false,0
natural52,n00042,M5,,baseline,M23:BioNLI:exact_context:431,M23,single,true,true,1,scored,cached_baseline,1caa9f7bd3530e343615bd089c9e3bb2f0dfad1d6eb082e689f890808b11e150,false,,false,,,true,false,false,false,false,0
natural52,n00020,M5,,baseline,M23:BioNLI:exact_context:431,M23,single,true,true,1,scored,cached_baseline,1a32454205d16f6a6922adaeae187ca55b504414ae757f2c512a94ebccb3a3d4,false,,false,,,true,false,false,false,false,0
natural52,n00019,M5,,baseline,M23_control:bionli_choice_relevant_05,M23_control,single,true,true,1,scored,cached_baseline,3d8527db2018b623566e3f5254fc86826277e9a8c0354c3cb79f57b9d4b0d985,false,,false,,,true,false,false,false,false,0
natural52,n00000,M5,,baseline,M23_control:bionli_choice_relevant_05,M23_control,single,false,true,1,scored,cached_baseline,63ec53cfc76c4bb36d099e54cc7e04cf81c4bf84559217106432adf4027da8d8,false,,false,,,false,false,false,false,false,0
natural52,n00005,M5,,baseline,M23_control:bionli_choice_relevant_08,M23_control,single,true,true,1,scored,cached_baseline,5e8db89248e0e8ede7685c7a6efdac1eb335ace25cfb99dd881ddc42bb96462a,false,,false,,,true,false,false,false,false,0
natural52,n00030,M5,,baseline,M23_control:bionli_choice_relevant_08,M23_control,single,true,true,1,scored,cached_baseline,3bb3d9df88e667172c05ced2faf23928c83d495cce4bb0f04aeab6967fcecf28,false,,false,,,true,false,false,false,false,0
natural52,n00023,M5,42,a5_reanswer,M12:596,M12,single,true,true,1,scored,complete,aa17593313143e03f5daa9cb7a80302005d8160d6e253a7b91a32b7ce73fa54d,false,,false,true,true,true,false,false,false,false,1
natural52,n00036,M5,42,a5_reanswer,M12:596,M12,single,true,true,1,scored,complete,b0cec2fb925e8e5b7178fcc2e47e75183e607ecd4015490f2b53189111241186,false,,false,false,true,true,false,false,false,false,0
natural52,n00031,M5,42,a5_reanswer,M22:medqa/1080,M22,robustness_single,false,true,1,scored,complete,4bcb4cf5d0a2cc83cbf8a04d96e6b8ffea0a7e59eb3f4d9cbd2a1107393ab5f4,false,,false,false,true,false,false,false,false,false,0
natural52,n00048,M5,42,a5_reanswer,M22:medqa/1080,M22,robustness_single,false,true,1,scored,complete,d3d575a44e22c4188c39b768418bcc80dc139a6fb70ebd7631c5cb293d7d228f,false,,false,false,true,false,false,false,false,false,0
natural52,n00009,M5,42,a5_reanswer,M22:medqa/1080,M22,robustness_single,false,true,1,scored,complete,d35d79605d9088ee0efa97d3178ce4a2f4d4cfe57bc089617bc878d17bc52835,false,,false,true,true,false,false,false,false,false,1
natural52,n00046,M5,42,a5_reanswer,M22:medqa/1080,M22,robustness_single,false,true,1,scored,complete,54265bc3946ed27ae4d51bc987f3faf7d6b4d5daee40bce269323626c933a9cd,false,,false,true,true,false,false,false,false,false,1
natural52,n00039,M5,42,a5_reanswer,M22:medqa/1080,M22,robustness_single,false,true,1,scored,complete,edf95de5335df4e3e2948a1d11de9ffb904569a302d9bda5a1496444eb2d9848,false,,false,true,true,false,false,false,false,false,1
natural52,n00017,M5,42,a5_reanswer,M22:medqa/1080,M22,robustness_single,false,true,1,scored,complete,40948280d98b1893c1248cd710930e6cb6eea90f61707774c50b4f16efa19352,false,,false,true,true,true,false,true,false,false,1
natural52,n00007,M5,42,a5_reanswer,M10:medqa_01062,M10,single,false,true,1,scored,complete,ab2371302d658052e69a48c004baece7f1f07bbca90d17e6c9b0b03c1ffec940,false,,false,true,true,false,false,false,false,false,1
natural52,n00024,M5,42,a5_reanswer,M10:medqa_01062,M10,single,false,true,1,scored,complete,88534addab57ca078a608f5043f8a79eca5e9a084f0e439873170436695916f7,false,,false,false,true,false,false,false,false,false,0
natural52,n00045,M5,42,a5_reanswer,M11:122,M11,single,true,true,1,scored,complete,7973d34f5a9d9f9be67f3caa0e7ed8c106c495e3bfe3768e00e858552e9d7611,false,,false,false,true,true,false,false,false,false,0
natural52,n00014,M5,42,a5_reanswer,M11:122,M11,single,true,true,1,scored,complete,9a436a747f23b97da27f6194e39f71a5453ca7a22cd03ae74ef9e0971f1c5ff9,false,,false,true,true,true,false,false,false,false,1
natural52,n00032,M5,42,a5_reanswer,M17:usmle_derm_1919,M17,single,true,true,1,scored,complete,e7e492ce70f07805e63e83c5909150dc58ab6ae8234d61ed561b7dc019e01fa4,false,,false,true,true,true,false,false,false,false,1
natural52,n00049,M5,42,a5_reanswer,M17:usmle_derm_1919,M17,single,true,true,1,scored,complete,493d46e27970f187890bf7dcec17e6bd096907a009dc2b789e5cb4ac4bb2bae2,false,,false,false,true,true,false,false,false,false,0
natural52,n00011,M5,42,a5_reanswer,M17:usmle_derm_1919,M17,single,true,true,1,scored,complete,5046d999d1671c1dcc7ff36a90eedd181360b56444a5712bb3726778b6b3a43e,false,,false,false,true,true,false,false,false,false,0
natural52,n00002,M5,42,a5_reanswer,M17:usmle_derm_1919,M17,single,true,true,1,scored,complete,52759b9c5b065c17054bc172a47adbe287d76e9567867f297b2f243e19ea8c0d,false,,false,false,true,true,false,false,false,false,0
natural52,n00026,M5,42,a5_reanswer,M17:usmle_derm_1919,M17,single,true,true,1,scored,complete,ef9fc8ff4324e044c20d09cba04a7dabf08b1225293ad23746219f45e3b9b754,false,,false,false,true,true,false,false,false,false,0
natural52,n00013,M5,42,a5_reanswer,M17:usmle_derm_1919,M17,single,true,true,1,scored,complete,d40261da3f17377c00478559653866371c004b15c633f4a4faeb1684aa02c2db,false,,false,false,true,true,false,false,false,false,0
natural52,n00004,M5,42,a5_reanswer,M12:723,M12,single,true,true,1,scored,complete,10ac5910515cffd9c8296584bf5dfd7484c244af3af6002b91b5f764a0331ad5,false,,false,false,true,true,false,false,false,false,0
natural52,n00010,M5,42,a5_reanswer,M12:723,M12,single,true,true,1,scored,complete,2cff4388de8b15e10db3a1437020cffff7cd4fe790df06a2f87038651fbb3588,false,,false,true,true,false,true,false,false,false,1
natural52,n00029,M5,42,a5_reanswer,M14:exact_source_text:442,M14,single,false,true,1,scored,complete,d454e03cbec232b4d032008e3c54d05c58fed3be5a8d0c8fed95666b8525bfee,false,,false,false,true,false,false,false,false,false,0
natural52,n00037,M5,42,a5_reanswer,M14:exact_source_text:442,M14,single,false,true,1,scored,complete,b0074b212853d2e782cd8815b97195245d4eb63b03c6cf967d9e6fc698f314f6,false,,false,false,true,false,false,false,false,false,0
natural52,n00040,M5,42,a5_reanswer,M14:exact_source_text:1487,M14,single,true,true,1,scored,complete,eaf92ee49fdeea8b8dc5bc4dee3495330ef2f9c1e18093a43989788b05a6bac3,false,,false,false,true,true,false,false,false,false,0
natural52,n00021,M5,42,a5_reanswer,M14:exact_source_text:1487,M14,single,true,true,1,scored,complete,a2cd3f9a8b1c297491631ee175d5436bf7264ad2e0a344063a3cecf8b1083f30,false,,false,false,true,true,false,false,false,false,0
natural52,n00006,M5,42,a5_reanswer,M22:pubmedqa/25725704,M22,robustness_single,false,true,1,scored,complete,bc2b3dff55117b2e606c91c5cdbb725ef5d088ca116caf34761074ea1fe37bf7,false,,false,true,true,false,false,false,false,false,1
natural52,n00022,M5,42,a5_reanswer,M22:pubmedqa/25725704,M22,robustness_single,false,true,1,scored,complete,a6bf67ab87b2d4ad92db8035ce5024f2c0de5aba6fc5d0e16cfd33bce0d663d7,false,,false,false,true,false,false,false,false,false,0
natural52,n00001,M5,42,a5_reanswer,M22:pubmedqa/25725704,M22,robustness_single,false,true,1,scored,complete,e441dcad581e08d0da1c512278d728b13663b906cf841405b21d9d2be4b1f8ce,false,,false,false,true,false,false,false,false,false,0
natural52,n00008,M5,42,a5_reanswer,M22:pubmedqa/25725704,M22,robustness_single,false,true,1,scored,complete,b03681ec8d9092dac4ca95ed214b914245e0c0ef8ab4a637ee156b0a8f6d8bd3,false,,false,true,true,false,false,false,false,false,1
natural52,n00050,M5,42,a5_reanswer,M22:pubmedqa/25725704,M22,robustness_single,false,true,1,scored,complete,a918d0fba75400da2b7dd01435e607dbd7751aa4b71df403f0b24a60894fec27,false,,false,false,true,false,false,false,false,false,0
natural52,n00044,M5,42,a5_reanswer,M22:pubmedqa/25725704,M22,robustness_single,false,true,1,scored,complete,56544a6355c77b1a17d19eb39a19ba0982751570f831cf293a8cff2454e11a2e,false,,false,true,true,false,false,false,false,false,1
natural52,n00038,M5,42,a5_reanswer,M10:medqa_00226,M10,single,true,true,1,scored,complete,8f73ea8b865811c9e8acdab75ab09d1f405dac3abddc7cf9b4ec8333095ef473,false,,false,true,true,false,true,false,false,false,1
natural52,n00003,M5,42,a5_reanswer,M10:medqa_00226,M10,single,false,true,1,scored,complete,f4a6cd6629a050a44ebf4b277ce693285a6a5d1b0fd320d1fa6f5532d4fe304f,false,,false,false,true,false,false,false,false,false,0
natural52,n00051,M5,42,a5_reanswer,M11:3,M11,single,false,true,1,scored,complete,ac1771b1aa3066f77248b2f8cbe4eb70ec3ec25ef17d8999185b609d8d30953e,false,,false,false,true,false,false,false,false,false,0
natural52,n00018,M5,42,a5_reanswer,M11:3,M11,single,false,true,1,scored,complete,9a294e329845efe6d291334ba10c6dfb77def68b7ffc2f39622c4c733cecf4da,false,,false,false,true,false,false,false,false,false,0
natural52,n00033,M5,42,a5_reanswer,M20:56,M20,relation,false,true,1,scored,complete,02628e71ca6bb996dec381936f386000345d5ee52254d308add93483f5a8a7a4,false,,false,false,true,false,false,false,false,false,0
natural52,n00028,M5,42,a5_reanswer,M20:56,M20,relation,false,true,1,scored,complete,c9fce8281ea25bc9500d52f68a49092b1b034679e22a39f191e787f8c6e428e0,false,,false,true,true,false,false,false,false,false,1
natural52,n00012,M5,42,a5_reanswer,M20:164,M20,relation,true,true,1,scored,complete,727e34029e0dca616c4818a9e66de1ea06eeae62f344669edab2e51ce0c6316a,false,,false,false,true,true,false,false,false,false,0
natural52,n00047,M5,42,a5_reanswer,M20:164,M20,relation,true,true,1,scored,complete,6b22bba07c9acd921af5a0a2676741e51cba7c00e753c4ecb1e956746f8a4039,false,,false,false,true,true,false,false,false,false,0
natural52,n00015,M5,42,a5_reanswer,M17:askdocs_17,M17,single,true,true,1,scored,complete,a78a440af121d14d34decc363a1295fdf74f1885b28998459654652325e4bcb7,false,,false,false,true,true,false,false,false,false,0
natural52,n00035,M5,42,a5_reanswer,M17:askdocs_17,M17,single,false,true,1,scored,complete,179ae82f747ae1f9f2fe2b1493020d2b1db77fdf6b1b692d49e70f54fdb4e309,false,,false,true,true,true,false,true,false,false,1
natural52,n00016,M5,42,a5_reanswer,M17:askdocs_17,M17,single,false,true,1,scored,complete,dc8906046734e68776c99d81b9d261d8d2b27ca0930cf7b83ee51b7d1d67642d,false,,false,false,true,false,false,false,false,false,0
natural52,n00041,M5,42,a5_reanswer,M17:askdocs_17,M17,single,true,true,1,scored,complete,64077a53e247d056fabc97216ed5f5bc6312c01657bb6531783adbfd32d5b9a9,false,,false,false,true,true,false,false,false,false,0
natural52,n00043,M5,42,a5_reanswer,M17:askdocs_17,M17,single,true,true,1,scored,complete,0af116100e085d6b42c70ee6ba54535be44faa00704fd294961ccd00a9ff9b30,false,,false,false,true,true,false,false,false,false,0
natural52,n00025,M5,42,a5_reanswer,M17:askdocs_17,M17,single,false,true,1,scored,complete,b36f43a29c802738887f86ffe7fbb81d350fca517664bea185e1d9e5dae88cc5,false,,false,false,true,false,false,false,false,false,0
natural52,n00027,M5,42,a5_reanswer,M23:BioNLI:exact_context:3284,M23,single,false,true,1,scored,complete,9cca3784a1822de771c3d821a4a7413c3d82c66b5e59a63d4ef97ea83e4c7169,false,,false,false,true,false,false,false,false,false,0
natural52,n00034,M5,42,a5_reanswer,M23:BioNLI:exact_context:3284,M23,single,false,true,1,scored,complete,1c134a669f102b762750e3b619db88d3b12864ce4834c11785859b41ae1a1636,false,,false,true,true,true,false,true,false,false,1
natural52,n00042,M5,42,a5_reanswer,M23:BioNLI:exact_context:431,M23,single,true,true,1,scored,complete,1caa9f7bd3530e343615bd089c9e3bb2f0dfad1d6eb082e689f890808b11e150,false,,false,false,true,true,false,false,false,false,0
natural52,n00020,M5,42,a5_reanswer,M23:BioNLI:exact_context:431,M23,single,true,true,1,scored,complete,1a32454205d16f6a6922adaeae187ca55b504414ae757f2c512a94ebccb3a3d4,false,,false,false,true,true,false,false,false,false,0
natural52,n00019,M5,42,a5_reanswer,M23_control:bionli_choice_relevant_05,M23_control,single,true,true,1,scored,complete,3d8527db2018b623566e3f5254fc86826277e9a8c0354c3cb79f57b9d4b0d985,false,,false,false,true,true,false,false,false,false,0
natural52,n00000,M5,42,a5_reanswer,M23_control:bionli_choice_relevant_05,M23_control,single,false,true,1,scored,complete,63ec53cfc76c4bb36d099e54cc7e04cf81c4bf84559217106432adf4027da8d8,false,,false,false,true,false,false,false,false,false,0
natural52,n00005,M5,42,a5_reanswer,M23_control:bionli_choice_relevant_08,M23_control,single,true,true,1,scored,complete,5e8db89248e0e8ede7685c7a6efdac1eb335ace25cfb99dd881ddc42bb96462a,false,,false,false,true,true,false,false,false,false,0
natural52,n00030,M5,42,a5_reanswer,M23_control:bionli_choice_relevant_08,M23_control,single,true,true,1,scored,complete,3bb3d9df88e667172c05ced2faf23928c83d495cce4bb0f04aeab6967fcecf28,false,,false,false,true,true,false,false,false,false,0
natural52,n00023,M5,43,a5_reanswer,M12:596,M12,single,false,true,1,scored,complete,1b158dec6fced48c99c6e526ae82f41d3497f8cf68b9c9e1985f7b743141e0e1,false,,false,true,true,true,false,true,false,false,1
natural52,n00036,M5,43,a5_reanswer,M12:596,M12,single,true,true,1,scored,complete,b0cec2fb925e8e5b7178fcc2e47e75183e607ecd4015490f2b53189111241186,false,,false,false,true,true,false,false,false,false,0
natural52,n00031,M5,43,a5_reanswer,M22:medqa/1080,M22,robustness_single,false,true,1,scored,complete,4bcb4cf5d0a2cc83cbf8a04d96e6b8ffea0a7e59eb3f4d9cbd2a1107393ab5f4,false,,false,false,true,false,false,false,false,false,0
natural52,n00048,M5,43,a5_reanswer,M22:medqa/1080,M22,robustness_single,false,true,1,scored,complete,d3d575a44e22c4188c39b768418bcc80dc139a6fb70ebd7631c5cb293d7d228f,false,,false,false,true,false,false,false,false,false,0
natural52,n00009,M5,43,a5_reanswer,M22:medqa/1080,M22,robustness_single,false,true,1,scored,complete,be9432404333346775c8d1398c49fd9effbce5a2240a9a056b338573cf5d36ed,false,,false,true,true,false,false,false,false,false,1
natural52,n00046,M5,43,a5_reanswer,M22:medqa/1080,M22,robustness_single,false,true,1,scored,complete,8064cfc6aabde8b563d2cccf4fd6ecd18007d7bf7913b482a4f6a726750c9ce6,false,,false,true,true,false,false,false,false,false,1
natural52,n00039,M5,43,a5_reanswer,M22:medqa/1080,M22,robustness_single,false,true,1,scored,complete,d4bf404a8353aae8e0af970998323fccb27342c52fc9adb03cf6f598fd032909,false,,false,true,true,false,false,false,false,false,1
natural52,n00017,M5,43,a5_reanswer,M22:medqa/1080,M22,robustness_single,false,true,1,scored,complete,255853da9639b04315dae0f9784784240d1712131c62040128e1f89af3fa845e,false,,false,true,true,true,false,true,false,false,1
natural52,n00007,M5,43,a5_reanswer,M10:medqa_01062,M10,single,false,true,1,scored,complete,2c4825987717caae9f149543077f6f82f18d0df59459af64f8f972bc65955dcd,false,,false,true,true,false,false,false,false,false,1
natural52,n00024,M5,43,a5_reanswer,M10:medqa_01062,M10,single,false,true,1,scored,complete,88534addab57ca078a608f5043f8a79eca5e9a084f0e439873170436695916f7,false,,false,false,true,false,false,false,false,false,0
natural52,n00045,M5,43,a5_reanswer,M11:122,M11,single,true,true,1,scored,complete,7973d34f5a9d9f9be67f3caa0e7ed8c106c495e3bfe3768e00e858552e9d7611,false,,false,false,true,true,false,false,false,false,0
natural52,n00014,M5,43,a5_reanswer,M11:122,M11,single,false,true,1,scored,complete,dacfad30029b6a8591d6c637e736ec9da632e1b3139b0ccba0430b87c42d13f4,false,,false,true,true,true,false,true,false,false,1
natural52,n00032,M5,43,a5_reanswer,M17:usmle_derm_1919,M17,single,true,true,1,scored,complete,78194f0810df5ad14f1640ae798a121abf911ec2fececade899ac84f06310742,false,,false,true,true,true,false,false,false,false,1
natural52,n00049,M5,43,a5_reanswer,M17:usmle_derm_1919,M17,single,true,true,1,scored,complete,493d46e27970f187890bf7dcec17e6bd096907a009dc2b789e5cb4ac4bb2bae2,false,,false,false,true,true,false,false,false,false,0
natural52,n00011,M5,43,a5_reanswer,M17:usmle_derm_1919,M17,single,true,true,1,scored,complete,5046d999d1671c1dcc7ff36a90eedd181360b56444a5712bb3726778b6b3a43e,false,,false,false,true,true,false,false,false,false,0
natural52,n00002,M5,43,a5_reanswer,M17:usmle_derm_1919,M17,single,true,true,1,scored,complete,52759b9c5b065c17054bc172a47adbe287d76e9567867f297b2f243e19ea8c0d,false,,false,false,true,true,false,false,false,false,0
natural52,n00026,M5,43,a5_reanswer,M17:usmle_derm_1919,M17,single,true,true,1,scored,complete,ef9fc8ff4324e044c20d09cba04a7dabf08b1225293ad23746219f45e3b9b754,false,,false,false,true,true,false,false,false,false,0
natural52,n00013,M5,43,a5_reanswer,M17:usmle_derm_1919,M17,single,true,true,1,scored,complete,d40261da3f17377c00478559653866371c004b15c633f4a4faeb1684aa02c2db,false,,false,false,true,true,false,false,false,false,0
natural52,n00004,M5,43,a5_reanswer,M12:723,M12,single,true,true,1,scored,complete,10ac5910515cffd9c8296584bf5dfd7484c244af3af6002b91b5f764a0331ad5,false,,false,false,true,true,false,false,false,false,0
natural52,n00010,M5,43,a5_reanswer,M12:723,M12,single,true,true,1,scored,complete,5928dcb014993876b6cf1da069600298fd270f8290acb4bfe3464d9133b17b20,false,,false,true,true,false,true,false,false,false,1
natural52,n00029,M5,43,a5_reanswer,M14:exact_source_text:442,M14,single,false,true,1,scored,complete,d454e03cbec232b4d032008e3c54d05c58fed3be5a8d0c8fed95666b8525bfee,false,,false,false,true,false,false,false,false,false,0
natural52,n00037,M5,43,a5_reanswer,M14:exact_source_text:442,M14,single,false,true,1,scored,complete,b0074b212853d2e782cd8815b97195245d4eb63b03c6cf967d9e6fc698f314f6,false,,false,false,true,false,false,false,false,false,0
natural52,n00040,M5,43,a5_reanswer,M14:exact_source_text:1487,M14,single,true,true,1,scored,complete,eaf92ee49fdeea8b8dc5bc4dee3495330ef2f9c1e18093a43989788b05a6bac3,false,,false,false,true,true,false,false,false,false,0
natural52,n00021,M5,43,a5_reanswer,M14:exact_source_text:1487,M14,single,true,true,1,scored,complete,a2cd3f9a8b1c297491631ee175d5436bf7264ad2e0a344063a3cecf8b1083f30,false,,false,false,true,true,false,false,false,false,0
natural52,n00006,M5,43,a5_reanswer,M22:pubmedqa/25725704,M22,robustness_single,false,true,1,scored,complete,52ec462560c694237f09b98ecb312af0f9ff57139427e35261094c5e9596243e,false,,false,true,true,false,false,false,false,false,1
natural52,n00022,M5,43,a5_reanswer,M22:pubmedqa/25725704,M22,robustness_single,false,true,1,scored,complete,a6bf67ab87b2d4ad92db8035ce5024f2c0de5aba6fc5d0e16cfd33bce0d663d7,false,,false,false,true,false,false,false,false,false,0
natural52,n00001,M5,43,a5_reanswer,M22:pubmedqa/25725704,M22,robustness_single,false,true,1,scored,complete,e441dcad581e08d0da1c512278d728b13663b906cf841405b21d9d2be4b1f8ce,false,,false,false,true,false,false,false,false,false,0
natural52,n00008,M5,43,a5_reanswer,M22:pubmedqa/25725704,M22,robustness_single,false,true,1,scored,complete,7cab7328756d5181fdd2f9ad18a0249a3a601c425b268645584fdc0ec9e341f8,false,,false,true,true,false,false,false,false,false,1
natural52,n00050,M5,43,a5_reanswer,M22:pubmedqa/25725704,M22,robustness_single,false,true,1,scored,complete,a918d0fba75400da2b7dd01435e607dbd7751aa4b71df403f0b24a60894fec27,false,,false,false,true,false,false,false,false,false,0
natural52,n00044,M5,43,a5_reanswer,M22:pubmedqa/25725704,M22,robustness_single,false,true,1,scored,complete,45ebc1fdfc2facf3edead2e37e79c1e1c8049f4322a2bff2adbe5e9db9b03897,false,,false,true,true,false,false,false,false,false,1
natural52,n00038,M5,43,a5_reanswer,M10:medqa_00226,M10,single,true,true,1,scored,complete,07d3ffccc0598e2972fe01e54628a1a57bf19e0323e2bfb8a6043c8cc7e83354,false,,false,true,true,false,true,false,false,false,1
natural52,n00003,M5,43,a5_reanswer,M10:medqa_00226,M10,single,false,true,1,scored,complete,f4a6cd6629a050a44ebf4b277ce693285a6a5d1b0fd320d1fa6f5532d4fe304f,false,,false,false,true,false,false,false,false,false,0
natural52,n00051,M5,43,a5_reanswer,M11:3,M11,single,false,true,1,scored,complete,ac1771b1aa3066f77248b2f8cbe4eb70ec3ec25ef17d8999185b609d8d30953e,false,,false,false,true,false,false,false,false,false,0
natural52,n00018,M5,43,a5_reanswer,M11:3,M11,single,false,true,1,scored,complete,9a294e329845efe6d291334ba10c6dfb77def68b7ffc2f39622c4c733cecf4da,false,,false,false,true,false,false,false,false,false,0
natural52,n00033,M5,43,a5_reanswer,M20:56,M20,relation,false,true,1,scored,complete,02628e71ca6bb996dec381936f386000345d5ee52254d308add93483f5a8a7a4,false,,false,false,true,false,false,false,false,false,0
natural52,n00028,M5,43,a5_reanswer,M20:56,M20,relation,false,true,1,scored,complete,98554a1a3bbbe59ba1143e3da4ca321fd341bd07bf5d0fdeb59d1fd795e44af7,false,,false,true,true,false,false,false,false,false,1
natural52,n00012,M5,43,a5_reanswer,M20:164,M20,relation,true,true,1,scored,complete,727e34029e0dca616c4818a9e66de1ea06eeae62f344669edab2e51ce0c6316a,false,,false,false,true,true,false,false,false,false,0
natural52,n00047,M5,43,a5_reanswer,M20:164,M20,relation,true,true,1,scored,complete,6b22bba07c9acd921af5a0a2676741e51cba7c00e753c4ecb1e956746f8a4039,false,,false,false,true,true,false,false,false,false,0
natural52,n00015,M5,43,a5_reanswer,M17:askdocs_17,M17,single,true,true,1,scored,complete,a78a440af121d14d34decc363a1295fdf74f1885b28998459654652325e4bcb7,false,,false,false,true,true,false,false,false,false,0
natural52,n00035,M5,43,a5_reanswer,M17:askdocs_17,M17,single,false,true,1,scored,complete,1faec1ee6d7355cd5ea9f03833642a17fe6236e29cd18e04c6d11c15d296977c,false,,false,true,true,true,false,true,false,false,1
natural52,n00016,M5,43,a5_reanswer,M17:askdocs_17,M17,single,false,true,1,scored,complete,dc8906046734e68776c99d81b9d261d8d2b27ca0930cf7b83ee51b7d1d67642d,false,,false,false,true,false,false,false,false,false,0
natural52,n00041,M5,43,a5_reanswer,M17:askdocs_17,M17,single,true,true,1,scored,complete,64077a53e247d056fabc97216ed5f5bc6312c01657bb6531783adbfd32d5b9a9,false,,false,false,true,true,false,false,false,false,0
natural52,n00043,M5,43,a5_reanswer,M17:askdocs_17,M17,single,true,true,1,scored,complete,0af116100e085d6b42c70ee6ba54535be44faa00704fd294961ccd00a9ff9b30,false,,false,false,true,true,false,false,false,false,0
natural52,n00025,M5,43,a5_reanswer,M17:askdocs_17,M17,single,false,true,1,scored,complete,b36f43a29c802738887f86ffe7fbb81d350fca517664bea185e1d9e5dae88cc5,false,,false,false,true,false,false,false,false,false,0
natural52,n00027,M5,43,a5_reanswer,M23:BioNLI:exact_context:3284,M23,single,false,true,1,scored,complete,9cca3784a1822de771c3d821a4a7413c3d82c66b5e59a63d4ef97ea83e4c7169,false,,false,false,true,false,false,false,false,false,0
natural52,n00034,M5,43,a5_reanswer,M23:BioNLI:exact_context:3284,M23,single,false,true,1,scored,complete,77cc5a2a60c59fab1c61c00494c893ad862143abb0774dac8d690cfe61b101e6,false,,false,true,true,true,false,true,false,false,1
natural52,n00042,M5,43,a5_reanswer,M23:BioNLI:exact_context:431,M23,single,true,true,1,scored,complete,1caa9f7bd3530e343615bd089c9e3bb2f0dfad1d6eb082e689f890808b11e150,false,,false,false,true,true,false,false,false,false,0
natural52,n00020,M5,43,a5_reanswer,M23:BioNLI:exact_context:431,M23,single,true,true,1,scored,complete,1a32454205d16f6a6922adaeae187ca55b504414ae757f2c512a94ebccb3a3d4,false,,false,false,true,true,false,false,false,false,0
natural52,n00019,M5,43,a5_reanswer,M23_control:bionli_choice_relevant_05,M23_control,single,true,true,1,scored,complete,3d8527db2018b623566e3f5254fc86826277e9a8c0354c3cb79f57b9d4b0d985,false,,false,false,true,true,false,false,false,false,0
natural52,n00000,M5,43,a5_reanswer,M23_control:bionli_choice_relevant_05,M23_control,single,false,true,1,scored,complete,63ec53cfc76c4bb36d099e54cc7e04cf81c4bf84559217106432adf4027da8d8,false,,false,false,true,false,false,false,false,false,0
natural52,n00005,M5,43,a5_reanswer,M23_control:bionli_choice_relevant_08,M23_control,single,true,true,1,scored,complete,5e8db89248e0e8ede7685c7a6efdac1eb335ace25cfb99dd881ddc42bb96462a,false,,false,false,true,true,false,false,false,false,0
natural52,n00030,M5,43,a5_reanswer,M23_control:bionli_choice_relevant_08,M23_control,single,true,true,1,scored,complete,3bb3d9df88e667172c05ced2faf23928c83d495cce4bb0f04aeab6967fcecf28,false,,false,false,true,true,false,false,false,false,0
natural52,n00023,M5,44,a5_reanswer,M12:596,M12,single,true,true,1,scored,complete,996dbf3e50cdd2cee8383bf20401fc11d0453df75a613fe338c08ef3e1062c15,false,,false,true,true,true,false,false,false,false,1
natural52,n00036,M5,44,a5_reanswer,M12:596,M12,single,true,true,1,scored,complete,b0cec2fb925e8e5b7178fcc2e47e75183e607ecd4015490f2b53189111241186,false,,false,false,true,true,false,false,false,false,0
natural52,n00031,M5,44,a5_reanswer,M22:medqa/1080,M22,robustness_single,false,true,1,scored,complete,4bcb4cf5d0a2cc83cbf8a04d96e6b8ffea0a7e59eb3f4d9cbd2a1107393ab5f4,false,,false,false,true,false,false,false,false,false,0
natural52,n00048,M5,44,a5_reanswer,M22:medqa/1080,M22,robustness_single,false,true,1,scored,complete,d3d575a44e22c4188c39b768418bcc80dc139a6fb70ebd7631c5cb293d7d228f,false,,false,false,true,false,false,false,false,false,0
natural52,n00009,M5,44,a5_reanswer,M22:medqa/1080,M22,robustness_single,false,true,1,scored,complete,f4f24b263be0708e6b1bffb6574c6feb5ec66eed49cc94c4daea88b83a7b014e,false,,false,true,true,false,false,false,false,false,1
natural52,n00046,M5,44,a5_reanswer,M22:medqa/1080,M22,robustness_single,false,true,1,scored,complete,90ef94d5cb2f6910acd7a5d6ba9c0d214cea3d2e545aaaede45fb14c0cccd874,false,,false,true,true,false,false,false,false,false,1
natural52,n00039,M5,44,a5_reanswer,M22:medqa/1080,M22,robustness_single,false,true,1,scored,complete,0759e6060c93e6d1e49ecd36dfab9d0cc6f4578dec9bb2e7420ef00aacec6559,false,,false,true,true,false,false,false,false,false,1
natural52,n00017,M5,44,a5_reanswer,M22:medqa/1080,M22,robustness_single,false,true,1,scored,complete,dfad594b92000d65599908f778f48c64ec479d47e9016d3b82af84287d5db876,false,,false,true,true,true,false,true,false,false,1
natural52,n00007,M5,44,a5_reanswer,M10:medqa_01062,M10,single,false,true,1,scored,complete,e974f960063d1191a6ed4aa3bcdbdbd490f66291c849c9aabee862495068064a,false,,false,true,true,false,false,false,false,false,1
natural52,n00024,M5,44,a5_reanswer,M10:medqa_01062,M10,single,false,true,1,scored,complete,88534addab57ca078a608f5043f8a79eca5e9a084f0e439873170436695916f7,false,,false,false,true,false,false,false,false,false,0
natural52,n00045,M5,44,a5_reanswer,M11:122,M11,single,true,true,1,scored,complete,7973d34f5a9d9f9be67f3caa0e7ed8c106c495e3bfe3768e00e858552e9d7611,false,,false,false,true,true,false,false,false,false,0
natural52,n00014,M5,44,a5_reanswer,M11:122,M11,single,false,true,1,scored,complete,34432f3f708035c616b5c53bd51a0a1c688b93487d47bb41d3e4755149246607,false,,false,true,true,true,false,true,false,false,1
natural52,n00032,M5,44,a5_reanswer,M17:usmle_derm_1919,M17,single,true,true,1,scored,complete,2ae445a27f857df6f896f1173851e8b82681e681e90836a064ba5ed4d9b689d4,false,,false,true,true,true,false,false,false,false,1
natural52,n00049,M5,44,a5_reanswer,M17:usmle_derm_1919,M17,single,true,true,1,scored,complete,493d46e27970f187890bf7dcec17e6bd096907a009dc2b789e5cb4ac4bb2bae2,false,,false,false,true,true,false,false,false,false,0
natural52,n00011,M5,44,a5_reanswer,M17:usmle_derm_1919,M17,single,true,true,1,scored,complete,5046d999d1671c1dcc7ff36a90eedd181360b56444a5712bb3726778b6b3a43e,false,,false,false,true,true,false,false,false,false,0
natural52,n00002,M5,44,a5_reanswer,M17:usmle_derm_1919,M17,single,true,true,1,scored,complete,52759b9c5b065c17054bc172a47adbe287d76e9567867f297b2f243e19ea8c0d,false,,false,false,true,true,false,false,false,false,0
natural52,n00026,M5,44,a5_reanswer,M17:usmle_derm_1919,M17,single,true,true,1,scored,complete,ef9fc8ff4324e044c20d09cba04a7dabf08b1225293ad23746219f45e3b9b754,false,,false,false,true,true,false,false,false,false,0
natural52,n00013,M5,44,a5_reanswer,M17:usmle_derm_1919,M17,single,true,true,1,scored,complete,d40261da3f17377c00478559653866371c004b15c633f4a4faeb1684aa02c2db,false,,false,false,true,true,false,false,false,false,0
natural52,n00004,M5,44,a5_reanswer,M12:723,M12,single,true,true,1,scored,complete,10ac5910515cffd9c8296584bf5dfd7484c244af3af6002b91b5f764a0331ad5,false,,false,false,true,true,false,false,false,false,0
natural52,n00010,M5,44,a5_reanswer,M12:723,M12,single,true,true,1,scored,complete,9604761f41ed2b42937f1951c8e6a4350de36d6a91ccb86ded5387a231ea0f5e,false,,false,true,true,false,true,false,false,false,1
natural52,n00029,M5,44,a5_reanswer,M14:exact_source_text:442,M14,single,false,true,1,scored,complete,d454e03cbec232b4d032008e3c54d05c58fed3be5a8d0c8fed95666b8525bfee,false,,false,false,true,false,false,false,false,false,0
natural52,n00037,M5,44,a5_reanswer,M14:exact_source_text:442,M14,single,false,true,1,scored,complete,b0074b212853d2e782cd8815b97195245d4eb63b03c6cf967d9e6fc698f314f6,false,,false,false,true,false,false,false,false,false,0
natural52,n00040,M5,44,a5_reanswer,M14:exact_source_text:1487,M14,single,true,true,1,scored,complete,eaf92ee49fdeea8b8dc5bc4dee3495330ef2f9c1e18093a43989788b05a6bac3,false,,false,false,true,true,false,false,false,false,0
natural52,n00021,M5,44,a5_reanswer,M14:exact_source_text:1487,M14,single,true,true,1,scored,complete,a2cd3f9a8b1c297491631ee175d5436bf7264ad2e0a344063a3cecf8b1083f30,false,,false,false,true,true,false,false,false,false,0
natural52,n00006,M5,44,a5_reanswer,M22:pubmedqa/25725704,M22,robustness_single,false,true,1,scored,complete,d1465988c0c5432c1585ae40896ea9bb058d05350ffac109f269e1359929b4c8,false,,false,true,true,false,false,false,false,false,1
natural52,n00022,M5,44,a5_reanswer,M22:pubmedqa/25725704,M22,robustness_single,false,true,1,scored,complete,a6bf67ab87b2d4ad92db8035ce5024f2c0de5aba6fc5d0e16cfd33bce0d663d7,false,,false,false,true,false,false,false,false,false,0
natural52,n00001,M5,44,a5_reanswer,M22:pubmedqa/25725704,M22,robustness_single,false,true,1,scored,complete,e441dcad581e08d0da1c512278d728b13663b906cf841405b21d9d2be4b1f8ce,false,,false,false,true,false,false,false,false,false,0
natural52,n00008,M5,44,a5_reanswer,M22:pubmedqa/25725704,M22,robustness_single,false,true,1,scored,complete,256a8f69db4e269fcb98bd7b16c8c08922879656f6f0b3550997c661700acf79,false,,false,true,true,false,false,false,false,false,1
natural52,n00050,M5,44,a5_reanswer,M22:pubmedqa/25725704,M22,robustness_single,false,true,1,scored,complete,a918d0fba75400da2b7dd01435e607dbd7751aa4b71df403f0b24a60894fec27,false,,false,false,true,false,false,false,false,false,0
natural52,n00044,M5,44,a5_reanswer,M22:pubmedqa/25725704,M22,robustness_single,false,true,1,scored,complete,6c3d349794a3d88f861adb6e349acb1eaa8b157ab135a108af26a6196b9b3aac,false,,false,true,true,false,false,false,false,false,1
natural52,n00038,M5,44,a5_reanswer,M10:medqa_00226,M10,single,true,true,1,scored,complete,9efe838a094e80b0e7bf0138486338fa474e6eccb8e0c232aa4ccd6d5332fc95,false,,false,true,true,false,true,false,false,false,1
natural52,n00003,M5,44,a5_reanswer,M10:medqa_00226,M10,single,false,true,1,scored,complete,f4a6cd6629a050a44ebf4b277ce693285a6a5d1b0fd320d1fa6f5532d4fe304f,false,,false,false,true,false,false,false,false,false,0
natural52,n00051,M5,44,a5_reanswer,M11:3,M11,single,false,true,1,scored,complete,ac1771b1aa3066f77248b2f8cbe4eb70ec3ec25ef17d8999185b609d8d30953e,false,,false,false,true,false,false,false,false,false,0
natural52,n00018,M5,44,a5_reanswer,M11:3,M11,single,false,true,1,scored,complete,9a294e329845efe6d291334ba10c6dfb77def68b7ffc2f39622c4c733cecf4da,false,,false,false,true,false,false,false,false,false,0
natural52,n00033,M5,44,a5_reanswer,M20:56,M20,relation,false,true,1,scored,complete,02628e71ca6bb996dec381936f386000345d5ee52254d308add93483f5a8a7a4,false,,false,false,true,false,false,false,false,false,0
natural52,n00028,M5,44,a5_reanswer,M20:56,M20,relation,false,true,1,scored,complete,846230f473081af1f40be88acf2435ad57ecb37083fc1e16ebe43961ef2c49cc,false,,false,true,true,false,false,false,false,false,1
natural52,n00012,M5,44,a5_reanswer,M20:164,M20,relation,true,true,1,scored,complete,727e34029e0dca616c4818a9e66de1ea06eeae62f344669edab2e51ce0c6316a,false,,false,false,true,true,false,false,false,false,0
natural52,n00047,M5,44,a5_reanswer,M20:164,M20,relation,true,true,1,scored,complete,6b22bba07c9acd921af5a0a2676741e51cba7c00e753c4ecb1e956746f8a4039,false,,false,false,true,true,false,false,false,false,0
natural52,n00015,M5,44,a5_reanswer,M17:askdocs_17,M17,single,true,true,1,scored,complete,a78a440af121d14d34decc363a1295fdf74f1885b28998459654652325e4bcb7,false,,false,false,true,true,false,false,false,false,0
natural52,n00035,M5,44,a5_reanswer,M17:askdocs_17,M17,single,false,true,1,scored,complete,4c43c9a235c934cb068b1f04a077bd135a00fe4013204ce63a7b15148c7967b3,false,,false,true,true,true,false,true,false,false,1
natural52,n00016,M5,44,a5_reanswer,M17:askdocs_17,M17,single,false,true,1,scored,complete,dc8906046734e68776c99d81b9d261d8d2b27ca0930cf7b83ee51b7d1d67642d,false,,false,false,true,false,false,false,false,false,0
natural52,n00041,M5,44,a5_reanswer,M17:askdocs_17,M17,single,true,true,1,scored,complete,64077a53e247d056fabc97216ed5f5bc6312c01657bb6531783adbfd32d5b9a9,false,,false,false,true,true,false,false,false,false,0
natural52,n00043,M5,44,a5_reanswer,M17:askdocs_17,M17,single,true,true,1,scored,complete,0af116100e085d6b42c70ee6ba54535be44faa00704fd294961ccd00a9ff9b30,false,,false,false,true,true,false,false,false,false,0
natural52,n00025,M5,44,a5_reanswer,M17:askdocs_17,M17,single,false,true,1,scored,complete,b36f43a29c802738887f86ffe7fbb81d350fca517664bea185e1d9e5dae88cc5,false,,false,false,true,false,false,false,false,false,0
natural52,n00027,M5,44,a5_reanswer,M23:BioNLI:exact_context:3284,M23,single,false,true,1,scored,complete,9cca3784a1822de771c3d821a4a7413c3d82c66b5e59a63d4ef97ea83e4c7169,false,,false,false,true,false,false,false,false,false,0
natural52,n00034,M5,44,a5_reanswer,M23:BioNLI:exact_context:3284,M23,single,false,true,1,scored,complete,8e1eb6669a461119604078bbebabbf58cad7abe10efd612b98a3c638bb60ff89,false,,false,true,true,true,false,true,false,false,1
natural52,n00042,M5,44,a5_reanswer,M23:BioNLI:exact_context:431,M23,single,true,true,1,scored,complete,1caa9f7bd3530e343615bd089c9e3bb2f0dfad1d6eb082e689f890808b11e150,false,,false,false,true,true,false,false,false,false,0
natural52,n00020,M5,44,a5_reanswer,M23:BioNLI:exact_context:431,M23,single,true,true,1,scored,complete,1a32454205d16f6a6922adaeae187ca55b504414ae757f2c512a94ebccb3a3d4,false,,false,false,true,true,false,false,false,false,0
natural52,n00019,M5,44,a5_reanswer,M23_control:bionli_choice_relevant_05,M23_control,single,true,true,1,scored,complete,3d8527db2018b623566e3f5254fc86826277e9a8c0354c3cb79f57b9d4b0d985,false,,false,false,true,true,false,false,false,false,0
natural52,n00000,M5,44,a5_reanswer,M23_control:bionli_choice_relevant_05,M23_control,single,false,true,1,scored,complete,63ec53cfc76c4bb36d099e54cc7e04cf81c4bf84559217106432adf4027da8d8,false,,false,false,true,false,false,false,false,false,0
natural52,n00005,M5,44,a5_reanswer,M23_control:bionli_choice_relevant_08,M23_control,single,true,true,1,scored,complete,5e8db89248e0e8ede7685c7a6efdac1eb335ace25cfb99dd881ddc42bb96462a,false,,false,false,true,true,false,false,false,false,0
natural52,n00030,M5,44,a5_reanswer,M23_control:bionli_choice_relevant_08,M23_control,single,true,true,1,scored,complete,3bb3d9df88e667172c05ced2faf23928c83d495cce4bb0f04aeab6967fcecf28,false,,false,false,true,true,false,false,false,false,0
