unit_id,resource_id,group_id,category,method,native_records,score,all_tasks_pass,invalid_records
M01:case_10000,M01,M01:case_10000,ALL,M4,1,0,False,1
M01:case_10000,M01,M01:case_10000,R1,M4,1,0,False,1
M01:case_10000,M01,M01:case_10000,R3,M4,1,0,False,1
M01:case_100042,M01,M01:case_100042,ALL,M4,1,0,False,1
M01:case_100042,M01,M01:case_100042,R1,M4,1,0,False,1
M01:case_100142,M01,M01:case_100142,ALL,M4,1,0,False,1
M01:case_100142,M01,M01:case_100142,R1,M4,1,0,False,1
M01:case_100142,M01,M01:case_100142,R3,M4,1,0,False,1
M01:case_100165,M01,M01:case_100165,ALL,M4,1,0,False,0
M01:case_100165,M01,M01:case_100165,R1,M4,1,0,False,0
M01:case_100165,M01,M01:case_100165,R3,M4,1,0,False,0
M01:case_100349,M01,M01:case_100349,ALL,M4,1,0,False,1
M01:case_100349,M01,M01:case_100349,R1,M4,1,0,False,1
M01:case_10040,M01,M01:case_10040,ALL,M4,1,0,False,1
M01:case_10040,M01,M01:case_10040,R1,M4,1,0,False,1
M01:case_10040,M01,M01:case_10040,R3,M4,1,0,False,1
M01:case_100473,M01,M01:case_100473,ALL,M4,1,0,False,1
M01:case_100473,M01,M01:case_100473,R1,M4,1,0,False,1
M01:case_100473,M01,M01:case_100473,R3,M4,1,0,False,1
M01:case_100515,M01,M01:case_100515,ALL,M4,1,0,False,0
M01:case_100515,M01,M01:case_100515,R1,M4,1,0,False,0
M01:case_100725,M01,M01:case_100725,ALL,M4,1,0,False,1
M01:case_100725,M01,M01:case_100725,R1,M4,1,0,False,1
M01:case_100725,M01,M01:case_100725,R3,M4,1,0,False,1
M01:case_100731,M01,M01:case_100731,ALL,M4,1,0,False,1
M01:case_100731,M01,M01:case_100731,R1,M4,1,0,False,1
M01:case_100801,M01,M01:case_100801,ALL,M4,1,0,False,1
M01:case_100801,M01,M01:case_100801,R1,M4,1,0,False,1
M01:case_100801,M01,M01:case_100801,R3,M4,1,0,False,1
M01:case_100871,M01,M01:case_100871,ALL,M4,1,0,False,1
M01:case_100871,M01,M01:case_100871,R1,M4,1,0,False,1
M01:case_100943,M01,M01:case_100943,ALL,M4,1,1,True,0
M01:case_100943,M01,M01:case_100943,R1,M4,1,1,True,0
M01:case_100943,M01,M01:case_100943,R3,M4,1,1,True,0
M01:case_100950,M01,M01:case_100950,ALL,M4,1,0,False,1
M01:case_100950,M01,M01:case_100950,R1,M4,1,0,False,1
M01:case_101010,M01,M01:case_101010,ALL,M4,1,0,False,1
M01:case_101010,M01,M01:case_101010,R1,M4,1,0,False,1
M01:case_101019,M01,M01:case_101019,ALL,M4,1,0,False,1
M01:case_101019,M01,M01:case_101019,R1,M4,1,0,False,1
M01:case_101087,M01,M01:case_101087,ALL,M4,1,0,False,1
M01:case_101087,M01,M01:case_101087,R1,M4,1,0,False,1
M01:case_101087,M01,M01:case_101087,R3,M4,1,0,False,1
M01:case_101225,M01,M01:case_101225,ALL,M4,1,0,False,1
M01:case_101225,M01,M01:case_101225,R1,M4,1,0,False,1
M01:case_101225,M01,M01:case_101225,R3,M4,1,0,False,1
M01:case_101448,M01,M01:case_101448,ALL,M4,1,0,False,1
M01:case_101448,M01,M01:case_101448,R1,M4,1,0,False,1
M01:case_101610,M01,M01:case_101610,ALL,M4,1,0,False,1
M01:case_101610,M01,M01:case_101610,R1,M4,1,0,False,1
M01:case_101629,M01,M01:case_101629,ALL,M4,1,0,False,1
M01:case_101629,M01,M01:case_101629,R1,M4,1,0,False,1
M01:case_101631,M01,M01:case_101631,ALL,M4,1,0,False,1
M01:case_101631,M01,M01:case_101631,R1,M4,1,0,False,1
M01:case_101631,M01,M01:case_101631,R3,M4,1,0,False,1
M01:case_101646,M01,M01:case_101646,ALL,M4,1,0,False,1
M01:case_101646,M01,M01:case_101646,R1,M4,1,0,False,1
M01:case_101646,M01,M01:case_101646,R3,M4,1,0,False,1
M01:case_101760,M01,M01:case_101760,ALL,M4,1,0,False,1
M01:case_101760,M01,M01:case_101760,R1,M4,1,0,False,1
M01:case_101760,M01,M01:case_101760,R3,M4,1,0,False,1
M01:case_101933,M01,M01:case_101933,ALL,M4,1,0,False,0
M01:case_101933,M01,M01:case_101933,R1,M4,1,0,False,0
M01:case_102253,M01,M01:case_102253,ALL,M4,1,0,False,1
M01:case_102253,M01,M01:case_102253,R1,M4,1,0,False,1
M01:case_102253,M01,M01:case_102253,R3,M4,1,0,False,1
M01:case_10231,M01,M01:case_10231,ALL,M4,1,1,True,0
M01:case_10231,M01,M01:case_10231,R1,M4,1,1,True,0
M01:case_10231,M01,M01:case_10231,R3,M4,1,1,True,0
M01:case_102333,M01,M01:case_102333,ALL,M4,1,0,False,1
M01:case_102333,M01,M01:case_102333,R1,M4,1,0,False,1
M01:case_102383,M01,M01:case_102383,ALL,M4,1,0,False,1
M01:case_102383,M01,M01:case_102383,R1,M4,1,0,False,1
M01:case_102568,M01,M01:case_102568,ALL,M4,1,0,False,1
M01:case_102568,M01,M01:case_102568,R1,M4,1,0,False,1
M01:case_102605,M01,M01:case_102605,ALL,M4,1,0,False,1
M01:case_102605,M01,M01:case_102605,R1,M4,1,0,False,1
M01:case_10274,M01,M01:case_10274,ALL,M4,1,0,False,1
M01:case_10274,M01,M01:case_10274,R1,M4,1,0,False,1
M01:case_10302,M01,M01:case_10302,ALL,M4,1,0,False,0
M01:case_10302,M01,M01:case_10302,R1,M4,1,0,False,0
M01:case_10302,M01,M01:case_10302,R3,M4,1,0,False,0
M01:case_103118,M01,M01:case_103118,ALL,M4,1,0,False,1
M01:case_103118,M01,M01:case_103118,R1,M4,1,0,False,1
M01:case_103175,M01,M01:case_103175,ALL,M4,1,0,False,1
M01:case_103175,M01,M01:case_103175,R1,M4,1,0,False,1
M01:case_103175,M01,M01:case_103175,R3,M4,1,0,False,1
M01:case_103294,M01,M01:case_103294,ALL,M4,1,0,False,1
M01:case_103294,M01,M01:case_103294,R1,M4,1,0,False,1
M01:case_103339,M01,M01:case_103339,ALL,M4,1,0,False,1
M01:case_103339,M01,M01:case_103339,R1,M4,1,0,False,1
M01:case_103339,M01,M01:case_103339,R3,M4,1,0,False,1
M01:case_103369,M01,M01:case_103369,ALL,M4,1,1,True,0
M01:case_103369,M01,M01:case_103369,R1,M4,1,1,True,0
M01:case_103407,M01,M01:case_103407,ALL,M4,1,0,False,1
M01:case_103407,M01,M01:case_103407,R1,M4,1,0,False,1
M01:case_103449,M01,M01:case_103449,ALL,M4,1,0,False,1
M01:case_103449,M01,M01:case_103449,R1,M4,1,0,False,1
M01:case_103484,M01,M01:case_103484,ALL,M4,1,0,False,1
M01:case_103484,M01,M01:case_103484,R1,M4,1,0,False,1
M01:case_103531,M01,M01:case_103531,ALL,M4,1,0,False,1
M01:case_103531,M01,M01:case_103531,R1,M4,1,0,False,1
M01:case_103531,M01,M01:case_103531,R3,M4,1,0,False,1
M01:case_103593,M01,M01:case_103593,ALL,M4,1,0,False,1
M01:case_103593,M01,M01:case_103593,R1,M4,1,0,False,1
M01:case_10366,M01,M01:case_10366,ALL,M4,1,0,False,1
M01:case_10366,M01,M01:case_10366,R1,M4,1,0,False,1
M01:case_10366,M01,M01:case_10366,R3,M4,1,0,False,1
M01:case_103721,M01,M01:case_103721,ALL,M4,1,0,False,0
M01:case_103721,M01,M01:case_103721,R1,M4,1,0,False,0
M01:case_103735,M01,M01:case_103735,ALL,M4,1,0,False,1
M01:case_103735,M01,M01:case_103735,R1,M4,1,0,False,1
M01:case_103764,M01,M01:case_103764,ALL,M4,1,0,False,0
M01:case_103764,M01,M01:case_103764,R1,M4,1,0,False,0
M01:case_103796,M01,M01:case_103796,ALL,M4,1,0,False,1
M01:case_103796,M01,M01:case_103796,R1,M4,1,0,False,1
M01:case_103928,M01,M01:case_103928,ALL,M4,1,0,False,1
M01:case_103928,M01,M01:case_103928,R1,M4,1,0,False,1
M01:case_103928,M01,M01:case_103928,R3,M4,1,0,False,1
M01:case_10413,M01,M01:case_10413,ALL,M4,1,0,False,1
M01:case_10413,M01,M01:case_10413,R1,M4,1,0,False,1
M01:case_104202,M01,M01:case_104202,ALL,M4,1,0,False,1
M01:case_104202,M01,M01:case_104202,R1,M4,1,0,False,1
M01:case_10422,M01,M01:case_10422,ALL,M4,1,1,True,0
M01:case_10422,M01,M01:case_10422,R1,M4,1,1,True,0
M01:case_10422,M01,M01:case_10422,R3,M4,1,1,True,0
M01:case_104362,M01,M01:case_104362,ALL,M4,1,0,False,1
M01:case_104362,M01,M01:case_104362,R1,M4,1,0,False,1
M01:case_10439,M01,M01:case_10439,ALL,M4,1,0,False,1
M01:case_10439,M01,M01:case_10439,R1,M4,1,0,False,1
M01:case_104408,M01,M01:case_104408,ALL,M4,1,0,False,1
M01:case_104408,M01,M01:case_104408,R1,M4,1,0,False,1
M01:case_104455,M01,M01:case_104455,ALL,M4,1,0,False,0
M01:case_104455,M01,M01:case_104455,R1,M4,1,0,False,0
M01:case_104705,M01,M01:case_104705,ALL,M4,1,0,False,1
M01:case_104705,M01,M01:case_104705,R1,M4,1,0,False,1
M01:case_104705,M01,M01:case_104705,R3,M4,1,0,False,1
M01:case_104714,M01,M01:case_104714,ALL,M4,1,0,False,1
M01:case_104714,M01,M01:case_104714,R1,M4,1,0,False,1
M01:case_104811,M01,M01:case_104811,ALL,M4,1,1,True,0
M01:case_104811,M01,M01:case_104811,R1,M4,1,1,True,0
M01:case_104811,M01,M01:case_104811,R3,M4,1,1,True,0
M01:case_104970,M01,M01:case_104970,ALL,M4,1,0,False,1
M01:case_104970,M01,M01:case_104970,R1,M4,1,0,False,1
M01:case_104970,M01,M01:case_104970,R3,M4,1,0,False,1
M01:case_1050,M01,M01:case_1050,ALL,M4,1,0,False,1
M01:case_1050,M01,M01:case_1050,R1,M4,1,0,False,1
M01:case_105011,M01,M01:case_105011,ALL,M4,1,0,False,1
M01:case_105011,M01,M01:case_105011,R1,M4,1,0,False,1
M01:case_105101,M01,M01:case_105101,ALL,M4,1,0,False,1
M01:case_105101,M01,M01:case_105101,R1,M4,1,0,False,1
M01:case_105160,M01,M01:case_105160,ALL,M4,1,0,False,1
M01:case_105160,M01,M01:case_105160,R1,M4,1,0,False,1
M01:case_105365,M01,M01:case_105365,ALL,M4,1,0,False,1
M01:case_105365,M01,M01:case_105365,R1,M4,1,0,False,1
M01:case_105366,M01,M01:case_105366,ALL,M4,1,0,False,1
M01:case_105366,M01,M01:case_105366,R1,M4,1,0,False,1
M01:case_105366,M01,M01:case_105366,R3,M4,1,0,False,1
M01:case_105395,M01,M01:case_105395,ALL,M4,1,0,False,1
M01:case_105395,M01,M01:case_105395,R1,M4,1,0,False,1
M01:case_105395,M01,M01:case_105395,R3,M4,1,0,False,1
M01:case_105459,M01,M01:case_105459,ALL,M4,1,0,False,1
M01:case_105459,M01,M01:case_105459,R1,M4,1,0,False,1
M01:case_105514,M01,M01:case_105514,ALL,M4,1,0,False,1
M01:case_105514,M01,M01:case_105514,R1,M4,1,0,False,1
M01:case_105514,M01,M01:case_105514,R3,M4,1,0,False,1
M01:case_105520,M01,M01:case_105520,ALL,M4,1,1,True,0
M01:case_105520,M01,M01:case_105520,R1,M4,1,1,True,0
M01:case_105520,M01,M01:case_105520,R3,M4,1,1,True,0
M01:case_105603,M01,M01:case_105603,ALL,M4,1,0,False,1
M01:case_105603,M01,M01:case_105603,R1,M4,1,0,False,1
M01:case_105603,M01,M01:case_105603,R3,M4,1,0,False,1
M01:case_10562,M01,M01:case_10562,ALL,M4,1,0,False,1
M01:case_10562,M01,M01:case_10562,R1,M4,1,0,False,1
M01:case_10562,M01,M01:case_10562,R3,M4,1,0,False,1
M01:case_105639,M01,M01:case_105639,ALL,M4,1,0,False,1
M01:case_105639,M01,M01:case_105639,R1,M4,1,0,False,1
M01:case_105744,M01,M01:case_105744,ALL,M4,1,0,False,1
M01:case_105744,M01,M01:case_105744,R1,M4,1,0,False,1
M01:case_105855,M01,M01:case_105855,ALL,M4,1,0,False,1
M01:case_105855,M01,M01:case_105855,R1,M4,1,0,False,1
M01:case_105868,M01,M01:case_105868,ALL,M4,1,0,False,1
M01:case_105868,M01,M01:case_105868,R1,M4,1,0,False,1
M01:case_105877,M01,M01:case_105877,ALL,M4,1,0,False,0
M01:case_105877,M01,M01:case_105877,R1,M4,1,0,False,0
M01:case_105918,M01,M01:case_105918,ALL,M4,1,0,False,1
M01:case_105918,M01,M01:case_105918,R1,M4,1,0,False,1
M01:case_105918,M01,M01:case_105918,R3,M4,1,0,False,1
M01:case_105944,M01,M01:case_105944,ALL,M4,1,1,True,0
M01:case_105944,M01,M01:case_105944,R1,M4,1,1,True,0
M01:case_105944,M01,M01:case_105944,R3,M4,1,1,True,0
M01:case_106117,M01,M01:case_106117,ALL,M4,1,1,True,0
M01:case_106117,M01,M01:case_106117,R1,M4,1,1,True,0
M01:case_106117,M01,M01:case_106117,R3,M4,1,1,True,0
M01:case_106118,M01,M01:case_106118,ALL,M4,1,0,False,1
M01:case_106118,M01,M01:case_106118,R1,M4,1,0,False,1
M01:case_106131,M01,M01:case_106131,ALL,M4,1,1,True,0
M01:case_106131,M01,M01:case_106131,R1,M4,1,1,True,0
M01:case_106131,M01,M01:case_106131,R3,M4,1,1,True,0
M01:case_10614,M01,M01:case_10614,ALL,M4,1,0,False,0
M01:case_10614,M01,M01:case_10614,R1,M4,1,0,False,0
M01:case_10622,M01,M01:case_10622,ALL,M4,1,0,False,1
M01:case_10622,M01,M01:case_10622,R1,M4,1,0,False,1
M01:case_106309,M01,M01:case_106309,ALL,M4,1,0,False,1
M01:case_106309,M01,M01:case_106309,R1,M4,1,0,False,1
M01:case_106337,M01,M01:case_106337,ALL,M4,1,0,False,1
M01:case_106337,M01,M01:case_106337,R1,M4,1,0,False,1
M01:case_106337,M01,M01:case_106337,R3,M4,1,0,False,1
M01:case_106403,M01,M01:case_106403,ALL,M4,1,0,False,1
M01:case_106403,M01,M01:case_106403,R1,M4,1,0,False,1
M01:case_106403,M01,M01:case_106403,R3,M4,1,0,False,1
M01:case_106495,M01,M01:case_106495,ALL,M4,1,0,False,1
M01:case_106495,M01,M01:case_106495,R1,M4,1,0,False,1
M01:case_106495,M01,M01:case_106495,R3,M4,1,0,False,1
M01:case_106544,M01,M01:case_106544,ALL,M4,1,1,True,0
M01:case_106544,M01,M01:case_106544,R1,M4,1,1,True,0
M01:case_106544,M01,M01:case_106544,R3,M4,1,1,True,0
M01:case_1066,M01,M01:case_1066,ALL,M4,1,1,True,0
M01:case_1066,M01,M01:case_1066,R1,M4,1,1,True,0
M01:case_1066,M01,M01:case_1066,R3,M4,1,1,True,0
M01:case_106690,M01,M01:case_106690,ALL,M4,1,0,False,1
M01:case_106690,M01,M01:case_106690,R1,M4,1,0,False,1
M01:case_106690,M01,M01:case_106690,R3,M4,1,0,False,1
M01:case_106695,M01,M01:case_106695,ALL,M4,1,0,False,1
M01:case_106695,M01,M01:case_106695,R1,M4,1,0,False,1
M01:case_106835,M01,M01:case_106835,ALL,M4,1,1,True,0
M01:case_106835,M01,M01:case_106835,R1,M4,1,1,True,0
M01:case_106835,M01,M01:case_106835,R3,M4,1,1,True,0
M01:case_106858,M01,M01:case_106858,ALL,M4,1,0,False,1
M01:case_106858,M01,M01:case_106858,R1,M4,1,0,False,1
M01:case_106969,M01,M01:case_106969,ALL,M4,1,1,True,0
M01:case_106969,M01,M01:case_106969,R1,M4,1,1,True,0
M01:case_106969,M01,M01:case_106969,R3,M4,1,1,True,0
M01:case_107005,M01,M01:case_107005,ALL,M4,1,0,False,1
M01:case_107005,M01,M01:case_107005,R1,M4,1,0,False,1
M01:case_107018,M01,M01:case_107018,ALL,M4,1,0,False,1
M01:case_107018,M01,M01:case_107018,R1,M4,1,0,False,1
M01:case_107075,M01,M01:case_107075,ALL,M4,1,0,False,0
M01:case_107075,M01,M01:case_107075,R1,M4,1,0,False,0
M01:case_107100,M01,M01:case_107100,ALL,M4,1,0,False,0
M01:case_107100,M01,M01:case_107100,R1,M4,1,0,False,0
M01:case_107106,M01,M01:case_107106,ALL,M4,1,0,False,0
M01:case_107106,M01,M01:case_107106,R1,M4,1,0,False,0
M01:case_107116,M01,M01:case_107116,ALL,M4,1,0,False,1
M01:case_107116,M01,M01:case_107116,R1,M4,1,0,False,1
M01:case_107116,M01,M01:case_107116,R3,M4,1,0,False,1
M01:case_107269,M01,M01:case_107269,ALL,M4,1,0,False,1
M01:case_107269,M01,M01:case_107269,R1,M4,1,0,False,1
M01:case_107272,M01,M01:case_107272,ALL,M4,1,0,False,0
M01:case_107272,M01,M01:case_107272,R1,M4,1,0,False,0
M01:case_107275,M01,M01:case_107275,ALL,M4,1,0,False,0
M01:case_107275,M01,M01:case_107275,R1,M4,1,0,False,0
M01:case_107318,M01,M01:case_107318,ALL,M4,1,0,False,0
M01:case_107318,M01,M01:case_107318,R1,M4,1,0,False,0
M01:case_107350,M01,M01:case_107350,ALL,M4,1,0,False,1
M01:case_107350,M01,M01:case_107350,R1,M4,1,0,False,1
M01:case_107350,M01,M01:case_107350,R3,M4,1,0,False,1
M01:case_107406,M01,M01:case_107406,ALL,M4,1,0,False,1
M01:case_107406,M01,M01:case_107406,R1,M4,1,0,False,1
M01:case_1075,M01,M01:case_1075,ALL,M4,1,0,False,1
M01:case_1075,M01,M01:case_1075,R1,M4,1,0,False,1
M01:case_1075,M01,M01:case_1075,R3,M4,1,0,False,1
M01:case_107506,M01,M01:case_107506,ALL,M4,1,0,False,0
M01:case_107506,M01,M01:case_107506,R1,M4,1,0,False,0
M01:case_107580,M01,M01:case_107580,ALL,M4,1,0,False,1
M01:case_107580,M01,M01:case_107580,R1,M4,1,0,False,1
M01:case_107580,M01,M01:case_107580,R3,M4,1,0,False,1
M01:case_107665,M01,M01:case_107665,ALL,M4,1,0,False,1
M01:case_107665,M01,M01:case_107665,R1,M4,1,0,False,1
M01:case_107665,M01,M01:case_107665,R3,M4,1,0,False,1
M01:case_107704,M01,M01:case_107704,ALL,M4,1,1,True,0
M01:case_107704,M01,M01:case_107704,R1,M4,1,1,True,0
M01:case_107704,M01,M01:case_107704,R3,M4,1,1,True,0
M01:case_107714,M01,M01:case_107714,ALL,M4,1,0,False,1
M01:case_107714,M01,M01:case_107714,R1,M4,1,0,False,1
M01:case_107825,M01,M01:case_107825,ALL,M4,1,0,False,1
M01:case_107825,M01,M01:case_107825,R1,M4,1,0,False,1
M01:case_107825,M01,M01:case_107825,R3,M4,1,0,False,1
M01:case_107863,M01,M01:case_107863,ALL,M4,1,0,False,1
M01:case_107863,M01,M01:case_107863,R1,M4,1,0,False,1
M01:case_107863,M01,M01:case_107863,R3,M4,1,0,False,1
M01:case_108024,M01,M01:case_108024,ALL,M4,1,0,False,1
M01:case_108024,M01,M01:case_108024,R1,M4,1,0,False,1
M01:case_108024,M01,M01:case_108024,R3,M4,1,0,False,1
M01:case_108052,M01,M01:case_108052,ALL,M4,1,0,False,1
M01:case_108052,M01,M01:case_108052,R1,M4,1,0,False,1
M01:case_108052,M01,M01:case_108052,R3,M4,1,0,False,1
M01:case_108084,M01,M01:case_108084,ALL,M4,1,1,True,0
M01:case_108084,M01,M01:case_108084,R1,M4,1,1,True,0
M01:case_108084,M01,M01:case_108084,R3,M4,1,1,True,0
M01:case_108167,M01,M01:case_108167,ALL,M4,1,0,False,1
M01:case_108167,M01,M01:case_108167,R1,M4,1,0,False,1
M01:case_108229,M01,M01:case_108229,ALL,M4,1,0,False,1
M01:case_108229,M01,M01:case_108229,R1,M4,1,0,False,1
M01:case_108367,M01,M01:case_108367,ALL,M4,1,0,False,1
M01:case_108367,M01,M01:case_108367,R1,M4,1,0,False,1
M01:case_108367,M01,M01:case_108367,R3,M4,1,0,False,1
M01:case_108386,M01,M01:case_108386,ALL,M4,1,0,False,1
M01:case_108386,M01,M01:case_108386,R1,M4,1,0,False,1
M01:case_108392,M01,M01:case_108392,ALL,M4,1,0,False,0
M01:case_108392,M01,M01:case_108392,R1,M4,1,0,False,0
M01:case_108609,M01,M01:case_108609,ALL,M4,1,0,False,1
M01:case_108609,M01,M01:case_108609,R1,M4,1,0,False,1
M01:case_108609,M01,M01:case_108609,R3,M4,1,0,False,1
M01:case_108700,M01,M01:case_108700,ALL,M4,1,0,False,1
M01:case_108700,M01,M01:case_108700,R1,M4,1,0,False,1
M01:case_108741,M01,M01:case_108741,ALL,M4,1,0,False,1
M01:case_108741,M01,M01:case_108741,R1,M4,1,0,False,1
M01:case_108741,M01,M01:case_108741,R3,M4,1,0,False,1
M01:case_108758,M01,M01:case_108758,ALL,M4,1,0,False,0
M01:case_108758,M01,M01:case_108758,R1,M4,1,0,False,0
M01:case_10880,M01,M01:case_10880,ALL,M4,1,0,False,1
M01:case_10880,M01,M01:case_10880,R1,M4,1,0,False,1
M01:case_10880,M01,M01:case_10880,R3,M4,1,0,False,1
M01:case_10898,M01,M01:case_10898,ALL,M4,1,0,False,0
M01:case_10898,M01,M01:case_10898,R1,M4,1,0,False,0
M01:case_109032,M01,M01:case_109032,ALL,M4,1,0,False,1
M01:case_109032,M01,M01:case_109032,R1,M4,1,0,False,1
M01:case_109295,M01,M01:case_109295,ALL,M4,1,0,False,1
M01:case_109295,M01,M01:case_109295,R1,M4,1,0,False,1
M01:case_109451,M01,M01:case_109451,ALL,M4,1,0,False,1
M01:case_109451,M01,M01:case_109451,R1,M4,1,0,False,1
M01:case_109461,M01,M01:case_109461,ALL,M4,1,0,False,1
M01:case_109461,M01,M01:case_109461,R1,M4,1,0,False,1
M01:case_109461,M01,M01:case_109461,R3,M4,1,0,False,1
M01:case_109490,M01,M01:case_109490,ALL,M4,1,0,False,1
M01:case_109490,M01,M01:case_109490,R1,M4,1,0,False,1
M01:case_109493,M01,M01:case_109493,ALL,M4,1,1,True,0
M01:case_109493,M01,M01:case_109493,R1,M4,1,1,True,0
M01:case_109493,M01,M01:case_109493,R3,M4,1,1,True,0
M01:case_109513,M01,M01:case_109513,ALL,M4,1,0,False,0
M01:case_109513,M01,M01:case_109513,R1,M4,1,0,False,0
M01:case_109555,M01,M01:case_109555,ALL,M4,1,0,False,0
M01:case_109555,M01,M01:case_109555,R1,M4,1,0,False,0
M01:case_109555,M01,M01:case_109555,R3,M4,1,0,False,0
M01:case_109602,M01,M01:case_109602,ALL,M4,1,0,False,1
M01:case_109602,M01,M01:case_109602,R1,M4,1,0,False,1
M01:case_109602,M01,M01:case_109602,R3,M4,1,0,False,1
M01:case_109881,M01,M01:case_109881,ALL,M4,1,0,False,0
M01:case_109881,M01,M01:case_109881,R1,M4,1,0,False,0
M01:case_109895,M01,M01:case_109895,ALL,M4,1,0,False,1
M01:case_109895,M01,M01:case_109895,R1,M4,1,0,False,1
M01:case_109945,M01,M01:case_109945,ALL,M4,1,1,True,0
M01:case_109945,M01,M01:case_109945,R1,M4,1,1,True,0
M01:case_109945,M01,M01:case_109945,R3,M4,1,1,True,0
M01:case_10997,M01,M01:case_10997,ALL,M4,1,1,True,0
M01:case_10997,M01,M01:case_10997,R1,M4,1,1,True,0
M01:case_10997,M01,M01:case_10997,R3,M4,1,1,True,0
M01:case_11,M01,M01:case_11,ALL,M4,1,0,False,0
M01:case_11,M01,M01:case_11,R1,M4,1,0,False,0
M01:case_110052,M01,M01:case_110052,ALL,M4,1,0,False,1
M01:case_110052,M01,M01:case_110052,R1,M4,1,0,False,1
M01:case_110235,M01,M01:case_110235,ALL,M4,1,0,False,1
M01:case_110235,M01,M01:case_110235,R1,M4,1,0,False,1
M01:case_110235,M01,M01:case_110235,R3,M4,1,0,False,1
M01:case_11029,M01,M01:case_11029,ALL,M4,1,0,False,1
M01:case_11029,M01,M01:case_11029,R1,M4,1,0,False,1
M01:case_11035,M01,M01:case_11035,ALL,M4,1,0,False,1
M01:case_11035,M01,M01:case_11035,R1,M4,1,0,False,1
M01:case_11035,M01,M01:case_11035,R3,M4,1,0,False,1
M01:case_110421,M01,M01:case_110421,ALL,M4,1,0,False,1
M01:case_110421,M01,M01:case_110421,R1,M4,1,0,False,1
M01:case_110516,M01,M01:case_110516,ALL,M4,1,1,True,0
M01:case_110516,M01,M01:case_110516,R1,M4,1,1,True,0
M01:case_110516,M01,M01:case_110516,R3,M4,1,1,True,0
M01:case_110604,M01,M01:case_110604,ALL,M4,1,0,False,1
M01:case_110604,M01,M01:case_110604,R1,M4,1,0,False,1
M01:case_110604,M01,M01:case_110604,R3,M4,1,0,False,1
M01:case_110605,M01,M01:case_110605,ALL,M4,1,0,False,0
M01:case_110605,M01,M01:case_110605,R1,M4,1,0,False,0
M01:case_110698,M01,M01:case_110698,ALL,M4,1,0,False,1
M01:case_110698,M01,M01:case_110698,R1,M4,1,0,False,1
M01:case_110730,M01,M01:case_110730,ALL,M4,1,0,False,1
M01:case_110730,M01,M01:case_110730,R1,M4,1,0,False,1
M01:case_110752,M01,M01:case_110752,ALL,M4,1,0,False,0
M01:case_110752,M01,M01:case_110752,R1,M4,1,0,False,0
M01:case_110934,M01,M01:case_110934,ALL,M4,1,0,False,1
M01:case_110934,M01,M01:case_110934,R1,M4,1,0,False,1
M01:case_111007,M01,M01:case_111007,ALL,M4,1,0,False,1
M01:case_111007,M01,M01:case_111007,R1,M4,1,0,False,1
M01:case_111007,M01,M01:case_111007,R3,M4,1,0,False,1
M01:case_111057,M01,M01:case_111057,ALL,M4,1,0,False,1
M01:case_111057,M01,M01:case_111057,R1,M4,1,0,False,1
M01:case_111057,M01,M01:case_111057,R3,M4,1,0,False,1
M01:case_111063,M01,M01:case_111063,ALL,M4,1,0,False,1
M01:case_111063,M01,M01:case_111063,R1,M4,1,0,False,1
M01:case_111063,M01,M01:case_111063,R3,M4,1,0,False,1
M01:case_111144,M01,M01:case_111144,ALL,M4,1,1,True,0
M01:case_111144,M01,M01:case_111144,R1,M4,1,1,True,0
M01:case_111144,M01,M01:case_111144,R3,M4,1,1,True,0
M01:case_111255,M01,M01:case_111255,ALL,M4,1,1,True,0
M01:case_111255,M01,M01:case_111255,R1,M4,1,1,True,0
M01:case_111268,M01,M01:case_111268,ALL,M4,1,0,False,1
M01:case_111268,M01,M01:case_111268,R1,M4,1,0,False,1
M01:case_111268,M01,M01:case_111268,R3,M4,1,0,False,1
M01:case_111277,M01,M01:case_111277,ALL,M4,1,0,False,1
M01:case_111277,M01,M01:case_111277,R1,M4,1,0,False,1
M01:case_111277,M01,M01:case_111277,R3,M4,1,0,False,1
M01:case_111363,M01,M01:case_111363,ALL,M4,1,1,True,0
M01:case_111363,M01,M01:case_111363,R1,M4,1,1,True,0
M01:case_111363,M01,M01:case_111363,R3,M4,1,1,True,0
M01:case_111386,M01,M01:case_111386,ALL,M4,1,1,True,0
M01:case_111386,M01,M01:case_111386,R1,M4,1,1,True,0
M01:case_111386,M01,M01:case_111386,R3,M4,1,1,True,0
M01:case_111408,M01,M01:case_111408,ALL,M4,1,0,False,1
M01:case_111408,M01,M01:case_111408,R1,M4,1,0,False,1
M01:case_111463,M01,M01:case_111463,ALL,M4,1,0,False,1
M01:case_111463,M01,M01:case_111463,R1,M4,1,0,False,1
M01:case_111463,M01,M01:case_111463,R3,M4,1,0,False,1
M01:case_111488,M01,M01:case_111488,ALL,M4,1,0,False,1
M01:case_111488,M01,M01:case_111488,R1,M4,1,0,False,1
M01:case_111489,M01,M01:case_111489,ALL,M4,1,0,False,0
M01:case_111489,M01,M01:case_111489,R1,M4,1,0,False,0
M01:case_111568,M01,M01:case_111568,ALL,M4,1,0,False,0
M01:case_111568,M01,M01:case_111568,R1,M4,1,0,False,0
M01:case_111767,M01,M01:case_111767,ALL,M4,1,0,False,1
M01:case_111767,M01,M01:case_111767,R1,M4,1,0,False,1
M01:case_111767,M01,M01:case_111767,R3,M4,1,0,False,1
M01:case_111787,M01,M01:case_111787,ALL,M4,1,0,False,1
M01:case_111787,M01,M01:case_111787,R1,M4,1,0,False,1
M01:case_111882,M01,M01:case_111882,ALL,M4,1,0,False,0
M01:case_111882,M01,M01:case_111882,R1,M4,1,0,False,0
M01:case_111891,M01,M01:case_111891,ALL,M4,1,0,False,1
M01:case_111891,M01,M01:case_111891,R1,M4,1,0,False,1
M01:case_111917,M01,M01:case_111917,ALL,M4,1,0,False,1
M01:case_111917,M01,M01:case_111917,R1,M4,1,0,False,1
M01:case_111917,M01,M01:case_111917,R3,M4,1,0,False,1
M01:case_112267,M01,M01:case_112267,ALL,M4,1,0,False,1
M01:case_112267,M01,M01:case_112267,R1,M4,1,0,False,1
M01:case_112267,M01,M01:case_112267,R3,M4,1,0,False,1
M01:case_112288,M01,M01:case_112288,ALL,M4,1,0,False,1
M01:case_112288,M01,M01:case_112288,R1,M4,1,0,False,1
M01:case_112288,M01,M01:case_112288,R3,M4,1,0,False,1
M01:case_112312,M01,M01:case_112312,ALL,M4,1,0,False,1
M01:case_112312,M01,M01:case_112312,R1,M4,1,0,False,1
M01:case_112337,M01,M01:case_112337,ALL,M4,1,0,False,1
M01:case_112337,M01,M01:case_112337,R1,M4,1,0,False,1
M01:case_112356,M01,M01:case_112356,ALL,M4,1,0,False,1
M01:case_112356,M01,M01:case_112356,R1,M4,1,0,False,1
M01:case_112356,M01,M01:case_112356,R3,M4,1,0,False,1
M01:case_112358,M01,M01:case_112358,ALL,M4,1,0,False,1
M01:case_112358,M01,M01:case_112358,R1,M4,1,0,False,1
M01:case_112360,M01,M01:case_112360,ALL,M4,1,0,False,1
M01:case_112360,M01,M01:case_112360,R1,M4,1,0,False,1
M01:case_112360,M01,M01:case_112360,R3,M4,1,0,False,1
M01:case_112365,M01,M01:case_112365,ALL,M4,1,0,False,1
M01:case_112365,M01,M01:case_112365,R1,M4,1,0,False,1
M01:case_112404,M01,M01:case_112404,ALL,M4,1,0,False,1
M01:case_112404,M01,M01:case_112404,R1,M4,1,0,False,1
M01:case_112436,M01,M01:case_112436,ALL,M4,1,0,False,1
M01:case_112436,M01,M01:case_112436,R1,M4,1,0,False,1
M01:case_11253,M01,M01:case_11253,ALL,M4,1,0,False,1
M01:case_11253,M01,M01:case_11253,R1,M4,1,0,False,1
M01:case_11253,M01,M01:case_11253,R3,M4,1,0,False,1
M01:case_112536,M01,M01:case_112536,ALL,M4,1,0,False,1
M01:case_112536,M01,M01:case_112536,R1,M4,1,0,False,1
M01:case_112613,M01,M01:case_112613,ALL,M4,1,0,False,1
M01:case_112613,M01,M01:case_112613,R1,M4,1,0,False,1
M01:case_112657,M01,M01:case_112657,ALL,M4,1,0,False,1
M01:case_112657,M01,M01:case_112657,R1,M4,1,0,False,1
M01:case_11266,M01,M01:case_11266,ALL,M4,1,0,False,1
M01:case_11266,M01,M01:case_11266,R1,M4,1,0,False,1
M01:case_112769,M01,M01:case_112769,ALL,M4,1,0,False,1
M01:case_112769,M01,M01:case_112769,R1,M4,1,0,False,1
M01:case_112769,M01,M01:case_112769,R3,M4,1,0,False,1
M01:case_112770,M01,M01:case_112770,ALL,M4,1,1,True,0
M01:case_112770,M01,M01:case_112770,R1,M4,1,1,True,0
M01:case_112770,M01,M01:case_112770,R3,M4,1,1,True,0
M01:case_112877,M01,M01:case_112877,ALL,M4,1,0,False,1
M01:case_112877,M01,M01:case_112877,R1,M4,1,0,False,1
M01:case_112900,M01,M01:case_112900,ALL,M4,1,0,False,1
M01:case_112900,M01,M01:case_112900,R1,M4,1,0,False,1
M01:case_11304,M01,M01:case_11304,ALL,M4,1,0,False,1
M01:case_11304,M01,M01:case_11304,R1,M4,1,0,False,1
M01:case_11304,M01,M01:case_11304,R3,M4,1,0,False,1
M01:case_11309,M01,M01:case_11309,ALL,M4,1,0,False,1
M01:case_11309,M01,M01:case_11309,R1,M4,1,0,False,1
M01:case_113120,M01,M01:case_113120,ALL,M4,1,1,True,0
M01:case_113120,M01,M01:case_113120,R1,M4,1,1,True,0
M01:case_113120,M01,M01:case_113120,R3,M4,1,1,True,0
M01:case_113197,M01,M01:case_113197,ALL,M4,1,0,False,1
M01:case_113197,M01,M01:case_113197,R1,M4,1,0,False,1
M01:case_113197,M01,M01:case_113197,R3,M4,1,0,False,1
M01:case_113256,M01,M01:case_113256,ALL,M4,1,0,False,1
M01:case_113256,M01,M01:case_113256,R1,M4,1,0,False,1
M01:case_11328,M01,M01:case_11328,ALL,M4,1,0,False,1
M01:case_11328,M01,M01:case_11328,R1,M4,1,0,False,1
M01:case_11328,M01,M01:case_11328,R3,M4,1,0,False,1
M01:case_113357,M01,M01:case_113357,ALL,M4,1,0,False,1
M01:case_113357,M01,M01:case_113357,R1,M4,1,0,False,1
M01:case_113357,M01,M01:case_113357,R3,M4,1,0,False,1
M01:case_113424,M01,M01:case_113424,ALL,M4,1,0,False,1
M01:case_113424,M01,M01:case_113424,R1,M4,1,0,False,1
M01:case_113424,M01,M01:case_113424,R3,M4,1,0,False,1
M01:case_113461,M01,M01:case_113461,ALL,M4,1,0,False,1
M01:case_113461,M01,M01:case_113461,R1,M4,1,0,False,1
M01:case_113461,M01,M01:case_113461,R3,M4,1,0,False,1
M01:case_113563,M01,M01:case_113563,ALL,M4,1,0,False,1
M01:case_113563,M01,M01:case_113563,R1,M4,1,0,False,1
M01:case_113563,M01,M01:case_113563,R3,M4,1,0,False,1
M01:case_113564,M01,M01:case_113564,ALL,M4,1,0,False,0
M01:case_113564,M01,M01:case_113564,R1,M4,1,0,False,0
M01:case_113564,M01,M01:case_113564,R3,M4,1,0,False,0
M01:case_113580,M01,M01:case_113580,ALL,M4,1,0,False,1
M01:case_113580,M01,M01:case_113580,R1,M4,1,0,False,1
M01:case_113580,M01,M01:case_113580,R3,M4,1,0,False,1
M01:case_113679,M01,M01:case_113679,ALL,M4,1,1,True,0
M01:case_113679,M01,M01:case_113679,R1,M4,1,1,True,0
M01:case_113679,M01,M01:case_113679,R3,M4,1,1,True,0
M01:case_113725,M01,M01:case_113725,ALL,M4,1,0,False,1
M01:case_113725,M01,M01:case_113725,R1,M4,1,0,False,1
M01:case_113727,M01,M01:case_113727,ALL,M4,1,0,False,1
M01:case_113727,M01,M01:case_113727,R1,M4,1,0,False,1
M01:case_113785,M01,M01:case_113785,ALL,M4,1,0,False,1
M01:case_113785,M01,M01:case_113785,R1,M4,1,0,False,1
M01:case_113830,M01,M01:case_113830,ALL,M4,1,0,False,0
M01:case_113830,M01,M01:case_113830,R1,M4,1,0,False,0
M01:case_113830,M01,M01:case_113830,R3,M4,1,0,False,0
M01:case_113919,M01,M01:case_113919,ALL,M4,1,0,False,1
M01:case_113919,M01,M01:case_113919,R1,M4,1,0,False,1
M01:case_113951,M01,M01:case_113951,ALL,M4,1,0,False,1
M01:case_113951,M01,M01:case_113951,R1,M4,1,0,False,1
M01:case_113951,M01,M01:case_113951,R3,M4,1,0,False,1
M01:case_113956,M01,M01:case_113956,ALL,M4,1,0,False,1
M01:case_113956,M01,M01:case_113956,R1,M4,1,0,False,1
M01:case_113956,M01,M01:case_113956,R3,M4,1,0,False,1
M01:case_114021,M01,M01:case_114021,ALL,M4,1,0,False,1
M01:case_114021,M01,M01:case_114021,R1,M4,1,0,False,1
M01:case_114021,M01,M01:case_114021,R3,M4,1,0,False,1
M01:case_11411,M01,M01:case_11411,ALL,M4,1,0,False,1
M01:case_11411,M01,M01:case_11411,R1,M4,1,0,False,1
M01:case_114168,M01,M01:case_114168,ALL,M4,1,1,True,0
M01:case_114168,M01,M01:case_114168,R1,M4,1,1,True,0
M01:case_11419,M01,M01:case_11419,ALL,M4,1,1,True,0
M01:case_11419,M01,M01:case_11419,R1,M4,1,1,True,0
M01:case_11419,M01,M01:case_11419,R3,M4,1,1,True,0
M01:case_114319,M01,M01:case_114319,ALL,M4,1,0,False,1
M01:case_114319,M01,M01:case_114319,R1,M4,1,0,False,1
M01:case_114431,M01,M01:case_114431,ALL,M4,1,0,False,1
M01:case_114431,M01,M01:case_114431,R1,M4,1,0,False,1
M01:case_114431,M01,M01:case_114431,R3,M4,1,0,False,1
M01:case_114436,M01,M01:case_114436,ALL,M4,1,0,False,1
M01:case_114436,M01,M01:case_114436,R1,M4,1,0,False,1
M01:case_114436,M01,M01:case_114436,R3,M4,1,0,False,1
M01:case_114524,M01,M01:case_114524,ALL,M4,1,1,True,0
M01:case_114524,M01,M01:case_114524,R1,M4,1,1,True,0
M01:case_114524,M01,M01:case_114524,R3,M4,1,1,True,0
M01:case_114982,M01,M01:case_114982,ALL,M4,1,0,False,1
M01:case_114982,M01,M01:case_114982,R1,M4,1,0,False,1
M01:case_114986,M01,M01:case_114986,ALL,M4,1,0,False,1
M01:case_114986,M01,M01:case_114986,R1,M4,1,0,False,1
M01:case_114986,M01,M01:case_114986,R3,M4,1,0,False,1
M01:case_115009,M01,M01:case_115009,ALL,M4,1,0,False,1
M01:case_115009,M01,M01:case_115009,R1,M4,1,0,False,1
M01:case_115009,M01,M01:case_115009,R3,M4,1,0,False,1
M01:case_115040,M01,M01:case_115040,ALL,M4,1,1,True,0
M01:case_115040,M01,M01:case_115040,R1,M4,1,1,True,0
M01:case_115040,M01,M01:case_115040,R3,M4,1,1,True,0
M01:case_115207,M01,M01:case_115207,ALL,M4,1,0,False,0
M01:case_115207,M01,M01:case_115207,R1,M4,1,0,False,0
M01:case_115207,M01,M01:case_115207,R3,M4,1,0,False,0
M01:case_115306,M01,M01:case_115306,ALL,M4,1,0,False,1
M01:case_115306,M01,M01:case_115306,R1,M4,1,0,False,1
M01:case_115353,M01,M01:case_115353,ALL,M4,1,0,False,1
M01:case_115353,M01,M01:case_115353,R1,M4,1,0,False,1
M01:case_11538,M01,M01:case_11538,ALL,M4,1,0,False,1
M01:case_11538,M01,M01:case_11538,R1,M4,1,0,False,1
M01:case_115682,M01,M01:case_115682,ALL,M4,1,0,False,1
M01:case_115682,M01,M01:case_115682,R1,M4,1,0,False,1
M01:case_115813,M01,M01:case_115813,ALL,M4,1,0,False,0
M01:case_115813,M01,M01:case_115813,R1,M4,1,0,False,0
M01:case_115855,M01,M01:case_115855,ALL,M4,1,0,False,1
M01:case_115855,M01,M01:case_115855,R1,M4,1,0,False,1
M01:case_115855,M01,M01:case_115855,R3,M4,1,0,False,1
M01:case_115874,M01,M01:case_115874,ALL,M4,1,0,False,1
M01:case_115874,M01,M01:case_115874,R1,M4,1,0,False,1
M01:case_115936,M01,M01:case_115936,ALL,M4,1,0,False,1
M01:case_115936,M01,M01:case_115936,R1,M4,1,0,False,1
M01:case_115956,M01,M01:case_115956,ALL,M4,1,0,False,1
M01:case_115956,M01,M01:case_115956,R1,M4,1,0,False,1
M01:case_116099,M01,M01:case_116099,ALL,M4,1,0,False,1
M01:case_116099,M01,M01:case_116099,R1,M4,1,0,False,1
M01:case_116099,M01,M01:case_116099,R3,M4,1,0,False,1
M01:case_116144,M01,M01:case_116144,ALL,M4,1,1,True,0
M01:case_116144,M01,M01:case_116144,R1,M4,1,1,True,0
M01:case_116144,M01,M01:case_116144,R3,M4,1,1,True,0
M01:case_116325,M01,M01:case_116325,ALL,M4,1,1,True,0
M01:case_116325,M01,M01:case_116325,R1,M4,1,1,True,0
M01:case_116414,M01,M01:case_116414,ALL,M4,1,0,False,1
M01:case_116414,M01,M01:case_116414,R1,M4,1,0,False,1
M01:case_116414,M01,M01:case_116414,R3,M4,1,0,False,1
M01:case_116444,M01,M01:case_116444,ALL,M4,1,0,False,1
M01:case_116444,M01,M01:case_116444,R1,M4,1,0,False,1
M01:case_116461,M01,M01:case_116461,ALL,M4,1,0,False,0
M01:case_116461,M01,M01:case_116461,R1,M4,1,0,False,0
M01:case_116624,M01,M01:case_116624,ALL,M4,1,1,True,0
M01:case_116624,M01,M01:case_116624,R1,M4,1,1,True,0
M01:case_116825,M01,M01:case_116825,ALL,M4,1,1,True,0
M01:case_116825,M01,M01:case_116825,R1,M4,1,1,True,0
M01:case_116825,M01,M01:case_116825,R3,M4,1,1,True,0
M01:case_116935,M01,M01:case_116935,ALL,M4,1,0,False,0
M01:case_116935,M01,M01:case_116935,R1,M4,1,0,False,0
M01:case_116981,M01,M01:case_116981,ALL,M4,1,0,False,1
M01:case_116981,M01,M01:case_116981,R1,M4,1,0,False,1
M01:case_116981,M01,M01:case_116981,R3,M4,1,0,False,1
M01:case_116998,M01,M01:case_116998,ALL,M4,1,0,False,1
M01:case_116998,M01,M01:case_116998,R1,M4,1,0,False,1
M01:case_117083,M01,M01:case_117083,ALL,M4,1,0,False,0
M01:case_117083,M01,M01:case_117083,R1,M4,1,0,False,0
M01:case_117097,M01,M01:case_117097,ALL,M4,1,0,False,1
M01:case_117097,M01,M01:case_117097,R1,M4,1,0,False,1
M01:case_117097,M01,M01:case_117097,R3,M4,1,0,False,1
M01:case_117137,M01,M01:case_117137,ALL,M4,1,1,True,0
M01:case_117137,M01,M01:case_117137,R1,M4,1,1,True,0
M01:case_117137,M01,M01:case_117137,R3,M4,1,1,True,0
M01:case_117302,M01,M01:case_117302,ALL,M4,1,0,False,0
M01:case_117302,M01,M01:case_117302,R1,M4,1,0,False,0
M01:case_117332,M01,M01:case_117332,ALL,M4,1,0,False,1
M01:case_117332,M01,M01:case_117332,R1,M4,1,0,False,1
M01:case_117368,M01,M01:case_117368,ALL,M4,1,0,False,1
M01:case_117368,M01,M01:case_117368,R1,M4,1,0,False,1
M01:case_117562,M01,M01:case_117562,ALL,M4,1,0,False,1
M01:case_117562,M01,M01:case_117562,R1,M4,1,0,False,1
M01:case_117667,M01,M01:case_117667,ALL,M4,1,0,False,1
M01:case_117667,M01,M01:case_117667,R1,M4,1,0,False,1
M01:case_117668,M01,M01:case_117668,ALL,M4,1,0,False,1
M01:case_117668,M01,M01:case_117668,R1,M4,1,0,False,1
M01:case_117668,M01,M01:case_117668,R3,M4,1,0,False,1
M01:case_117679,M01,M01:case_117679,ALL,M4,1,0,False,1
M01:case_117679,M01,M01:case_117679,R1,M4,1,0,False,1
M01:case_117770,M01,M01:case_117770,ALL,M4,1,0,False,1
M01:case_117770,M01,M01:case_117770,R1,M4,1,0,False,1
M01:case_117771,M01,M01:case_117771,ALL,M4,1,0,False,1
M01:case_117771,M01,M01:case_117771,R1,M4,1,0,False,1
M01:case_117771,M01,M01:case_117771,R3,M4,1,0,False,1
M01:case_117809,M01,M01:case_117809,ALL,M4,1,0,False,1
M01:case_117809,M01,M01:case_117809,R1,M4,1,0,False,1
M01:case_117935,M01,M01:case_117935,ALL,M4,1,0,False,0
M01:case_117935,M01,M01:case_117935,R1,M4,1,0,False,0
M01:case_117961,M01,M01:case_117961,ALL,M4,1,0,False,1
M01:case_117961,M01,M01:case_117961,R1,M4,1,0,False,1
M01:case_117961,M01,M01:case_117961,R3,M4,1,0,False,1
M01:case_118054,M01,M01:case_118054,ALL,M4,1,0,False,1
M01:case_118054,M01,M01:case_118054,R1,M4,1,0,False,1
M01:case_118143,M01,M01:case_118143,ALL,M4,1,0,False,1
M01:case_118143,M01,M01:case_118143,R1,M4,1,0,False,1
M01:case_118143,M01,M01:case_118143,R3,M4,1,0,False,1
M01:case_118372,M01,M01:case_118372,ALL,M4,1,0,False,1
M01:case_118372,M01,M01:case_118372,R1,M4,1,0,False,1
M01:case_118421,M01,M01:case_118421,ALL,M4,1,0,False,1
M01:case_118421,M01,M01:case_118421,R1,M4,1,0,False,1
M01:case_118476,M01,M01:case_118476,ALL,M4,1,0,False,1
M01:case_118476,M01,M01:case_118476,R1,M4,1,0,False,1
M01:case_118549,M01,M01:case_118549,ALL,M4,1,0,False,1
M01:case_118549,M01,M01:case_118549,R1,M4,1,0,False,1
M01:case_11855,M01,M01:case_11855,ALL,M4,1,0,False,1
M01:case_11855,M01,M01:case_11855,R1,M4,1,0,False,1
M01:case_118832,M01,M01:case_118832,ALL,M4,1,0,False,1
M01:case_118832,M01,M01:case_118832,R1,M4,1,0,False,1
M01:case_118851,M01,M01:case_118851,ALL,M4,1,0,False,1
M01:case_118851,M01,M01:case_118851,R1,M4,1,0,False,1
M01:case_118866,M01,M01:case_118866,ALL,M4,1,0,False,1
M01:case_118866,M01,M01:case_118866,R1,M4,1,0,False,1
M01:case_118883,M01,M01:case_118883,ALL,M4,1,0,False,1
M01:case_118883,M01,M01:case_118883,R1,M4,1,0,False,1
M01:case_118887,M01,M01:case_118887,ALL,M4,1,0,False,0
M01:case_118887,M01,M01:case_118887,R1,M4,1,0,False,0
M01:case_118959,M01,M01:case_118959,ALL,M4,1,0,False,1
M01:case_118959,M01,M01:case_118959,R1,M4,1,0,False,1
M01:case_118959,M01,M01:case_118959,R3,M4,1,0,False,1
M01:case_119025,M01,M01:case_119025,ALL,M4,1,1,True,0
M01:case_119025,M01,M01:case_119025,R1,M4,1,1,True,0
M01:case_119176,M01,M01:case_119176,ALL,M4,1,0,False,1
M01:case_119176,M01,M01:case_119176,R1,M4,1,0,False,1
M01:case_119176,M01,M01:case_119176,R3,M4,1,0,False,1
M01:case_119291,M01,M01:case_119291,ALL,M4,1,0,False,1
M01:case_119291,M01,M01:case_119291,R1,M4,1,0,False,1
M01:case_119291,M01,M01:case_119291,R3,M4,1,0,False,1
M01:case_119326,M01,M01:case_119326,ALL,M4,1,0,False,1
M01:case_119326,M01,M01:case_119326,R1,M4,1,0,False,1
M01:case_119572,M01,M01:case_119572,ALL,M4,1,0,False,1
M01:case_119572,M01,M01:case_119572,R1,M4,1,0,False,1
M01:case_119614,M01,M01:case_119614,ALL,M4,1,1,True,0
M01:case_119614,M01,M01:case_119614,R1,M4,1,1,True,0
M01:case_119614,M01,M01:case_119614,R3,M4,1,1,True,0
M01:case_11971,M01,M01:case_11971,ALL,M4,1,0,False,1
M01:case_11971,M01,M01:case_11971,R1,M4,1,0,False,1
M01:case_11971,M01,M01:case_11971,R3,M4,1,0,False,1
M01:case_119862,M01,M01:case_119862,ALL,M4,1,0,False,0
M01:case_119862,M01,M01:case_119862,R1,M4,1,0,False,0
M01:case_119866,M01,M01:case_119866,ALL,M4,1,0,False,1
M01:case_119866,M01,M01:case_119866,R1,M4,1,0,False,1
M01:case_119866,M01,M01:case_119866,R3,M4,1,0,False,1
M01:case_119888,M01,M01:case_119888,ALL,M4,1,0,False,1
M01:case_119888,M01,M01:case_119888,R1,M4,1,0,False,1
M01:case_11993,M01,M01:case_11993,ALL,M4,1,0,False,1
M01:case_11993,M01,M01:case_11993,R1,M4,1,0,False,1
M01:case_119938,M01,M01:case_119938,ALL,M4,1,0,False,0
M01:case_119938,M01,M01:case_119938,R1,M4,1,0,False,0
M01:case_120301,M01,M01:case_120301,ALL,M4,1,0,False,0
M01:case_120301,M01,M01:case_120301,R1,M4,1,0,False,0
M01:case_120301,M01,M01:case_120301,R3,M4,1,0,False,0
M01:case_120391,M01,M01:case_120391,ALL,M4,1,0,False,1
M01:case_120391,M01,M01:case_120391,R1,M4,1,0,False,1
M01:case_120423,M01,M01:case_120423,ALL,M4,1,0,False,1
M01:case_120423,M01,M01:case_120423,R1,M4,1,0,False,1
M01:case_120481,M01,M01:case_120481,ALL,M4,1,0,False,0
M01:case_120481,M01,M01:case_120481,R1,M4,1,0,False,0
M01:case_120481,M01,M01:case_120481,R3,M4,1,0,False,0
M01:case_12058,M01,M01:case_12058,ALL,M4,1,0,False,1
M01:case_12058,M01,M01:case_12058,R1,M4,1,0,False,1
M01:case_12058,M01,M01:case_12058,R3,M4,1,0,False,1
M01:case_120636,M01,M01:case_120636,ALL,M4,1,0,False,1
M01:case_120636,M01,M01:case_120636,R1,M4,1,0,False,1
M01:case_120771,M01,M01:case_120771,ALL,M4,1,1,True,0
M01:case_120771,M01,M01:case_120771,R1,M4,1,1,True,0
M01:case_120771,M01,M01:case_120771,R3,M4,1,1,True,0
M01:case_120884,M01,M01:case_120884,ALL,M4,1,0,False,1
M01:case_120884,M01,M01:case_120884,R1,M4,1,0,False,1
M01:case_120884,M01,M01:case_120884,R3,M4,1,0,False,1
M01:case_120996,M01,M01:case_120996,ALL,M4,1,0,False,1
M01:case_120996,M01,M01:case_120996,R1,M4,1,0,False,1
M01:case_120996,M01,M01:case_120996,R3,M4,1,0,False,1
M01:case_12103,M01,M01:case_12103,ALL,M4,1,1,True,0
M01:case_12103,M01,M01:case_12103,R1,M4,1,1,True,0
M01:case_12103,M01,M01:case_12103,R3,M4,1,1,True,0
M01:case_121084,M01,M01:case_121084,ALL,M4,1,0,False,1
M01:case_121084,M01,M01:case_121084,R1,M4,1,0,False,1
M01:case_121084,M01,M01:case_121084,R3,M4,1,0,False,1
M01:case_121092,M01,M01:case_121092,ALL,M4,1,0,False,1
M01:case_121092,M01,M01:case_121092,R1,M4,1,0,False,1
M01:case_12112,M01,M01:case_12112,ALL,M4,1,0,False,1
M01:case_12112,M01,M01:case_12112,R1,M4,1,0,False,1
M01:case_121215,M01,M01:case_121215,ALL,M4,1,0,False,1
M01:case_121215,M01,M01:case_121215,R1,M4,1,0,False,1
M01:case_121215,M01,M01:case_121215,R3,M4,1,0,False,1
M01:case_12126,M01,M01:case_12126,ALL,M4,1,0,False,1
M01:case_12126,M01,M01:case_12126,R1,M4,1,0,False,1
M01:case_12126,M01,M01:case_12126,R3,M4,1,0,False,1
M01:case_121283,M01,M01:case_121283,ALL,M4,1,0,False,1
M01:case_121283,M01,M01:case_121283,R1,M4,1,0,False,1
M01:case_12137,M01,M01:case_12137,ALL,M4,1,0,False,1
M01:case_12137,M01,M01:case_12137,R1,M4,1,0,False,1
M01:case_12137,M01,M01:case_12137,R3,M4,1,0,False,1
M01:case_121385,M01,M01:case_121385,ALL,M4,1,1,True,0
M01:case_121385,M01,M01:case_121385,R1,M4,1,1,True,0
M01:case_121385,M01,M01:case_121385,R3,M4,1,1,True,0
M01:case_121419,M01,M01:case_121419,ALL,M4,1,0,False,1
M01:case_121419,M01,M01:case_121419,R1,M4,1,0,False,1
M01:case_121434,M01,M01:case_121434,ALL,M4,1,0,False,1
M01:case_121434,M01,M01:case_121434,R1,M4,1,0,False,1
M01:case_121478,M01,M01:case_121478,ALL,M4,1,0,False,0
M01:case_121478,M01,M01:case_121478,R1,M4,1,0,False,0
M01:case_121654,M01,M01:case_121654,ALL,M4,1,0,False,1
M01:case_121654,M01,M01:case_121654,R1,M4,1,0,False,1
M01:case_121654,M01,M01:case_121654,R3,M4,1,0,False,1
M01:case_121660,M01,M01:case_121660,ALL,M4,1,0,False,1
M01:case_121660,M01,M01:case_121660,R1,M4,1,0,False,1
M01:case_121660,M01,M01:case_121660,R3,M4,1,0,False,1
M01:case_121735,M01,M01:case_121735,ALL,M4,1,0,False,1
M01:case_121735,M01,M01:case_121735,R1,M4,1,0,False,1
M01:case_121735,M01,M01:case_121735,R3,M4,1,0,False,1
M01:case_121914,M01,M01:case_121914,ALL,M4,1,0,False,1
M01:case_121914,M01,M01:case_121914,R1,M4,1,0,False,1
M01:case_121993,M01,M01:case_121993,ALL,M4,1,0,False,1
M01:case_121993,M01,M01:case_121993,R1,M4,1,0,False,1
M01:case_12209,M01,M01:case_12209,ALL,M4,1,0,False,1
M01:case_12209,M01,M01:case_12209,R1,M4,1,0,False,1
M01:case_122179,M01,M01:case_122179,ALL,M4,1,0,False,1
M01:case_122179,M01,M01:case_122179,R1,M4,1,0,False,1
M01:case_122179,M01,M01:case_122179,R3,M4,1,0,False,1
M01:case_12227,M01,M01:case_12227,ALL,M4,1,0,False,1
M01:case_12227,M01,M01:case_12227,R1,M4,1,0,False,1
M01:case_122299,M01,M01:case_122299,ALL,M4,1,0,False,1
M01:case_122299,M01,M01:case_122299,R1,M4,1,0,False,1
M01:case_122299,M01,M01:case_122299,R3,M4,1,0,False,1
M01:case_122317,M01,M01:case_122317,ALL,M4,1,0,False,1
M01:case_122317,M01,M01:case_122317,R1,M4,1,0,False,1
M01:case_122317,M01,M01:case_122317,R3,M4,1,0,False,1
M01:case_122419,M01,M01:case_122419,ALL,M4,1,0,False,1
M01:case_122419,M01,M01:case_122419,R1,M4,1,0,False,1
M01:case_122419,M01,M01:case_122419,R3,M4,1,0,False,1
M01:case_122533,M01,M01:case_122533,ALL,M4,1,0,False,1
M01:case_122533,M01,M01:case_122533,R1,M4,1,0,False,1
M01:case_122658,M01,M01:case_122658,ALL,M4,1,0,False,1
M01:case_122658,M01,M01:case_122658,R1,M4,1,0,False,1
M01:case_122658,M01,M01:case_122658,R3,M4,1,0,False,1
M01:case_122684,M01,M01:case_122684,ALL,M4,1,0,False,1
M01:case_122684,M01,M01:case_122684,R1,M4,1,0,False,1
M01:case_122794,M01,M01:case_122794,ALL,M4,1,0,False,0
M01:case_122794,M01,M01:case_122794,R1,M4,1,0,False,0
M01:case_122948,M01,M01:case_122948,ALL,M4,1,0,False,1
M01:case_122948,M01,M01:case_122948,R1,M4,1,0,False,1
M01:case_122948,M01,M01:case_122948,R3,M4,1,0,False,1
M01:case_123012,M01,M01:case_123012,ALL,M4,1,0,False,1
M01:case_123012,M01,M01:case_123012,R1,M4,1,0,False,1
M01:case_123012,M01,M01:case_123012,R3,M4,1,0,False,1
M01:case_123027,M01,M01:case_123027,ALL,M4,1,0,False,0
M01:case_123027,M01,M01:case_123027,R1,M4,1,0,False,0
M01:case_123084,M01,M01:case_123084,ALL,M4,1,0,False,1
M01:case_123084,M01,M01:case_123084,R1,M4,1,0,False,1
M01:case_123084,M01,M01:case_123084,R3,M4,1,0,False,1
M01:case_123285,M01,M01:case_123285,ALL,M4,1,0,False,1
M01:case_123285,M01,M01:case_123285,R1,M4,1,0,False,1
M01:case_123330,M01,M01:case_123330,ALL,M4,1,0,False,0
M01:case_123330,M01,M01:case_123330,R1,M4,1,0,False,0
M01:case_123345,M01,M01:case_123345,ALL,M4,1,1,True,0
M01:case_123345,M01,M01:case_123345,R1,M4,1,1,True,0
M01:case_123345,M01,M01:case_123345,R3,M4,1,1,True,0
M01:case_123349,M01,M01:case_123349,ALL,M4,1,0,False,1
M01:case_123349,M01,M01:case_123349,R1,M4,1,0,False,1
M01:case_123349,M01,M01:case_123349,R3,M4,1,0,False,1
M01:case_123414,M01,M01:case_123414,ALL,M4,1,0,False,0
M01:case_123414,M01,M01:case_123414,R1,M4,1,0,False,0
M01:case_123414,M01,M01:case_123414,R3,M4,1,0,False,0
M01:case_123417,M01,M01:case_123417,ALL,M4,1,1,True,0
M01:case_123417,M01,M01:case_123417,R1,M4,1,1,True,0
M01:case_123417,M01,M01:case_123417,R3,M4,1,1,True,0
M01:case_123438,M01,M01:case_123438,ALL,M4,1,0,False,1
M01:case_123438,M01,M01:case_123438,R1,M4,1,0,False,1
M01:case_123448,M01,M01:case_123448,ALL,M4,1,0,False,1
M01:case_123448,M01,M01:case_123448,R1,M4,1,0,False,1
M01:case_123448,M01,M01:case_123448,R3,M4,1,0,False,1
M01:case_123578,M01,M01:case_123578,ALL,M4,1,0,False,1
M01:case_123578,M01,M01:case_123578,R1,M4,1,0,False,1
M01:case_123578,M01,M01:case_123578,R3,M4,1,0,False,1
M01:case_123593,M01,M01:case_123593,ALL,M4,1,0,False,1
M01:case_123593,M01,M01:case_123593,R1,M4,1,0,False,1
M01:case_123947,M01,M01:case_123947,ALL,M4,1,0,False,1
M01:case_123947,M01,M01:case_123947,R1,M4,1,0,False,1
M01:case_123947,M01,M01:case_123947,R3,M4,1,0,False,1
M01:case_123997,M01,M01:case_123997,ALL,M4,1,0,False,1
M01:case_123997,M01,M01:case_123997,R1,M4,1,0,False,1
M01:case_124077,M01,M01:case_124077,ALL,M4,1,0,False,1
M01:case_124077,M01,M01:case_124077,R1,M4,1,0,False,1
M01:case_124093,M01,M01:case_124093,ALL,M4,1,0,False,1
M01:case_124093,M01,M01:case_124093,R1,M4,1,0,False,1
M01:case_124179,M01,M01:case_124179,ALL,M4,1,0,False,1
M01:case_124179,M01,M01:case_124179,R1,M4,1,0,False,1
M01:case_124269,M01,M01:case_124269,ALL,M4,1,0,False,1
M01:case_124269,M01,M01:case_124269,R1,M4,1,0,False,1
M01:case_124269,M01,M01:case_124269,R3,M4,1,0,False,1
M01:case_124275,M01,M01:case_124275,ALL,M4,1,0,False,1
M01:case_124275,M01,M01:case_124275,R1,M4,1,0,False,1
M01:case_124275,M01,M01:case_124275,R3,M4,1,0,False,1
M01:case_124366,M01,M01:case_124366,ALL,M4,1,0,False,1
M01:case_124366,M01,M01:case_124366,R1,M4,1,0,False,1
M01:case_12441,M01,M01:case_12441,ALL,M4,1,0,False,1
M01:case_12441,M01,M01:case_12441,R1,M4,1,0,False,1
M01:case_124413,M01,M01:case_124413,ALL,M4,1,0,False,1
M01:case_124413,M01,M01:case_124413,R1,M4,1,0,False,1
M01:case_124640,M01,M01:case_124640,ALL,M4,1,0,False,1
M01:case_124640,M01,M01:case_124640,R1,M4,1,0,False,1
M01:case_124640,M01,M01:case_124640,R3,M4,1,0,False,1
M01:case_124651,M01,M01:case_124651,ALL,M4,1,0,False,1
M01:case_124651,M01,M01:case_124651,R1,M4,1,0,False,1
M01:case_124651,M01,M01:case_124651,R3,M4,1,0,False,1
M01:case_124720,M01,M01:case_124720,ALL,M4,1,0,False,1
M01:case_124720,M01,M01:case_124720,R1,M4,1,0,False,1
M01:case_124720,M01,M01:case_124720,R3,M4,1,0,False,1
M01:case_124722,M01,M01:case_124722,ALL,M4,1,0,False,1
M01:case_124722,M01,M01:case_124722,R1,M4,1,0,False,1
M01:case_124726,M01,M01:case_124726,ALL,M4,1,0,False,1
M01:case_124726,M01,M01:case_124726,R1,M4,1,0,False,1
M01:case_124726,M01,M01:case_124726,R3,M4,1,0,False,1
M01:case_124739,M01,M01:case_124739,ALL,M4,1,0,False,1
M01:case_124739,M01,M01:case_124739,R1,M4,1,0,False,1
M01:case_124890,M01,M01:case_124890,ALL,M4,1,0,False,1
M01:case_124890,M01,M01:case_124890,R1,M4,1,0,False,1
M01:case_124890,M01,M01:case_124890,R3,M4,1,0,False,1
M01:case_125157,M01,M01:case_125157,ALL,M4,1,1,True,0
M01:case_125157,M01,M01:case_125157,R1,M4,1,1,True,0
M01:case_125157,M01,M01:case_125157,R3,M4,1,1,True,0
M01:case_125176,M01,M01:case_125176,ALL,M4,1,0,False,1
M01:case_125176,M01,M01:case_125176,R1,M4,1,0,False,1
M01:case_12518,M01,M01:case_12518,ALL,M4,1,0,False,1
M01:case_12518,M01,M01:case_12518,R1,M4,1,0,False,1
M01:case_12518,M01,M01:case_12518,R3,M4,1,0,False,1
M01:case_125183,M01,M01:case_125183,ALL,M4,1,0,False,1
M01:case_125183,M01,M01:case_125183,R1,M4,1,0,False,1
M01:case_125277,M01,M01:case_125277,ALL,M4,1,0,False,1
M01:case_125277,M01,M01:case_125277,R1,M4,1,0,False,1
M01:case_125277,M01,M01:case_125277,R3,M4,1,0,False,1
M01:case_125355,M01,M01:case_125355,ALL,M4,1,0,False,0
M01:case_125355,M01,M01:case_125355,R1,M4,1,0,False,0
M01:case_125355,M01,M01:case_125355,R3,M4,1,0,False,0
M01:case_125501,M01,M01:case_125501,ALL,M4,1,0,False,1
M01:case_125501,M01,M01:case_125501,R1,M4,1,0,False,1
M01:case_125501,M01,M01:case_125501,R3,M4,1,0,False,1
M01:case_12553,M01,M01:case_12553,ALL,M4,1,0,False,1
M01:case_12553,M01,M01:case_12553,R1,M4,1,0,False,1
M01:case_125592,M01,M01:case_125592,ALL,M4,1,0,False,1
M01:case_125592,M01,M01:case_125592,R1,M4,1,0,False,1
M01:case_125621,M01,M01:case_125621,ALL,M4,1,0,False,1
M01:case_125621,M01,M01:case_125621,R1,M4,1,0,False,1
M01:case_125756,M01,M01:case_125756,ALL,M4,1,0,False,1
M01:case_125756,M01,M01:case_125756,R1,M4,1,0,False,1
M01:case_125893,M01,M01:case_125893,ALL,M4,1,0,False,1
M01:case_125893,M01,M01:case_125893,R1,M4,1,0,False,1
M01:case_125893,M01,M01:case_125893,R3,M4,1,0,False,1
M01:case_125894,M01,M01:case_125894,ALL,M4,1,0,False,1
M01:case_125894,M01,M01:case_125894,R1,M4,1,0,False,1
M01:case_125928,M01,M01:case_125928,ALL,M4,1,0,False,1
M01:case_125928,M01,M01:case_125928,R1,M4,1,0,False,1
M01:case_12595,M01,M01:case_12595,ALL,M4,1,0,False,1
M01:case_12595,M01,M01:case_12595,R1,M4,1,0,False,1
M01:case_12595,M01,M01:case_12595,R3,M4,1,0,False,1
M01:case_125987,M01,M01:case_125987,ALL,M4,1,1,True,0
M01:case_125987,M01,M01:case_125987,R1,M4,1,1,True,0
M01:case_125987,M01,M01:case_125987,R3,M4,1,1,True,0
M01:case_126073,M01,M01:case_126073,ALL,M4,1,0,False,0
M01:case_126073,M01,M01:case_126073,R1,M4,1,0,False,0
M01:case_126137,M01,M01:case_126137,ALL,M4,1,0,False,1
M01:case_126137,M01,M01:case_126137,R1,M4,1,0,False,1
M01:case_126137,M01,M01:case_126137,R3,M4,1,0,False,1
M01:case_126193,M01,M01:case_126193,ALL,M4,1,1,True,0
M01:case_126193,M01,M01:case_126193,R1,M4,1,1,True,0
M01:case_126193,M01,M01:case_126193,R3,M4,1,1,True,0
M01:case_126201,M01,M01:case_126201,ALL,M4,1,0,False,1
M01:case_126201,M01,M01:case_126201,R1,M4,1,0,False,1
M01:case_126290,M01,M01:case_126290,ALL,M4,1,0,False,1
M01:case_126290,M01,M01:case_126290,R1,M4,1,0,False,1
M01:case_126381,M01,M01:case_126381,ALL,M4,1,0,False,1
M01:case_126381,M01,M01:case_126381,R1,M4,1,0,False,1
M01:case_126381,M01,M01:case_126381,R3,M4,1,0,False,1
M01:case_126479,M01,M01:case_126479,ALL,M4,1,0,False,1
M01:case_126479,M01,M01:case_126479,R1,M4,1,0,False,1
M01:case_126479,M01,M01:case_126479,R3,M4,1,0,False,1
M01:case_12660,M01,M01:case_12660,ALL,M4,1,0,False,1
M01:case_12660,M01,M01:case_12660,R1,M4,1,0,False,1
M01:case_126607,M01,M01:case_126607,ALL,M4,1,0,False,0
M01:case_126607,M01,M01:case_126607,R1,M4,1,0,False,0
M01:case_126702,M01,M01:case_126702,ALL,M4,1,1,True,0
M01:case_126702,M01,M01:case_126702,R1,M4,1,1,True,0
M01:case_126702,M01,M01:case_126702,R3,M4,1,1,True,0
M01:case_126826,M01,M01:case_126826,ALL,M4,1,0,False,1
M01:case_126826,M01,M01:case_126826,R1,M4,1,0,False,1
M01:case_126921,M01,M01:case_126921,ALL,M4,1,0,False,1
M01:case_126921,M01,M01:case_126921,R1,M4,1,0,False,1
M01:case_126921,M01,M01:case_126921,R3,M4,1,0,False,1
M01:case_127021,M01,M01:case_127021,ALL,M4,1,1,True,0
M01:case_127021,M01,M01:case_127021,R1,M4,1,1,True,0
M01:case_127021,M01,M01:case_127021,R3,M4,1,1,True,0
M01:case_12703,M01,M01:case_12703,ALL,M4,1,0,False,0
M01:case_12703,M01,M01:case_12703,R1,M4,1,0,False,0
M01:case_12703,M01,M01:case_12703,R3,M4,1,0,False,0
M01:case_127058,M01,M01:case_127058,ALL,M4,1,1,True,0
M01:case_127058,M01,M01:case_127058,R1,M4,1,1,True,0
M01:case_127058,M01,M01:case_127058,R3,M4,1,1,True,0
M01:case_127223,M01,M01:case_127223,ALL,M4,1,1,True,0
M01:case_127223,M01,M01:case_127223,R1,M4,1,1,True,0
M01:case_127223,M01,M01:case_127223,R3,M4,1,1,True,0
M01:case_127299,M01,M01:case_127299,ALL,M4,1,0,False,1
M01:case_127299,M01,M01:case_127299,R1,M4,1,0,False,1
M01:case_127307,M01,M01:case_127307,ALL,M4,1,0,False,1
M01:case_127307,M01,M01:case_127307,R1,M4,1,0,False,1
M01:case_12733,M01,M01:case_12733,ALL,M4,1,1,True,0
M01:case_12733,M01,M01:case_12733,R1,M4,1,1,True,0
M01:case_12733,M01,M01:case_12733,R3,M4,1,1,True,0
M01:case_127332,M01,M01:case_127332,ALL,M4,1,0,False,1
M01:case_127332,M01,M01:case_127332,R1,M4,1,0,False,1
M01:case_127332,M01,M01:case_127332,R3,M4,1,0,False,1
M01:case_127352,M01,M01:case_127352,ALL,M4,1,0,False,1
M01:case_127352,M01,M01:case_127352,R1,M4,1,0,False,1
M01:case_127352,M01,M01:case_127352,R3,M4,1,0,False,1
M01:case_127435,M01,M01:case_127435,ALL,M4,1,0,False,1
M01:case_127435,M01,M01:case_127435,R1,M4,1,0,False,1
M01:case_127435,M01,M01:case_127435,R3,M4,1,0,False,1
M01:case_127474,M01,M01:case_127474,ALL,M4,1,0,False,1
M01:case_127474,M01,M01:case_127474,R1,M4,1,0,False,1
M01:case_127474,M01,M01:case_127474,R3,M4,1,0,False,1
M01:case_127518,M01,M01:case_127518,ALL,M4,1,0,False,1
M01:case_127518,M01,M01:case_127518,R1,M4,1,0,False,1
M01:case_127584,M01,M01:case_127584,ALL,M4,1,0,False,1
M01:case_127584,M01,M01:case_127584,R1,M4,1,0,False,1
M01:case_127719,M01,M01:case_127719,ALL,M4,1,1,True,0
M01:case_127719,M01,M01:case_127719,R1,M4,1,1,True,0
M01:case_127719,M01,M01:case_127719,R3,M4,1,1,True,0
M01:case_12773,M01,M01:case_12773,ALL,M4,1,1,True,0
M01:case_12773,M01,M01:case_12773,R1,M4,1,1,True,0
M01:case_12773,M01,M01:case_12773,R3,M4,1,1,True,0
M01:case_127796,M01,M01:case_127796,ALL,M4,1,0,False,1
M01:case_127796,M01,M01:case_127796,R1,M4,1,0,False,1
M01:case_127849,M01,M01:case_127849,ALL,M4,1,0,False,1
M01:case_127849,M01,M01:case_127849,R1,M4,1,0,False,1
M01:case_127849,M01,M01:case_127849,R3,M4,1,0,False,1
M01:case_127882,M01,M01:case_127882,ALL,M4,1,0,False,1
M01:case_127882,M01,M01:case_127882,R1,M4,1,0,False,1
M01:case_127882,M01,M01:case_127882,R3,M4,1,0,False,1
M01:case_127925,M01,M01:case_127925,ALL,M4,1,0,False,1
M01:case_127925,M01,M01:case_127925,R1,M4,1,0,False,1
M01:case_127982,M01,M01:case_127982,ALL,M4,1,0,False,1
M01:case_127982,M01,M01:case_127982,R1,M4,1,0,False,1
M01:case_128,M01,M01:case_128,ALL,M4,1,0,False,1
M01:case_128,M01,M01:case_128,R1,M4,1,0,False,1
M01:case_128,M01,M01:case_128,R3,M4,1,0,False,1
M01:case_128017,M01,M01:case_128017,ALL,M4,1,0,False,1
M01:case_128017,M01,M01:case_128017,R1,M4,1,0,False,1
M01:case_12818,M01,M01:case_12818,ALL,M4,1,0,False,1
M01:case_12818,M01,M01:case_12818,R1,M4,1,0,False,1
M01:case_128250,M01,M01:case_128250,ALL,M4,1,0,False,1
M01:case_128250,M01,M01:case_128250,R1,M4,1,0,False,1
M01:case_128358,M01,M01:case_128358,ALL,M4,1,0,False,0
M01:case_128358,M01,M01:case_128358,R1,M4,1,0,False,0
M01:case_128545,M01,M01:case_128545,ALL,M4,1,0,False,1
M01:case_128545,M01,M01:case_128545,R1,M4,1,0,False,1
M01:case_128545,M01,M01:case_128545,R3,M4,1,0,False,1
M01:case_128638,M01,M01:case_128638,ALL,M4,1,0,False,1
M01:case_128638,M01,M01:case_128638,R1,M4,1,0,False,1
M01:case_128638,M01,M01:case_128638,R3,M4,1,0,False,1
M01:case_12866,M01,M01:case_12866,ALL,M4,1,0,False,1
M01:case_12866,M01,M01:case_12866,R1,M4,1,0,False,1
M01:case_12866,M01,M01:case_12866,R3,M4,1,0,False,1
M01:case_128760,M01,M01:case_128760,ALL,M4,1,0,False,1
M01:case_128760,M01,M01:case_128760,R1,M4,1,0,False,1
M01:case_128791,M01,M01:case_128791,ALL,M4,1,0,False,1
M01:case_128791,M01,M01:case_128791,R1,M4,1,0,False,1
M01:case_128791,M01,M01:case_128791,R3,M4,1,0,False,1
M01:case_128846,M01,M01:case_128846,ALL,M4,1,0,False,0
M01:case_128846,M01,M01:case_128846,R1,M4,1,0,False,0
M01:case_128888,M01,M01:case_128888,ALL,M4,1,0,False,0
M01:case_128888,M01,M01:case_128888,R1,M4,1,0,False,0
M01:case_128931,M01,M01:case_128931,ALL,M4,1,0,False,1
M01:case_128931,M01,M01:case_128931,R1,M4,1,0,False,1
M01:case_128931,M01,M01:case_128931,R3,M4,1,0,False,1
M01:case_12897,M01,M01:case_12897,ALL,M4,1,0,False,1
M01:case_12897,M01,M01:case_12897,R1,M4,1,0,False,1
M01:case_12897,M01,M01:case_12897,R3,M4,1,0,False,1
M01:case_129019,M01,M01:case_129019,ALL,M4,1,0,False,1
M01:case_129019,M01,M01:case_129019,R1,M4,1,0,False,1
M01:case_129076,M01,M01:case_129076,ALL,M4,1,0,False,1
M01:case_129076,M01,M01:case_129076,R1,M4,1,0,False,1
M01:case_129137,M01,M01:case_129137,ALL,M4,1,0,False,1
M01:case_129137,M01,M01:case_129137,R1,M4,1,0,False,1
M01:case_129137,M01,M01:case_129137,R3,M4,1,0,False,1
M01:case_129162,M01,M01:case_129162,ALL,M4,1,0,False,1
M01:case_129162,M01,M01:case_129162,R1,M4,1,0,False,1
M01:case_129210,M01,M01:case_129210,ALL,M4,1,0,False,1
M01:case_129210,M01,M01:case_129210,R1,M4,1,0,False,1
M01:case_129321,M01,M01:case_129321,ALL,M4,1,0,False,1
M01:case_129321,M01,M01:case_129321,R1,M4,1,0,False,1
M01:case_129321,M01,M01:case_129321,R3,M4,1,0,False,1
M01:case_129425,M01,M01:case_129425,ALL,M4,1,0,False,1
M01:case_129425,M01,M01:case_129425,R1,M4,1,0,False,1
M01:case_129570,M01,M01:case_129570,ALL,M4,1,0,False,1
M01:case_129570,M01,M01:case_129570,R1,M4,1,0,False,1
M01:case_129570,M01,M01:case_129570,R3,M4,1,0,False,1
M01:case_12959,M01,M01:case_12959,ALL,M4,1,0,False,0
M01:case_12959,M01,M01:case_12959,R1,M4,1,0,False,0
M01:case_12967,M01,M01:case_12967,ALL,M4,1,0,False,1
M01:case_12967,M01,M01:case_12967,R1,M4,1,0,False,1
M01:case_12967,M01,M01:case_12967,R3,M4,1,0,False,1
M01:case_129740,M01,M01:case_129740,ALL,M4,1,0,False,1
M01:case_129740,M01,M01:case_129740,R1,M4,1,0,False,1
M01:case_129755,M01,M01:case_129755,ALL,M4,1,0,False,1
M01:case_129755,M01,M01:case_129755,R1,M4,1,0,False,1
M01:case_129755,M01,M01:case_129755,R3,M4,1,0,False,1
M01:case_129939,M01,M01:case_129939,ALL,M4,1,0,False,0
M01:case_129939,M01,M01:case_129939,R1,M4,1,0,False,0
M01:case_129971,M01,M01:case_129971,ALL,M4,1,0,False,1
M01:case_129971,M01,M01:case_129971,R1,M4,1,0,False,1
M01:case_130079,M01,M01:case_130079,ALL,M4,1,0,False,0
M01:case_130079,M01,M01:case_130079,R1,M4,1,0,False,0
M01:case_130079,M01,M01:case_130079,R3,M4,1,0,False,0
M01:case_130149,M01,M01:case_130149,ALL,M4,1,0,False,1
M01:case_130149,M01,M01:case_130149,R1,M4,1,0,False,1
M01:case_130149,M01,M01:case_130149,R3,M4,1,0,False,1
M01:case_13025,M01,M01:case_13025,ALL,M4,1,0,False,1
M01:case_13025,M01,M01:case_13025,R1,M4,1,0,False,1
M01:case_130272,M01,M01:case_130272,ALL,M4,1,0,False,1
M01:case_130272,M01,M01:case_130272,R1,M4,1,0,False,1
M01:case_130293,M01,M01:case_130293,ALL,M4,1,0,False,1
M01:case_130293,M01,M01:case_130293,R1,M4,1,0,False,1
M01:case_130293,M01,M01:case_130293,R3,M4,1,0,False,1
M01:case_130432,M01,M01:case_130432,ALL,M4,1,0,False,1
M01:case_130432,M01,M01:case_130432,R1,M4,1,0,False,1
M01:case_130432,M01,M01:case_130432,R3,M4,1,0,False,1
M01:case_13044,M01,M01:case_13044,ALL,M4,1,1,True,0
M01:case_13044,M01,M01:case_13044,R1,M4,1,1,True,0
M01:case_13044,M01,M01:case_13044,R3,M4,1,1,True,0
M01:case_130571,M01,M01:case_130571,ALL,M4,1,0,False,1
M01:case_130571,M01,M01:case_130571,R1,M4,1,0,False,1
M01:case_13059,M01,M01:case_13059,ALL,M4,1,0,False,1
M01:case_13059,M01,M01:case_13059,R1,M4,1,0,False,1
M01:case_130593,M01,M01:case_130593,ALL,M4,1,0,False,1
M01:case_130593,M01,M01:case_130593,R1,M4,1,0,False,1
M01:case_130593,M01,M01:case_130593,R3,M4,1,0,False,1
M01:case_130673,M01,M01:case_130673,ALL,M4,1,0,False,1
M01:case_130673,M01,M01:case_130673,R1,M4,1,0,False,1
M01:case_13068,M01,M01:case_13068,ALL,M4,1,0,False,1
M01:case_13068,M01,M01:case_13068,R1,M4,1,0,False,1
M01:case_13068,M01,M01:case_13068,R3,M4,1,0,False,1
M01:case_130685,M01,M01:case_130685,ALL,M4,1,0,False,1
M01:case_130685,M01,M01:case_130685,R1,M4,1,0,False,1
M01:case_130810,M01,M01:case_130810,ALL,M4,1,0,False,1
M01:case_130810,M01,M01:case_130810,R1,M4,1,0,False,1
M01:case_130810,M01,M01:case_130810,R3,M4,1,0,False,1
M01:case_130814,M01,M01:case_130814,ALL,M4,1,0,False,1
M01:case_130814,M01,M01:case_130814,R1,M4,1,0,False,1
M01:case_131052,M01,M01:case_131052,ALL,M4,1,0,False,1
M01:case_131052,M01,M01:case_131052,R1,M4,1,0,False,1
M01:case_13111,M01,M01:case_13111,ALL,M4,1,0,False,0
M01:case_13111,M01,M01:case_13111,R1,M4,1,0,False,0
M01:case_13111,M01,M01:case_13111,R3,M4,1,0,False,0
M01:case_131130,M01,M01:case_131130,ALL,M4,1,0,False,0
M01:case_131130,M01,M01:case_131130,R1,M4,1,0,False,0
M01:case_131352,M01,M01:case_131352,ALL,M4,1,0,False,0
M01:case_131352,M01,M01:case_131352,R1,M4,1,0,False,0
M01:case_131374,M01,M01:case_131374,ALL,M4,1,0,False,1
M01:case_131374,M01,M01:case_131374,R1,M4,1,0,False,1
M01:case_131455,M01,M01:case_131455,ALL,M4,1,1,True,0
M01:case_131455,M01,M01:case_131455,R1,M4,1,1,True,0
M01:case_131455,M01,M01:case_131455,R3,M4,1,1,True,0
M01:case_131483,M01,M01:case_131483,ALL,M4,1,0,False,1
M01:case_131483,M01,M01:case_131483,R1,M4,1,0,False,1
M01:case_131691,M01,M01:case_131691,ALL,M4,1,0,False,1
M01:case_131691,M01,M01:case_131691,R1,M4,1,0,False,1
M01:case_131714,M01,M01:case_131714,ALL,M4,1,0,False,0
M01:case_131714,M01,M01:case_131714,R1,M4,1,0,False,0
M01:case_131729,M01,M01:case_131729,ALL,M4,1,0,False,0
M01:case_131729,M01,M01:case_131729,R1,M4,1,0,False,0
M01:case_131729,M01,M01:case_131729,R3,M4,1,0,False,0
M01:case_131744,M01,M01:case_131744,ALL,M4,1,1,True,0
M01:case_131744,M01,M01:case_131744,R1,M4,1,1,True,0
M01:case_131744,M01,M01:case_131744,R3,M4,1,1,True,0
M01:case_131899,M01,M01:case_131899,ALL,M4,1,0,False,1
M01:case_131899,M01,M01:case_131899,R1,M4,1,0,False,1
M01:case_131921,M01,M01:case_131921,ALL,M4,1,0,False,1
M01:case_131921,M01,M01:case_131921,R1,M4,1,0,False,1
M01:case_131921,M01,M01:case_131921,R3,M4,1,0,False,1
M01:case_131988,M01,M01:case_131988,ALL,M4,1,0,False,1
M01:case_131988,M01,M01:case_131988,R1,M4,1,0,False,1
M01:case_13204,M01,M01:case_13204,ALL,M4,1,0,False,1
M01:case_13204,M01,M01:case_13204,R1,M4,1,0,False,1
M01:case_132106,M01,M01:case_132106,ALL,M4,1,0,False,1
M01:case_132106,M01,M01:case_132106,R1,M4,1,0,False,1
M01:case_132106,M01,M01:case_132106,R3,M4,1,0,False,1
M01:case_132159,M01,M01:case_132159,ALL,M4,1,0,False,0
M01:case_132159,M01,M01:case_132159,R1,M4,1,0,False,0
M01:case_132171,M01,M01:case_132171,ALL,M4,1,1,True,0
M01:case_132171,M01,M01:case_132171,R1,M4,1,1,True,0
M01:case_132171,M01,M01:case_132171,R3,M4,1,1,True,0
M01:case_132173,M01,M01:case_132173,ALL,M4,1,0,False,1
M01:case_132173,M01,M01:case_132173,R1,M4,1,0,False,1
M01:case_132229,M01,M01:case_132229,ALL,M4,1,0,False,1
M01:case_132229,M01,M01:case_132229,R1,M4,1,0,False,1
M01:case_132229,M01,M01:case_132229,R3,M4,1,0,False,1
M01:case_132264,M01,M01:case_132264,ALL,M4,1,0,False,1
M01:case_132264,M01,M01:case_132264,R1,M4,1,0,False,1
M01:case_132278,M01,M01:case_132278,ALL,M4,1,0,False,1
M01:case_132278,M01,M01:case_132278,R1,M4,1,0,False,1
M01:case_132344,M01,M01:case_132344,ALL,M4,1,0,False,1
M01:case_132344,M01,M01:case_132344,R1,M4,1,0,False,1
M01:case_132429,M01,M01:case_132429,ALL,M4,1,0,False,0
M01:case_132429,M01,M01:case_132429,R1,M4,1,0,False,0
M01:case_132429,M01,M01:case_132429,R3,M4,1,0,False,0
M01:case_132477,M01,M01:case_132477,ALL,M4,1,0,False,0
M01:case_132477,M01,M01:case_132477,R1,M4,1,0,False,0
M01:case_13249,M01,M01:case_13249,ALL,M4,1,1,True,0
M01:case_13249,M01,M01:case_13249,R1,M4,1,1,True,0
M01:case_13249,M01,M01:case_13249,R3,M4,1,1,True,0
M01:case_132498,M01,M01:case_132498,ALL,M4,1,0,False,1
M01:case_132498,M01,M01:case_132498,R1,M4,1,0,False,1
M01:case_132674,M01,M01:case_132674,ALL,M4,1,0,False,1
M01:case_132674,M01,M01:case_132674,R1,M4,1,0,False,1
M01:case_132771,M01,M01:case_132771,ALL,M4,1,0,False,1
M01:case_132771,M01,M01:case_132771,R1,M4,1,0,False,1
M01:case_132771,M01,M01:case_132771,R3,M4,1,0,False,1
M01:case_132828,M01,M01:case_132828,ALL,M4,1,0,False,1
M01:case_132828,M01,M01:case_132828,R1,M4,1,0,False,1
M01:case_132828,M01,M01:case_132828,R3,M4,1,0,False,1
M01:case_132949,M01,M01:case_132949,ALL,M4,1,0,False,1
M01:case_132949,M01,M01:case_132949,R1,M4,1,0,False,1
M01:case_132949,M01,M01:case_132949,R3,M4,1,0,False,1
M01:case_133007,M01,M01:case_133007,ALL,M4,1,0,False,1
M01:case_133007,M01,M01:case_133007,R1,M4,1,0,False,1
M01:case_133178,M01,M01:case_133178,ALL,M4,1,1,True,0
M01:case_133178,M01,M01:case_133178,R1,M4,1,1,True,0
M01:case_133257,M01,M01:case_133257,ALL,M4,1,0,False,1
M01:case_133257,M01,M01:case_133257,R1,M4,1,0,False,1
M01:case_133257,M01,M01:case_133257,R3,M4,1,0,False,1
M01:case_133316,M01,M01:case_133316,ALL,M4,1,0,False,1
M01:case_133316,M01,M01:case_133316,R1,M4,1,0,False,1
M01:case_133366,M01,M01:case_133366,ALL,M4,1,0,False,0
M01:case_133366,M01,M01:case_133366,R1,M4,1,0,False,0
M01:case_133366,M01,M01:case_133366,R3,M4,1,0,False,0
M01:case_133553,M01,M01:case_133553,ALL,M4,1,0,False,1
M01:case_133553,M01,M01:case_133553,R1,M4,1,0,False,1
M01:case_133553,M01,M01:case_133553,R3,M4,1,0,False,1
M01:case_133595,M01,M01:case_133595,ALL,M4,1,1,True,0
M01:case_133595,M01,M01:case_133595,R1,M4,1,1,True,0
M01:case_133595,M01,M01:case_133595,R3,M4,1,1,True,0
M01:case_133683,M01,M01:case_133683,ALL,M4,1,0,False,1
M01:case_133683,M01,M01:case_133683,R1,M4,1,0,False,1
M01:case_133813,M01,M01:case_133813,ALL,M4,1,1,True,0
M01:case_133813,M01,M01:case_133813,R1,M4,1,1,True,0
M01:case_133861,M01,M01:case_133861,ALL,M4,1,1,True,0
M01:case_133861,M01,M01:case_133861,R1,M4,1,1,True,0
M01:case_133861,M01,M01:case_133861,R3,M4,1,1,True,0
M01:case_133891,M01,M01:case_133891,ALL,M4,1,0,False,1
M01:case_133891,M01,M01:case_133891,R1,M4,1,0,False,1
M01:case_133891,M01,M01:case_133891,R3,M4,1,0,False,1
M01:case_134124,M01,M01:case_134124,ALL,M4,1,0,False,1
M01:case_134124,M01,M01:case_134124,R1,M4,1,0,False,1
M01:case_134169,M01,M01:case_134169,ALL,M4,1,1,True,0
M01:case_134169,M01,M01:case_134169,R1,M4,1,1,True,0
M01:case_134169,M01,M01:case_134169,R3,M4,1,1,True,0
M01:case_13418,M01,M01:case_13418,ALL,M4,1,0,False,1
M01:case_13418,M01,M01:case_13418,R1,M4,1,0,False,1
M01:case_134223,M01,M01:case_134223,ALL,M4,1,0,False,1
M01:case_134223,M01,M01:case_134223,R1,M4,1,0,False,1
M01:case_134223,M01,M01:case_134223,R3,M4,1,0,False,1
M01:case_134256,M01,M01:case_134256,ALL,M4,1,0,False,1
M01:case_134256,M01,M01:case_134256,R1,M4,1,0,False,1
M01:case_13431,M01,M01:case_13431,ALL,M4,1,0,False,1
M01:case_13431,M01,M01:case_13431,R1,M4,1,0,False,1
M01:case_134427,M01,M01:case_134427,ALL,M4,1,0,False,1
M01:case_134427,M01,M01:case_134427,R1,M4,1,0,False,1
M01:case_134427,M01,M01:case_134427,R3,M4,1,0,False,1
M01:case_134485,M01,M01:case_134485,ALL,M4,1,0,False,1
M01:case_134485,M01,M01:case_134485,R1,M4,1,0,False,1
M01:case_13452,M01,M01:case_13452,ALL,M4,1,0,False,1
M01:case_13452,M01,M01:case_13452,R1,M4,1,0,False,1
M01:case_13606,M01,M01:case_13606,ALL,M4,1,0,False,1
M01:case_13606,M01,M01:case_13606,R1,M4,1,0,False,1
M01:case_13627,M01,M01:case_13627,ALL,M4,1,0,False,0
M01:case_13627,M01,M01:case_13627,R1,M4,1,0,False,0
M01:case_13627,M01,M01:case_13627,R3,M4,1,0,False,0
M01:case_13912,M01,M01:case_13912,ALL,M4,1,0,False,1
M01:case_13912,M01,M01:case_13912,R1,M4,1,0,False,1
M01:case_13912,M01,M01:case_13912,R3,M4,1,0,False,1
M01:case_14014,M01,M01:case_14014,ALL,M4,1,0,False,1
M01:case_14014,M01,M01:case_14014,R1,M4,1,0,False,1
M01:case_14016,M01,M01:case_14016,ALL,M4,1,0,False,1
M01:case_14016,M01,M01:case_14016,R1,M4,1,0,False,1
M01:case_14055,M01,M01:case_14055,ALL,M4,1,0,False,1
M01:case_14055,M01,M01:case_14055,R1,M4,1,0,False,1
M01:case_14153,M01,M01:case_14153,ALL,M4,1,0,False,1
M01:case_14153,M01,M01:case_14153,R1,M4,1,0,False,1
M01:case_14153,M01,M01:case_14153,R3,M4,1,0,False,1
M01:case_1422,M01,M01:case_1422,ALL,M4,1,1,True,0
M01:case_1422,M01,M01:case_1422,R1,M4,1,1,True,0
M01:case_1422,M01,M01:case_1422,R3,M4,1,1,True,0
M01:case_14341,M01,M01:case_14341,ALL,M4,1,0,False,1
M01:case_14341,M01,M01:case_14341,R1,M4,1,0,False,1
M01:case_14353,M01,M01:case_14353,ALL,M4,1,0,False,1
M01:case_14353,M01,M01:case_14353,R1,M4,1,0,False,1
M01:case_14385,M01,M01:case_14385,ALL,M4,1,0,False,1
M01:case_14385,M01,M01:case_14385,R1,M4,1,0,False,1
M01:case_14385,M01,M01:case_14385,R3,M4,1,0,False,1
M01:case_14389,M01,M01:case_14389,ALL,M4,1,0,False,1
M01:case_14389,M01,M01:case_14389,R1,M4,1,0,False,1
M01:case_14389,M01,M01:case_14389,R3,M4,1,0,False,1
M01:case_14432,M01,M01:case_14432,ALL,M4,1,0,False,1
M01:case_14432,M01,M01:case_14432,R1,M4,1,0,False,1
M01:case_14475,M01,M01:case_14475,ALL,M4,1,0,False,1
M01:case_14475,M01,M01:case_14475,R1,M4,1,0,False,1
M01:case_14475,M01,M01:case_14475,R3,M4,1,0,False,1
M01:case_14479,M01,M01:case_14479,ALL,M4,1,1,True,0
M01:case_14479,M01,M01:case_14479,R1,M4,1,1,True,0
M01:case_14479,M01,M01:case_14479,R3,M4,1,1,True,0
M01:case_14524,M01,M01:case_14524,ALL,M4,1,0,False,1
M01:case_14524,M01,M01:case_14524,R1,M4,1,0,False,1
M01:case_14583,M01,M01:case_14583,ALL,M4,1,0,False,1
M01:case_14583,M01,M01:case_14583,R1,M4,1,0,False,1
M01:case_14846,M01,M01:case_14846,ALL,M4,1,0,False,1
M01:case_14846,M01,M01:case_14846,R1,M4,1,0,False,1
M01:case_14871,M01,M01:case_14871,ALL,M4,1,0,False,1
M01:case_14871,M01,M01:case_14871,R1,M4,1,0,False,1
M01:case_14871,M01,M01:case_14871,R3,M4,1,0,False,1
M01:case_14907,M01,M01:case_14907,ALL,M4,1,1,True,0
M01:case_14907,M01,M01:case_14907,R1,M4,1,1,True,0
M01:case_14907,M01,M01:case_14907,R3,M4,1,1,True,0
M01:case_15049,M01,M01:case_15049,ALL,M4,1,0,False,1
M01:case_15049,M01,M01:case_15049,R1,M4,1,0,False,1
M01:case_15067,M01,M01:case_15067,ALL,M4,1,0,False,1
M01:case_15067,M01,M01:case_15067,R1,M4,1,0,False,1
M01:case_15125,M01,M01:case_15125,ALL,M4,1,0,False,1
M01:case_15125,M01,M01:case_15125,R1,M4,1,0,False,1
M01:case_152,M01,M01:case_152,ALL,M4,1,0,False,0
M01:case_152,M01,M01:case_152,R1,M4,1,0,False,0
M01:case_15367,M01,M01:case_15367,ALL,M4,1,0,False,1
M01:case_15367,M01,M01:case_15367,R1,M4,1,0,False,1
M01:case_15370,M01,M01:case_15370,ALL,M4,1,1,True,0
M01:case_15370,M01,M01:case_15370,R1,M4,1,1,True,0
M01:case_15370,M01,M01:case_15370,R3,M4,1,1,True,0
M01:case_15385,M01,M01:case_15385,ALL,M4,1,0,False,0
M01:case_15385,M01,M01:case_15385,R1,M4,1,0,False,0
M01:case_15393,M01,M01:case_15393,ALL,M4,1,0,False,1
M01:case_15393,M01,M01:case_15393,R1,M4,1,0,False,1
M01:case_15393,M01,M01:case_15393,R3,M4,1,0,False,1
M01:case_15410,M01,M01:case_15410,ALL,M4,1,0,False,1
M01:case_15410,M01,M01:case_15410,R1,M4,1,0,False,1
M01:case_15712,M01,M01:case_15712,ALL,M4,1,0,False,1
M01:case_15712,M01,M01:case_15712,R1,M4,1,0,False,1
M01:case_15765,M01,M01:case_15765,ALL,M4,1,0,False,1
M01:case_15765,M01,M01:case_15765,R1,M4,1,0,False,1
M01:case_15895,M01,M01:case_15895,ALL,M4,1,0,False,1
M01:case_15895,M01,M01:case_15895,R1,M4,1,0,False,1
M01:case_15895,M01,M01:case_15895,R3,M4,1,0,False,1
M01:case_16026,M01,M01:case_16026,ALL,M4,1,0,False,0
M01:case_16026,M01,M01:case_16026,R1,M4,1,0,False,0
M01:case_16110,M01,M01:case_16110,ALL,M4,1,0,False,0
M01:case_16110,M01,M01:case_16110,R1,M4,1,0,False,0
M01:case_16116,M01,M01:case_16116,ALL,M4,1,0,False,0
M01:case_16116,M01,M01:case_16116,R1,M4,1,0,False,0
M01:case_1617,M01,M01:case_1617,ALL,M4,1,0,False,1
M01:case_1617,M01,M01:case_1617,R1,M4,1,0,False,1
M01:case_16196,M01,M01:case_16196,ALL,M4,1,0,False,1
M01:case_16196,M01,M01:case_16196,R1,M4,1,0,False,1
M01:case_16467,M01,M01:case_16467,ALL,M4,1,0,False,1
M01:case_16467,M01,M01:case_16467,R1,M4,1,0,False,1
M01:case_16467,M01,M01:case_16467,R3,M4,1,0,False,1
M01:case_16609,M01,M01:case_16609,ALL,M4,1,0,False,1
M01:case_16609,M01,M01:case_16609,R1,M4,1,0,False,1
M01:case_16718,M01,M01:case_16718,ALL,M4,1,0,False,1
M01:case_16718,M01,M01:case_16718,R1,M4,1,0,False,1
M01:case_16718,M01,M01:case_16718,R3,M4,1,0,False,1
M01:case_16754,M01,M01:case_16754,ALL,M4,1,1,True,0
M01:case_16754,M01,M01:case_16754,R1,M4,1,1,True,0
M01:case_16754,M01,M01:case_16754,R3,M4,1,1,True,0
M01:case_1687,M01,M01:case_1687,ALL,M4,1,0,False,1
M01:case_1687,M01,M01:case_1687,R1,M4,1,0,False,1
M01:case_16902,M01,M01:case_16902,ALL,M4,1,0,False,0
M01:case_16902,M01,M01:case_16902,R1,M4,1,0,False,0
M01:case_16902,M01,M01:case_16902,R3,M4,1,0,False,0
M01:case_16917,M01,M01:case_16917,ALL,M4,1,0,False,1
M01:case_16917,M01,M01:case_16917,R1,M4,1,0,False,1
M01:case_16930,M01,M01:case_16930,ALL,M4,1,0,False,0
M01:case_16930,M01,M01:case_16930,R1,M4,1,0,False,0
M01:case_17024,M01,M01:case_17024,ALL,M4,1,0,False,1
M01:case_17024,M01,M01:case_17024,R1,M4,1,0,False,1
M01:case_1705,M01,M01:case_1705,ALL,M4,1,0,False,1
M01:case_1705,M01,M01:case_1705,R1,M4,1,0,False,1
M01:case_1705,M01,M01:case_1705,R3,M4,1,0,False,1
M01:case_17077,M01,M01:case_17077,ALL,M4,1,0,False,0
M01:case_17077,M01,M01:case_17077,R1,M4,1,0,False,0
M01:case_17147,M01,M01:case_17147,ALL,M4,1,0,False,0
M01:case_17147,M01,M01:case_17147,R1,M4,1,0,False,0
M01:case_17215,M01,M01:case_17215,ALL,M4,1,0,False,1
M01:case_17215,M01,M01:case_17215,R1,M4,1,0,False,1
M01:case_17256,M01,M01:case_17256,ALL,M4,1,0,False,1
M01:case_17256,M01,M01:case_17256,R1,M4,1,0,False,1
M01:case_17440,M01,M01:case_17440,ALL,M4,1,0,False,1
M01:case_17440,M01,M01:case_17440,R1,M4,1,0,False,1
M01:case_17458,M01,M01:case_17458,ALL,M4,1,0,False,1
M01:case_17458,M01,M01:case_17458,R1,M4,1,0,False,1
M01:case_17458,M01,M01:case_17458,R3,M4,1,0,False,1
M01:case_17477,M01,M01:case_17477,ALL,M4,1,0,False,0
M01:case_17477,M01,M01:case_17477,R1,M4,1,0,False,0
M01:case_17668,M01,M01:case_17668,ALL,M4,1,0,False,1
M01:case_17668,M01,M01:case_17668,R1,M4,1,0,False,1
M01:case_17668,M01,M01:case_17668,R3,M4,1,0,False,1
M01:case_17725,M01,M01:case_17725,ALL,M4,1,0,False,1
M01:case_17725,M01,M01:case_17725,R1,M4,1,0,False,1
M01:case_17752,M01,M01:case_17752,ALL,M4,1,1,True,0
M01:case_17752,M01,M01:case_17752,R1,M4,1,1,True,0
M01:case_17752,M01,M01:case_17752,R3,M4,1,1,True,0
M01:case_17768,M01,M01:case_17768,ALL,M4,1,0,False,1
M01:case_17768,M01,M01:case_17768,R1,M4,1,0,False,1
M01:case_18073,M01,M01:case_18073,ALL,M4,1,0,False,1
M01:case_18073,M01,M01:case_18073,R1,M4,1,0,False,1
M01:case_18073,M01,M01:case_18073,R3,M4,1,0,False,1
M01:case_18166,M01,M01:case_18166,ALL,M4,1,0,False,1
M01:case_18166,M01,M01:case_18166,R1,M4,1,0,False,1
M01:case_18434,M01,M01:case_18434,ALL,M4,1,1,True,0
M01:case_18434,M01,M01:case_18434,R1,M4,1,1,True,0
M01:case_18434,M01,M01:case_18434,R3,M4,1,1,True,0
M01:case_18458,M01,M01:case_18458,ALL,M4,1,1,True,0
M01:case_18458,M01,M01:case_18458,R1,M4,1,1,True,0
M01:case_18531,M01,M01:case_18531,ALL,M4,1,0,False,1
M01:case_18531,M01,M01:case_18531,R1,M4,1,0,False,1
M01:case_18531,M01,M01:case_18531,R3,M4,1,0,False,1
M01:case_18683,M01,M01:case_18683,ALL,M4,1,0,False,1
M01:case_18683,M01,M01:case_18683,R1,M4,1,0,False,1
M01:case_18683,M01,M01:case_18683,R3,M4,1,0,False,1
M01:case_1874,M01,M01:case_1874,ALL,M4,1,0,False,1
M01:case_1874,M01,M01:case_1874,R1,M4,1,0,False,1
M01:case_1874,M01,M01:case_1874,R3,M4,1,0,False,1
M01:case_18769,M01,M01:case_18769,ALL,M4,1,0,False,1
M01:case_18769,M01,M01:case_18769,R1,M4,1,0,False,1
M01:case_18769,M01,M01:case_18769,R3,M4,1,0,False,1
M01:case_18881,M01,M01:case_18881,ALL,M4,1,0,False,1
M01:case_18881,M01,M01:case_18881,R1,M4,1,0,False,1
M01:case_19029,M01,M01:case_19029,ALL,M4,1,0,False,1
M01:case_19029,M01,M01:case_19029,R1,M4,1,0,False,1
M01:case_19056,M01,M01:case_19056,ALL,M4,1,0,False,1
M01:case_19056,M01,M01:case_19056,R1,M4,1,0,False,1
M01:case_19063,M01,M01:case_19063,ALL,M4,1,0,False,0
M01:case_19063,M01,M01:case_19063,R1,M4,1,0,False,0
M01:case_19070,M01,M01:case_19070,ALL,M4,1,0,False,1
M01:case_19070,M01,M01:case_19070,R1,M4,1,0,False,1
M01:case_19125,M01,M01:case_19125,ALL,M4,1,0,False,0
M01:case_19125,M01,M01:case_19125,R1,M4,1,0,False,0
M01:case_19125,M01,M01:case_19125,R3,M4,1,0,False,0
M01:case_19151,M01,M01:case_19151,ALL,M4,1,0,False,1
M01:case_19151,M01,M01:case_19151,R1,M4,1,0,False,1
M01:case_19263,M01,M01:case_19263,ALL,M4,1,1,True,0
M01:case_19263,M01,M01:case_19263,R1,M4,1,1,True,0
M01:case_19263,M01,M01:case_19263,R3,M4,1,1,True,0
M01:case_19333,M01,M01:case_19333,ALL,M4,1,0,False,1
M01:case_19333,M01,M01:case_19333,R1,M4,1,0,False,1
M01:case_19333,M01,M01:case_19333,R3,M4,1,0,False,1
M01:case_19346,M01,M01:case_19346,ALL,M4,1,1,True,0
M01:case_19346,M01,M01:case_19346,R1,M4,1,1,True,0
M01:case_19346,M01,M01:case_19346,R3,M4,1,1,True,0
M01:case_19360,M01,M01:case_19360,ALL,M4,1,0,False,0
M01:case_19360,M01,M01:case_19360,R1,M4,1,0,False,0
M01:case_19361,M01,M01:case_19361,ALL,M4,1,0,False,1
M01:case_19361,M01,M01:case_19361,R1,M4,1,0,False,1
M01:case_19361,M01,M01:case_19361,R3,M4,1,0,False,1
M01:case_19373,M01,M01:case_19373,ALL,M4,1,0,False,0
M01:case_19373,M01,M01:case_19373,R1,M4,1,0,False,0
M01:case_19373,M01,M01:case_19373,R3,M4,1,0,False,0
M01:case_19449,M01,M01:case_19449,ALL,M4,1,0,False,1
M01:case_19449,M01,M01:case_19449,R1,M4,1,0,False,1
M01:case_19467,M01,M01:case_19467,ALL,M4,1,0,False,1
M01:case_19467,M01,M01:case_19467,R1,M4,1,0,False,1
M01:case_1948,M01,M01:case_1948,ALL,M4,1,0,False,0
M01:case_1948,M01,M01:case_1948,R1,M4,1,0,False,0
M01:case_19752,M01,M01:case_19752,ALL,M4,1,0,False,1
M01:case_19752,M01,M01:case_19752,R1,M4,1,0,False,1
M01:case_19816,M01,M01:case_19816,ALL,M4,1,0,False,1
M01:case_19816,M01,M01:case_19816,R1,M4,1,0,False,1
M01:case_19816,M01,M01:case_19816,R3,M4,1,0,False,1
M01:case_19856,M01,M01:case_19856,ALL,M4,1,0,False,1
M01:case_19856,M01,M01:case_19856,R1,M4,1,0,False,1
M01:case_19856,M01,M01:case_19856,R3,M4,1,0,False,1
M01:case_19889,M01,M01:case_19889,ALL,M4,1,0,False,1
M01:case_19889,M01,M01:case_19889,R1,M4,1,0,False,1
M01:case_19889,M01,M01:case_19889,R3,M4,1,0,False,1
M01:case_19966,M01,M01:case_19966,ALL,M4,1,0,False,1
M01:case_19966,M01,M01:case_19966,R1,M4,1,0,False,1
M01:case_1997,M01,M01:case_1997,ALL,M4,1,1,True,0
M01:case_1997,M01,M01:case_1997,R1,M4,1,1,True,0
M01:case_1997,M01,M01:case_1997,R3,M4,1,1,True,0
M01:case_20236,M01,M01:case_20236,ALL,M4,1,0,False,1
M01:case_20236,M01,M01:case_20236,R1,M4,1,0,False,1
M01:case_20387,M01,M01:case_20387,ALL,M4,1,0,False,1
M01:case_20387,M01,M01:case_20387,R1,M4,1,0,False,1
M01:case_20444,M01,M01:case_20444,ALL,M4,1,0,False,1
M01:case_20444,M01,M01:case_20444,R1,M4,1,0,False,1
M01:case_20444,M01,M01:case_20444,R3,M4,1,0,False,1
M01:case_2053,M01,M01:case_2053,ALL,M4,1,0,False,0
M01:case_2053,M01,M01:case_2053,R1,M4,1,0,False,0
M01:case_20711,M01,M01:case_20711,ALL,M4,1,1,True,0
M01:case_20711,M01,M01:case_20711,R1,M4,1,1,True,0
M01:case_20711,M01,M01:case_20711,R3,M4,1,1,True,0
M01:case_20912,M01,M01:case_20912,ALL,M4,1,0,False,1
M01:case_20912,M01,M01:case_20912,R1,M4,1,0,False,1
M01:case_20938,M01,M01:case_20938,ALL,M4,1,0,False,1
M01:case_20938,M01,M01:case_20938,R1,M4,1,0,False,1
M01:case_21047,M01,M01:case_21047,ALL,M4,1,0,False,1
M01:case_21047,M01,M01:case_21047,R1,M4,1,0,False,1
M01:case_21047,M01,M01:case_21047,R3,M4,1,0,False,1
M01:case_21218,M01,M01:case_21218,ALL,M4,1,0,False,1
M01:case_21218,M01,M01:case_21218,R1,M4,1,0,False,1
M01:case_21251,M01,M01:case_21251,ALL,M4,1,0,False,1
M01:case_21251,M01,M01:case_21251,R1,M4,1,0,False,1
M01:case_21279,M01,M01:case_21279,ALL,M4,1,0,False,1
M01:case_21279,M01,M01:case_21279,R1,M4,1,0,False,1
M01:case_21279,M01,M01:case_21279,R3,M4,1,0,False,1
M01:case_21293,M01,M01:case_21293,ALL,M4,1,1,True,0
M01:case_21293,M01,M01:case_21293,R1,M4,1,1,True,0
M01:case_21293,M01,M01:case_21293,R3,M4,1,1,True,0
M01:case_21299,M01,M01:case_21299,ALL,M4,1,1,True,0
M01:case_21299,M01,M01:case_21299,R1,M4,1,1,True,0
M01:case_21299,M01,M01:case_21299,R3,M4,1,1,True,0
M01:case_21305,M01,M01:case_21305,ALL,M4,1,0,False,1
M01:case_21305,M01,M01:case_21305,R1,M4,1,0,False,1
M01:case_21305,M01,M01:case_21305,R3,M4,1,0,False,1
M01:case_21384,M01,M01:case_21384,ALL,M4,1,1,True,0
M01:case_21384,M01,M01:case_21384,R1,M4,1,1,True,0
M01:case_21384,M01,M01:case_21384,R3,M4,1,1,True,0
M01:case_2152,M01,M01:case_2152,ALL,M4,1,0,False,0
M01:case_2152,M01,M01:case_2152,R1,M4,1,0,False,0
M01:case_21581,M01,M01:case_21581,ALL,M4,1,0,False,1
M01:case_21581,M01,M01:case_21581,R1,M4,1,0,False,1
M01:case_21581,M01,M01:case_21581,R3,M4,1,0,False,1
M01:case_21587,M01,M01:case_21587,ALL,M4,1,0,False,1
M01:case_21587,M01,M01:case_21587,R1,M4,1,0,False,1
M01:case_21587,M01,M01:case_21587,R3,M4,1,0,False,1
M01:case_21804,M01,M01:case_21804,ALL,M4,1,0,False,1
M01:case_21804,M01,M01:case_21804,R1,M4,1,0,False,1
M01:case_21874,M01,M01:case_21874,ALL,M4,1,0,False,1
M01:case_21874,M01,M01:case_21874,R1,M4,1,0,False,1
M01:case_21874,M01,M01:case_21874,R3,M4,1,0,False,1
M01:case_2190,M01,M01:case_2190,ALL,M4,1,0,False,1
M01:case_2190,M01,M01:case_2190,R1,M4,1,0,False,1
M01:case_21904,M01,M01:case_21904,ALL,M4,1,0,False,1
M01:case_21904,M01,M01:case_21904,R1,M4,1,0,False,1
M01:case_21904,M01,M01:case_21904,R3,M4,1,0,False,1
M01:case_21983,M01,M01:case_21983,ALL,M4,1,0,False,1
M01:case_21983,M01,M01:case_21983,R1,M4,1,0,False,1
M01:case_22153,M01,M01:case_22153,ALL,M4,1,0,False,0
M01:case_22153,M01,M01:case_22153,R1,M4,1,0,False,0
M01:case_22327,M01,M01:case_22327,ALL,M4,1,1,True,0
M01:case_22327,M01,M01:case_22327,R1,M4,1,1,True,0
M01:case_22327,M01,M01:case_22327,R3,M4,1,1,True,0
M01:case_22352,M01,M01:case_22352,ALL,M4,1,0,False,1
M01:case_22352,M01,M01:case_22352,R1,M4,1,0,False,1
M01:case_22375,M01,M01:case_22375,ALL,M4,1,0,False,1
M01:case_22375,M01,M01:case_22375,R1,M4,1,0,False,1
M01:case_22395,M01,M01:case_22395,ALL,M4,1,0,False,1
M01:case_22395,M01,M01:case_22395,R1,M4,1,0,False,1
M01:case_22474,M01,M01:case_22474,ALL,M4,1,0,False,1
M01:case_22474,M01,M01:case_22474,R1,M4,1,0,False,1
M01:case_22532,M01,M01:case_22532,ALL,M4,1,0,False,1
M01:case_22532,M01,M01:case_22532,R1,M4,1,0,False,1
M01:case_22539,M01,M01:case_22539,ALL,M4,1,0,False,1
M01:case_22539,M01,M01:case_22539,R1,M4,1,0,False,1
M01:case_22539,M01,M01:case_22539,R3,M4,1,0,False,1
M01:case_22564,M01,M01:case_22564,ALL,M4,1,1,True,0
M01:case_22564,M01,M01:case_22564,R1,M4,1,1,True,0
M01:case_22564,M01,M01:case_22564,R3,M4,1,1,True,0
M01:case_22791,M01,M01:case_22791,ALL,M4,1,0,False,0
M01:case_22791,M01,M01:case_22791,R1,M4,1,0,False,0
M01:case_22864,M01,M01:case_22864,ALL,M4,1,1,True,0
M01:case_22864,M01,M01:case_22864,R1,M4,1,1,True,0
M01:case_22864,M01,M01:case_22864,R3,M4,1,1,True,0
M01:case_22931,M01,M01:case_22931,ALL,M4,1,0,False,1
M01:case_22931,M01,M01:case_22931,R1,M4,1,0,False,1
M01:case_22931,M01,M01:case_22931,R3,M4,1,0,False,1
M01:case_22967,M01,M01:case_22967,ALL,M4,1,0,False,1
M01:case_22967,M01,M01:case_22967,R1,M4,1,0,False,1
M01:case_23224,M01,M01:case_23224,ALL,M4,1,1,True,0
M01:case_23224,M01,M01:case_23224,R1,M4,1,1,True,0
M01:case_23224,M01,M01:case_23224,R3,M4,1,1,True,0
M01:case_23334,M01,M01:case_23334,ALL,M4,1,0,False,1
M01:case_23334,M01,M01:case_23334,R1,M4,1,0,False,1
M01:case_23481,M01,M01:case_23481,ALL,M4,1,0,False,1
M01:case_23481,M01,M01:case_23481,R1,M4,1,0,False,1
M01:case_23494,M01,M01:case_23494,ALL,M4,1,1,True,0
M01:case_23494,M01,M01:case_23494,R1,M4,1,1,True,0
M01:case_23494,M01,M01:case_23494,R3,M4,1,1,True,0
M01:case_2350,M01,M01:case_2350,ALL,M4,1,0,False,1
M01:case_2350,M01,M01:case_2350,R1,M4,1,0,False,1
M01:case_23593,M01,M01:case_23593,ALL,M4,1,0,False,0
M01:case_23593,M01,M01:case_23593,R1,M4,1,0,False,0
M01:case_23631,M01,M01:case_23631,ALL,M4,1,1,True,0
M01:case_23631,M01,M01:case_23631,R1,M4,1,1,True,0
M01:case_23631,M01,M01:case_23631,R3,M4,1,1,True,0
M01:case_23958,M01,M01:case_23958,ALL,M4,1,0,False,1
M01:case_23958,M01,M01:case_23958,R1,M4,1,0,False,1
M01:case_23994,M01,M01:case_23994,ALL,M4,1,0,False,1
M01:case_23994,M01,M01:case_23994,R1,M4,1,0,False,1
M01:case_23994,M01,M01:case_23994,R3,M4,1,0,False,1
M01:case_2422,M01,M01:case_2422,ALL,M4,1,0,False,1
M01:case_2422,M01,M01:case_2422,R1,M4,1,0,False,1
M01:case_24284,M01,M01:case_24284,ALL,M4,1,0,False,1
M01:case_24284,M01,M01:case_24284,R1,M4,1,0,False,1
M01:case_24336,M01,M01:case_24336,ALL,M4,1,0,False,0
M01:case_24336,M01,M01:case_24336,R1,M4,1,0,False,0
M01:case_24355,M01,M01:case_24355,ALL,M4,1,0,False,1
M01:case_24355,M01,M01:case_24355,R1,M4,1,0,False,1
M01:case_24389,M01,M01:case_24389,ALL,M4,1,1,True,0
M01:case_24389,M01,M01:case_24389,R1,M4,1,1,True,0
M01:case_24389,M01,M01:case_24389,R3,M4,1,1,True,0
M01:case_24393,M01,M01:case_24393,ALL,M4,1,0,False,1
M01:case_24393,M01,M01:case_24393,R1,M4,1,0,False,1
M01:case_24439,M01,M01:case_24439,ALL,M4,1,0,False,1
M01:case_24439,M01,M01:case_24439,R1,M4,1,0,False,1
M01:case_24464,M01,M01:case_24464,ALL,M4,1,0,False,1
M01:case_24464,M01,M01:case_24464,R1,M4,1,0,False,1
M01:case_24464,M01,M01:case_24464,R3,M4,1,0,False,1
M01:case_24523,M01,M01:case_24523,ALL,M4,1,0,False,1
M01:case_24523,M01,M01:case_24523,R1,M4,1,0,False,1
M01:case_24577,M01,M01:case_24577,ALL,M4,1,0,False,1
M01:case_24577,M01,M01:case_24577,R1,M4,1,0,False,1
M01:case_24577,M01,M01:case_24577,R3,M4,1,0,False,1
M01:case_24705,M01,M01:case_24705,ALL,M4,1,0,False,1
M01:case_24705,M01,M01:case_24705,R1,M4,1,0,False,1
M01:case_24796,M01,M01:case_24796,ALL,M4,1,0,False,1
M01:case_24796,M01,M01:case_24796,R1,M4,1,0,False,1
M01:case_2483,M01,M01:case_2483,ALL,M4,1,0,False,1
M01:case_2483,M01,M01:case_2483,R1,M4,1,0,False,1
M01:case_24940,M01,M01:case_24940,ALL,M4,1,0,False,1
M01:case_24940,M01,M01:case_24940,R1,M4,1,0,False,1
M01:case_24940,M01,M01:case_24940,R3,M4,1,0,False,1
M01:case_24951,M01,M01:case_24951,ALL,M4,1,0,False,1
M01:case_24951,M01,M01:case_24951,R1,M4,1,0,False,1
M01:case_24991,M01,M01:case_24991,ALL,M4,1,0,False,1
M01:case_24991,M01,M01:case_24991,R1,M4,1,0,False,1
M01:case_24991,M01,M01:case_24991,R3,M4,1,0,False,1
M01:case_25053,M01,M01:case_25053,ALL,M4,1,0,False,0
M01:case_25053,M01,M01:case_25053,R1,M4,1,0,False,0
M01:case_25053,M01,M01:case_25053,R3,M4,1,0,False,0
M01:case_25108,M01,M01:case_25108,ALL,M4,1,0,False,1
M01:case_25108,M01,M01:case_25108,R1,M4,1,0,False,1
M01:case_25297,M01,M01:case_25297,ALL,M4,1,0,False,0
M01:case_25297,M01,M01:case_25297,R1,M4,1,0,False,0
M01:case_25390,M01,M01:case_25390,ALL,M4,1,0,False,0
M01:case_25390,M01,M01:case_25390,R1,M4,1,0,False,0
M01:case_25549,M01,M01:case_25549,ALL,M4,1,0,False,1
M01:case_25549,M01,M01:case_25549,R1,M4,1,0,False,1
M01:case_25582,M01,M01:case_25582,ALL,M4,1,0,False,1
M01:case_25582,M01,M01:case_25582,R1,M4,1,0,False,1
M01:case_25740,M01,M01:case_25740,ALL,M4,1,1,True,0
M01:case_25740,M01,M01:case_25740,R1,M4,1,1,True,0
M01:case_25740,M01,M01:case_25740,R3,M4,1,1,True,0
M01:case_2576,M01,M01:case_2576,ALL,M4,1,0,False,1
M01:case_2576,M01,M01:case_2576,R1,M4,1,0,False,1
M01:case_25808,M01,M01:case_25808,ALL,M4,1,0,False,1
M01:case_25808,M01,M01:case_25808,R1,M4,1,0,False,1
M01:case_25895,M01,M01:case_25895,ALL,M4,1,0,False,1
M01:case_25895,M01,M01:case_25895,R1,M4,1,0,False,1
M01:case_25895,M01,M01:case_25895,R3,M4,1,0,False,1
M01:case_25952,M01,M01:case_25952,ALL,M4,1,0,False,0
M01:case_25952,M01,M01:case_25952,R1,M4,1,0,False,0
M01:case_26004,M01,M01:case_26004,ALL,M4,1,0,False,1
M01:case_26004,M01,M01:case_26004,R1,M4,1,0,False,1
M01:case_26004,M01,M01:case_26004,R3,M4,1,0,False,1
M01:case_26022,M01,M01:case_26022,ALL,M4,1,0,False,1
M01:case_26022,M01,M01:case_26022,R1,M4,1,0,False,1
M01:case_26085,M01,M01:case_26085,ALL,M4,1,1,True,0
M01:case_26085,M01,M01:case_26085,R1,M4,1,1,True,0
M01:case_26085,M01,M01:case_26085,R3,M4,1,1,True,0
M01:case_26185,M01,M01:case_26185,ALL,M4,1,0,False,1
M01:case_26185,M01,M01:case_26185,R1,M4,1,0,False,1
M01:case_26233,M01,M01:case_26233,ALL,M4,1,0,False,1
M01:case_26233,M01,M01:case_26233,R1,M4,1,0,False,1
M01:case_26330,M01,M01:case_26330,ALL,M4,1,1,True,0
M01:case_26330,M01,M01:case_26330,R1,M4,1,1,True,0
M01:case_26330,M01,M01:case_26330,R3,M4,1,1,True,0
M01:case_26365,M01,M01:case_26365,ALL,M4,1,0,False,1
M01:case_26365,M01,M01:case_26365,R1,M4,1,0,False,1
M01:case_26365,M01,M01:case_26365,R3,M4,1,0,False,1
M01:case_26437,M01,M01:case_26437,ALL,M4,1,1,True,0
M01:case_26437,M01,M01:case_26437,R1,M4,1,1,True,0
M01:case_26437,M01,M01:case_26437,R3,M4,1,1,True,0
M01:case_26478,M01,M01:case_26478,ALL,M4,1,0,False,1
M01:case_26478,M01,M01:case_26478,R1,M4,1,0,False,1
M01:case_26478,M01,M01:case_26478,R3,M4,1,0,False,1
M01:case_26575,M01,M01:case_26575,ALL,M4,1,0,False,1
M01:case_26575,M01,M01:case_26575,R1,M4,1,0,False,1
M01:case_26575,M01,M01:case_26575,R3,M4,1,0,False,1
M01:case_26604,M01,M01:case_26604,ALL,M4,1,0,False,1
M01:case_26604,M01,M01:case_26604,R1,M4,1,0,False,1
M01:case_26604,M01,M01:case_26604,R3,M4,1,0,False,1
M01:case_2664,M01,M01:case_2664,ALL,M4,1,0,False,1
M01:case_2664,M01,M01:case_2664,R1,M4,1,0,False,1
M01:case_2664,M01,M01:case_2664,R3,M4,1,0,False,1
M01:case_26664,M01,M01:case_26664,ALL,M4,1,0,False,0
M01:case_26664,M01,M01:case_26664,R1,M4,1,0,False,0
M01:case_26854,M01,M01:case_26854,ALL,M4,1,0,False,1
M01:case_26854,M01,M01:case_26854,R1,M4,1,0,False,1
M01:case_26854,M01,M01:case_26854,R3,M4,1,0,False,1
M01:case_2688,M01,M01:case_2688,ALL,M4,1,0,False,1
M01:case_2688,M01,M01:case_2688,R1,M4,1,0,False,1
M01:case_26892,M01,M01:case_26892,ALL,M4,1,0,False,1
M01:case_26892,M01,M01:case_26892,R1,M4,1,0,False,1
M01:case_27005,M01,M01:case_27005,ALL,M4,1,0,False,0
M01:case_27005,M01,M01:case_27005,R1,M4,1,0,False,0
M01:case_27057,M01,M01:case_27057,ALL,M4,1,0,False,1
M01:case_27057,M01,M01:case_27057,R1,M4,1,0,False,1
M01:case_27110,M01,M01:case_27110,ALL,M4,1,0,False,1
M01:case_27110,M01,M01:case_27110,R1,M4,1,0,False,1
M01:case_27156,M01,M01:case_27156,ALL,M4,1,0,False,1
M01:case_27156,M01,M01:case_27156,R1,M4,1,0,False,1
M01:case_27156,M01,M01:case_27156,R3,M4,1,0,False,1
M01:case_27240,M01,M01:case_27240,ALL,M4,1,0,False,0
M01:case_27240,M01,M01:case_27240,R1,M4,1,0,False,0
M01:case_27259,M01,M01:case_27259,ALL,M4,1,0,False,1
M01:case_27259,M01,M01:case_27259,R1,M4,1,0,False,1
M01:case_27320,M01,M01:case_27320,ALL,M4,1,1,True,0
M01:case_27320,M01,M01:case_27320,R1,M4,1,1,True,0
M01:case_27320,M01,M01:case_27320,R3,M4,1,1,True,0
M01:case_27364,M01,M01:case_27364,ALL,M4,1,0,False,1
M01:case_27364,M01,M01:case_27364,R1,M4,1,0,False,1
M01:case_27379,M01,M01:case_27379,ALL,M4,1,0,False,1
M01:case_27379,M01,M01:case_27379,R1,M4,1,0,False,1
M01:case_27379,M01,M01:case_27379,R3,M4,1,0,False,1
M01:case_27456,M01,M01:case_27456,ALL,M4,1,0,False,0
M01:case_27456,M01,M01:case_27456,R1,M4,1,0,False,0
M01:case_275,M01,M01:case_275,ALL,M4,1,0,False,1
M01:case_275,M01,M01:case_275,R1,M4,1,0,False,1
M01:case_275,M01,M01:case_275,R3,M4,1,0,False,1
M01:case_27518,M01,M01:case_27518,ALL,M4,1,1,True,0
M01:case_27518,M01,M01:case_27518,R1,M4,1,1,True,0
M01:case_27518,M01,M01:case_27518,R3,M4,1,1,True,0
M01:case_27568,M01,M01:case_27568,ALL,M4,1,0,False,1
M01:case_27568,M01,M01:case_27568,R1,M4,1,0,False,1
M01:case_27568,M01,M01:case_27568,R3,M4,1,0,False,1
M01:case_27689,M01,M01:case_27689,ALL,M4,1,0,False,1
M01:case_27689,M01,M01:case_27689,R1,M4,1,0,False,1
M01:case_27689,M01,M01:case_27689,R3,M4,1,0,False,1
M01:case_27700,M01,M01:case_27700,ALL,M4,1,0,False,1
M01:case_27700,M01,M01:case_27700,R1,M4,1,0,False,1
M01:case_27736,M01,M01:case_27736,ALL,M4,1,0,False,0
M01:case_27736,M01,M01:case_27736,R1,M4,1,0,False,0
M01:case_27771,M01,M01:case_27771,ALL,M4,1,0,False,0
M01:case_27771,M01,M01:case_27771,R1,M4,1,0,False,0
M01:case_27857,M01,M01:case_27857,ALL,M4,1,0,False,1
M01:case_27857,M01,M01:case_27857,R1,M4,1,0,False,1
M01:case_28019,M01,M01:case_28019,ALL,M4,1,0,False,1
M01:case_28019,M01,M01:case_28019,R1,M4,1,0,False,1
M01:case_28019,M01,M01:case_28019,R3,M4,1,0,False,1
M01:case_28051,M01,M01:case_28051,ALL,M4,1,0,False,1
M01:case_28051,M01,M01:case_28051,R1,M4,1,0,False,1
M01:case_28211,M01,M01:case_28211,ALL,M4,1,0,False,1
M01:case_28211,M01,M01:case_28211,R1,M4,1,0,False,1
M01:case_28215,M01,M01:case_28215,ALL,M4,1,1,True,0
M01:case_28215,M01,M01:case_28215,R1,M4,1,1,True,0
M01:case_28215,M01,M01:case_28215,R3,M4,1,1,True,0
M01:case_28225,M01,M01:case_28225,ALL,M4,1,0,False,1
M01:case_28225,M01,M01:case_28225,R1,M4,1,0,False,1
M01:case_28318,M01,M01:case_28318,ALL,M4,1,0,False,0
M01:case_28318,M01,M01:case_28318,R1,M4,1,0,False,0
M01:case_28480,M01,M01:case_28480,ALL,M4,1,0,False,0
M01:case_28480,M01,M01:case_28480,R1,M4,1,0,False,0
M01:case_28551,M01,M01:case_28551,ALL,M4,1,0,False,1
M01:case_28551,M01,M01:case_28551,R1,M4,1,0,False,1
M01:case_28551,M01,M01:case_28551,R3,M4,1,0,False,1
M01:case_2874,M01,M01:case_2874,ALL,M4,1,0,False,1
M01:case_2874,M01,M01:case_2874,R1,M4,1,0,False,1
M01:case_2874,M01,M01:case_2874,R3,M4,1,0,False,1
M01:case_28747,M01,M01:case_28747,ALL,M4,1,0,False,0
M01:case_28747,M01,M01:case_28747,R1,M4,1,0,False,0
M01:case_2876,M01,M01:case_2876,ALL,M4,1,0,False,1
M01:case_2876,M01,M01:case_2876,R1,M4,1,0,False,1
M01:case_28797,M01,M01:case_28797,ALL,M4,1,0,False,1
M01:case_28797,M01,M01:case_28797,R1,M4,1,0,False,1
M01:case_28797,M01,M01:case_28797,R3,M4,1,0,False,1
M01:case_28825,M01,M01:case_28825,ALL,M4,1,0,False,1
M01:case_28825,M01,M01:case_28825,R1,M4,1,0,False,1
M01:case_28952,M01,M01:case_28952,ALL,M4,1,0,False,1
M01:case_28952,M01,M01:case_28952,R1,M4,1,0,False,1
M01:case_28999,M01,M01:case_28999,ALL,M4,1,0,False,1
M01:case_28999,M01,M01:case_28999,R1,M4,1,0,False,1
M01:case_29131,M01,M01:case_29131,ALL,M4,1,0,False,1
M01:case_29131,M01,M01:case_29131,R1,M4,1,0,False,1
M01:case_29131,M01,M01:case_29131,R3,M4,1,0,False,1
M01:case_29155,M01,M01:case_29155,ALL,M4,1,0,False,1
M01:case_29155,M01,M01:case_29155,R1,M4,1,0,False,1
M01:case_29157,M01,M01:case_29157,ALL,M4,1,0,False,1
M01:case_29157,M01,M01:case_29157,R1,M4,1,0,False,1
M01:case_29157,M01,M01:case_29157,R3,M4,1,0,False,1
M01:case_29163,M01,M01:case_29163,ALL,M4,1,0,False,1
M01:case_29163,M01,M01:case_29163,R1,M4,1,0,False,1
M01:case_29163,M01,M01:case_29163,R3,M4,1,0,False,1
M01:case_29166,M01,M01:case_29166,ALL,M4,1,0,False,1
M01:case_29166,M01,M01:case_29166,R1,M4,1,0,False,1
M01:case_29367,M01,M01:case_29367,ALL,M4,1,0,False,0
M01:case_29367,M01,M01:case_29367,R1,M4,1,0,False,0
M01:case_29438,M01,M01:case_29438,ALL,M4,1,0,False,1
M01:case_29438,M01,M01:case_29438,R1,M4,1,0,False,1
M01:case_29438,M01,M01:case_29438,R3,M4,1,0,False,1
M01:case_29471,M01,M01:case_29471,ALL,M4,1,1,True,0
M01:case_29471,M01,M01:case_29471,R1,M4,1,1,True,0
M01:case_29471,M01,M01:case_29471,R3,M4,1,1,True,0
M01:case_2948,M01,M01:case_2948,ALL,M4,1,0,False,0
M01:case_2948,M01,M01:case_2948,R1,M4,1,0,False,0
M01:case_295,M01,M01:case_295,ALL,M4,1,1,True,0
M01:case_295,M01,M01:case_295,R1,M4,1,1,True,0
M01:case_295,M01,M01:case_295,R3,M4,1,1,True,0
M01:case_29510,M01,M01:case_29510,ALL,M4,1,0,False,0
M01:case_29510,M01,M01:case_29510,R1,M4,1,0,False,0
M01:case_29556,M01,M01:case_29556,ALL,M4,1,1,True,0
M01:case_29556,M01,M01:case_29556,R1,M4,1,1,True,0
M01:case_29556,M01,M01:case_29556,R3,M4,1,1,True,0
M01:case_29579,M01,M01:case_29579,ALL,M4,1,1,True,0
M01:case_29579,M01,M01:case_29579,R1,M4,1,1,True,0
M01:case_29579,M01,M01:case_29579,R3,M4,1,1,True,0
M01:case_29605,M01,M01:case_29605,ALL,M4,1,0,False,0
M01:case_29605,M01,M01:case_29605,R1,M4,1,0,False,0
M01:case_29618,M01,M01:case_29618,ALL,M4,1,0,False,1
M01:case_29618,M01,M01:case_29618,R1,M4,1,0,False,1
M01:case_29685,M01,M01:case_29685,ALL,M4,1,0,False,1
M01:case_29685,M01,M01:case_29685,R1,M4,1,0,False,1
M01:case_29690,M01,M01:case_29690,ALL,M4,1,0,False,1
M01:case_29690,M01,M01:case_29690,R1,M4,1,0,False,1
M01:case_29705,M01,M01:case_29705,ALL,M4,1,0,False,1
M01:case_29705,M01,M01:case_29705,R1,M4,1,0,False,1
M01:case_29731,M01,M01:case_29731,ALL,M4,1,1,True,0
M01:case_29731,M01,M01:case_29731,R1,M4,1,1,True,0
M01:case_29731,M01,M01:case_29731,R3,M4,1,1,True,0
M01:case_29984,M01,M01:case_29984,ALL,M4,1,0,False,1
M01:case_29984,M01,M01:case_29984,R1,M4,1,0,False,1
M01:case_29987,M01,M01:case_29987,ALL,M4,1,0,False,1
M01:case_29987,M01,M01:case_29987,R1,M4,1,0,False,1
M01:case_29987,M01,M01:case_29987,R3,M4,1,0,False,1
M01:case_30096,M01,M01:case_30096,ALL,M4,1,0,False,1
M01:case_30096,M01,M01:case_30096,R1,M4,1,0,False,1
M01:case_30191,M01,M01:case_30191,ALL,M4,1,0,False,0
M01:case_30191,M01,M01:case_30191,R1,M4,1,0,False,0
M01:case_30236,M01,M01:case_30236,ALL,M4,1,0,False,1
M01:case_30236,M01,M01:case_30236,R1,M4,1,0,False,1
M01:case_30343,M01,M01:case_30343,ALL,M4,1,0,False,1
M01:case_30343,M01,M01:case_30343,R1,M4,1,0,False,1
M01:case_30444,M01,M01:case_30444,ALL,M4,1,0,False,1
M01:case_30444,M01,M01:case_30444,R1,M4,1,0,False,1
M01:case_30457,M01,M01:case_30457,ALL,M4,1,0,False,1
M01:case_30457,M01,M01:case_30457,R1,M4,1,0,False,1
M01:case_30466,M01,M01:case_30466,ALL,M4,1,0,False,0
M01:case_30466,M01,M01:case_30466,R1,M4,1,0,False,0
M01:case_30478,M01,M01:case_30478,ALL,M4,1,0,False,0
M01:case_30478,M01,M01:case_30478,R1,M4,1,0,False,0
M01:case_30499,M01,M01:case_30499,ALL,M4,1,0,False,0
M01:case_30499,M01,M01:case_30499,R1,M4,1,0,False,0
M01:case_30546,M01,M01:case_30546,ALL,M4,1,0,False,1
M01:case_30546,M01,M01:case_30546,R1,M4,1,0,False,1
M01:case_30547,M01,M01:case_30547,ALL,M4,1,0,False,1
M01:case_30547,M01,M01:case_30547,R1,M4,1,0,False,1
M01:case_3059,M01,M01:case_3059,ALL,M4,1,1,True,0
M01:case_3059,M01,M01:case_3059,R1,M4,1,1,True,0
M01:case_3059,M01,M01:case_3059,R3,M4,1,1,True,0
M01:case_30629,M01,M01:case_30629,ALL,M4,1,0,False,0
M01:case_30629,M01,M01:case_30629,R1,M4,1,0,False,0
M01:case_30629,M01,M01:case_30629,R3,M4,1,0,False,0
M01:case_30666,M01,M01:case_30666,ALL,M4,1,0,False,1
M01:case_30666,M01,M01:case_30666,R1,M4,1,0,False,1
M01:case_30685,M01,M01:case_30685,ALL,M4,1,0,False,1
M01:case_30685,M01,M01:case_30685,R1,M4,1,0,False,1
M01:case_30717,M01,M01:case_30717,ALL,M4,1,0,False,1
M01:case_30717,M01,M01:case_30717,R1,M4,1,0,False,1
M01:case_30810,M01,M01:case_30810,ALL,M4,1,0,False,1
M01:case_30810,M01,M01:case_30810,R1,M4,1,0,False,1
M01:case_30865,M01,M01:case_30865,ALL,M4,1,0,False,0
M01:case_30865,M01,M01:case_30865,R1,M4,1,0,False,0
M01:case_30904,M01,M01:case_30904,ALL,M4,1,0,False,0
M01:case_30904,M01,M01:case_30904,R1,M4,1,0,False,0
M01:case_30919,M01,M01:case_30919,ALL,M4,1,0,False,1
M01:case_30919,M01,M01:case_30919,R1,M4,1,0,False,1
M01:case_30931,M01,M01:case_30931,ALL,M4,1,0,False,0
M01:case_30931,M01,M01:case_30931,R1,M4,1,0,False,0
M01:case_30939,M01,M01:case_30939,ALL,M4,1,0,False,1
M01:case_30939,M01,M01:case_30939,R1,M4,1,0,False,1
M01:case_30941,M01,M01:case_30941,ALL,M4,1,0,False,1
M01:case_30941,M01,M01:case_30941,R1,M4,1,0,False,1
M01:case_30965,M01,M01:case_30965,ALL,M4,1,0,False,1
M01:case_30965,M01,M01:case_30965,R1,M4,1,0,False,1
M01:case_30965,M01,M01:case_30965,R3,M4,1,0,False,1
M01:case_31018,M01,M01:case_31018,ALL,M4,1,0,False,1
M01:case_31018,M01,M01:case_31018,R1,M4,1,0,False,1
M01:case_31036,M01,M01:case_31036,ALL,M4,1,0,False,1
M01:case_31036,M01,M01:case_31036,R1,M4,1,0,False,1
M01:case_31128,M01,M01:case_31128,ALL,M4,1,0,False,1
M01:case_31128,M01,M01:case_31128,R1,M4,1,0,False,1
M01:case_31128,M01,M01:case_31128,R3,M4,1,0,False,1
M01:case_31175,M01,M01:case_31175,ALL,M4,1,0,False,1
M01:case_31175,M01,M01:case_31175,R1,M4,1,0,False,1
M01:case_31239,M01,M01:case_31239,ALL,M4,1,0,False,1
M01:case_31239,M01,M01:case_31239,R1,M4,1,0,False,1
M01:case_31239,M01,M01:case_31239,R3,M4,1,0,False,1
M01:case_31270,M01,M01:case_31270,ALL,M4,1,1,True,0
M01:case_31270,M01,M01:case_31270,R1,M4,1,1,True,0
M01:case_31351,M01,M01:case_31351,ALL,M4,1,0,False,0
M01:case_31351,M01,M01:case_31351,R1,M4,1,0,False,0
M01:case_31351,M01,M01:case_31351,R3,M4,1,0,False,0
M01:case_31362,M01,M01:case_31362,ALL,M4,1,0,False,1
M01:case_31362,M01,M01:case_31362,R1,M4,1,0,False,1
M01:case_31378,M01,M01:case_31378,ALL,M4,1,0,False,1
M01:case_31378,M01,M01:case_31378,R1,M4,1,0,False,1
M01:case_31378,M01,M01:case_31378,R3,M4,1,0,False,1
M01:case_31451,M01,M01:case_31451,ALL,M4,1,0,False,1
M01:case_31451,M01,M01:case_31451,R1,M4,1,0,False,1
M01:case_31618,M01,M01:case_31618,ALL,M4,1,0,False,0
M01:case_31618,M01,M01:case_31618,R1,M4,1,0,False,0
M01:case_31665,M01,M01:case_31665,ALL,M4,1,0,False,1
M01:case_31665,M01,M01:case_31665,R1,M4,1,0,False,1
M01:case_31741,M01,M01:case_31741,ALL,M4,1,0,False,1
M01:case_31741,M01,M01:case_31741,R1,M4,1,0,False,1
M01:case_31770,M01,M01:case_31770,ALL,M4,1,0,False,1
M01:case_31770,M01,M01:case_31770,R1,M4,1,0,False,1
M01:case_31816,M01,M01:case_31816,ALL,M4,1,0,False,1
M01:case_31816,M01,M01:case_31816,R1,M4,1,0,False,1
M01:case_3184,M01,M01:case_3184,ALL,M4,1,0,False,1
M01:case_3184,M01,M01:case_3184,R1,M4,1,0,False,1
M01:case_3186,M01,M01:case_3186,ALL,M4,1,1,True,0
M01:case_3186,M01,M01:case_3186,R1,M4,1,1,True,0
M01:case_3186,M01,M01:case_3186,R3,M4,1,1,True,0
M01:case_3187,M01,M01:case_3187,ALL,M4,1,0,False,1
M01:case_3187,M01,M01:case_3187,R1,M4,1,0,False,1
M01:case_3187,M01,M01:case_3187,R3,M4,1,0,False,1
M01:case_31886,M01,M01:case_31886,ALL,M4,1,0,False,1
M01:case_31886,M01,M01:case_31886,R1,M4,1,0,False,1
M01:case_31898,M01,M01:case_31898,ALL,M4,1,0,False,0
M01:case_31898,M01,M01:case_31898,R1,M4,1,0,False,0
M01:case_31926,M01,M01:case_31926,ALL,M4,1,0,False,1
M01:case_31926,M01,M01:case_31926,R1,M4,1,0,False,1
M01:case_31929,M01,M01:case_31929,ALL,M4,1,0,False,1
M01:case_31929,M01,M01:case_31929,R1,M4,1,0,False,1
M01:case_32025,M01,M01:case_32025,ALL,M4,1,0,False,1
M01:case_32025,M01,M01:case_32025,R1,M4,1,0,False,1
M01:case_32168,M01,M01:case_32168,ALL,M4,1,0,False,1
M01:case_32168,M01,M01:case_32168,R1,M4,1,0,False,1
M01:case_3219,M01,M01:case_3219,ALL,M4,1,0,False,0
M01:case_3219,M01,M01:case_3219,R1,M4,1,0,False,0
M01:case_32223,M01,M01:case_32223,ALL,M4,1,0,False,1
M01:case_32223,M01,M01:case_32223,R1,M4,1,0,False,1
M01:case_32223,M01,M01:case_32223,R3,M4,1,0,False,1
M01:case_32224,M01,M01:case_32224,ALL,M4,1,0,False,1
M01:case_32224,M01,M01:case_32224,R1,M4,1,0,False,1
M01:case_32356,M01,M01:case_32356,ALL,M4,1,0,False,1
M01:case_32356,M01,M01:case_32356,R1,M4,1,0,False,1
M01:case_32395,M01,M01:case_32395,ALL,M4,1,0,False,0
M01:case_32395,M01,M01:case_32395,R1,M4,1,0,False,0
M01:case_32440,M01,M01:case_32440,ALL,M4,1,0,False,1
M01:case_32440,M01,M01:case_32440,R1,M4,1,0,False,1
M01:case_3252,M01,M01:case_3252,ALL,M4,1,0,False,1
M01:case_3252,M01,M01:case_3252,R1,M4,1,0,False,1
M01:case_3255,M01,M01:case_3255,ALL,M4,1,0,False,1
M01:case_3255,M01,M01:case_3255,R1,M4,1,0,False,1
M01:case_32584,M01,M01:case_32584,ALL,M4,1,1,True,0
M01:case_32584,M01,M01:case_32584,R1,M4,1,1,True,0
M01:case_32666,M01,M01:case_32666,ALL,M4,1,0,False,1
M01:case_32666,M01,M01:case_32666,R1,M4,1,0,False,1
M01:case_32698,M01,M01:case_32698,ALL,M4,1,0,False,1
M01:case_32698,M01,M01:case_32698,R1,M4,1,0,False,1
M01:case_32712,M01,M01:case_32712,ALL,M4,1,0,False,1
M01:case_32712,M01,M01:case_32712,R1,M4,1,0,False,1
M01:case_32727,M01,M01:case_32727,ALL,M4,1,0,False,1
M01:case_32727,M01,M01:case_32727,R1,M4,1,0,False,1
M01:case_32814,M01,M01:case_32814,ALL,M4,1,0,False,1
M01:case_32814,M01,M01:case_32814,R1,M4,1,0,False,1
M01:case_32830,M01,M01:case_32830,ALL,M4,1,1,True,0
M01:case_32830,M01,M01:case_32830,R1,M4,1,1,True,0
M01:case_32830,M01,M01:case_32830,R3,M4,1,1,True,0
M01:case_32838,M01,M01:case_32838,ALL,M4,1,0,False,1
M01:case_32838,M01,M01:case_32838,R1,M4,1,0,False,1
M01:case_32958,M01,M01:case_32958,ALL,M4,1,0,False,1
M01:case_32958,M01,M01:case_32958,R1,M4,1,0,False,1
M01:case_32992,M01,M01:case_32992,ALL,M4,1,0,False,1
M01:case_32992,M01,M01:case_32992,R1,M4,1,0,False,1
M01:case_32992,M01,M01:case_32992,R3,M4,1,0,False,1
M01:case_32994,M01,M01:case_32994,ALL,M4,1,0,False,1
M01:case_32994,M01,M01:case_32994,R1,M4,1,0,False,1
M01:case_33011,M01,M01:case_33011,ALL,M4,1,0,False,1
M01:case_33011,M01,M01:case_33011,R1,M4,1,0,False,1
M01:case_33101,M01,M01:case_33101,ALL,M4,1,0,False,1
M01:case_33101,M01,M01:case_33101,R1,M4,1,0,False,1
M01:case_33116,M01,M01:case_33116,ALL,M4,1,0,False,1
M01:case_33116,M01,M01:case_33116,R1,M4,1,0,False,1
M01:case_33130,M01,M01:case_33130,ALL,M4,1,0,False,1
M01:case_33130,M01,M01:case_33130,R1,M4,1,0,False,1
M01:case_33313,M01,M01:case_33313,ALL,M4,1,0,False,1
M01:case_33313,M01,M01:case_33313,R1,M4,1,0,False,1
M01:case_33313,M01,M01:case_33313,R3,M4,1,0,False,1
M01:case_33345,M01,M01:case_33345,ALL,M4,1,0,False,1
M01:case_33345,M01,M01:case_33345,R1,M4,1,0,False,1
M01:case_33420,M01,M01:case_33420,ALL,M4,1,0,False,1
M01:case_33420,M01,M01:case_33420,R1,M4,1,0,False,1
M01:case_33483,M01,M01:case_33483,ALL,M4,1,0,False,1
M01:case_33483,M01,M01:case_33483,R1,M4,1,0,False,1
M01:case_33517,M01,M01:case_33517,ALL,M4,1,0,False,1
M01:case_33517,M01,M01:case_33517,R1,M4,1,0,False,1
M01:case_33651,M01,M01:case_33651,ALL,M4,1,0,False,1
M01:case_33651,M01,M01:case_33651,R1,M4,1,0,False,1
M01:case_33697,M01,M01:case_33697,ALL,M4,1,0,False,1
M01:case_33697,M01,M01:case_33697,R1,M4,1,0,False,1
M01:case_33702,M01,M01:case_33702,ALL,M4,1,0,False,1
M01:case_33702,M01,M01:case_33702,R1,M4,1,0,False,1
M01:case_33702,M01,M01:case_33702,R3,M4,1,0,False,1
M01:case_33834,M01,M01:case_33834,ALL,M4,1,1,True,0
M01:case_33834,M01,M01:case_33834,R1,M4,1,1,True,0
M01:case_33834,M01,M01:case_33834,R3,M4,1,1,True,0
M01:case_33838,M01,M01:case_33838,ALL,M4,1,0,False,1
M01:case_33838,M01,M01:case_33838,R1,M4,1,0,False,1
M01:case_33906,M01,M01:case_33906,ALL,M4,1,0,False,1
M01:case_33906,M01,M01:case_33906,R1,M4,1,0,False,1
M01:case_33967,M01,M01:case_33967,ALL,M4,1,1,True,0
M01:case_33967,M01,M01:case_33967,R1,M4,1,1,True,0
M01:case_33971,M01,M01:case_33971,ALL,M4,1,0,False,1
M01:case_33971,M01,M01:case_33971,R1,M4,1,0,False,1
M01:case_33971,M01,M01:case_33971,R3,M4,1,0,False,1
M01:case_33983,M01,M01:case_33983,ALL,M4,1,0,False,1
M01:case_33983,M01,M01:case_33983,R1,M4,1,0,False,1
M01:case_33999,M01,M01:case_33999,ALL,M4,1,0,False,1
M01:case_33999,M01,M01:case_33999,R1,M4,1,0,False,1
M01:case_34112,M01,M01:case_34112,ALL,M4,1,0,False,0
M01:case_34112,M01,M01:case_34112,R1,M4,1,0,False,0
M01:case_34112,M01,M01:case_34112,R3,M4,1,0,False,0
M01:case_34126,M01,M01:case_34126,ALL,M4,1,0,False,1
M01:case_34126,M01,M01:case_34126,R1,M4,1,0,False,1
M01:case_34130,M01,M01:case_34130,ALL,M4,1,0,False,0
M01:case_34130,M01,M01:case_34130,R1,M4,1,0,False,0
M01:case_34135,M01,M01:case_34135,ALL,M4,1,0,False,1
M01:case_34135,M01,M01:case_34135,R1,M4,1,0,False,1
M01:case_34158,M01,M01:case_34158,ALL,M4,1,0,False,0
M01:case_34158,M01,M01:case_34158,R1,M4,1,0,False,0
M01:case_34158,M01,M01:case_34158,R3,M4,1,0,False,0
M01:case_34178,M01,M01:case_34178,ALL,M4,1,0,False,0
M01:case_34178,M01,M01:case_34178,R1,M4,1,0,False,0
M01:case_34181,M01,M01:case_34181,ALL,M4,1,0,False,1
M01:case_34181,M01,M01:case_34181,R1,M4,1,0,False,1
M01:case_34231,M01,M01:case_34231,ALL,M4,1,1,True,0
M01:case_34231,M01,M01:case_34231,R1,M4,1,1,True,0
M01:case_34365,M01,M01:case_34365,ALL,M4,1,0,False,1
M01:case_34365,M01,M01:case_34365,R1,M4,1,0,False,1
M01:case_34374,M01,M01:case_34374,ALL,M4,1,0,False,1
M01:case_34374,M01,M01:case_34374,R1,M4,1,0,False,1
M01:case_34410,M01,M01:case_34410,ALL,M4,1,0,False,1
M01:case_34410,M01,M01:case_34410,R1,M4,1,0,False,1
M01:case_34410,M01,M01:case_34410,R3,M4,1,0,False,1
M01:case_34445,M01,M01:case_34445,ALL,M4,1,0,False,1
M01:case_34445,M01,M01:case_34445,R1,M4,1,0,False,1
M01:case_34501,M01,M01:case_34501,ALL,M4,1,0,False,1
M01:case_34501,M01,M01:case_34501,R1,M4,1,0,False,1
M01:case_34510,M01,M01:case_34510,ALL,M4,1,0,False,1
M01:case_34510,M01,M01:case_34510,R1,M4,1,0,False,1
M01:case_34571,M01,M01:case_34571,ALL,M4,1,0,False,1
M01:case_34571,M01,M01:case_34571,R1,M4,1,0,False,1
M01:case_34585,M01,M01:case_34585,ALL,M4,1,0,False,1
M01:case_34585,M01,M01:case_34585,R1,M4,1,0,False,1
M01:case_34585,M01,M01:case_34585,R3,M4,1,0,False,1
M01:case_34663,M01,M01:case_34663,ALL,M4,1,0,False,1
M01:case_34663,M01,M01:case_34663,R1,M4,1,0,False,1
M01:case_34669,M01,M01:case_34669,ALL,M4,1,0,False,1
M01:case_34669,M01,M01:case_34669,R1,M4,1,0,False,1
M01:case_34753,M01,M01:case_34753,ALL,M4,1,0,False,1
M01:case_34753,M01,M01:case_34753,R1,M4,1,0,False,1
M01:case_34778,M01,M01:case_34778,ALL,M4,1,0,False,1
M01:case_34778,M01,M01:case_34778,R1,M4,1,0,False,1
M01:case_34793,M01,M01:case_34793,ALL,M4,1,0,False,1
M01:case_34793,M01,M01:case_34793,R1,M4,1,0,False,1
M01:case_34866,M01,M01:case_34866,ALL,M4,1,1,True,0
M01:case_34866,M01,M01:case_34866,R1,M4,1,1,True,0
M01:case_34866,M01,M01:case_34866,R3,M4,1,1,True,0
M01:case_34907,M01,M01:case_34907,ALL,M4,1,0,False,1
M01:case_34907,M01,M01:case_34907,R1,M4,1,0,False,1
M01:case_34968,M01,M01:case_34968,ALL,M4,1,0,False,0
M01:case_34968,M01,M01:case_34968,R1,M4,1,0,False,0
M01:case_34972,M01,M01:case_34972,ALL,M4,1,0,False,1
M01:case_34972,M01,M01:case_34972,R1,M4,1,0,False,1
M01:case_34984,M01,M01:case_34984,ALL,M4,1,0,False,1
M01:case_34984,M01,M01:case_34984,R1,M4,1,0,False,1
M01:case_35083,M01,M01:case_35083,ALL,M4,1,0,False,1
M01:case_35083,M01,M01:case_35083,R1,M4,1,0,False,1
M01:case_35083,M01,M01:case_35083,R3,M4,1,0,False,1
M01:case_35149,M01,M01:case_35149,ALL,M4,1,0,False,1
M01:case_35149,M01,M01:case_35149,R1,M4,1,0,False,1
M01:case_35149,M01,M01:case_35149,R3,M4,1,0,False,1
M01:case_35154,M01,M01:case_35154,ALL,M4,1,0,False,1
M01:case_35154,M01,M01:case_35154,R1,M4,1,0,False,1
M01:case_35265,M01,M01:case_35265,ALL,M4,1,0,False,0
M01:case_35265,M01,M01:case_35265,R1,M4,1,0,False,0
M01:case_35270,M01,M01:case_35270,ALL,M4,1,0,False,0
M01:case_35270,M01,M01:case_35270,R1,M4,1,0,False,0
M01:case_35270,M01,M01:case_35270,R3,M4,1,0,False,0
M01:case_35322,M01,M01:case_35322,ALL,M4,1,0,False,1
M01:case_35322,M01,M01:case_35322,R1,M4,1,0,False,1
M01:case_35328,M01,M01:case_35328,ALL,M4,1,0,False,1
M01:case_35328,M01,M01:case_35328,R1,M4,1,0,False,1
M01:case_35337,M01,M01:case_35337,ALL,M4,1,0,False,1
M01:case_35337,M01,M01:case_35337,R1,M4,1,0,False,1
M01:case_3545,M01,M01:case_3545,ALL,M4,1,0,False,0
M01:case_3545,M01,M01:case_3545,R1,M4,1,0,False,0
M01:case_3545,M01,M01:case_3545,R3,M4,1,0,False,0
M01:case_35474,M01,M01:case_35474,ALL,M4,1,0,False,0
M01:case_35474,M01,M01:case_35474,R1,M4,1,0,False,0
M01:case_35528,M01,M01:case_35528,ALL,M4,1,0,False,1
M01:case_35528,M01,M01:case_35528,R1,M4,1,0,False,1
M01:case_35596,M01,M01:case_35596,ALL,M4,1,0,False,1
M01:case_35596,M01,M01:case_35596,R1,M4,1,0,False,1
M01:case_35703,M01,M01:case_35703,ALL,M4,1,0,False,1
M01:case_35703,M01,M01:case_35703,R1,M4,1,0,False,1
M01:case_3583,M01,M01:case_3583,ALL,M4,1,0,False,1
M01:case_3583,M01,M01:case_3583,R1,M4,1,0,False,1
M01:case_35846,M01,M01:case_35846,ALL,M4,1,0,False,1
M01:case_35846,M01,M01:case_35846,R1,M4,1,0,False,1
M01:case_35906,M01,M01:case_35906,ALL,M4,1,0,False,1
M01:case_35906,M01,M01:case_35906,R1,M4,1,0,False,1
M01:case_35920,M01,M01:case_35920,ALL,M4,1,0,False,1
M01:case_35920,M01,M01:case_35920,R1,M4,1,0,False,1
M01:case_35925,M01,M01:case_35925,ALL,M4,1,0,False,0
M01:case_35925,M01,M01:case_35925,R1,M4,1,0,False,0
M01:case_35925,M01,M01:case_35925,R3,M4,1,0,False,0
M01:case_36073,M01,M01:case_36073,ALL,M4,1,0,False,1
M01:case_36073,M01,M01:case_36073,R1,M4,1,0,False,1
M01:case_36090,M01,M01:case_36090,ALL,M4,1,0,False,1
M01:case_36090,M01,M01:case_36090,R1,M4,1,0,False,1
M01:case_36090,M01,M01:case_36090,R3,M4,1,0,False,1
M01:case_36300,M01,M01:case_36300,ALL,M4,1,0,False,1
M01:case_36300,M01,M01:case_36300,R1,M4,1,0,False,1
M01:case_36306,M01,M01:case_36306,ALL,M4,1,0,False,0
M01:case_36306,M01,M01:case_36306,R1,M4,1,0,False,0
M01:case_36306,M01,M01:case_36306,R3,M4,1,0,False,0
M01:case_36341,M01,M01:case_36341,ALL,M4,1,0,False,1
M01:case_36341,M01,M01:case_36341,R1,M4,1,0,False,1
M01:case_36341,M01,M01:case_36341,R3,M4,1,0,False,1
M01:case_36366,M01,M01:case_36366,ALL,M4,1,0,False,1
M01:case_36366,M01,M01:case_36366,R1,M4,1,0,False,1
M01:case_36415,M01,M01:case_36415,ALL,M4,1,0,False,1
M01:case_36415,M01,M01:case_36415,R1,M4,1,0,False,1
M01:case_36415,M01,M01:case_36415,R3,M4,1,0,False,1
M01:case_36457,M01,M01:case_36457,ALL,M4,1,0,False,1
M01:case_36457,M01,M01:case_36457,R1,M4,1,0,False,1
M01:case_36516,M01,M01:case_36516,ALL,M4,1,0,False,1
M01:case_36516,M01,M01:case_36516,R1,M4,1,0,False,1
M01:case_36594,M01,M01:case_36594,ALL,M4,1,0,False,1
M01:case_36594,M01,M01:case_36594,R1,M4,1,0,False,1
M01:case_36669,M01,M01:case_36669,ALL,M4,1,0,False,0
M01:case_36669,M01,M01:case_36669,R1,M4,1,0,False,0
M01:case_36755,M01,M01:case_36755,ALL,M4,1,0,False,1
M01:case_36755,M01,M01:case_36755,R1,M4,1,0,False,1
M01:case_36781,M01,M01:case_36781,ALL,M4,1,0,False,1
M01:case_36781,M01,M01:case_36781,R1,M4,1,0,False,1
M01:case_36794,M01,M01:case_36794,ALL,M4,1,0,False,1
M01:case_36794,M01,M01:case_36794,R1,M4,1,0,False,1
M01:case_368,M01,M01:case_368,ALL,M4,1,0,False,0
M01:case_368,M01,M01:case_368,R1,M4,1,0,False,0
M01:case_368,M01,M01:case_368,R3,M4,1,0,False,0
M01:case_36868,M01,M01:case_36868,ALL,M4,1,0,False,1
M01:case_36868,M01,M01:case_36868,R1,M4,1,0,False,1
M01:case_36967,M01,M01:case_36967,ALL,M4,1,0,False,1
M01:case_36967,M01,M01:case_36967,R1,M4,1,0,False,1
M01:case_37033,M01,M01:case_37033,ALL,M4,1,0,False,1
M01:case_37033,M01,M01:case_37033,R1,M4,1,0,False,1
M01:case_37033,M01,M01:case_37033,R3,M4,1,0,False,1
M01:case_37035,M01,M01:case_37035,ALL,M4,1,1,True,0
M01:case_37035,M01,M01:case_37035,R1,M4,1,1,True,0
M01:case_37035,M01,M01:case_37035,R3,M4,1,1,True,0
M01:case_37104,M01,M01:case_37104,ALL,M4,1,0,False,1
M01:case_37104,M01,M01:case_37104,R1,M4,1,0,False,1
M01:case_37122,M01,M01:case_37122,ALL,M4,1,0,False,1
M01:case_37122,M01,M01:case_37122,R1,M4,1,0,False,1
M01:case_37149,M01,M01:case_37149,ALL,M4,1,0,False,1
M01:case_37149,M01,M01:case_37149,R1,M4,1,0,False,1
M01:case_37149,M01,M01:case_37149,R3,M4,1,0,False,1
M01:case_37195,M01,M01:case_37195,ALL,M4,1,0,False,1
M01:case_37195,M01,M01:case_37195,R1,M4,1,0,False,1
M01:case_37362,M01,M01:case_37362,ALL,M4,1,0,False,1
M01:case_37362,M01,M01:case_37362,R1,M4,1,0,False,1
M01:case_37394,M01,M01:case_37394,ALL,M4,1,0,False,0
M01:case_37394,M01,M01:case_37394,R1,M4,1,0,False,0
M01:case_37441,M01,M01:case_37441,ALL,M4,1,0,False,1
M01:case_37441,M01,M01:case_37441,R1,M4,1,0,False,1
M01:case_37509,M01,M01:case_37509,ALL,M4,1,0,False,1
M01:case_37509,M01,M01:case_37509,R1,M4,1,0,False,1
M01:case_37583,M01,M01:case_37583,ALL,M4,1,0,False,0
M01:case_37583,M01,M01:case_37583,R1,M4,1,0,False,0
M01:case_37652,M01,M01:case_37652,ALL,M4,1,0,False,0
M01:case_37652,M01,M01:case_37652,R1,M4,1,0,False,0
M01:case_37768,M01,M01:case_37768,ALL,M4,1,0,False,1
M01:case_37768,M01,M01:case_37768,R1,M4,1,0,False,1
M01:case_37809,M01,M01:case_37809,ALL,M4,1,0,False,1
M01:case_37809,M01,M01:case_37809,R1,M4,1,0,False,1
M01:case_37832,M01,M01:case_37832,ALL,M4,1,0,False,1
M01:case_37832,M01,M01:case_37832,R1,M4,1,0,False,1
M01:case_37872,M01,M01:case_37872,ALL,M4,1,0,False,1
M01:case_37872,M01,M01:case_37872,R1,M4,1,0,False,1
M01:case_37961,M01,M01:case_37961,ALL,M4,1,0,False,1
M01:case_37961,M01,M01:case_37961,R1,M4,1,0,False,1
M01:case_38019,M01,M01:case_38019,ALL,M4,1,0,False,0
M01:case_38019,M01,M01:case_38019,R1,M4,1,0,False,0
M01:case_38045,M01,M01:case_38045,ALL,M4,1,0,False,0
M01:case_38045,M01,M01:case_38045,R1,M4,1,0,False,0
M01:case_38045,M01,M01:case_38045,R3,M4,1,0,False,0
M01:case_38083,M01,M01:case_38083,ALL,M4,1,0,False,1
M01:case_38083,M01,M01:case_38083,R1,M4,1,0,False,1
M01:case_38103,M01,M01:case_38103,ALL,M4,1,0,False,1
M01:case_38103,M01,M01:case_38103,R1,M4,1,0,False,1
M01:case_38305,M01,M01:case_38305,ALL,M4,1,0,False,1
M01:case_38305,M01,M01:case_38305,R1,M4,1,0,False,1
M01:case_38335,M01,M01:case_38335,ALL,M4,1,0,False,1
M01:case_38335,M01,M01:case_38335,R1,M4,1,0,False,1
M01:case_38335,M01,M01:case_38335,R3,M4,1,0,False,1
M01:case_38355,M01,M01:case_38355,ALL,M4,1,0,False,1
M01:case_38355,M01,M01:case_38355,R1,M4,1,0,False,1
M01:case_38406,M01,M01:case_38406,ALL,M4,1,0,False,1
M01:case_38406,M01,M01:case_38406,R1,M4,1,0,False,1
M01:case_38515,M01,M01:case_38515,ALL,M4,1,0,False,1
M01:case_38515,M01,M01:case_38515,R1,M4,1,0,False,1
M01:case_38659,M01,M01:case_38659,ALL,M4,1,0,False,1
M01:case_38659,M01,M01:case_38659,R1,M4,1,0,False,1
M01:case_38901,M01,M01:case_38901,ALL,M4,1,0,False,1
M01:case_38901,M01,M01:case_38901,R1,M4,1,0,False,1
M01:case_38941,M01,M01:case_38941,ALL,M4,1,0,False,1
M01:case_38941,M01,M01:case_38941,R1,M4,1,0,False,1
M01:case_38941,M01,M01:case_38941,R3,M4,1,0,False,1
M01:case_38966,M01,M01:case_38966,ALL,M4,1,0,False,1
M01:case_38966,M01,M01:case_38966,R1,M4,1,0,False,1
M01:case_39070,M01,M01:case_39070,ALL,M4,1,0,False,1
M01:case_39070,M01,M01:case_39070,R1,M4,1,0,False,1
M01:case_39169,M01,M01:case_39169,ALL,M4,1,0,False,1
M01:case_39169,M01,M01:case_39169,R1,M4,1,0,False,1
M01:case_39405,M01,M01:case_39405,ALL,M4,1,0,False,0
M01:case_39405,M01,M01:case_39405,R1,M4,1,0,False,0
M01:case_39436,M01,M01:case_39436,ALL,M4,1,0,False,1
M01:case_39436,M01,M01:case_39436,R1,M4,1,0,False,1
M01:case_39436,M01,M01:case_39436,R3,M4,1,0,False,1
M01:case_39510,M01,M01:case_39510,ALL,M4,1,0,False,1
M01:case_39510,M01,M01:case_39510,R1,M4,1,0,False,1
M01:case_39551,M01,M01:case_39551,ALL,M4,1,0,False,1
M01:case_39551,M01,M01:case_39551,R1,M4,1,0,False,1
M01:case_39566,M01,M01:case_39566,ALL,M4,1,0,False,0
M01:case_39566,M01,M01:case_39566,R1,M4,1,0,False,0
M01:case_39781,M01,M01:case_39781,ALL,M4,1,0,False,1
M01:case_39781,M01,M01:case_39781,R1,M4,1,0,False,1
M01:case_39796,M01,M01:case_39796,ALL,M4,1,0,False,1
M01:case_39796,M01,M01:case_39796,R1,M4,1,0,False,1
M01:case_39903,M01,M01:case_39903,ALL,M4,1,0,False,1
M01:case_39903,M01,M01:case_39903,R1,M4,1,0,False,1
M01:case_39989,M01,M01:case_39989,ALL,M4,1,1,True,0
M01:case_39989,M01,M01:case_39989,R1,M4,1,1,True,0
M01:case_40100,M01,M01:case_40100,ALL,M4,1,0,False,0
M01:case_40100,M01,M01:case_40100,R1,M4,1,0,False,0
M01:case_40116,M01,M01:case_40116,ALL,M4,1,0,False,1
M01:case_40116,M01,M01:case_40116,R1,M4,1,0,False,1
M01:case_40199,M01,M01:case_40199,ALL,M4,1,0,False,1
M01:case_40199,M01,M01:case_40199,R1,M4,1,0,False,1
M01:case_40199,M01,M01:case_40199,R3,M4,1,0,False,1
M01:case_40218,M01,M01:case_40218,ALL,M4,1,0,False,0
M01:case_40218,M01,M01:case_40218,R1,M4,1,0,False,0
M01:case_40218,M01,M01:case_40218,R3,M4,1,0,False,0
M01:case_40234,M01,M01:case_40234,ALL,M4,1,0,False,0
M01:case_40234,M01,M01:case_40234,R1,M4,1,0,False,0
M01:case_40310,M01,M01:case_40310,ALL,M4,1,0,False,1
M01:case_40310,M01,M01:case_40310,R1,M4,1,0,False,1
M01:case_40363,M01,M01:case_40363,ALL,M4,1,0,False,1
M01:case_40363,M01,M01:case_40363,R1,M4,1,0,False,1
M01:case_40389,M01,M01:case_40389,ALL,M4,1,0,False,1
M01:case_40389,M01,M01:case_40389,R1,M4,1,0,False,1
M01:case_40524,M01,M01:case_40524,ALL,M4,1,0,False,1
M01:case_40524,M01,M01:case_40524,R1,M4,1,0,False,1
M01:case_40759,M01,M01:case_40759,ALL,M4,1,0,False,1
M01:case_40759,M01,M01:case_40759,R1,M4,1,0,False,1
M01:case_40777,M01,M01:case_40777,ALL,M4,1,0,False,1
M01:case_40777,M01,M01:case_40777,R1,M4,1,0,False,1
M01:case_40781,M01,M01:case_40781,ALL,M4,1,0,False,1
M01:case_40781,M01,M01:case_40781,R1,M4,1,0,False,1
M01:case_40781,M01,M01:case_40781,R3,M4,1,0,False,1
M01:case_40799,M01,M01:case_40799,ALL,M4,1,0,False,1
M01:case_40799,M01,M01:case_40799,R1,M4,1,0,False,1
M01:case_40886,M01,M01:case_40886,ALL,M4,1,0,False,1
M01:case_40886,M01,M01:case_40886,R1,M4,1,0,False,1
M01:case_40929,M01,M01:case_40929,ALL,M4,1,0,False,1
M01:case_40929,M01,M01:case_40929,R1,M4,1,0,False,1
M01:case_41009,M01,M01:case_41009,ALL,M4,1,0,False,1
M01:case_41009,M01,M01:case_41009,R1,M4,1,0,False,1
M01:case_41019,M01,M01:case_41019,ALL,M4,1,0,False,1
M01:case_41019,M01,M01:case_41019,R1,M4,1,0,False,1
M01:case_41052,M01,M01:case_41052,ALL,M4,1,0,False,1
M01:case_41052,M01,M01:case_41052,R1,M4,1,0,False,1
M01:case_4108,M01,M01:case_4108,ALL,M4,1,0,False,1
M01:case_4108,M01,M01:case_4108,R1,M4,1,0,False,1
M01:case_4108,M01,M01:case_4108,R3,M4,1,0,False,1
M01:case_41096,M01,M01:case_41096,ALL,M4,1,0,False,1
M01:case_41096,M01,M01:case_41096,R1,M4,1,0,False,1
M01:case_41165,M01,M01:case_41165,ALL,M4,1,0,False,1
M01:case_41165,M01,M01:case_41165,R1,M4,1,0,False,1
M01:case_41212,M01,M01:case_41212,ALL,M4,1,0,False,1
M01:case_41212,M01,M01:case_41212,R1,M4,1,0,False,1
M01:case_41225,M01,M01:case_41225,ALL,M4,1,0,False,1
M01:case_41225,M01,M01:case_41225,R1,M4,1,0,False,1
M01:case_41244,M01,M01:case_41244,ALL,M4,1,0,False,1
M01:case_41244,M01,M01:case_41244,R1,M4,1,0,False,1
M01:case_41244,M01,M01:case_41244,R3,M4,1,0,False,1
M01:case_41410,M01,M01:case_41410,ALL,M4,1,0,False,1
M01:case_41410,M01,M01:case_41410,R1,M4,1,0,False,1
M01:case_41441,M01,M01:case_41441,ALL,M4,1,0,False,1
M01:case_41441,M01,M01:case_41441,R1,M4,1,0,False,1
M01:case_41478,M01,M01:case_41478,ALL,M4,1,0,False,1
M01:case_41478,M01,M01:case_41478,R1,M4,1,0,False,1
M01:case_41496,M01,M01:case_41496,ALL,M4,1,0,False,0
M01:case_41496,M01,M01:case_41496,R1,M4,1,0,False,0
M01:case_41502,M01,M01:case_41502,ALL,M4,1,0,False,1
M01:case_41502,M01,M01:case_41502,R1,M4,1,0,False,1
M01:case_41524,M01,M01:case_41524,ALL,M4,1,0,False,1
M01:case_41524,M01,M01:case_41524,R1,M4,1,0,False,1
M01:case_41617,M01,M01:case_41617,ALL,M4,1,1,True,0
M01:case_41617,M01,M01:case_41617,R1,M4,1,1,True,0
M01:case_41617,M01,M01:case_41617,R3,M4,1,1,True,0
M01:case_41618,M01,M01:case_41618,ALL,M4,1,0,False,1
M01:case_41618,M01,M01:case_41618,R1,M4,1,0,False,1
M01:case_41626,M01,M01:case_41626,ALL,M4,1,0,False,0
M01:case_41626,M01,M01:case_41626,R1,M4,1,0,False,0
M01:case_41646,M01,M01:case_41646,ALL,M4,1,0,False,0
M01:case_41646,M01,M01:case_41646,R1,M4,1,0,False,0
M01:case_41674,M01,M01:case_41674,ALL,M4,1,0,False,1
M01:case_41674,M01,M01:case_41674,R1,M4,1,0,False,1
M01:case_4172,M01,M01:case_4172,ALL,M4,1,0,False,1
M01:case_4172,M01,M01:case_4172,R1,M4,1,0,False,1
M01:case_41867,M01,M01:case_41867,ALL,M4,1,0,False,1
M01:case_41867,M01,M01:case_41867,R1,M4,1,0,False,1
M01:case_4191,M01,M01:case_4191,ALL,M4,1,0,False,0
M01:case_4191,M01,M01:case_4191,R1,M4,1,0,False,0
M01:case_41941,M01,M01:case_41941,ALL,M4,1,0,False,1
M01:case_41941,M01,M01:case_41941,R1,M4,1,0,False,1
M01:case_41976,M01,M01:case_41976,ALL,M4,1,0,False,0
M01:case_41976,M01,M01:case_41976,R1,M4,1,0,False,0
M01:case_42029,M01,M01:case_42029,ALL,M4,1,0,False,0
M01:case_42029,M01,M01:case_42029,R1,M4,1,0,False,0
M01:case_42050,M01,M01:case_42050,ALL,M4,1,0,False,0
M01:case_42050,M01,M01:case_42050,R1,M4,1,0,False,0
M01:case_42145,M01,M01:case_42145,ALL,M4,1,0,False,1
M01:case_42145,M01,M01:case_42145,R1,M4,1,0,False,1
M01:case_42255,M01,M01:case_42255,ALL,M4,1,0,False,1
M01:case_42255,M01,M01:case_42255,R1,M4,1,0,False,1
M01:case_42255,M01,M01:case_42255,R3,M4,1,0,False,1
M01:case_42300,M01,M01:case_42300,ALL,M4,1,0,False,1
M01:case_42300,M01,M01:case_42300,R1,M4,1,0,False,1
M01:case_42446,M01,M01:case_42446,ALL,M4,1,0,False,0
M01:case_42446,M01,M01:case_42446,R1,M4,1,0,False,0
M01:case_4259,M01,M01:case_4259,ALL,M4,1,0,False,1
M01:case_4259,M01,M01:case_4259,R1,M4,1,0,False,1
M01:case_42650,M01,M01:case_42650,ALL,M4,1,0,False,1
M01:case_42650,M01,M01:case_42650,R1,M4,1,0,False,1
M01:case_42767,M01,M01:case_42767,ALL,M4,1,0,False,1
M01:case_42767,M01,M01:case_42767,R1,M4,1,0,False,1
M01:case_42793,M01,M01:case_42793,ALL,M4,1,0,False,1
M01:case_42793,M01,M01:case_42793,R1,M4,1,0,False,1
M01:case_42802,M01,M01:case_42802,ALL,M4,1,0,False,1
M01:case_42802,M01,M01:case_42802,R1,M4,1,0,False,1
M01:case_42864,M01,M01:case_42864,ALL,M4,1,0,False,1
M01:case_42864,M01,M01:case_42864,R1,M4,1,0,False,1
M01:case_42864,M01,M01:case_42864,R3,M4,1,0,False,1
M01:case_4297,M01,M01:case_4297,ALL,M4,1,0,False,1
M01:case_4297,M01,M01:case_4297,R1,M4,1,0,False,1
M01:case_4297,M01,M01:case_4297,R3,M4,1,0,False,1
M01:case_43006,M01,M01:case_43006,ALL,M4,1,0,False,1
M01:case_43006,M01,M01:case_43006,R1,M4,1,0,False,1
M01:case_43251,M01,M01:case_43251,ALL,M4,1,0,False,0
M01:case_43251,M01,M01:case_43251,R1,M4,1,0,False,0
M01:case_43272,M01,M01:case_43272,ALL,M4,1,0,False,1
M01:case_43272,M01,M01:case_43272,R1,M4,1,0,False,1
M01:case_43284,M01,M01:case_43284,ALL,M4,1,0,False,1
M01:case_43284,M01,M01:case_43284,R1,M4,1,0,False,1
M01:case_43284,M01,M01:case_43284,R3,M4,1,0,False,1
M01:case_43285,M01,M01:case_43285,ALL,M4,1,0,False,1
M01:case_43285,M01,M01:case_43285,R1,M4,1,0,False,1
M01:case_43410,M01,M01:case_43410,ALL,M4,1,0,False,1
M01:case_43410,M01,M01:case_43410,R1,M4,1,0,False,1
M01:case_43425,M01,M01:case_43425,ALL,M4,1,0,False,1
M01:case_43425,M01,M01:case_43425,R1,M4,1,0,False,1
M01:case_43438,M01,M01:case_43438,ALL,M4,1,1,True,0
M01:case_43438,M01,M01:case_43438,R1,M4,1,1,True,0
M01:case_43507,M01,M01:case_43507,ALL,M4,1,0,False,1
M01:case_43507,M01,M01:case_43507,R1,M4,1,0,False,1
M01:case_43538,M01,M01:case_43538,ALL,M4,1,0,False,1
M01:case_43538,M01,M01:case_43538,R1,M4,1,0,False,1
M01:case_43547,M01,M01:case_43547,ALL,M4,1,0,False,1
M01:case_43547,M01,M01:case_43547,R1,M4,1,0,False,1
M01:case_43631,M01,M01:case_43631,ALL,M4,1,1,True,0
M01:case_43631,M01,M01:case_43631,R1,M4,1,1,True,0
M01:case_43632,M01,M01:case_43632,ALL,M4,1,0,False,1
M01:case_43632,M01,M01:case_43632,R1,M4,1,0,False,1
M01:case_43632,M01,M01:case_43632,R3,M4,1,0,False,1
M01:case_43685,M01,M01:case_43685,ALL,M4,1,0,False,1
M01:case_43685,M01,M01:case_43685,R1,M4,1,0,False,1
M01:case_43729,M01,M01:case_43729,ALL,M4,1,0,False,1
M01:case_43729,M01,M01:case_43729,R1,M4,1,0,False,1
M01:case_43750,M01,M01:case_43750,ALL,M4,1,0,False,1
M01:case_43750,M01,M01:case_43750,R1,M4,1,0,False,1
M01:case_43759,M01,M01:case_43759,ALL,M4,1,0,False,1
M01:case_43759,M01,M01:case_43759,R1,M4,1,0,False,1
M01:case_43759,M01,M01:case_43759,R3,M4,1,0,False,1
M01:case_43782,M01,M01:case_43782,ALL,M4,1,0,False,0
M01:case_43782,M01,M01:case_43782,R1,M4,1,0,False,0
M01:case_43826,M01,M01:case_43826,ALL,M4,1,0,False,1
M01:case_43826,M01,M01:case_43826,R1,M4,1,0,False,1
M01:case_43832,M01,M01:case_43832,ALL,M4,1,1,True,0
M01:case_43832,M01,M01:case_43832,R1,M4,1,1,True,0
M01:case_44006,M01,M01:case_44006,ALL,M4,1,0,False,1
M01:case_44006,M01,M01:case_44006,R1,M4,1,0,False,1
M01:case_44124,M01,M01:case_44124,ALL,M4,1,0,False,1
M01:case_44124,M01,M01:case_44124,R1,M4,1,0,False,1
M01:case_44187,M01,M01:case_44187,ALL,M4,1,0,False,1
M01:case_44187,M01,M01:case_44187,R1,M4,1,0,False,1
M01:case_44220,M01,M01:case_44220,ALL,M4,1,0,False,1
M01:case_44220,M01,M01:case_44220,R1,M4,1,0,False,1
M01:case_44328,M01,M01:case_44328,ALL,M4,1,0,False,0
M01:case_44328,M01,M01:case_44328,R1,M4,1,0,False,0
M01:case_44363,M01,M01:case_44363,ALL,M4,1,0,False,1
M01:case_44363,M01,M01:case_44363,R1,M4,1,0,False,1
M01:case_44390,M01,M01:case_44390,ALL,M4,1,0,False,1
M01:case_44390,M01,M01:case_44390,R1,M4,1,0,False,1
M01:case_44392,M01,M01:case_44392,ALL,M4,1,0,False,0
M01:case_44392,M01,M01:case_44392,R1,M4,1,0,False,0
M01:case_4445,M01,M01:case_4445,ALL,M4,1,0,False,0
M01:case_4445,M01,M01:case_4445,R1,M4,1,0,False,0
M01:case_44530,M01,M01:case_44530,ALL,M4,1,0,False,1
M01:case_44530,M01,M01:case_44530,R1,M4,1,0,False,1
M01:case_44530,M01,M01:case_44530,R3,M4,1,0,False,1
M01:case_44535,M01,M01:case_44535,ALL,M4,1,0,False,1
M01:case_44535,M01,M01:case_44535,R1,M4,1,0,False,1
M01:case_4463,M01,M01:case_4463,ALL,M4,1,0,False,1
M01:case_4463,M01,M01:case_4463,R1,M4,1,0,False,1
M01:case_4463,M01,M01:case_4463,R3,M4,1,0,False,1
M01:case_4471,M01,M01:case_4471,ALL,M4,1,0,False,0
M01:case_4471,M01,M01:case_4471,R1,M4,1,0,False,0
M01:case_44710,M01,M01:case_44710,ALL,M4,1,1,True,0
M01:case_44710,M01,M01:case_44710,R1,M4,1,1,True,0
M01:case_44748,M01,M01:case_44748,ALL,M4,1,0,False,1
M01:case_44748,M01,M01:case_44748,R1,M4,1,0,False,1
M01:case_44749,M01,M01:case_44749,ALL,M4,1,0,False,1
M01:case_44749,M01,M01:case_44749,R1,M4,1,0,False,1
M01:case_44781,M01,M01:case_44781,ALL,M4,1,0,False,1
M01:case_44781,M01,M01:case_44781,R1,M4,1,0,False,1
M01:case_44895,M01,M01:case_44895,ALL,M4,1,0,False,1
M01:case_44895,M01,M01:case_44895,R1,M4,1,0,False,1
M01:case_44895,M01,M01:case_44895,R3,M4,1,0,False,1
M01:case_4491,M01,M01:case_4491,ALL,M4,1,1,True,0
M01:case_4491,M01,M01:case_4491,R1,M4,1,1,True,0
M01:case_4491,M01,M01:case_4491,R3,M4,1,1,True,0
M01:case_44947,M01,M01:case_44947,ALL,M4,1,0,False,1
M01:case_44947,M01,M01:case_44947,R1,M4,1,0,False,1
M01:case_4499,M01,M01:case_4499,ALL,M4,1,0,False,1
M01:case_4499,M01,M01:case_4499,R1,M4,1,0,False,1
M01:case_45080,M01,M01:case_45080,ALL,M4,1,0,False,1
M01:case_45080,M01,M01:case_45080,R1,M4,1,0,False,1
M01:case_45080,M01,M01:case_45080,R3,M4,1,0,False,1
M01:case_45212,M01,M01:case_45212,ALL,M4,1,0,False,1
M01:case_45212,M01,M01:case_45212,R1,M4,1,0,False,1
M01:case_45326,M01,M01:case_45326,ALL,M4,1,0,False,0
M01:case_45326,M01,M01:case_45326,R1,M4,1,0,False,0
M01:case_45326,M01,M01:case_45326,R3,M4,1,0,False,0
M01:case_45346,M01,M01:case_45346,ALL,M4,1,0,False,0
M01:case_45346,M01,M01:case_45346,R1,M4,1,0,False,0
M01:case_45347,M01,M01:case_45347,ALL,M4,1,0,False,1
M01:case_45347,M01,M01:case_45347,R1,M4,1,0,False,1
M01:case_45568,M01,M01:case_45568,ALL,M4,1,0,False,1
M01:case_45568,M01,M01:case_45568,R1,M4,1,0,False,1
M01:case_45610,M01,M01:case_45610,ALL,M4,1,0,False,1
M01:case_45610,M01,M01:case_45610,R1,M4,1,0,False,1
M01:case_45620,M01,M01:case_45620,ALL,M4,1,0,False,1
M01:case_45620,M01,M01:case_45620,R1,M4,1,0,False,1
M01:case_45623,M01,M01:case_45623,ALL,M4,1,0,False,1
M01:case_45623,M01,M01:case_45623,R1,M4,1,0,False,1
M01:case_45697,M01,M01:case_45697,ALL,M4,1,0,False,1
M01:case_45697,M01,M01:case_45697,R1,M4,1,0,False,1
M01:case_4575,M01,M01:case_4575,ALL,M4,1,0,False,0
M01:case_4575,M01,M01:case_4575,R1,M4,1,0,False,0
M01:case_45888,M01,M01:case_45888,ALL,M4,1,0,False,1
M01:case_45888,M01,M01:case_45888,R1,M4,1,0,False,1
M01:case_45941,M01,M01:case_45941,ALL,M4,1,0,False,1
M01:case_45941,M01,M01:case_45941,R1,M4,1,0,False,1
M01:case_46060,M01,M01:case_46060,ALL,M4,1,0,False,1
M01:case_46060,M01,M01:case_46060,R1,M4,1,0,False,1
M01:case_46147,M01,M01:case_46147,ALL,M4,1,0,False,1
M01:case_46147,M01,M01:case_46147,R1,M4,1,0,False,1
M01:case_46164,M01,M01:case_46164,ALL,M4,1,0,False,0
M01:case_46164,M01,M01:case_46164,R1,M4,1,0,False,0
M01:case_46179,M01,M01:case_46179,ALL,M4,1,0,False,1
M01:case_46179,M01,M01:case_46179,R1,M4,1,0,False,1
M01:case_4627,M01,M01:case_4627,ALL,M4,1,0,False,1
M01:case_4627,M01,M01:case_4627,R1,M4,1,0,False,1
M01:case_46288,M01,M01:case_46288,ALL,M4,1,0,False,1
M01:case_46288,M01,M01:case_46288,R1,M4,1,0,False,1
M01:case_46320,M01,M01:case_46320,ALL,M4,1,0,False,0
M01:case_46320,M01,M01:case_46320,R1,M4,1,0,False,0
M01:case_46350,M01,M01:case_46350,ALL,M4,1,0,False,1
M01:case_46350,M01,M01:case_46350,R1,M4,1,0,False,1
M01:case_46421,M01,M01:case_46421,ALL,M4,1,0,False,0
M01:case_46421,M01,M01:case_46421,R1,M4,1,0,False,0
M01:case_46424,M01,M01:case_46424,ALL,M4,1,0,False,1
M01:case_46424,M01,M01:case_46424,R1,M4,1,0,False,1
M01:case_46487,M01,M01:case_46487,ALL,M4,1,0,False,1
M01:case_46487,M01,M01:case_46487,R1,M4,1,0,False,1
M01:case_46579,M01,M01:case_46579,ALL,M4,1,0,False,0
M01:case_46579,M01,M01:case_46579,R1,M4,1,0,False,0
M01:case_46591,M01,M01:case_46591,ALL,M4,1,0,False,1
M01:case_46591,M01,M01:case_46591,R1,M4,1,0,False,1
M01:case_46614,M01,M01:case_46614,ALL,M4,1,0,False,0
M01:case_46614,M01,M01:case_46614,R1,M4,1,0,False,0
M01:case_46722,M01,M01:case_46722,ALL,M4,1,0,False,1
M01:case_46722,M01,M01:case_46722,R1,M4,1,0,False,1
M01:case_46838,M01,M01:case_46838,ALL,M4,1,0,False,1
M01:case_46838,M01,M01:case_46838,R1,M4,1,0,False,1
M01:case_46869,M01,M01:case_46869,ALL,M4,1,0,False,1
M01:case_46869,M01,M01:case_46869,R1,M4,1,0,False,1
M01:case_46878,M01,M01:case_46878,ALL,M4,1,0,False,1
M01:case_46878,M01,M01:case_46878,R1,M4,1,0,False,1
M01:case_46878,M01,M01:case_46878,R3,M4,1,0,False,1
M01:case_47009,M01,M01:case_47009,ALL,M4,1,0,False,1
M01:case_47009,M01,M01:case_47009,R1,M4,1,0,False,1
M01:case_47011,M01,M01:case_47011,ALL,M4,1,0,False,1
M01:case_47011,M01,M01:case_47011,R1,M4,1,0,False,1
M01:case_47039,M01,M01:case_47039,ALL,M4,1,0,False,1
M01:case_47039,M01,M01:case_47039,R1,M4,1,0,False,1
M01:case_47039,M01,M01:case_47039,R3,M4,1,0,False,1
M01:case_47043,M01,M01:case_47043,ALL,M4,1,0,False,1
M01:case_47043,M01,M01:case_47043,R1,M4,1,0,False,1
M01:case_47049,M01,M01:case_47049,ALL,M4,1,0,False,1
M01:case_47049,M01,M01:case_47049,R1,M4,1,0,False,1
M01:case_47123,M01,M01:case_47123,ALL,M4,1,0,False,1
M01:case_47123,M01,M01:case_47123,R1,M4,1,0,False,1
M01:case_47169,M01,M01:case_47169,ALL,M4,1,0,False,1
M01:case_47169,M01,M01:case_47169,R1,M4,1,0,False,1
M01:case_47223,M01,M01:case_47223,ALL,M4,1,1,True,0
M01:case_47223,M01,M01:case_47223,R1,M4,1,1,True,0
M01:case_47234,M01,M01:case_47234,ALL,M4,1,0,False,0
M01:case_47234,M01,M01:case_47234,R1,M4,1,0,False,0
M01:case_47306,M01,M01:case_47306,ALL,M4,1,0,False,1
M01:case_47306,M01,M01:case_47306,R1,M4,1,0,False,1
M01:case_47340,M01,M01:case_47340,ALL,M4,1,0,False,1
M01:case_47340,M01,M01:case_47340,R1,M4,1,0,False,1
M01:case_47361,M01,M01:case_47361,ALL,M4,1,0,False,1
M01:case_47361,M01,M01:case_47361,R1,M4,1,0,False,1
M01:case_47377,M01,M01:case_47377,ALL,M4,1,0,False,1
M01:case_47377,M01,M01:case_47377,R1,M4,1,0,False,1
M01:case_47396,M01,M01:case_47396,ALL,M4,1,0,False,1
M01:case_47396,M01,M01:case_47396,R1,M4,1,0,False,1
M01:case_47423,M01,M01:case_47423,ALL,M4,1,0,False,1
M01:case_47423,M01,M01:case_47423,R1,M4,1,0,False,1
M01:case_47566,M01,M01:case_47566,ALL,M4,1,0,False,1
M01:case_47566,M01,M01:case_47566,R1,M4,1,0,False,1
M01:case_47648,M01,M01:case_47648,ALL,M4,1,0,False,1
M01:case_47648,M01,M01:case_47648,R1,M4,1,0,False,1
M01:case_47649,M01,M01:case_47649,ALL,M4,1,0,False,0
M01:case_47649,M01,M01:case_47649,R1,M4,1,0,False,0
M01:case_4766,M01,M01:case_4766,ALL,M4,1,1,True,0
M01:case_4766,M01,M01:case_4766,R1,M4,1,1,True,0
M01:case_4766,M01,M01:case_4766,R3,M4,1,1,True,0
M01:case_47745,M01,M01:case_47745,ALL,M4,1,0,False,1
M01:case_47745,M01,M01:case_47745,R1,M4,1,0,False,1
M01:case_47794,M01,M01:case_47794,ALL,M4,1,0,False,1
M01:case_47794,M01,M01:case_47794,R1,M4,1,0,False,1
M01:case_47920,M01,M01:case_47920,ALL,M4,1,0,False,1
M01:case_47920,M01,M01:case_47920,R1,M4,1,0,False,1
M01:case_47920,M01,M01:case_47920,R3,M4,1,0,False,1
M01:case_48041,M01,M01:case_48041,ALL,M4,1,0,False,1
M01:case_48041,M01,M01:case_48041,R1,M4,1,0,False,1
M01:case_48041,M01,M01:case_48041,R3,M4,1,0,False,1
M01:case_48062,M01,M01:case_48062,ALL,M4,1,0,False,1
M01:case_48062,M01,M01:case_48062,R1,M4,1,0,False,1
M01:case_48065,M01,M01:case_48065,ALL,M4,1,0,False,1
M01:case_48065,M01,M01:case_48065,R1,M4,1,0,False,1
M01:case_48082,M01,M01:case_48082,ALL,M4,1,0,False,1
M01:case_48082,M01,M01:case_48082,R1,M4,1,0,False,1
M01:case_48155,M01,M01:case_48155,ALL,M4,1,0,False,1
M01:case_48155,M01,M01:case_48155,R1,M4,1,0,False,1
M01:case_48155,M01,M01:case_48155,R3,M4,1,0,False,1
M01:case_48202,M01,M01:case_48202,ALL,M4,1,0,False,1
M01:case_48202,M01,M01:case_48202,R1,M4,1,0,False,1
M01:case_48226,M01,M01:case_48226,ALL,M4,1,0,False,1
M01:case_48226,M01,M01:case_48226,R1,M4,1,0,False,1
M01:case_48233,M01,M01:case_48233,ALL,M4,1,0,False,0
M01:case_48233,M01,M01:case_48233,R1,M4,1,0,False,0
M01:case_48233,M01,M01:case_48233,R3,M4,1,0,False,0
M01:case_48235,M01,M01:case_48235,ALL,M4,1,0,False,1
M01:case_48235,M01,M01:case_48235,R1,M4,1,0,False,1
M01:case_48235,M01,M01:case_48235,R3,M4,1,0,False,1
M01:case_48416,M01,M01:case_48416,ALL,M4,1,0,False,1
M01:case_48416,M01,M01:case_48416,R1,M4,1,0,False,1
M01:case_48654,M01,M01:case_48654,ALL,M4,1,0,False,1
M01:case_48654,M01,M01:case_48654,R1,M4,1,0,False,1
M01:case_48720,M01,M01:case_48720,ALL,M4,1,0,False,1
M01:case_48720,M01,M01:case_48720,R1,M4,1,0,False,1
M01:case_48733,M01,M01:case_48733,ALL,M4,1,0,False,1
M01:case_48733,M01,M01:case_48733,R1,M4,1,0,False,1
M01:case_48754,M01,M01:case_48754,ALL,M4,1,0,False,1
M01:case_48754,M01,M01:case_48754,R1,M4,1,0,False,1
M01:case_48763,M01,M01:case_48763,ALL,M4,1,0,False,1
M01:case_48763,M01,M01:case_48763,R1,M4,1,0,False,1
M01:case_48798,M01,M01:case_48798,ALL,M4,1,0,False,0
M01:case_48798,M01,M01:case_48798,R1,M4,1,0,False,0
M01:case_48837,M01,M01:case_48837,ALL,M4,1,0,False,0
M01:case_48837,M01,M01:case_48837,R1,M4,1,0,False,0
M01:case_48842,M01,M01:case_48842,ALL,M4,1,0,False,0
M01:case_48842,M01,M01:case_48842,R1,M4,1,0,False,0
M01:case_48858,M01,M01:case_48858,ALL,M4,1,1,True,0
M01:case_48858,M01,M01:case_48858,R1,M4,1,1,True,0
M01:case_48879,M01,M01:case_48879,ALL,M4,1,0,False,1
M01:case_48879,M01,M01:case_48879,R1,M4,1,0,False,1
M01:case_48884,M01,M01:case_48884,ALL,M4,1,0,False,1
M01:case_48884,M01,M01:case_48884,R1,M4,1,0,False,1
M01:case_48885,M01,M01:case_48885,ALL,M4,1,0,False,1
M01:case_48885,M01,M01:case_48885,R1,M4,1,0,False,1
M01:case_48972,M01,M01:case_48972,ALL,M4,1,1,True,0
M01:case_48972,M01,M01:case_48972,R1,M4,1,1,True,0
M01:case_48972,M01,M01:case_48972,R3,M4,1,1,True,0
M01:case_48984,M01,M01:case_48984,ALL,M4,1,0,False,1
M01:case_48984,M01,M01:case_48984,R1,M4,1,0,False,1
M01:case_49021,M01,M01:case_49021,ALL,M4,1,0,False,1
M01:case_49021,M01,M01:case_49021,R1,M4,1,0,False,1
M01:case_49048,M01,M01:case_49048,ALL,M4,1,0,False,1
M01:case_49048,M01,M01:case_49048,R1,M4,1,0,False,1
M01:case_49058,M01,M01:case_49058,ALL,M4,1,0,False,1
M01:case_49058,M01,M01:case_49058,R1,M4,1,0,False,1
M01:case_49078,M01,M01:case_49078,ALL,M4,1,0,False,0
M01:case_49078,M01,M01:case_49078,R1,M4,1,0,False,0
M01:case_49078,M01,M01:case_49078,R3,M4,1,0,False,0
M01:case_49102,M01,M01:case_49102,ALL,M4,1,0,False,0
M01:case_49102,M01,M01:case_49102,R1,M4,1,0,False,0
M01:case_49102,M01,M01:case_49102,R3,M4,1,0,False,0
M01:case_49155,M01,M01:case_49155,ALL,M4,1,0,False,1
M01:case_49155,M01,M01:case_49155,R1,M4,1,0,False,1
M01:case_49157,M01,M01:case_49157,ALL,M4,1,0,False,1
M01:case_49157,M01,M01:case_49157,R1,M4,1,0,False,1
M01:case_49198,M01,M01:case_49198,ALL,M4,1,0,False,1
M01:case_49198,M01,M01:case_49198,R1,M4,1,0,False,1
M01:case_49226,M01,M01:case_49226,ALL,M4,1,0,False,1
M01:case_49226,M01,M01:case_49226,R1,M4,1,0,False,1
M01:case_49281,M01,M01:case_49281,ALL,M4,1,0,False,1
M01:case_49281,M01,M01:case_49281,R1,M4,1,0,False,1
M01:case_49337,M01,M01:case_49337,ALL,M4,1,0,False,0
M01:case_49337,M01,M01:case_49337,R1,M4,1,0,False,0
M01:case_49354,M01,M01:case_49354,ALL,M4,1,0,False,0
M01:case_49354,M01,M01:case_49354,R1,M4,1,0,False,0
M01:case_49393,M01,M01:case_49393,ALL,M4,1,0,False,1
M01:case_49393,M01,M01:case_49393,R1,M4,1,0,False,1
M01:case_49393,M01,M01:case_49393,R3,M4,1,0,False,1
M01:case_49421,M01,M01:case_49421,ALL,M4,1,0,False,0
M01:case_49421,M01,M01:case_49421,R1,M4,1,0,False,0
M01:case_49444,M01,M01:case_49444,ALL,M4,1,0,False,1
M01:case_49444,M01,M01:case_49444,R1,M4,1,0,False,1
M01:case_49446,M01,M01:case_49446,ALL,M4,1,1,True,0
M01:case_49446,M01,M01:case_49446,R1,M4,1,1,True,0
M01:case_49446,M01,M01:case_49446,R3,M4,1,1,True,0
M01:case_49545,M01,M01:case_49545,ALL,M4,1,0,False,0
M01:case_49545,M01,M01:case_49545,R1,M4,1,0,False,0
M01:case_49556,M01,M01:case_49556,ALL,M4,1,0,False,1
M01:case_49556,M01,M01:case_49556,R1,M4,1,0,False,1
M01:case_49746,M01,M01:case_49746,ALL,M4,1,0,False,1
M01:case_49746,M01,M01:case_49746,R1,M4,1,0,False,1
M01:case_49782,M01,M01:case_49782,ALL,M4,1,0,False,1
M01:case_49782,M01,M01:case_49782,R1,M4,1,0,False,1
M01:case_49823,M01,M01:case_49823,ALL,M4,1,0,False,1
M01:case_49823,M01,M01:case_49823,R1,M4,1,0,False,1
M01:case_49866,M01,M01:case_49866,ALL,M4,1,0,False,1
M01:case_49866,M01,M01:case_49866,R1,M4,1,0,False,1
M01:case_49989,M01,M01:case_49989,ALL,M4,1,0,False,1
M01:case_49989,M01,M01:case_49989,R1,M4,1,0,False,1
M01:case_50042,M01,M01:case_50042,ALL,M4,1,0,False,1
M01:case_50042,M01,M01:case_50042,R1,M4,1,0,False,1
M01:case_50042,M01,M01:case_50042,R3,M4,1,0,False,1
M01:case_50203,M01,M01:case_50203,ALL,M4,1,0,False,1
M01:case_50203,M01,M01:case_50203,R1,M4,1,0,False,1
M01:case_50221,M01,M01:case_50221,ALL,M4,1,0,False,1
M01:case_50221,M01,M01:case_50221,R1,M4,1,0,False,1
M01:case_50221,M01,M01:case_50221,R3,M4,1,0,False,1
M01:case_50250,M01,M01:case_50250,ALL,M4,1,0,False,1
M01:case_50250,M01,M01:case_50250,R1,M4,1,0,False,1
M01:case_50288,M01,M01:case_50288,ALL,M4,1,0,False,1
M01:case_50288,M01,M01:case_50288,R1,M4,1,0,False,1
M01:case_50314,M01,M01:case_50314,ALL,M4,1,0,False,0
M01:case_50314,M01,M01:case_50314,R1,M4,1,0,False,0
M01:case_50345,M01,M01:case_50345,ALL,M4,1,0,False,0
M01:case_50345,M01,M01:case_50345,R1,M4,1,0,False,0
M01:case_50348,M01,M01:case_50348,ALL,M4,1,0,False,1
M01:case_50348,M01,M01:case_50348,R1,M4,1,0,False,1
M01:case_50473,M01,M01:case_50473,ALL,M4,1,0,False,0
M01:case_50473,M01,M01:case_50473,R1,M4,1,0,False,0
M01:case_50475,M01,M01:case_50475,ALL,M4,1,0,False,1
M01:case_50475,M01,M01:case_50475,R1,M4,1,0,False,1
M01:case_50475,M01,M01:case_50475,R3,M4,1,0,False,1
M01:case_50576,M01,M01:case_50576,ALL,M4,1,0,False,1
M01:case_50576,M01,M01:case_50576,R1,M4,1,0,False,1
M01:case_50698,M01,M01:case_50698,ALL,M4,1,1,True,0
M01:case_50698,M01,M01:case_50698,R1,M4,1,1,True,0
M01:case_50698,M01,M01:case_50698,R3,M4,1,1,True,0
M01:case_50842,M01,M01:case_50842,ALL,M4,1,0,False,1
M01:case_50842,M01,M01:case_50842,R1,M4,1,0,False,1
M01:case_50873,M01,M01:case_50873,ALL,M4,1,0,False,1
M01:case_50873,M01,M01:case_50873,R1,M4,1,0,False,1
M01:case_5091,M01,M01:case_5091,ALL,M4,1,0,False,1
M01:case_5091,M01,M01:case_5091,R1,M4,1,0,False,1
M01:case_5091,M01,M01:case_5091,R3,M4,1,0,False,1
M01:case_51016,M01,M01:case_51016,ALL,M4,1,1,True,0
M01:case_51016,M01,M01:case_51016,R1,M4,1,1,True,0
M01:case_51016,M01,M01:case_51016,R3,M4,1,1,True,0
M01:case_51106,M01,M01:case_51106,ALL,M4,1,0,False,0
M01:case_51106,M01,M01:case_51106,R1,M4,1,0,False,0
M01:case_51106,M01,M01:case_51106,R3,M4,1,0,False,0
M01:case_5114,M01,M01:case_5114,ALL,M4,1,0,False,1
M01:case_5114,M01,M01:case_5114,R1,M4,1,0,False,1
M01:case_51165,M01,M01:case_51165,ALL,M4,1,1,True,0
M01:case_51165,M01,M01:case_51165,R1,M4,1,1,True,0
M01:case_51165,M01,M01:case_51165,R3,M4,1,1,True,0
M01:case_51237,M01,M01:case_51237,ALL,M4,1,0,False,1
M01:case_51237,M01,M01:case_51237,R1,M4,1,0,False,1
M01:case_51375,M01,M01:case_51375,ALL,M4,1,1,True,0
M01:case_51375,M01,M01:case_51375,R1,M4,1,1,True,0
M01:case_51375,M01,M01:case_51375,R3,M4,1,1,True,0
M01:case_51481,M01,M01:case_51481,ALL,M4,1,0,False,1
M01:case_51481,M01,M01:case_51481,R1,M4,1,0,False,1
M01:case_51481,M01,M01:case_51481,R3,M4,1,0,False,1
M01:case_51629,M01,M01:case_51629,ALL,M4,1,0,False,1
M01:case_51629,M01,M01:case_51629,R1,M4,1,0,False,1
M01:case_5165,M01,M01:case_5165,ALL,M4,1,0,False,0
M01:case_5165,M01,M01:case_5165,R1,M4,1,0,False,0
M01:case_51677,M01,M01:case_51677,ALL,M4,1,0,False,0
M01:case_51677,M01,M01:case_51677,R1,M4,1,0,False,0
M01:case_51722,M01,M01:case_51722,ALL,M4,1,0,False,1
M01:case_51722,M01,M01:case_51722,R1,M4,1,0,False,1
M01:case_51766,M01,M01:case_51766,ALL,M4,1,0,False,1
M01:case_51766,M01,M01:case_51766,R1,M4,1,0,False,1
M01:case_51768,M01,M01:case_51768,ALL,M4,1,0,False,0
M01:case_51768,M01,M01:case_51768,R1,M4,1,0,False,0
M01:case_51805,M01,M01:case_51805,ALL,M4,1,0,False,1
M01:case_51805,M01,M01:case_51805,R1,M4,1,0,False,1
M01:case_51905,M01,M01:case_51905,ALL,M4,1,0,False,1
M01:case_51905,M01,M01:case_51905,R1,M4,1,0,False,1
M01:case_51980,M01,M01:case_51980,ALL,M4,1,0,False,1
M01:case_51980,M01,M01:case_51980,R1,M4,1,0,False,1
M01:case_51980,M01,M01:case_51980,R3,M4,1,0,False,1
M01:case_51986,M01,M01:case_51986,ALL,M4,1,0,False,1
M01:case_51986,M01,M01:case_51986,R1,M4,1,0,False,1
M01:case_52016,M01,M01:case_52016,ALL,M4,1,1,True,0
M01:case_52016,M01,M01:case_52016,R1,M4,1,1,True,0
M01:case_52016,M01,M01:case_52016,R3,M4,1,1,True,0
M01:case_52102,M01,M01:case_52102,ALL,M4,1,0,False,1
M01:case_52102,M01,M01:case_52102,R1,M4,1,0,False,1
M01:case_52103,M01,M01:case_52103,ALL,M4,1,1,True,0
M01:case_52103,M01,M01:case_52103,R1,M4,1,1,True,0
M01:case_52103,M01,M01:case_52103,R3,M4,1,1,True,0
M01:case_52212,M01,M01:case_52212,ALL,M4,1,0,False,1
M01:case_52212,M01,M01:case_52212,R1,M4,1,0,False,1
M01:case_52269,M01,M01:case_52269,ALL,M4,1,0,False,0
M01:case_52269,M01,M01:case_52269,R1,M4,1,0,False,0
M01:case_52296,M01,M01:case_52296,ALL,M4,1,0,False,1
M01:case_52296,M01,M01:case_52296,R1,M4,1,0,False,1
M01:case_52341,M01,M01:case_52341,ALL,M4,1,0,False,1
M01:case_52341,M01,M01:case_52341,R1,M4,1,0,False,1
M01:case_52377,M01,M01:case_52377,ALL,M4,1,0,False,1
M01:case_52377,M01,M01:case_52377,R1,M4,1,0,False,1
M01:case_52377,M01,M01:case_52377,R3,M4,1,0,False,1
M01:case_52378,M01,M01:case_52378,ALL,M4,1,0,False,1
M01:case_52378,M01,M01:case_52378,R1,M4,1,0,False,1
M01:case_52378,M01,M01:case_52378,R3,M4,1,0,False,1
M01:case_52537,M01,M01:case_52537,ALL,M4,1,0,False,0
M01:case_52537,M01,M01:case_52537,R1,M4,1,0,False,0
M01:case_52598,M01,M01:case_52598,ALL,M4,1,0,False,0
M01:case_52598,M01,M01:case_52598,R1,M4,1,0,False,0
M01:case_52601,M01,M01:case_52601,ALL,M4,1,0,False,1
M01:case_52601,M01,M01:case_52601,R1,M4,1,0,False,1
M01:case_52606,M01,M01:case_52606,ALL,M4,1,0,False,0
M01:case_52606,M01,M01:case_52606,R1,M4,1,0,False,0
M01:case_52624,M01,M01:case_52624,ALL,M4,1,0,False,1
M01:case_52624,M01,M01:case_52624,R1,M4,1,0,False,1
M01:case_52694,M01,M01:case_52694,ALL,M4,1,0,False,0
M01:case_52694,M01,M01:case_52694,R1,M4,1,0,False,0
M01:case_52732,M01,M01:case_52732,ALL,M4,1,0,False,1
M01:case_52732,M01,M01:case_52732,R1,M4,1,0,False,1
M01:case_52732,M01,M01:case_52732,R3,M4,1,0,False,1
M01:case_52801,M01,M01:case_52801,ALL,M4,1,0,False,1
M01:case_52801,M01,M01:case_52801,R1,M4,1,0,False,1
M01:case_52803,M01,M01:case_52803,ALL,M4,1,0,False,1
M01:case_52803,M01,M01:case_52803,R1,M4,1,0,False,1
M01:case_52875,M01,M01:case_52875,ALL,M4,1,0,False,1
M01:case_52875,M01,M01:case_52875,R1,M4,1,0,False,1
M01:case_52881,M01,M01:case_52881,ALL,M4,1,0,False,1
M01:case_52881,M01,M01:case_52881,R1,M4,1,0,False,1
M01:case_53041,M01,M01:case_53041,ALL,M4,1,0,False,1
M01:case_53041,M01,M01:case_53041,R1,M4,1,0,False,1
M01:case_53207,M01,M01:case_53207,ALL,M4,1,0,False,1
M01:case_53207,M01,M01:case_53207,R1,M4,1,0,False,1
M01:case_53227,M01,M01:case_53227,ALL,M4,1,0,False,1
M01:case_53227,M01,M01:case_53227,R1,M4,1,0,False,1
M01:case_53285,M01,M01:case_53285,ALL,M4,1,0,False,1
M01:case_53285,M01,M01:case_53285,R1,M4,1,0,False,1
M01:case_53373,M01,M01:case_53373,ALL,M4,1,0,False,1
M01:case_53373,M01,M01:case_53373,R1,M4,1,0,False,1
M01:case_53373,M01,M01:case_53373,R3,M4,1,0,False,1
M01:case_53431,M01,M01:case_53431,ALL,M4,1,0,False,1
M01:case_53431,M01,M01:case_53431,R1,M4,1,0,False,1
M01:case_53522,M01,M01:case_53522,ALL,M4,1,0,False,1
M01:case_53522,M01,M01:case_53522,R1,M4,1,0,False,1
M01:case_53535,M01,M01:case_53535,ALL,M4,1,0,False,1
M01:case_53535,M01,M01:case_53535,R1,M4,1,0,False,1
M01:case_53535,M01,M01:case_53535,R3,M4,1,0,False,1
M01:case_53574,M01,M01:case_53574,ALL,M4,1,0,False,1
M01:case_53574,M01,M01:case_53574,R1,M4,1,0,False,1
M01:case_53585,M01,M01:case_53585,ALL,M4,1,0,False,1
M01:case_53585,M01,M01:case_53585,R1,M4,1,0,False,1
M01:case_5361,M01,M01:case_5361,ALL,M4,1,0,False,1
M01:case_5361,M01,M01:case_5361,R1,M4,1,0,False,1
M01:case_53611,M01,M01:case_53611,ALL,M4,1,0,False,1
M01:case_53611,M01,M01:case_53611,R1,M4,1,0,False,1
M01:case_53645,M01,M01:case_53645,ALL,M4,1,0,False,0
M01:case_53645,M01,M01:case_53645,R1,M4,1,0,False,0
M01:case_53675,M01,M01:case_53675,ALL,M4,1,0,False,1
M01:case_53675,M01,M01:case_53675,R1,M4,1,0,False,1
M01:case_53675,M01,M01:case_53675,R3,M4,1,0,False,1
M01:case_53690,M01,M01:case_53690,ALL,M4,1,0,False,0
M01:case_53690,M01,M01:case_53690,R1,M4,1,0,False,0
M01:case_53696,M01,M01:case_53696,ALL,M4,1,0,False,1
M01:case_53696,M01,M01:case_53696,R1,M4,1,0,False,1
M01:case_53716,M01,M01:case_53716,ALL,M4,1,0,False,1
M01:case_53716,M01,M01:case_53716,R1,M4,1,0,False,1
M01:case_53738,M01,M01:case_53738,ALL,M4,1,0,False,1
M01:case_53738,M01,M01:case_53738,R1,M4,1,0,False,1
M01:case_53747,M01,M01:case_53747,ALL,M4,1,0,False,1
M01:case_53747,M01,M01:case_53747,R1,M4,1,0,False,1
M01:case_53755,M01,M01:case_53755,ALL,M4,1,0,False,1
M01:case_53755,M01,M01:case_53755,R1,M4,1,0,False,1
M01:case_53757,M01,M01:case_53757,ALL,M4,1,0,False,1
M01:case_53757,M01,M01:case_53757,R1,M4,1,0,False,1
M01:case_54044,M01,M01:case_54044,ALL,M4,1,0,False,1
M01:case_54044,M01,M01:case_54044,R1,M4,1,0,False,1
M01:case_541,M01,M01:case_541,ALL,M4,1,1,True,0
M01:case_541,M01,M01:case_541,R1,M4,1,1,True,0
M01:case_541,M01,M01:case_541,R3,M4,1,1,True,0
M01:case_54304,M01,M01:case_54304,ALL,M4,1,0,False,1
M01:case_54304,M01,M01:case_54304,R1,M4,1,0,False,1
M01:case_54400,M01,M01:case_54400,ALL,M4,1,0,False,1
M01:case_54400,M01,M01:case_54400,R1,M4,1,0,False,1
M01:case_54411,M01,M01:case_54411,ALL,M4,1,0,False,1
M01:case_54411,M01,M01:case_54411,R1,M4,1,0,False,1
M01:case_54411,M01,M01:case_54411,R3,M4,1,0,False,1
M01:case_5443,M01,M01:case_5443,ALL,M4,1,0,False,1
M01:case_5443,M01,M01:case_5443,R1,M4,1,0,False,1
M01:case_54485,M01,M01:case_54485,ALL,M4,1,0,False,1
M01:case_54485,M01,M01:case_54485,R1,M4,1,0,False,1
M01:case_5450,M01,M01:case_5450,ALL,M4,1,0,False,1
M01:case_5450,M01,M01:case_5450,R1,M4,1,0,False,1
M01:case_54617,M01,M01:case_54617,ALL,M4,1,0,False,1
M01:case_54617,M01,M01:case_54617,R1,M4,1,0,False,1
M01:case_54671,M01,M01:case_54671,ALL,M4,1,1,True,0
M01:case_54671,M01,M01:case_54671,R1,M4,1,1,True,0
M01:case_54671,M01,M01:case_54671,R3,M4,1,1,True,0
M01:case_54794,M01,M01:case_54794,ALL,M4,1,0,False,1
M01:case_54794,M01,M01:case_54794,R1,M4,1,0,False,1
M01:case_54834,M01,M01:case_54834,ALL,M4,1,0,False,1
M01:case_54834,M01,M01:case_54834,R1,M4,1,0,False,1
M01:case_54834,M01,M01:case_54834,R3,M4,1,0,False,1
M01:case_54844,M01,M01:case_54844,ALL,M4,1,0,False,1
M01:case_54844,M01,M01:case_54844,R1,M4,1,0,False,1
M01:case_54965,M01,M01:case_54965,ALL,M4,1,1,True,0
M01:case_54965,M01,M01:case_54965,R1,M4,1,1,True,0
M01:case_54965,M01,M01:case_54965,R3,M4,1,1,True,0
M01:case_55003,M01,M01:case_55003,ALL,M4,1,0,False,1
M01:case_55003,M01,M01:case_55003,R1,M4,1,0,False,1
M01:case_5502,M01,M01:case_5502,ALL,M4,1,0,False,1
M01:case_5502,M01,M01:case_5502,R1,M4,1,0,False,1
M01:case_5502,M01,M01:case_5502,R3,M4,1,0,False,1
M01:case_55084,M01,M01:case_55084,ALL,M4,1,0,False,1
M01:case_55084,M01,M01:case_55084,R1,M4,1,0,False,1
M01:case_55116,M01,M01:case_55116,ALL,M4,1,0,False,0
M01:case_55116,M01,M01:case_55116,R1,M4,1,0,False,0
M01:case_55182,M01,M01:case_55182,ALL,M4,1,0,False,1
M01:case_55182,M01,M01:case_55182,R1,M4,1,0,False,1
M01:case_55317,M01,M01:case_55317,ALL,M4,1,0,False,1
M01:case_55317,M01,M01:case_55317,R1,M4,1,0,False,1
M01:case_55337,M01,M01:case_55337,ALL,M4,1,0,False,1
M01:case_55337,M01,M01:case_55337,R1,M4,1,0,False,1
M01:case_55337,M01,M01:case_55337,R3,M4,1,0,False,1
M01:case_55440,M01,M01:case_55440,ALL,M4,1,1,True,0
M01:case_55440,M01,M01:case_55440,R1,M4,1,1,True,0
M01:case_55440,M01,M01:case_55440,R3,M4,1,1,True,0
M01:case_5545,M01,M01:case_5545,ALL,M4,1,0,False,1
M01:case_5545,M01,M01:case_5545,R1,M4,1,0,False,1
M01:case_5545,M01,M01:case_5545,R3,M4,1,0,False,1
M01:case_55507,M01,M01:case_55507,ALL,M4,1,0,False,0
M01:case_55507,M01,M01:case_55507,R1,M4,1,0,False,0
M01:case_5561,M01,M01:case_5561,ALL,M4,1,0,False,1
M01:case_5561,M01,M01:case_5561,R1,M4,1,0,False,1
M01:case_55801,M01,M01:case_55801,ALL,M4,1,1,True,0
M01:case_55801,M01,M01:case_55801,R1,M4,1,1,True,0
M01:case_55801,M01,M01:case_55801,R3,M4,1,1,True,0
M01:case_55822,M01,M01:case_55822,ALL,M4,1,0,False,1
M01:case_55822,M01,M01:case_55822,R1,M4,1,0,False,1
M01:case_55822,M01,M01:case_55822,R3,M4,1,0,False,1
M01:case_55824,M01,M01:case_55824,ALL,M4,1,0,False,1
M01:case_55824,M01,M01:case_55824,R1,M4,1,0,False,1
M01:case_55824,M01,M01:case_55824,R3,M4,1,0,False,1
M01:case_55845,M01,M01:case_55845,ALL,M4,1,0,False,1
M01:case_55845,M01,M01:case_55845,R1,M4,1,0,False,1
M01:case_55888,M01,M01:case_55888,ALL,M4,1,0,False,1
M01:case_55888,M01,M01:case_55888,R1,M4,1,0,False,1
M01:case_5600,M01,M01:case_5600,ALL,M4,1,1,True,0
M01:case_5600,M01,M01:case_5600,R1,M4,1,1,True,0
M01:case_5600,M01,M01:case_5600,R3,M4,1,1,True,0
M01:case_56035,M01,M01:case_56035,ALL,M4,1,0,False,1
M01:case_56035,M01,M01:case_56035,R1,M4,1,0,False,1
M01:case_56035,M01,M01:case_56035,R3,M4,1,0,False,1
M01:case_56059,M01,M01:case_56059,ALL,M4,1,0,False,1
M01:case_56059,M01,M01:case_56059,R1,M4,1,0,False,1
M01:case_56059,M01,M01:case_56059,R3,M4,1,0,False,1
M01:case_56067,M01,M01:case_56067,ALL,M4,1,0,False,1
M01:case_56067,M01,M01:case_56067,R1,M4,1,0,False,1
M01:case_56067,M01,M01:case_56067,R3,M4,1,0,False,1
M01:case_56414,M01,M01:case_56414,ALL,M4,1,1,True,0
M01:case_56414,M01,M01:case_56414,R1,M4,1,1,True,0
M01:case_56414,M01,M01:case_56414,R3,M4,1,1,True,0
M01:case_56472,M01,M01:case_56472,ALL,M4,1,1,True,0
M01:case_56472,M01,M01:case_56472,R1,M4,1,1,True,0
M01:case_56472,M01,M01:case_56472,R3,M4,1,1,True,0
M01:case_56567,M01,M01:case_56567,ALL,M4,1,0,False,1
M01:case_56567,M01,M01:case_56567,R1,M4,1,0,False,1
M01:case_56567,M01,M01:case_56567,R3,M4,1,0,False,1
M01:case_56575,M01,M01:case_56575,ALL,M4,1,1,True,0
M01:case_56575,M01,M01:case_56575,R1,M4,1,1,True,0
M01:case_56575,M01,M01:case_56575,R3,M4,1,1,True,0
M01:case_5659,M01,M01:case_5659,ALL,M4,1,0,False,1
M01:case_5659,M01,M01:case_5659,R1,M4,1,0,False,1
M01:case_5665,M01,M01:case_5665,ALL,M4,1,0,False,1
M01:case_5665,M01,M01:case_5665,R1,M4,1,0,False,1
M01:case_56654,M01,M01:case_56654,ALL,M4,1,0,False,1
M01:case_56654,M01,M01:case_56654,R1,M4,1,0,False,1
M01:case_56686,M01,M01:case_56686,ALL,M4,1,0,False,1
M01:case_56686,M01,M01:case_56686,R1,M4,1,0,False,1
M01:case_56686,M01,M01:case_56686,R3,M4,1,0,False,1
M01:case_56712,M01,M01:case_56712,ALL,M4,1,0,False,1
M01:case_56712,M01,M01:case_56712,R1,M4,1,0,False,1
M01:case_56712,M01,M01:case_56712,R3,M4,1,0,False,1
M01:case_5672,M01,M01:case_5672,ALL,M4,1,0,False,1
M01:case_5672,M01,M01:case_5672,R1,M4,1,0,False,1
M01:case_56732,M01,M01:case_56732,ALL,M4,1,0,False,1
M01:case_56732,M01,M01:case_56732,R1,M4,1,0,False,1
M01:case_56732,M01,M01:case_56732,R3,M4,1,0,False,1
M01:case_56923,M01,M01:case_56923,ALL,M4,1,1,True,0
M01:case_56923,M01,M01:case_56923,R1,M4,1,1,True,0
M01:case_56923,M01,M01:case_56923,R3,M4,1,1,True,0
M01:case_56956,M01,M01:case_56956,ALL,M4,1,0,False,1
M01:case_56956,M01,M01:case_56956,R1,M4,1,0,False,1
M01:case_56963,M01,M01:case_56963,ALL,M4,1,1,True,0
M01:case_56963,M01,M01:case_56963,R1,M4,1,1,True,0
M01:case_56963,M01,M01:case_56963,R3,M4,1,1,True,0
M01:case_56994,M01,M01:case_56994,ALL,M4,1,0,False,1
M01:case_56994,M01,M01:case_56994,R1,M4,1,0,False,1
M01:case_56994,M01,M01:case_56994,R3,M4,1,0,False,1
M01:case_57085,M01,M01:case_57085,ALL,M4,1,1,True,0
M01:case_57085,M01,M01:case_57085,R1,M4,1,1,True,0
M01:case_57085,M01,M01:case_57085,R3,M4,1,1,True,0
M01:case_57112,M01,M01:case_57112,ALL,M4,1,0,False,1
M01:case_57112,M01,M01:case_57112,R1,M4,1,0,False,1
M01:case_57178,M01,M01:case_57178,ALL,M4,1,0,False,1
M01:case_57178,M01,M01:case_57178,R1,M4,1,0,False,1
M01:case_57178,M01,M01:case_57178,R3,M4,1,0,False,1
M01:case_5723,M01,M01:case_5723,ALL,M4,1,0,False,1
M01:case_5723,M01,M01:case_5723,R1,M4,1,0,False,1
M01:case_57268,M01,M01:case_57268,ALL,M4,1,0,False,1
M01:case_57268,M01,M01:case_57268,R1,M4,1,0,False,1
M01:case_57268,M01,M01:case_57268,R3,M4,1,0,False,1
M01:case_5734,M01,M01:case_5734,ALL,M4,1,0,False,1
M01:case_5734,M01,M01:case_5734,R1,M4,1,0,False,1
M01:case_57378,M01,M01:case_57378,ALL,M4,1,0,False,1
M01:case_57378,M01,M01:case_57378,R1,M4,1,0,False,1
M01:case_57378,M01,M01:case_57378,R3,M4,1,0,False,1
M01:case_57447,M01,M01:case_57447,ALL,M4,1,0,False,1
M01:case_57447,M01,M01:case_57447,R1,M4,1,0,False,1
M01:case_57574,M01,M01:case_57574,ALL,M4,1,0,False,1
M01:case_57574,M01,M01:case_57574,R1,M4,1,0,False,1
M01:case_57675,M01,M01:case_57675,ALL,M4,1,0,False,1
M01:case_57675,M01,M01:case_57675,R1,M4,1,0,False,1
M01:case_57675,M01,M01:case_57675,R3,M4,1,0,False,1
M01:case_57704,M01,M01:case_57704,ALL,M4,1,0,False,1
M01:case_57704,M01,M01:case_57704,R1,M4,1,0,False,1
M01:case_57725,M01,M01:case_57725,ALL,M4,1,0,False,1
M01:case_57725,M01,M01:case_57725,R1,M4,1,0,False,1
M01:case_57725,M01,M01:case_57725,R3,M4,1,0,False,1
M01:case_57823,M01,M01:case_57823,ALL,M4,1,1,True,0
M01:case_57823,M01,M01:case_57823,R1,M4,1,1,True,0
M01:case_57823,M01,M01:case_57823,R3,M4,1,1,True,0
M01:case_57984,M01,M01:case_57984,ALL,M4,1,0,False,0
M01:case_57984,M01,M01:case_57984,R1,M4,1,0,False,0
M01:case_58185,M01,M01:case_58185,ALL,M4,1,0,False,1
M01:case_58185,M01,M01:case_58185,R1,M4,1,0,False,1
M01:case_58185,M01,M01:case_58185,R3,M4,1,0,False,1
M01:case_58217,M01,M01:case_58217,ALL,M4,1,0,False,1
M01:case_58217,M01,M01:case_58217,R1,M4,1,0,False,1
M01:case_58242,M01,M01:case_58242,ALL,M4,1,1,True,0
M01:case_58242,M01,M01:case_58242,R1,M4,1,1,True,0
M01:case_58242,M01,M01:case_58242,R3,M4,1,1,True,0
M01:case_58267,M01,M01:case_58267,ALL,M4,1,1,True,0
M01:case_58267,M01,M01:case_58267,R1,M4,1,1,True,0
M01:case_58267,M01,M01:case_58267,R3,M4,1,1,True,0
M01:case_58290,M01,M01:case_58290,ALL,M4,1,1,True,0
M01:case_58290,M01,M01:case_58290,R1,M4,1,1,True,0
M01:case_58290,M01,M01:case_58290,R3,M4,1,1,True,0
M01:case_58335,M01,M01:case_58335,ALL,M4,1,0,False,1
M01:case_58335,M01,M01:case_58335,R1,M4,1,0,False,1
M01:case_58384,M01,M01:case_58384,ALL,M4,1,0,False,1
M01:case_58384,M01,M01:case_58384,R1,M4,1,0,False,1
M01:case_58384,M01,M01:case_58384,R3,M4,1,0,False,1
M01:case_58439,M01,M01:case_58439,ALL,M4,1,1,True,0
M01:case_58439,M01,M01:case_58439,R1,M4,1,1,True,0
M01:case_58439,M01,M01:case_58439,R3,M4,1,1,True,0
M01:case_58526,M01,M01:case_58526,ALL,M4,1,1,True,0
M01:case_58526,M01,M01:case_58526,R1,M4,1,1,True,0
M01:case_58526,M01,M01:case_58526,R3,M4,1,1,True,0
M01:case_58538,M01,M01:case_58538,ALL,M4,1,0,False,1
M01:case_58538,M01,M01:case_58538,R1,M4,1,0,False,1
M01:case_58566,M01,M01:case_58566,ALL,M4,1,0,False,1
M01:case_58566,M01,M01:case_58566,R1,M4,1,0,False,1
M01:case_58566,M01,M01:case_58566,R3,M4,1,0,False,1
M01:case_58693,M01,M01:case_58693,ALL,M4,1,0,False,1
M01:case_58693,M01,M01:case_58693,R1,M4,1,0,False,1
M01:case_58747,M01,M01:case_58747,ALL,M4,1,0,False,1
M01:case_58747,M01,M01:case_58747,R1,M4,1,0,False,1
M01:case_59081,M01,M01:case_59081,ALL,M4,1,0,False,1
M01:case_59081,M01,M01:case_59081,R1,M4,1,0,False,1
M01:case_59139,M01,M01:case_59139,ALL,M4,1,0,False,1
M01:case_59139,M01,M01:case_59139,R1,M4,1,0,False,1
M01:case_59154,M01,M01:case_59154,ALL,M4,1,0,False,1
M01:case_59154,M01,M01:case_59154,R1,M4,1,0,False,1
M01:case_59154,M01,M01:case_59154,R3,M4,1,0,False,1
M01:case_5928,M01,M01:case_5928,ALL,M4,1,1,True,0
M01:case_5928,M01,M01:case_5928,R1,M4,1,1,True,0
M01:case_5928,M01,M01:case_5928,R3,M4,1,1,True,0
M01:case_59287,M01,M01:case_59287,ALL,M4,1,0,False,1
M01:case_59287,M01,M01:case_59287,R1,M4,1,0,False,1
M01:case_59303,M01,M01:case_59303,ALL,M4,1,0,False,0
M01:case_59303,M01,M01:case_59303,R1,M4,1,0,False,0
M01:case_59371,M01,M01:case_59371,ALL,M4,1,0,False,1
M01:case_59371,M01,M01:case_59371,R1,M4,1,0,False,1
M01:case_59371,M01,M01:case_59371,R3,M4,1,0,False,1
M01:case_59616,M01,M01:case_59616,ALL,M4,1,0,False,1
M01:case_59616,M01,M01:case_59616,R1,M4,1,0,False,1
M01:case_59619,M01,M01:case_59619,ALL,M4,1,1,True,0
M01:case_59619,M01,M01:case_59619,R1,M4,1,1,True,0
M01:case_59619,M01,M01:case_59619,R3,M4,1,1,True,0
M01:case_59712,M01,M01:case_59712,ALL,M4,1,0,False,1
M01:case_59712,M01,M01:case_59712,R1,M4,1,0,False,1
M01:case_59720,M01,M01:case_59720,ALL,M4,1,1,True,0
M01:case_59720,M01,M01:case_59720,R1,M4,1,1,True,0
M01:case_59720,M01,M01:case_59720,R3,M4,1,1,True,0
M01:case_59785,M01,M01:case_59785,ALL,M4,1,0,False,1
M01:case_59785,M01,M01:case_59785,R1,M4,1,0,False,1
M01:case_59794,M01,M01:case_59794,ALL,M4,1,0,False,1
M01:case_59794,M01,M01:case_59794,R1,M4,1,0,False,1
M01:case_59844,M01,M01:case_59844,ALL,M4,1,0,False,0
M01:case_59844,M01,M01:case_59844,R1,M4,1,0,False,0
M01:case_59883,M01,M01:case_59883,ALL,M4,1,0,False,1
M01:case_59883,M01,M01:case_59883,R1,M4,1,0,False,1
M01:case_59946,M01,M01:case_59946,ALL,M4,1,1,True,0
M01:case_59946,M01,M01:case_59946,R1,M4,1,1,True,0
M01:case_59946,M01,M01:case_59946,R3,M4,1,1,True,0
M01:case_59948,M01,M01:case_59948,ALL,M4,1,1,True,0
M01:case_59948,M01,M01:case_59948,R1,M4,1,1,True,0
M01:case_59948,M01,M01:case_59948,R3,M4,1,1,True,0
M01:case_59968,M01,M01:case_59968,ALL,M4,1,0,False,0
M01:case_59968,M01,M01:case_59968,R1,M4,1,0,False,0
M01:case_59987,M01,M01:case_59987,ALL,M4,1,0,False,1
M01:case_59987,M01,M01:case_59987,R1,M4,1,0,False,1
M01:case_59987,M01,M01:case_59987,R3,M4,1,0,False,1
M01:case_60006,M01,M01:case_60006,ALL,M4,1,0,False,1
M01:case_60006,M01,M01:case_60006,R1,M4,1,0,False,1
M01:case_60006,M01,M01:case_60006,R3,M4,1,0,False,1
M01:case_60193,M01,M01:case_60193,ALL,M4,1,0,False,1
M01:case_60193,M01,M01:case_60193,R1,M4,1,0,False,1
M01:case_60193,M01,M01:case_60193,R3,M4,1,0,False,1
M01:case_60247,M01,M01:case_60247,ALL,M4,1,1,True,0
M01:case_60247,M01,M01:case_60247,R1,M4,1,1,True,0
M01:case_60247,M01,M01:case_60247,R3,M4,1,1,True,0
M01:case_60260,M01,M01:case_60260,ALL,M4,1,1,True,0
M01:case_60260,M01,M01:case_60260,R1,M4,1,1,True,0
M01:case_60260,M01,M01:case_60260,R3,M4,1,1,True,0
M01:case_60391,M01,M01:case_60391,ALL,M4,1,1,True,0
M01:case_60391,M01,M01:case_60391,R1,M4,1,1,True,0
M01:case_60391,M01,M01:case_60391,R3,M4,1,1,True,0
M01:case_60554,M01,M01:case_60554,ALL,M4,1,0,False,0
M01:case_60554,M01,M01:case_60554,R1,M4,1,0,False,0
M01:case_60568,M01,M01:case_60568,ALL,M4,1,0,False,1
M01:case_60568,M01,M01:case_60568,R1,M4,1,0,False,1
M01:case_60638,M01,M01:case_60638,ALL,M4,1,0,False,1
M01:case_60638,M01,M01:case_60638,R1,M4,1,0,False,1
M01:case_60652,M01,M01:case_60652,ALL,M4,1,0,False,1
M01:case_60652,M01,M01:case_60652,R1,M4,1,0,False,1
M01:case_60692,M01,M01:case_60692,ALL,M4,1,0,False,1
M01:case_60692,M01,M01:case_60692,R1,M4,1,0,False,1
M01:case_60692,M01,M01:case_60692,R3,M4,1,0,False,1
M01:case_60693,M01,M01:case_60693,ALL,M4,1,0,False,1
M01:case_60693,M01,M01:case_60693,R1,M4,1,0,False,1
M01:case_60693,M01,M01:case_60693,R3,M4,1,0,False,1
M01:case_6070,M01,M01:case_6070,ALL,M4,1,0,False,1
M01:case_6070,M01,M01:case_6070,R1,M4,1,0,False,1
M01:case_60799,M01,M01:case_60799,ALL,M4,1,0,False,1
M01:case_60799,M01,M01:case_60799,R1,M4,1,0,False,1
M01:case_60799,M01,M01:case_60799,R3,M4,1,0,False,1
M01:case_60823,M01,M01:case_60823,ALL,M4,1,0,False,0
M01:case_60823,M01,M01:case_60823,R1,M4,1,0,False,0
M01:case_60885,M01,M01:case_60885,ALL,M4,1,0,False,0
M01:case_60885,M01,M01:case_60885,R1,M4,1,0,False,0
M01:case_60885,M01,M01:case_60885,R3,M4,1,0,False,0
M01:case_60936,M01,M01:case_60936,ALL,M4,1,0,False,1
M01:case_60936,M01,M01:case_60936,R1,M4,1,0,False,1
M01:case_60936,M01,M01:case_60936,R3,M4,1,0,False,1
M01:case_61063,M01,M01:case_61063,ALL,M4,1,1,True,0
M01:case_61063,M01,M01:case_61063,R1,M4,1,1,True,0
M01:case_61063,M01,M01:case_61063,R3,M4,1,1,True,0
M01:case_61069,M01,M01:case_61069,ALL,M4,1,0,False,1
M01:case_61069,M01,M01:case_61069,R1,M4,1,0,False,1
M01:case_61069,M01,M01:case_61069,R3,M4,1,0,False,1
M01:case_61077,M01,M01:case_61077,ALL,M4,1,0,False,1
M01:case_61077,M01,M01:case_61077,R1,M4,1,0,False,1
M01:case_61077,M01,M01:case_61077,R3,M4,1,0,False,1
M01:case_61180,M01,M01:case_61180,ALL,M4,1,0,False,1
M01:case_61180,M01,M01:case_61180,R1,M4,1,0,False,1
M01:case_61180,M01,M01:case_61180,R3,M4,1,0,False,1
M01:case_61185,M01,M01:case_61185,ALL,M4,1,0,False,1
M01:case_61185,M01,M01:case_61185,R1,M4,1,0,False,1
M01:case_61474,M01,M01:case_61474,ALL,M4,1,0,False,0
M01:case_61474,M01,M01:case_61474,R1,M4,1,0,False,0
M01:case_61474,M01,M01:case_61474,R3,M4,1,0,False,0
M01:case_61487,M01,M01:case_61487,ALL,M4,1,0,False,1
M01:case_61487,M01,M01:case_61487,R1,M4,1,0,False,1
M01:case_61487,M01,M01:case_61487,R3,M4,1,0,False,1
M01:case_61500,M01,M01:case_61500,ALL,M4,1,0,False,1
M01:case_61500,M01,M01:case_61500,R1,M4,1,0,False,1
M01:case_61500,M01,M01:case_61500,R3,M4,1,0,False,1
M01:case_61578,M01,M01:case_61578,ALL,M4,1,1,True,0
M01:case_61578,M01,M01:case_61578,R1,M4,1,1,True,0
M01:case_61578,M01,M01:case_61578,R3,M4,1,1,True,0
M01:case_61581,M01,M01:case_61581,ALL,M4,1,0,False,0
M01:case_61581,M01,M01:case_61581,R1,M4,1,0,False,0
M01:case_61581,M01,M01:case_61581,R3,M4,1,0,False,0
M01:case_6167,M01,M01:case_6167,ALL,M4,1,0,False,1
M01:case_6167,M01,M01:case_6167,R1,M4,1,0,False,1
M01:case_61717,M01,M01:case_61717,ALL,M4,1,0,False,1
M01:case_61717,M01,M01:case_61717,R1,M4,1,0,False,1
M01:case_61717,M01,M01:case_61717,R3,M4,1,0,False,1
M01:case_61723,M01,M01:case_61723,ALL,M4,1,0,False,1
M01:case_61723,M01,M01:case_61723,R1,M4,1,0,False,1
M01:case_61723,M01,M01:case_61723,R3,M4,1,0,False,1
M01:case_61747,M01,M01:case_61747,ALL,M4,1,0,False,1
M01:case_61747,M01,M01:case_61747,R1,M4,1,0,False,1
M01:case_61932,M01,M01:case_61932,ALL,M4,1,0,False,1
M01:case_61932,M01,M01:case_61932,R1,M4,1,0,False,1
M01:case_62006,M01,M01:case_62006,ALL,M4,1,0,False,1
M01:case_62006,M01,M01:case_62006,R1,M4,1,0,False,1
M01:case_62006,M01,M01:case_62006,R3,M4,1,0,False,1
M01:case_62059,M01,M01:case_62059,ALL,M4,1,0,False,1
M01:case_62059,M01,M01:case_62059,R1,M4,1,0,False,1
M01:case_62238,M01,M01:case_62238,ALL,M4,1,0,False,1
M01:case_62238,M01,M01:case_62238,R1,M4,1,0,False,1
M01:case_62510,M01,M01:case_62510,ALL,M4,1,0,False,1
M01:case_62510,M01,M01:case_62510,R1,M4,1,0,False,1
M01:case_62544,M01,M01:case_62544,ALL,M4,1,0,False,1
M01:case_62544,M01,M01:case_62544,R1,M4,1,0,False,1
M01:case_6263,M01,M01:case_6263,ALL,M4,1,1,True,0
M01:case_6263,M01,M01:case_6263,R1,M4,1,1,True,0
M01:case_62906,M01,M01:case_62906,ALL,M4,1,1,True,0
M01:case_62906,M01,M01:case_62906,R1,M4,1,1,True,0
M01:case_62906,M01,M01:case_62906,R3,M4,1,1,True,0
M01:case_62946,M01,M01:case_62946,ALL,M4,1,0,False,1
M01:case_62946,M01,M01:case_62946,R1,M4,1,0,False,1
M01:case_63094,M01,M01:case_63094,ALL,M4,1,0,False,0
M01:case_63094,M01,M01:case_63094,R1,M4,1,0,False,0
M01:case_63099,M01,M01:case_63099,ALL,M4,1,0,False,1
M01:case_63099,M01,M01:case_63099,R1,M4,1,0,False,1
M01:case_63099,M01,M01:case_63099,R3,M4,1,0,False,1
M01:case_63103,M01,M01:case_63103,ALL,M4,1,0,False,1
M01:case_63103,M01,M01:case_63103,R1,M4,1,0,False,1
M01:case_63113,M01,M01:case_63113,ALL,M4,1,0,False,1
M01:case_63113,M01,M01:case_63113,R1,M4,1,0,False,1
M01:case_63113,M01,M01:case_63113,R3,M4,1,0,False,1
M01:case_63122,M01,M01:case_63122,ALL,M4,1,0,False,0
M01:case_63122,M01,M01:case_63122,R1,M4,1,0,False,0
M01:case_63262,M01,M01:case_63262,ALL,M4,1,0,False,1
M01:case_63262,M01,M01:case_63262,R1,M4,1,0,False,1
M01:case_63262,M01,M01:case_63262,R3,M4,1,0,False,1
M01:case_63453,M01,M01:case_63453,ALL,M4,1,0,False,0
M01:case_63453,M01,M01:case_63453,R1,M4,1,0,False,0
M01:case_63555,M01,M01:case_63555,ALL,M4,1,0,False,1
M01:case_63555,M01,M01:case_63555,R1,M4,1,0,False,1
M01:case_63690,M01,M01:case_63690,ALL,M4,1,0,False,0
M01:case_63690,M01,M01:case_63690,R1,M4,1,0,False,0
M01:case_63709,M01,M01:case_63709,ALL,M4,1,1,True,0
M01:case_63709,M01,M01:case_63709,R1,M4,1,1,True,0
M01:case_63709,M01,M01:case_63709,R3,M4,1,1,True,0
M01:case_6380,M01,M01:case_6380,ALL,M4,1,0,False,1
M01:case_6380,M01,M01:case_6380,R1,M4,1,0,False,1
M01:case_63861,M01,M01:case_63861,ALL,M4,1,0,False,1
M01:case_63861,M01,M01:case_63861,R1,M4,1,0,False,1
M01:case_64001,M01,M01:case_64001,ALL,M4,1,1,True,0
M01:case_64001,M01,M01:case_64001,R1,M4,1,1,True,0
M01:case_64001,M01,M01:case_64001,R3,M4,1,1,True,0
M01:case_6415,M01,M01:case_6415,ALL,M4,1,0,False,1
M01:case_6415,M01,M01:case_6415,R1,M4,1,0,False,1
M01:case_64244,M01,M01:case_64244,ALL,M4,1,0,False,1
M01:case_64244,M01,M01:case_64244,R1,M4,1,0,False,1
M01:case_64244,M01,M01:case_64244,R3,M4,1,0,False,1
M01:case_64255,M01,M01:case_64255,ALL,M4,1,1,True,0
M01:case_64255,M01,M01:case_64255,R1,M4,1,1,True,0
M01:case_64392,M01,M01:case_64392,ALL,M4,1,0,False,1
M01:case_64392,M01,M01:case_64392,R1,M4,1,0,False,1
M01:case_64530,M01,M01:case_64530,ALL,M4,1,0,False,0
M01:case_64530,M01,M01:case_64530,R1,M4,1,0,False,0
M01:case_64616,M01,M01:case_64616,ALL,M4,1,0,False,1
M01:case_64616,M01,M01:case_64616,R1,M4,1,0,False,1
M01:case_64726,M01,M01:case_64726,ALL,M4,1,0,False,1
M01:case_64726,M01,M01:case_64726,R1,M4,1,0,False,1
M01:case_64726,M01,M01:case_64726,R3,M4,1,0,False,1
M01:case_64828,M01,M01:case_64828,ALL,M4,1,0,False,1
M01:case_64828,M01,M01:case_64828,R1,M4,1,0,False,1
M01:case_64837,M01,M01:case_64837,ALL,M4,1,0,False,1
M01:case_64837,M01,M01:case_64837,R1,M4,1,0,False,1
M01:case_64837,M01,M01:case_64837,R3,M4,1,0,False,1
M01:case_64903,M01,M01:case_64903,ALL,M4,1,0,False,1
M01:case_64903,M01,M01:case_64903,R1,M4,1,0,False,1
M01:case_64914,M01,M01:case_64914,ALL,M4,1,0,False,1
M01:case_64914,M01,M01:case_64914,R1,M4,1,0,False,1
M01:case_65094,M01,M01:case_65094,ALL,M4,1,0,False,1
M01:case_65094,M01,M01:case_65094,R1,M4,1,0,False,1
M01:case_65212,M01,M01:case_65212,ALL,M4,1,0,False,1
M01:case_65212,M01,M01:case_65212,R1,M4,1,0,False,1
M01:case_65312,M01,M01:case_65312,ALL,M4,1,0,False,1
M01:case_65312,M01,M01:case_65312,R1,M4,1,0,False,1
M01:case_6537,M01,M01:case_6537,ALL,M4,1,0,False,1
M01:case_6537,M01,M01:case_6537,R1,M4,1,0,False,1
M01:case_65443,M01,M01:case_65443,ALL,M4,1,0,False,1
M01:case_65443,M01,M01:case_65443,R1,M4,1,0,False,1
M01:case_65680,M01,M01:case_65680,ALL,M4,1,1,True,0
M01:case_65680,M01,M01:case_65680,R1,M4,1,1,True,0
M01:case_65680,M01,M01:case_65680,R3,M4,1,1,True,0
M01:case_65758,M01,M01:case_65758,ALL,M4,1,1,True,0
M01:case_65758,M01,M01:case_65758,R1,M4,1,1,True,0
M01:case_65758,M01,M01:case_65758,R3,M4,1,1,True,0
M01:case_65763,M01,M01:case_65763,ALL,M4,1,1,True,0
M01:case_65763,M01,M01:case_65763,R1,M4,1,1,True,0
M01:case_65763,M01,M01:case_65763,R3,M4,1,1,True,0
M01:case_65808,M01,M01:case_65808,ALL,M4,1,0,False,1
M01:case_65808,M01,M01:case_65808,R1,M4,1,0,False,1
M01:case_65884,M01,M01:case_65884,ALL,M4,1,0,False,1
M01:case_65884,M01,M01:case_65884,R1,M4,1,0,False,1
M01:case_66011,M01,M01:case_66011,ALL,M4,1,1,True,0
M01:case_66011,M01,M01:case_66011,R1,M4,1,1,True,0
M01:case_66011,M01,M01:case_66011,R3,M4,1,1,True,0
M01:case_66168,M01,M01:case_66168,ALL,M4,1,0,False,1
M01:case_66168,M01,M01:case_66168,R1,M4,1,0,False,1
M01:case_66168,M01,M01:case_66168,R3,M4,1,0,False,1
M01:case_66324,M01,M01:case_66324,ALL,M4,1,1,True,0
M01:case_66324,M01,M01:case_66324,R1,M4,1,1,True,0
M01:case_66324,M01,M01:case_66324,R3,M4,1,1,True,0
M01:case_664,M01,M01:case_664,ALL,M4,1,0,False,1
M01:case_664,M01,M01:case_664,R1,M4,1,0,False,1
M01:case_66426,M01,M01:case_66426,ALL,M4,1,0,False,1
M01:case_66426,M01,M01:case_66426,R1,M4,1,0,False,1
M01:case_66457,M01,M01:case_66457,ALL,M4,1,0,False,0
M01:case_66457,M01,M01:case_66457,R1,M4,1,0,False,0
M01:case_66457,M01,M01:case_66457,R3,M4,1,0,False,0
M01:case_66512,M01,M01:case_66512,ALL,M4,1,0,False,1
M01:case_66512,M01,M01:case_66512,R1,M4,1,0,False,1
M01:case_66512,M01,M01:case_66512,R3,M4,1,0,False,1
M01:case_66589,M01,M01:case_66589,ALL,M4,1,0,False,1
M01:case_66589,M01,M01:case_66589,R1,M4,1,0,False,1
M01:case_66628,M01,M01:case_66628,ALL,M4,1,0,False,1
M01:case_66628,M01,M01:case_66628,R1,M4,1,0,False,1
M01:case_66633,M01,M01:case_66633,ALL,M4,1,0,False,1
M01:case_66633,M01,M01:case_66633,R1,M4,1,0,False,1
M01:case_66653,M01,M01:case_66653,ALL,M4,1,0,False,1
M01:case_66653,M01,M01:case_66653,R1,M4,1,0,False,1
M01:case_66653,M01,M01:case_66653,R3,M4,1,0,False,1
M01:case_66703,M01,M01:case_66703,ALL,M4,1,1,True,0
M01:case_66703,M01,M01:case_66703,R1,M4,1,1,True,0
M01:case_66703,M01,M01:case_66703,R3,M4,1,1,True,0
M01:case_66883,M01,M01:case_66883,ALL,M4,1,0,False,1
M01:case_66883,M01,M01:case_66883,R1,M4,1,0,False,1
M01:case_67009,M01,M01:case_67009,ALL,M4,1,0,False,1
M01:case_67009,M01,M01:case_67009,R1,M4,1,0,False,1
M01:case_6715,M01,M01:case_6715,ALL,M4,1,0,False,1
M01:case_6715,M01,M01:case_6715,R1,M4,1,0,False,1
M01:case_67177,M01,M01:case_67177,ALL,M4,1,0,False,1
M01:case_67177,M01,M01:case_67177,R1,M4,1,0,False,1
M01:case_67218,M01,M01:case_67218,ALL,M4,1,0,False,1
M01:case_67218,M01,M01:case_67218,R1,M4,1,0,False,1
M01:case_67347,M01,M01:case_67347,ALL,M4,1,0,False,0
M01:case_67347,M01,M01:case_67347,R1,M4,1,0,False,0
M01:case_67372,M01,M01:case_67372,ALL,M4,1,0,False,1
M01:case_67372,M01,M01:case_67372,R1,M4,1,0,False,1
M01:case_67451,M01,M01:case_67451,ALL,M4,1,0,False,1
M01:case_67451,M01,M01:case_67451,R1,M4,1,0,False,1
M01:case_67469,M01,M01:case_67469,ALL,M4,1,0,False,1
M01:case_67469,M01,M01:case_67469,R1,M4,1,0,False,1
M01:case_67492,M01,M01:case_67492,ALL,M4,1,0,False,0
M01:case_67492,M01,M01:case_67492,R1,M4,1,0,False,0
M01:case_67681,M01,M01:case_67681,ALL,M4,1,0,False,1
M01:case_67681,M01,M01:case_67681,R1,M4,1,0,False,1
M01:case_67716,M01,M01:case_67716,ALL,M4,1,1,True,0
M01:case_67716,M01,M01:case_67716,R1,M4,1,1,True,0
M01:case_67716,M01,M01:case_67716,R3,M4,1,1,True,0
M01:case_67889,M01,M01:case_67889,ALL,M4,1,0,False,0
M01:case_67889,M01,M01:case_67889,R1,M4,1,0,False,0
M01:case_67915,M01,M01:case_67915,ALL,M4,1,0,False,1
M01:case_67915,M01,M01:case_67915,R1,M4,1,0,False,1
M01:case_67915,M01,M01:case_67915,R3,M4,1,0,False,1
M01:case_67935,M01,M01:case_67935,ALL,M4,1,0,False,0
M01:case_67935,M01,M01:case_67935,R1,M4,1,0,False,0
M01:case_68032,M01,M01:case_68032,ALL,M4,1,1,True,0
M01:case_68032,M01,M01:case_68032,R1,M4,1,1,True,0
M01:case_68032,M01,M01:case_68032,R3,M4,1,1,True,0
M01:case_68048,M01,M01:case_68048,ALL,M4,1,0,False,1
M01:case_68048,M01,M01:case_68048,R1,M4,1,0,False,1
M01:case_68048,M01,M01:case_68048,R3,M4,1,0,False,1
M01:case_68265,M01,M01:case_68265,ALL,M4,1,0,False,1
M01:case_68265,M01,M01:case_68265,R1,M4,1,0,False,1
M01:case_68278,M01,M01:case_68278,ALL,M4,1,0,False,0
M01:case_68278,M01,M01:case_68278,R1,M4,1,0,False,0
M01:case_68278,M01,M01:case_68278,R3,M4,1,0,False,0
M01:case_68375,M01,M01:case_68375,ALL,M4,1,0,False,0
M01:case_68375,M01,M01:case_68375,R1,M4,1,0,False,0
M01:case_68422,M01,M01:case_68422,ALL,M4,1,0,False,1
M01:case_68422,M01,M01:case_68422,R1,M4,1,0,False,1
M01:case_68627,M01,M01:case_68627,ALL,M4,1,0,False,0
M01:case_68627,M01,M01:case_68627,R1,M4,1,0,False,0
M01:case_68741,M01,M01:case_68741,ALL,M4,1,0,False,1
M01:case_68741,M01,M01:case_68741,R1,M4,1,0,False,1
M01:case_68913,M01,M01:case_68913,ALL,M4,1,0,False,1
M01:case_68913,M01,M01:case_68913,R1,M4,1,0,False,1
M01:case_68923,M01,M01:case_68923,ALL,M4,1,0,False,1
M01:case_68923,M01,M01:case_68923,R1,M4,1,0,False,1
M01:case_68990,M01,M01:case_68990,ALL,M4,1,0,False,1
M01:case_68990,M01,M01:case_68990,R1,M4,1,0,False,1
M01:case_69009,M01,M01:case_69009,ALL,M4,1,0,False,1
M01:case_69009,M01,M01:case_69009,R1,M4,1,0,False,1
M01:case_69009,M01,M01:case_69009,R3,M4,1,0,False,1
M01:case_69099,M01,M01:case_69099,ALL,M4,1,0,False,1
M01:case_69099,M01,M01:case_69099,R1,M4,1,0,False,1
M01:case_69099,M01,M01:case_69099,R3,M4,1,0,False,1
M01:case_6922,M01,M01:case_6922,ALL,M4,1,1,True,0
M01:case_6922,M01,M01:case_6922,R1,M4,1,1,True,0
M01:case_69457,M01,M01:case_69457,ALL,M4,1,0,False,1
M01:case_69457,M01,M01:case_69457,R1,M4,1,0,False,1
M01:case_69457,M01,M01:case_69457,R3,M4,1,0,False,1
M01:case_69476,M01,M01:case_69476,ALL,M4,1,0,False,1
M01:case_69476,M01,M01:case_69476,R1,M4,1,0,False,1
M01:case_69476,M01,M01:case_69476,R3,M4,1,0,False,1
M01:case_69499,M01,M01:case_69499,ALL,M4,1,1,True,0
M01:case_69499,M01,M01:case_69499,R1,M4,1,1,True,0
M01:case_69499,M01,M01:case_69499,R3,M4,1,1,True,0
M01:case_6950,M01,M01:case_6950,ALL,M4,1,0,False,1
M01:case_6950,M01,M01:case_6950,R1,M4,1,0,False,1
M01:case_69551,M01,M01:case_69551,ALL,M4,1,0,False,1
M01:case_69551,M01,M01:case_69551,R1,M4,1,0,False,1
M01:case_69551,M01,M01:case_69551,R3,M4,1,0,False,1
M01:case_69655,M01,M01:case_69655,ALL,M4,1,0,False,0
M01:case_69655,M01,M01:case_69655,R1,M4,1,0,False,0
M01:case_69660,M01,M01:case_69660,ALL,M4,1,0,False,1
M01:case_69660,M01,M01:case_69660,R1,M4,1,0,False,1
M01:case_69660,M01,M01:case_69660,R3,M4,1,0,False,1
M01:case_69662,M01,M01:case_69662,ALL,M4,1,0,False,1
M01:case_69662,M01,M01:case_69662,R1,M4,1,0,False,1
M01:case_69671,M01,M01:case_69671,ALL,M4,1,0,False,0
M01:case_69671,M01,M01:case_69671,R1,M4,1,0,False,0
M01:case_69879,M01,M01:case_69879,ALL,M4,1,1,True,0
M01:case_69879,M01,M01:case_69879,R1,M4,1,1,True,0
M01:case_69879,M01,M01:case_69879,R3,M4,1,1,True,0
M01:case_69884,M01,M01:case_69884,ALL,M4,1,0,False,1
M01:case_69884,M01,M01:case_69884,R1,M4,1,0,False,1
M01:case_70042,M01,M01:case_70042,ALL,M4,1,0,False,1
M01:case_70042,M01,M01:case_70042,R1,M4,1,0,False,1
M01:case_70042,M01,M01:case_70042,R3,M4,1,0,False,1
M01:case_70137,M01,M01:case_70137,ALL,M4,1,0,False,0
M01:case_70137,M01,M01:case_70137,R1,M4,1,0,False,0
M01:case_70230,M01,M01:case_70230,ALL,M4,1,0,False,0
M01:case_70230,M01,M01:case_70230,R1,M4,1,0,False,0
M01:case_70278,M01,M01:case_70278,ALL,M4,1,0,False,1
M01:case_70278,M01,M01:case_70278,R1,M4,1,0,False,1
M01:case_70399,M01,M01:case_70399,ALL,M4,1,0,False,1
M01:case_70399,M01,M01:case_70399,R1,M4,1,0,False,1
M01:case_70417,M01,M01:case_70417,ALL,M4,1,0,False,1
M01:case_70417,M01,M01:case_70417,R1,M4,1,0,False,1
M01:case_70422,M01,M01:case_70422,ALL,M4,1,1,True,0
M01:case_70422,M01,M01:case_70422,R1,M4,1,1,True,0
M01:case_70422,M01,M01:case_70422,R3,M4,1,1,True,0
M01:case_70435,M01,M01:case_70435,ALL,M4,1,0,False,1
M01:case_70435,M01,M01:case_70435,R1,M4,1,0,False,1
M01:case_70557,M01,M01:case_70557,ALL,M4,1,0,False,1
M01:case_70557,M01,M01:case_70557,R1,M4,1,0,False,1
M01:case_70582,M01,M01:case_70582,ALL,M4,1,1,True,0
M01:case_70582,M01,M01:case_70582,R1,M4,1,1,True,0
M01:case_70582,M01,M01:case_70582,R3,M4,1,1,True,0
M01:case_70612,M01,M01:case_70612,ALL,M4,1,0,False,1
M01:case_70612,M01,M01:case_70612,R1,M4,1,0,False,1
M01:case_70765,M01,M01:case_70765,ALL,M4,1,0,False,1
M01:case_70765,M01,M01:case_70765,R1,M4,1,0,False,1
M01:case_7078,M01,M01:case_7078,ALL,M4,1,0,False,1
M01:case_7078,M01,M01:case_7078,R1,M4,1,0,False,1
M01:case_7078,M01,M01:case_7078,R3,M4,1,0,False,1
M01:case_709,M01,M01:case_709,ALL,M4,1,0,False,1
M01:case_709,M01,M01:case_709,R1,M4,1,0,False,1
M01:case_70983,M01,M01:case_70983,ALL,M4,1,0,False,0
M01:case_70983,M01,M01:case_70983,R1,M4,1,0,False,0
M01:case_70986,M01,M01:case_70986,ALL,M4,1,0,False,1
M01:case_70986,M01,M01:case_70986,R1,M4,1,0,False,1
M01:case_71000,M01,M01:case_71000,ALL,M4,1,0,False,0
M01:case_71000,M01,M01:case_71000,R1,M4,1,0,False,0
M01:case_71030,M01,M01:case_71030,ALL,M4,1,0,False,1
M01:case_71030,M01,M01:case_71030,R1,M4,1,0,False,1
M01:case_71045,M01,M01:case_71045,ALL,M4,1,0,False,1
M01:case_71045,M01,M01:case_71045,R1,M4,1,0,False,1
M01:case_71123,M01,M01:case_71123,ALL,M4,1,0,False,0
M01:case_71123,M01,M01:case_71123,R1,M4,1,0,False,0
M01:case_71140,M01,M01:case_71140,ALL,M4,1,0,False,1
M01:case_71140,M01,M01:case_71140,R1,M4,1,0,False,1
M01:case_71156,M01,M01:case_71156,ALL,M4,1,0,False,1
M01:case_71156,M01,M01:case_71156,R1,M4,1,0,False,1
M01:case_71259,M01,M01:case_71259,ALL,M4,1,0,False,0
M01:case_71259,M01,M01:case_71259,R1,M4,1,0,False,0
M01:case_7130,M01,M01:case_7130,ALL,M4,1,0,False,1
M01:case_7130,M01,M01:case_7130,R1,M4,1,0,False,1
M01:case_71431,M01,M01:case_71431,ALL,M4,1,0,False,0
M01:case_71431,M01,M01:case_71431,R1,M4,1,0,False,0
M01:case_71514,M01,M01:case_71514,ALL,M4,1,0,False,1
M01:case_71514,M01,M01:case_71514,R1,M4,1,0,False,1
M01:case_71514,M01,M01:case_71514,R3,M4,1,0,False,1
M01:case_71563,M01,M01:case_71563,ALL,M4,1,0,False,1
M01:case_71563,M01,M01:case_71563,R1,M4,1,0,False,1
M01:case_71580,M01,M01:case_71580,ALL,M4,1,1,True,0
M01:case_71580,M01,M01:case_71580,R1,M4,1,1,True,0
M01:case_71580,M01,M01:case_71580,R3,M4,1,1,True,0
M01:case_7162,M01,M01:case_7162,ALL,M4,1,0,False,1
M01:case_7162,M01,M01:case_7162,R1,M4,1,0,False,1
M01:case_71840,M01,M01:case_71840,ALL,M4,1,0,False,1
M01:case_71840,M01,M01:case_71840,R1,M4,1,0,False,1
M01:case_71840,M01,M01:case_71840,R3,M4,1,0,False,1
M01:case_71994,M01,M01:case_71994,ALL,M4,1,0,False,1
M01:case_71994,M01,M01:case_71994,R1,M4,1,0,False,1
M01:case_72044,M01,M01:case_72044,ALL,M4,1,0,False,1
M01:case_72044,M01,M01:case_72044,R1,M4,1,0,False,1
M01:case_72044,M01,M01:case_72044,R3,M4,1,0,False,1
M01:case_72116,M01,M01:case_72116,ALL,M4,1,0,False,1
M01:case_72116,M01,M01:case_72116,R1,M4,1,0,False,1
M01:case_72116,M01,M01:case_72116,R3,M4,1,0,False,1
M01:case_72169,M01,M01:case_72169,ALL,M4,1,0,False,1
M01:case_72169,M01,M01:case_72169,R1,M4,1,0,False,1
M01:case_72169,M01,M01:case_72169,R3,M4,1,0,False,1
M01:case_72246,M01,M01:case_72246,ALL,M4,1,1,True,0
M01:case_72246,M01,M01:case_72246,R1,M4,1,1,True,0
M01:case_72246,M01,M01:case_72246,R3,M4,1,1,True,0
M01:case_72280,M01,M01:case_72280,ALL,M4,1,0,False,1
M01:case_72280,M01,M01:case_72280,R1,M4,1,0,False,1
M01:case_72280,M01,M01:case_72280,R3,M4,1,0,False,1
M01:case_72360,M01,M01:case_72360,ALL,M4,1,0,False,1
M01:case_72360,M01,M01:case_72360,R1,M4,1,0,False,1
M01:case_72384,M01,M01:case_72384,ALL,M4,1,1,True,0
M01:case_72384,M01,M01:case_72384,R1,M4,1,1,True,0
M01:case_72384,M01,M01:case_72384,R3,M4,1,1,True,0
M01:case_7267,M01,M01:case_7267,ALL,M4,1,0,False,1
M01:case_7267,M01,M01:case_7267,R1,M4,1,0,False,1
M01:case_72801,M01,M01:case_72801,ALL,M4,1,0,False,1
M01:case_72801,M01,M01:case_72801,R1,M4,1,0,False,1
M01:case_72828,M01,M01:case_72828,ALL,M4,1,0,False,0
M01:case_72828,M01,M01:case_72828,R1,M4,1,0,False,0
M01:case_72851,M01,M01:case_72851,ALL,M4,1,0,False,1
M01:case_72851,M01,M01:case_72851,R1,M4,1,0,False,1
M01:case_72851,M01,M01:case_72851,R3,M4,1,0,False,1
M01:case_72913,M01,M01:case_72913,ALL,M4,1,0,False,1
M01:case_72913,M01,M01:case_72913,R1,M4,1,0,False,1
M01:case_72913,M01,M01:case_72913,R3,M4,1,0,False,1
M01:case_73144,M01,M01:case_73144,ALL,M4,1,0,False,1
M01:case_73144,M01,M01:case_73144,R1,M4,1,0,False,1
M01:case_73149,M01,M01:case_73149,ALL,M4,1,0,False,0
M01:case_73149,M01,M01:case_73149,R1,M4,1,0,False,0
M01:case_73149,M01,M01:case_73149,R3,M4,1,0,False,0
M01:case_73252,M01,M01:case_73252,ALL,M4,1,0,False,1
M01:case_73252,M01,M01:case_73252,R1,M4,1,0,False,1
M01:case_73252,M01,M01:case_73252,R3,M4,1,0,False,1
M01:case_73328,M01,M01:case_73328,ALL,M4,1,0,False,1
M01:case_73328,M01,M01:case_73328,R1,M4,1,0,False,1
M01:case_73382,M01,M01:case_73382,ALL,M4,1,0,False,1
M01:case_73382,M01,M01:case_73382,R1,M4,1,0,False,1
M01:case_73518,M01,M01:case_73518,ALL,M4,1,1,True,0
M01:case_73518,M01,M01:case_73518,R1,M4,1,1,True,0
M01:case_73518,M01,M01:case_73518,R3,M4,1,1,True,0
M01:case_73936,M01,M01:case_73936,ALL,M4,1,0,False,1
M01:case_73936,M01,M01:case_73936,R1,M4,1,0,False,1
M01:case_7394,M01,M01:case_7394,ALL,M4,1,0,False,1
M01:case_7394,M01,M01:case_7394,R1,M4,1,0,False,1
M01:case_7394,M01,M01:case_7394,R3,M4,1,0,False,1
M01:case_7405,M01,M01:case_7405,ALL,M4,1,0,False,1
M01:case_7405,M01,M01:case_7405,R1,M4,1,0,False,1
M01:case_74253,M01,M01:case_74253,ALL,M4,1,0,False,1
M01:case_74253,M01,M01:case_74253,R1,M4,1,0,False,1
M01:case_74253,M01,M01:case_74253,R3,M4,1,0,False,1
M01:case_74373,M01,M01:case_74373,ALL,M4,1,0,False,1
M01:case_74373,M01,M01:case_74373,R1,M4,1,0,False,1
M01:case_74373,M01,M01:case_74373,R3,M4,1,0,False,1
M01:case_74383,M01,M01:case_74383,ALL,M4,1,0,False,1
M01:case_74383,M01,M01:case_74383,R1,M4,1,0,False,1
M01:case_74387,M01,M01:case_74387,ALL,M4,1,0,False,1
M01:case_74387,M01,M01:case_74387,R1,M4,1,0,False,1
M01:case_74387,M01,M01:case_74387,R3,M4,1,0,False,1
M01:case_74396,M01,M01:case_74396,ALL,M4,1,0,False,0
M01:case_74396,M01,M01:case_74396,R1,M4,1,0,False,0
M01:case_74463,M01,M01:case_74463,ALL,M4,1,0,False,1
M01:case_74463,M01,M01:case_74463,R1,M4,1,0,False,1
M01:case_74523,M01,M01:case_74523,ALL,M4,1,0,False,1
M01:case_74523,M01,M01:case_74523,R1,M4,1,0,False,1
M01:case_74523,M01,M01:case_74523,R3,M4,1,0,False,1
M01:case_74557,M01,M01:case_74557,ALL,M4,1,0,False,1
M01:case_74557,M01,M01:case_74557,R1,M4,1,0,False,1
M01:case_74563,M01,M01:case_74563,ALL,M4,1,0,False,1
M01:case_74563,M01,M01:case_74563,R1,M4,1,0,False,1
M01:case_74595,M01,M01:case_74595,ALL,M4,1,0,False,1
M01:case_74595,M01,M01:case_74595,R1,M4,1,0,False,1
M01:case_74893,M01,M01:case_74893,ALL,M4,1,0,False,1
M01:case_74893,M01,M01:case_74893,R1,M4,1,0,False,1
M01:case_74919,M01,M01:case_74919,ALL,M4,1,0,False,1
M01:case_74919,M01,M01:case_74919,R1,M4,1,0,False,1
M01:case_75060,M01,M01:case_75060,ALL,M4,1,0,False,1
M01:case_75060,M01,M01:case_75060,R1,M4,1,0,False,1
M01:case_75155,M01,M01:case_75155,ALL,M4,1,1,True,0
M01:case_75155,M01,M01:case_75155,R1,M4,1,1,True,0
M01:case_75218,M01,M01:case_75218,ALL,M4,1,0,False,1
M01:case_75218,M01,M01:case_75218,R1,M4,1,0,False,1
M01:case_75356,M01,M01:case_75356,ALL,M4,1,1,True,0
M01:case_75356,M01,M01:case_75356,R1,M4,1,1,True,0
M01:case_75356,M01,M01:case_75356,R3,M4,1,1,True,0
M01:case_75369,M01,M01:case_75369,ALL,M4,1,1,True,0
M01:case_75369,M01,M01:case_75369,R1,M4,1,1,True,0
M01:case_75369,M01,M01:case_75369,R3,M4,1,1,True,0
M01:case_75534,M01,M01:case_75534,ALL,M4,1,0,False,1
M01:case_75534,M01,M01:case_75534,R1,M4,1,0,False,1
M01:case_75551,M01,M01:case_75551,ALL,M4,1,1,True,0
M01:case_75551,M01,M01:case_75551,R1,M4,1,1,True,0
M01:case_75551,M01,M01:case_75551,R3,M4,1,1,True,0
M01:case_75598,M01,M01:case_75598,ALL,M4,1,0,False,1
M01:case_75598,M01,M01:case_75598,R1,M4,1,0,False,1
M01:case_75598,M01,M01:case_75598,R3,M4,1,0,False,1
M01:case_7564,M01,M01:case_7564,ALL,M4,1,1,True,0
M01:case_7564,M01,M01:case_7564,R1,M4,1,1,True,0
M01:case_7564,M01,M01:case_7564,R3,M4,1,1,True,0
M01:case_7573,M01,M01:case_7573,ALL,M4,1,0,False,1
M01:case_7573,M01,M01:case_7573,R1,M4,1,0,False,1
M01:case_7573,M01,M01:case_7573,R3,M4,1,0,False,1
M01:case_75734,M01,M01:case_75734,ALL,M4,1,0,False,1
M01:case_75734,M01,M01:case_75734,R1,M4,1,0,False,1
M01:case_75756,M01,M01:case_75756,ALL,M4,1,0,False,1
M01:case_75756,M01,M01:case_75756,R1,M4,1,0,False,1
M01:case_75756,M01,M01:case_75756,R3,M4,1,0,False,1
M01:case_75851,M01,M01:case_75851,ALL,M4,1,0,False,1
M01:case_75851,M01,M01:case_75851,R1,M4,1,0,False,1
M01:case_75851,M01,M01:case_75851,R3,M4,1,0,False,1
M01:case_75862,M01,M01:case_75862,ALL,M4,1,0,False,1
M01:case_75862,M01,M01:case_75862,R1,M4,1,0,False,1
M01:case_7590,M01,M01:case_7590,ALL,M4,1,0,False,1
M01:case_7590,M01,M01:case_7590,R1,M4,1,0,False,1
M01:case_7590,M01,M01:case_7590,R3,M4,1,0,False,1
M01:case_75931,M01,M01:case_75931,ALL,M4,1,0,False,1
M01:case_75931,M01,M01:case_75931,R1,M4,1,0,False,1
M01:case_75931,M01,M01:case_75931,R3,M4,1,0,False,1
M01:case_75940,M01,M01:case_75940,ALL,M4,1,0,False,1
M01:case_75940,M01,M01:case_75940,R1,M4,1,0,False,1
M01:case_76039,M01,M01:case_76039,ALL,M4,1,1,True,0
M01:case_76039,M01,M01:case_76039,R1,M4,1,1,True,0
M01:case_76060,M01,M01:case_76060,ALL,M4,1,0,False,1
M01:case_76060,M01,M01:case_76060,R1,M4,1,0,False,1
M01:case_76079,M01,M01:case_76079,ALL,M4,1,0,False,1
M01:case_76079,M01,M01:case_76079,R1,M4,1,0,False,1
M01:case_76107,M01,M01:case_76107,ALL,M4,1,0,False,1
M01:case_76107,M01,M01:case_76107,R1,M4,1,0,False,1
M01:case_76150,M01,M01:case_76150,ALL,M4,1,1,True,0
M01:case_76150,M01,M01:case_76150,R1,M4,1,1,True,0
M01:case_76150,M01,M01:case_76150,R3,M4,1,1,True,0
M01:case_76166,M01,M01:case_76166,ALL,M4,1,0,False,1
M01:case_76166,M01,M01:case_76166,R1,M4,1,0,False,1
M01:case_76573,M01,M01:case_76573,ALL,M4,1,0,False,1
M01:case_76573,M01,M01:case_76573,R1,M4,1,0,False,1
M01:case_76573,M01,M01:case_76573,R3,M4,1,0,False,1
M01:case_76678,M01,M01:case_76678,ALL,M4,1,0,False,1
M01:case_76678,M01,M01:case_76678,R1,M4,1,0,False,1
M01:case_76678,M01,M01:case_76678,R3,M4,1,0,False,1
M01:case_76704,M01,M01:case_76704,ALL,M4,1,0,False,1
M01:case_76704,M01,M01:case_76704,R1,M4,1,0,False,1
M01:case_76704,M01,M01:case_76704,R3,M4,1,0,False,1
M01:case_76715,M01,M01:case_76715,ALL,M4,1,0,False,1
M01:case_76715,M01,M01:case_76715,R1,M4,1,0,False,1
M01:case_76740,M01,M01:case_76740,ALL,M4,1,0,False,1
M01:case_76740,M01,M01:case_76740,R1,M4,1,0,False,1
M01:case_76740,M01,M01:case_76740,R3,M4,1,0,False,1
M01:case_76843,M01,M01:case_76843,ALL,M4,1,0,False,1
M01:case_76843,M01,M01:case_76843,R1,M4,1,0,False,1
M01:case_76997,M01,M01:case_76997,ALL,M4,1,0,False,0
M01:case_76997,M01,M01:case_76997,R1,M4,1,0,False,0
M01:case_770,M01,M01:case_770,ALL,M4,1,0,False,1
M01:case_770,M01,M01:case_770,R1,M4,1,0,False,1
M01:case_77096,M01,M01:case_77096,ALL,M4,1,1,True,0
M01:case_77096,M01,M01:case_77096,R1,M4,1,1,True,0
M01:case_77096,M01,M01:case_77096,R3,M4,1,1,True,0
M01:case_7719,M01,M01:case_7719,ALL,M4,1,0,False,1
M01:case_7719,M01,M01:case_7719,R1,M4,1,0,False,1
M01:case_772,M01,M01:case_772,ALL,M4,1,0,False,0
M01:case_772,M01,M01:case_772,R1,M4,1,0,False,0
M01:case_772,M01,M01:case_772,R3,M4,1,0,False,0
M01:case_77267,M01,M01:case_77267,ALL,M4,1,0,False,1
M01:case_77267,M01,M01:case_77267,R1,M4,1,0,False,1
M01:case_77283,M01,M01:case_77283,ALL,M4,1,0,False,1
M01:case_77283,M01,M01:case_77283,R1,M4,1,0,False,1
M01:case_77288,M01,M01:case_77288,ALL,M4,1,0,False,1
M01:case_77288,M01,M01:case_77288,R1,M4,1,0,False,1
M01:case_77393,M01,M01:case_77393,ALL,M4,1,0,False,1
M01:case_77393,M01,M01:case_77393,R1,M4,1,0,False,1
M01:case_77393,M01,M01:case_77393,R3,M4,1,0,False,1
M01:case_77408,M01,M01:case_77408,ALL,M4,1,0,False,1
M01:case_77408,M01,M01:case_77408,R1,M4,1,0,False,1
M01:case_77431,M01,M01:case_77431,ALL,M4,1,0,False,1
M01:case_77431,M01,M01:case_77431,R1,M4,1,0,False,1
M01:case_77485,M01,M01:case_77485,ALL,M4,1,0,False,1
M01:case_77485,M01,M01:case_77485,R1,M4,1,0,False,1
M01:case_77594,M01,M01:case_77594,ALL,M4,1,0,False,1
M01:case_77594,M01,M01:case_77594,R1,M4,1,0,False,1
M01:case_7767,M01,M01:case_7767,ALL,M4,1,1,True,0
M01:case_7767,M01,M01:case_7767,R1,M4,1,1,True,0
M01:case_7767,M01,M01:case_7767,R3,M4,1,1,True,0
M01:case_77739,M01,M01:case_77739,ALL,M4,1,1,True,0
M01:case_77739,M01,M01:case_77739,R1,M4,1,1,True,0
M01:case_77739,M01,M01:case_77739,R3,M4,1,1,True,0
M01:case_77890,M01,M01:case_77890,ALL,M4,1,0,False,0
M01:case_77890,M01,M01:case_77890,R1,M4,1,0,False,0
M01:case_77904,M01,M01:case_77904,ALL,M4,1,0,False,1
M01:case_77904,M01,M01:case_77904,R1,M4,1,0,False,1
M01:case_77904,M01,M01:case_77904,R3,M4,1,0,False,1
M01:case_77942,M01,M01:case_77942,ALL,M4,1,0,False,1
M01:case_77942,M01,M01:case_77942,R1,M4,1,0,False,1
M01:case_77942,M01,M01:case_77942,R3,M4,1,0,False,1
M01:case_780,M01,M01:case_780,ALL,M4,1,0,False,1
M01:case_780,M01,M01:case_780,R1,M4,1,0,False,1
M01:case_78027,M01,M01:case_78027,ALL,M4,1,0,False,1
M01:case_78027,M01,M01:case_78027,R1,M4,1,0,False,1
M01:case_78207,M01,M01:case_78207,ALL,M4,1,0,False,1
M01:case_78207,M01,M01:case_78207,R1,M4,1,0,False,1
M01:case_78207,M01,M01:case_78207,R3,M4,1,0,False,1
M01:case_78319,M01,M01:case_78319,ALL,M4,1,0,False,1
M01:case_78319,M01,M01:case_78319,R1,M4,1,0,False,1
M01:case_78467,M01,M01:case_78467,ALL,M4,1,0,False,0
M01:case_78467,M01,M01:case_78467,R1,M4,1,0,False,0
M01:case_78467,M01,M01:case_78467,R3,M4,1,0,False,0
M01:case_78539,M01,M01:case_78539,ALL,M4,1,0,False,1
M01:case_78539,M01,M01:case_78539,R1,M4,1,0,False,1
M01:case_78610,M01,M01:case_78610,ALL,M4,1,0,False,1
M01:case_78610,M01,M01:case_78610,R1,M4,1,0,False,1
M01:case_78826,M01,M01:case_78826,ALL,M4,1,1,True,0
M01:case_78826,M01,M01:case_78826,R1,M4,1,1,True,0
M01:case_78826,M01,M01:case_78826,R3,M4,1,1,True,0
M01:case_7918,M01,M01:case_7918,ALL,M4,1,1,True,0
M01:case_7918,M01,M01:case_7918,R1,M4,1,1,True,0
M01:case_7918,M01,M01:case_7918,R3,M4,1,1,True,0
M01:case_79192,M01,M01:case_79192,ALL,M4,1,0,False,0
M01:case_79192,M01,M01:case_79192,R1,M4,1,0,False,0
M01:case_79332,M01,M01:case_79332,ALL,M4,1,0,False,1
M01:case_79332,M01,M01:case_79332,R1,M4,1,0,False,1
M01:case_794,M01,M01:case_794,ALL,M4,1,1,True,0
M01:case_794,M01,M01:case_794,R1,M4,1,1,True,0
M01:case_794,M01,M01:case_794,R3,M4,1,1,True,0
M01:case_79569,M01,M01:case_79569,ALL,M4,1,0,False,0
M01:case_79569,M01,M01:case_79569,R1,M4,1,0,False,0
M01:case_79632,M01,M01:case_79632,ALL,M4,1,0,False,1
M01:case_79632,M01,M01:case_79632,R1,M4,1,0,False,1
M01:case_79632,M01,M01:case_79632,R3,M4,1,0,False,1
M01:case_79682,M01,M01:case_79682,ALL,M4,1,0,False,1
M01:case_79682,M01,M01:case_79682,R1,M4,1,0,False,1
M01:case_79682,M01,M01:case_79682,R3,M4,1,0,False,1
M01:case_79742,M01,M01:case_79742,ALL,M4,1,0,False,1
M01:case_79742,M01,M01:case_79742,R1,M4,1,0,False,1
M01:case_79742,M01,M01:case_79742,R3,M4,1,0,False,1
M01:case_79863,M01,M01:case_79863,ALL,M4,1,0,False,1
M01:case_79863,M01,M01:case_79863,R1,M4,1,0,False,1
M01:case_79876,M01,M01:case_79876,ALL,M4,1,0,False,1
M01:case_79876,M01,M01:case_79876,R1,M4,1,0,False,1
M01:case_79936,M01,M01:case_79936,ALL,M4,1,0,False,1
M01:case_79936,M01,M01:case_79936,R1,M4,1,0,False,1
M01:case_79953,M01,M01:case_79953,ALL,M4,1,1,True,0
M01:case_79953,M01,M01:case_79953,R1,M4,1,1,True,0
M01:case_79975,M01,M01:case_79975,ALL,M4,1,0,False,1
M01:case_79975,M01,M01:case_79975,R1,M4,1,0,False,1
M01:case_8021,M01,M01:case_8021,ALL,M4,1,1,True,0
M01:case_8021,M01,M01:case_8021,R1,M4,1,1,True,0
M01:case_8021,M01,M01:case_8021,R3,M4,1,1,True,0
M01:case_80336,M01,M01:case_80336,ALL,M4,1,0,False,1
M01:case_80336,M01,M01:case_80336,R1,M4,1,0,False,1
M01:case_8035,M01,M01:case_8035,ALL,M4,1,0,False,1
M01:case_8035,M01,M01:case_8035,R1,M4,1,0,False,1
M01:case_8035,M01,M01:case_8035,R3,M4,1,0,False,1
M01:case_80406,M01,M01:case_80406,ALL,M4,1,0,False,0
M01:case_80406,M01,M01:case_80406,R1,M4,1,0,False,0
M01:case_80417,M01,M01:case_80417,ALL,M4,1,0,False,1
M01:case_80417,M01,M01:case_80417,R1,M4,1,0,False,1
M01:case_8061,M01,M01:case_8061,ALL,M4,1,0,False,1
M01:case_8061,M01,M01:case_8061,R1,M4,1,0,False,1
M01:case_8065,M01,M01:case_8065,ALL,M4,1,0,False,1
M01:case_8065,M01,M01:case_8065,R1,M4,1,0,False,1
M01:case_8065,M01,M01:case_8065,R3,M4,1,0,False,1
M01:case_8067,M01,M01:case_8067,ALL,M4,1,0,False,0
M01:case_8067,M01,M01:case_8067,R1,M4,1,0,False,0
M01:case_8078,M01,M01:case_8078,ALL,M4,1,0,False,1
M01:case_8078,M01,M01:case_8078,R1,M4,1,0,False,1
M01:case_80803,M01,M01:case_80803,ALL,M4,1,0,False,1
M01:case_80803,M01,M01:case_80803,R1,M4,1,0,False,1
M01:case_8082,M01,M01:case_8082,ALL,M4,1,0,False,1
M01:case_8082,M01,M01:case_8082,R1,M4,1,0,False,1
M01:case_80885,M01,M01:case_80885,ALL,M4,1,0,False,1
M01:case_80885,M01,M01:case_80885,R1,M4,1,0,False,1
M01:case_80885,M01,M01:case_80885,R3,M4,1,0,False,1
M01:case_81005,M01,M01:case_81005,ALL,M4,1,0,False,0
M01:case_81005,M01,M01:case_81005,R1,M4,1,0,False,0
M01:case_81222,M01,M01:case_81222,ALL,M4,1,0,False,1
M01:case_81222,M01,M01:case_81222,R1,M4,1,0,False,1
M01:case_81458,M01,M01:case_81458,ALL,M4,1,1,True,0
M01:case_81458,M01,M01:case_81458,R1,M4,1,1,True,0
M01:case_81458,M01,M01:case_81458,R3,M4,1,1,True,0
M01:case_81620,M01,M01:case_81620,ALL,M4,1,0,False,1
M01:case_81620,M01,M01:case_81620,R1,M4,1,0,False,1
M01:case_81620,M01,M01:case_81620,R3,M4,1,0,False,1
M01:case_81765,M01,M01:case_81765,ALL,M4,1,0,False,1
M01:case_81765,M01,M01:case_81765,R1,M4,1,0,False,1
M01:case_81765,M01,M01:case_81765,R3,M4,1,0,False,1
M01:case_81882,M01,M01:case_81882,ALL,M4,1,0,False,0
M01:case_81882,M01,M01:case_81882,R1,M4,1,0,False,0
M01:case_81887,M01,M01:case_81887,ALL,M4,1,0,False,1
M01:case_81887,M01,M01:case_81887,R1,M4,1,0,False,1
M01:case_81887,M01,M01:case_81887,R3,M4,1,0,False,1
M01:case_82104,M01,M01:case_82104,ALL,M4,1,0,False,1
M01:case_82104,M01,M01:case_82104,R1,M4,1,0,False,1
M01:case_82104,M01,M01:case_82104,R3,M4,1,0,False,1
M01:case_82643,M01,M01:case_82643,ALL,M4,1,0,False,1
M01:case_82643,M01,M01:case_82643,R1,M4,1,0,False,1
M01:case_82646,M01,M01:case_82646,ALL,M4,1,0,False,1
M01:case_82646,M01,M01:case_82646,R1,M4,1,0,False,1
M01:case_82646,M01,M01:case_82646,R3,M4,1,0,False,1
M01:case_82665,M01,M01:case_82665,ALL,M4,1,1,True,0
M01:case_82665,M01,M01:case_82665,R1,M4,1,1,True,0
M01:case_82665,M01,M01:case_82665,R3,M4,1,1,True,0
M01:case_82760,M01,M01:case_82760,ALL,M4,1,0,False,1
M01:case_82760,M01,M01:case_82760,R1,M4,1,0,False,1
M01:case_82791,M01,M01:case_82791,ALL,M4,1,0,False,1
M01:case_82791,M01,M01:case_82791,R1,M4,1,0,False,1
M01:case_82810,M01,M01:case_82810,ALL,M4,1,0,False,1
M01:case_82810,M01,M01:case_82810,R1,M4,1,0,False,1
M01:case_83025,M01,M01:case_83025,ALL,M4,1,0,False,1
M01:case_83025,M01,M01:case_83025,R1,M4,1,0,False,1
M01:case_83048,M01,M01:case_83048,ALL,M4,1,0,False,1
M01:case_83048,M01,M01:case_83048,R1,M4,1,0,False,1
M01:case_83048,M01,M01:case_83048,R3,M4,1,0,False,1
M01:case_83261,M01,M01:case_83261,ALL,M4,1,0,False,1
M01:case_83261,M01,M01:case_83261,R1,M4,1,0,False,1
M01:case_83261,M01,M01:case_83261,R3,M4,1,0,False,1
M01:case_83331,M01,M01:case_83331,ALL,M4,1,1,True,0
M01:case_83331,M01,M01:case_83331,R1,M4,1,1,True,0
M01:case_83331,M01,M01:case_83331,R3,M4,1,1,True,0
M01:case_8346,M01,M01:case_8346,ALL,M4,1,0,False,1
M01:case_8346,M01,M01:case_8346,R1,M4,1,0,False,1
M01:case_83469,M01,M01:case_83469,ALL,M4,1,0,False,0
M01:case_83469,M01,M01:case_83469,R1,M4,1,0,False,0
M01:case_83469,M01,M01:case_83469,R3,M4,1,0,False,0
M01:case_8352,M01,M01:case_8352,ALL,M4,1,0,False,1
M01:case_8352,M01,M01:case_8352,R1,M4,1,0,False,1
M01:case_83565,M01,M01:case_83565,ALL,M4,1,0,False,0
M01:case_83565,M01,M01:case_83565,R1,M4,1,0,False,0
M01:case_8360,M01,M01:case_8360,ALL,M4,1,0,False,1
M01:case_8360,M01,M01:case_8360,R1,M4,1,0,False,1
M01:case_8360,M01,M01:case_8360,R3,M4,1,0,False,1
M01:case_83628,M01,M01:case_83628,ALL,M4,1,1,True,0
M01:case_83628,M01,M01:case_83628,R1,M4,1,1,True,0
M01:case_83628,M01,M01:case_83628,R3,M4,1,1,True,0
M01:case_83639,M01,M01:case_83639,ALL,M4,1,1,True,0
M01:case_83639,M01,M01:case_83639,R1,M4,1,1,True,0
M01:case_83639,M01,M01:case_83639,R3,M4,1,1,True,0
M01:case_83765,M01,M01:case_83765,ALL,M4,1,0,False,1
M01:case_83765,M01,M01:case_83765,R1,M4,1,0,False,1
M01:case_83792,M01,M01:case_83792,ALL,M4,1,0,False,0
M01:case_83792,M01,M01:case_83792,R1,M4,1,0,False,0
M01:case_83984,M01,M01:case_83984,ALL,M4,1,0,False,1
M01:case_83984,M01,M01:case_83984,R1,M4,1,0,False,1
M01:case_83984,M01,M01:case_83984,R3,M4,1,0,False,1
M01:case_83999,M01,M01:case_83999,ALL,M4,1,0,False,1
M01:case_83999,M01,M01:case_83999,R1,M4,1,0,False,1
M01:case_84101,M01,M01:case_84101,ALL,M4,1,0,False,1
M01:case_84101,M01,M01:case_84101,R1,M4,1,0,False,1
M01:case_84101,M01,M01:case_84101,R3,M4,1,0,False,1
M01:case_8411,M01,M01:case_8411,ALL,M4,1,1,True,0
M01:case_8411,M01,M01:case_8411,R1,M4,1,1,True,0
M01:case_8411,M01,M01:case_8411,R3,M4,1,1,True,0
M01:case_84173,M01,M01:case_84173,ALL,M4,1,0,False,1
M01:case_84173,M01,M01:case_84173,R1,M4,1,0,False,1
M01:case_8422,M01,M01:case_8422,ALL,M4,1,1,True,0
M01:case_8422,M01,M01:case_8422,R1,M4,1,1,True,0
M01:case_8422,M01,M01:case_8422,R3,M4,1,1,True,0
M01:case_84239,M01,M01:case_84239,ALL,M4,1,0,False,1
M01:case_84239,M01,M01:case_84239,R1,M4,1,0,False,1
M01:case_84261,M01,M01:case_84261,ALL,M4,1,0,False,0
M01:case_84261,M01,M01:case_84261,R1,M4,1,0,False,0
M01:case_84375,M01,M01:case_84375,ALL,M4,1,0,False,0
M01:case_84375,M01,M01:case_84375,R1,M4,1,0,False,0
M01:case_84449,M01,M01:case_84449,ALL,M4,1,0,False,1
M01:case_84449,M01,M01:case_84449,R1,M4,1,0,False,1
M01:case_84779,M01,M01:case_84779,ALL,M4,1,1,True,0
M01:case_84779,M01,M01:case_84779,R1,M4,1,1,True,0
M01:case_84779,M01,M01:case_84779,R3,M4,1,1,True,0
M01:case_84837,M01,M01:case_84837,ALL,M4,1,0,False,1
M01:case_84837,M01,M01:case_84837,R1,M4,1,0,False,1
M01:case_84837,M01,M01:case_84837,R3,M4,1,0,False,1
M01:case_84872,M01,M01:case_84872,ALL,M4,1,0,False,1
M01:case_84872,M01,M01:case_84872,R1,M4,1,0,False,1
M01:case_84889,M01,M01:case_84889,ALL,M4,1,0,False,1
M01:case_84889,M01,M01:case_84889,R1,M4,1,0,False,1
M01:case_8490,M01,M01:case_8490,ALL,M4,1,0,False,1
M01:case_8490,M01,M01:case_8490,R1,M4,1,0,False,1
M01:case_8490,M01,M01:case_8490,R3,M4,1,0,False,1
M01:case_84930,M01,M01:case_84930,ALL,M4,1,0,False,1
M01:case_84930,M01,M01:case_84930,R1,M4,1,0,False,1
M01:case_85055,M01,M01:case_85055,ALL,M4,1,0,False,1
M01:case_85055,M01,M01:case_85055,R1,M4,1,0,False,1
M01:case_85055,M01,M01:case_85055,R3,M4,1,0,False,1
M01:case_85085,M01,M01:case_85085,ALL,M4,1,1,True,0
M01:case_85085,M01,M01:case_85085,R1,M4,1,1,True,0
M01:case_85085,M01,M01:case_85085,R3,M4,1,1,True,0
M01:case_85177,M01,M01:case_85177,ALL,M4,1,0,False,0
M01:case_85177,M01,M01:case_85177,R1,M4,1,0,False,0
M01:case_85201,M01,M01:case_85201,ALL,M4,1,0,False,0
M01:case_85201,M01,M01:case_85201,R1,M4,1,0,False,0
M01:case_85373,M01,M01:case_85373,ALL,M4,1,0,False,1
M01:case_85373,M01,M01:case_85373,R1,M4,1,0,False,1
M01:case_85373,M01,M01:case_85373,R3,M4,1,0,False,1
M01:case_85413,M01,M01:case_85413,ALL,M4,1,1,True,0
M01:case_85413,M01,M01:case_85413,R1,M4,1,1,True,0
M01:case_85413,M01,M01:case_85413,R3,M4,1,1,True,0
M01:case_85488,M01,M01:case_85488,ALL,M4,1,0,False,1
M01:case_85488,M01,M01:case_85488,R1,M4,1,0,False,1
M01:case_85719,M01,M01:case_85719,ALL,M4,1,0,False,1
M01:case_85719,M01,M01:case_85719,R1,M4,1,0,False,1
M01:case_85719,M01,M01:case_85719,R3,M4,1,0,False,1
M01:case_85771,M01,M01:case_85771,ALL,M4,1,0,False,0
M01:case_85771,M01,M01:case_85771,R1,M4,1,0,False,0
M01:case_85903,M01,M01:case_85903,ALL,M4,1,0,False,1
M01:case_85903,M01,M01:case_85903,R1,M4,1,0,False,1
M01:case_85920,M01,M01:case_85920,ALL,M4,1,0,False,1
M01:case_85920,M01,M01:case_85920,R1,M4,1,0,False,1
M01:case_85920,M01,M01:case_85920,R3,M4,1,0,False,1
M01:case_86133,M01,M01:case_86133,ALL,M4,1,0,False,1
M01:case_86133,M01,M01:case_86133,R1,M4,1,0,False,1
M01:case_8624,M01,M01:case_8624,ALL,M4,1,1,True,0
M01:case_8624,M01,M01:case_8624,R1,M4,1,1,True,0
M01:case_8624,M01,M01:case_8624,R3,M4,1,1,True,0
M01:case_86249,M01,M01:case_86249,ALL,M4,1,1,True,0
M01:case_86249,M01,M01:case_86249,R1,M4,1,1,True,0
M01:case_86249,M01,M01:case_86249,R3,M4,1,1,True,0
M01:case_86260,M01,M01:case_86260,ALL,M4,1,0,False,0
M01:case_86260,M01,M01:case_86260,R1,M4,1,0,False,0
M01:case_86330,M01,M01:case_86330,ALL,M4,1,0,False,1
M01:case_86330,M01,M01:case_86330,R1,M4,1,0,False,1
M01:case_86330,M01,M01:case_86330,R3,M4,1,0,False,1
M01:case_86387,M01,M01:case_86387,ALL,M4,1,0,False,1
M01:case_86387,M01,M01:case_86387,R1,M4,1,0,False,1
M01:case_8640,M01,M01:case_8640,ALL,M4,1,0,False,1
M01:case_8640,M01,M01:case_8640,R1,M4,1,0,False,1
M01:case_86416,M01,M01:case_86416,ALL,M4,1,0,False,1
M01:case_86416,M01,M01:case_86416,R1,M4,1,0,False,1
M01:case_86587,M01,M01:case_86587,ALL,M4,1,0,False,1
M01:case_86587,M01,M01:case_86587,R1,M4,1,0,False,1
M01:case_86596,M01,M01:case_86596,ALL,M4,1,0,False,1
M01:case_86596,M01,M01:case_86596,R1,M4,1,0,False,1
M01:case_86596,M01,M01:case_86596,R3,M4,1,0,False,1
M01:case_86692,M01,M01:case_86692,ALL,M4,1,0,False,1
M01:case_86692,M01,M01:case_86692,R1,M4,1,0,False,1
M01:case_86692,M01,M01:case_86692,R3,M4,1,0,False,1
M01:case_86719,M01,M01:case_86719,ALL,M4,1,0,False,1
M01:case_86719,M01,M01:case_86719,R1,M4,1,0,False,1
M01:case_86734,M01,M01:case_86734,ALL,M4,1,0,False,1
M01:case_86734,M01,M01:case_86734,R1,M4,1,0,False,1
M01:case_86827,M01,M01:case_86827,ALL,M4,1,0,False,1
M01:case_86827,M01,M01:case_86827,R1,M4,1,0,False,1
M01:case_86917,M01,M01:case_86917,ALL,M4,1,0,False,0
M01:case_86917,M01,M01:case_86917,R1,M4,1,0,False,0
M01:case_86938,M01,M01:case_86938,ALL,M4,1,0,False,0
M01:case_86938,M01,M01:case_86938,R1,M4,1,0,False,0
M01:case_87004,M01,M01:case_87004,ALL,M4,1,0,False,1
M01:case_87004,M01,M01:case_87004,R1,M4,1,0,False,1
M01:case_87004,M01,M01:case_87004,R3,M4,1,0,False,1
M01:case_87122,M01,M01:case_87122,ALL,M4,1,1,True,0
M01:case_87122,M01,M01:case_87122,R1,M4,1,1,True,0
M01:case_87122,M01,M01:case_87122,R3,M4,1,1,True,0
M01:case_87191,M01,M01:case_87191,ALL,M4,1,0,False,1
M01:case_87191,M01,M01:case_87191,R1,M4,1,0,False,1
M01:case_87248,M01,M01:case_87248,ALL,M4,1,0,False,0
M01:case_87248,M01,M01:case_87248,R1,M4,1,0,False,0
M01:case_87273,M01,M01:case_87273,ALL,M4,1,0,False,0
M01:case_87273,M01,M01:case_87273,R1,M4,1,0,False,0
M01:case_87344,M01,M01:case_87344,ALL,M4,1,0,False,1
M01:case_87344,M01,M01:case_87344,R1,M4,1,0,False,1
M01:case_87344,M01,M01:case_87344,R3,M4,1,0,False,1
M01:case_87558,M01,M01:case_87558,ALL,M4,1,0,False,1
M01:case_87558,M01,M01:case_87558,R1,M4,1,0,False,1
M01:case_87658,M01,M01:case_87658,ALL,M4,1,0,False,1
M01:case_87658,M01,M01:case_87658,R1,M4,1,0,False,1
M01:case_87684,M01,M01:case_87684,ALL,M4,1,0,False,1
M01:case_87684,M01,M01:case_87684,R1,M4,1,0,False,1
M01:case_87794,M01,M01:case_87794,ALL,M4,1,1,True,0
M01:case_87794,M01,M01:case_87794,R1,M4,1,1,True,0
M01:case_87794,M01,M01:case_87794,R3,M4,1,1,True,0
M01:case_87843,M01,M01:case_87843,ALL,M4,1,0,False,1
M01:case_87843,M01,M01:case_87843,R1,M4,1,0,False,1
M01:case_87888,M01,M01:case_87888,ALL,M4,1,0,False,0
M01:case_87888,M01,M01:case_87888,R1,M4,1,0,False,0
M01:case_87997,M01,M01:case_87997,ALL,M4,1,1,True,0
M01:case_87997,M01,M01:case_87997,R1,M4,1,1,True,0
M01:case_87997,M01,M01:case_87997,R3,M4,1,1,True,0
M01:case_88103,M01,M01:case_88103,ALL,M4,1,0,False,1
M01:case_88103,M01,M01:case_88103,R1,M4,1,0,False,1
M01:case_88321,M01,M01:case_88321,ALL,M4,1,0,False,1
M01:case_88321,M01,M01:case_88321,R1,M4,1,0,False,1
M01:case_88358,M01,M01:case_88358,ALL,M4,1,1,True,0
M01:case_88358,M01,M01:case_88358,R1,M4,1,1,True,0
M01:case_88358,M01,M01:case_88358,R3,M4,1,1,True,0
M01:case_88495,M01,M01:case_88495,ALL,M4,1,0,False,1
M01:case_88495,M01,M01:case_88495,R1,M4,1,0,False,1
M01:case_8858,M01,M01:case_8858,ALL,M4,1,0,False,1
M01:case_8858,M01,M01:case_8858,R1,M4,1,0,False,1
M01:case_88646,M01,M01:case_88646,ALL,M4,1,0,False,1
M01:case_88646,M01,M01:case_88646,R1,M4,1,0,False,1
M01:case_88685,M01,M01:case_88685,ALL,M4,1,1,True,0
M01:case_88685,M01,M01:case_88685,R1,M4,1,1,True,0
M01:case_88685,M01,M01:case_88685,R3,M4,1,1,True,0
M01:case_88728,M01,M01:case_88728,ALL,M4,1,0,False,0
M01:case_88728,M01,M01:case_88728,R1,M4,1,0,False,0
M01:case_88916,M01,M01:case_88916,ALL,M4,1,0,False,1
M01:case_88916,M01,M01:case_88916,R1,M4,1,0,False,1
M01:case_88923,M01,M01:case_88923,ALL,M4,1,0,False,1
M01:case_88923,M01,M01:case_88923,R1,M4,1,0,False,1
M01:case_89015,M01,M01:case_89015,ALL,M4,1,0,False,1
M01:case_89015,M01,M01:case_89015,R1,M4,1,0,False,1
M01:case_89075,M01,M01:case_89075,ALL,M4,1,1,True,0
M01:case_89075,M01,M01:case_89075,R1,M4,1,1,True,0
M01:case_89078,M01,M01:case_89078,ALL,M4,1,0,False,1
M01:case_89078,M01,M01:case_89078,R1,M4,1,0,False,1
M01:case_89078,M01,M01:case_89078,R3,M4,1,0,False,1
M01:case_89081,M01,M01:case_89081,ALL,M4,1,0,False,1
M01:case_89081,M01,M01:case_89081,R1,M4,1,0,False,1
M01:case_89193,M01,M01:case_89193,ALL,M4,1,0,False,1
M01:case_89193,M01,M01:case_89193,R1,M4,1,0,False,1
M01:case_89249,M01,M01:case_89249,ALL,M4,1,0,False,1
M01:case_89249,M01,M01:case_89249,R1,M4,1,0,False,1
M01:case_89267,M01,M01:case_89267,ALL,M4,1,1,True,0
M01:case_89267,M01,M01:case_89267,R1,M4,1,1,True,0
M01:case_89267,M01,M01:case_89267,R3,M4,1,1,True,0
M01:case_89314,M01,M01:case_89314,ALL,M4,1,0,False,1
M01:case_89314,M01,M01:case_89314,R1,M4,1,0,False,1
M01:case_89314,M01,M01:case_89314,R3,M4,1,0,False,1
M01:case_89449,M01,M01:case_89449,ALL,M4,1,0,False,1
M01:case_89449,M01,M01:case_89449,R1,M4,1,0,False,1
M01:case_89465,M01,M01:case_89465,ALL,M4,1,0,False,1
M01:case_89465,M01,M01:case_89465,R1,M4,1,0,False,1
M01:case_89514,M01,M01:case_89514,ALL,M4,1,0,False,1
M01:case_89514,M01,M01:case_89514,R1,M4,1,0,False,1
M01:case_89541,M01,M01:case_89541,ALL,M4,1,0,False,1
M01:case_89541,M01,M01:case_89541,R1,M4,1,0,False,1
M01:case_89715,M01,M01:case_89715,ALL,M4,1,0,False,1
M01:case_89715,M01,M01:case_89715,R1,M4,1,0,False,1
M01:case_89715,M01,M01:case_89715,R3,M4,1,0,False,1
M01:case_89757,M01,M01:case_89757,ALL,M4,1,0,False,1
M01:case_89757,M01,M01:case_89757,R1,M4,1,0,False,1
M01:case_89757,M01,M01:case_89757,R3,M4,1,0,False,1
M01:case_89793,M01,M01:case_89793,ALL,M4,1,0,False,1
M01:case_89793,M01,M01:case_89793,R1,M4,1,0,False,1
M01:case_89879,M01,M01:case_89879,ALL,M4,1,0,False,0
M01:case_89879,M01,M01:case_89879,R1,M4,1,0,False,0
M01:case_89967,M01,M01:case_89967,ALL,M4,1,1,True,0
M01:case_89967,M01,M01:case_89967,R1,M4,1,1,True,0
M01:case_89967,M01,M01:case_89967,R3,M4,1,1,True,0
M01:case_90104,M01,M01:case_90104,ALL,M4,1,0,False,1
M01:case_90104,M01,M01:case_90104,R1,M4,1,0,False,1
M01:case_9021,M01,M01:case_9021,ALL,M4,1,0,False,1
M01:case_9021,M01,M01:case_9021,R1,M4,1,0,False,1
M01:case_9021,M01,M01:case_9021,R3,M4,1,0,False,1
M01:case_90238,M01,M01:case_90238,ALL,M4,1,0,False,1
M01:case_90238,M01,M01:case_90238,R1,M4,1,0,False,1
M01:case_90238,M01,M01:case_90238,R3,M4,1,0,False,1
M01:case_90255,M01,M01:case_90255,ALL,M4,1,0,False,1
M01:case_90255,M01,M01:case_90255,R1,M4,1,0,False,1
M01:case_90298,M01,M01:case_90298,ALL,M4,1,0,False,1
M01:case_90298,M01,M01:case_90298,R1,M4,1,0,False,1
M01:case_90298,M01,M01:case_90298,R3,M4,1,0,False,1
M01:case_90431,M01,M01:case_90431,ALL,M4,1,1,True,0
M01:case_90431,M01,M01:case_90431,R1,M4,1,1,True,0
M01:case_90431,M01,M01:case_90431,R3,M4,1,1,True,0
M01:case_90445,M01,M01:case_90445,ALL,M4,1,0,False,1
M01:case_90445,M01,M01:case_90445,R1,M4,1,0,False,1
M01:case_90531,M01,M01:case_90531,ALL,M4,1,0,False,1
M01:case_90531,M01,M01:case_90531,R1,M4,1,0,False,1
M01:case_90638,M01,M01:case_90638,ALL,M4,1,0,False,1
M01:case_90638,M01,M01:case_90638,R1,M4,1,0,False,1
M01:case_90649,M01,M01:case_90649,ALL,M4,1,0,False,1
M01:case_90649,M01,M01:case_90649,R1,M4,1,0,False,1
M01:case_90663,M01,M01:case_90663,ALL,M4,1,0,False,1
M01:case_90663,M01,M01:case_90663,R1,M4,1,0,False,1
M01:case_90668,M01,M01:case_90668,ALL,M4,1,0,False,1
M01:case_90668,M01,M01:case_90668,R1,M4,1,0,False,1
M01:case_90744,M01,M01:case_90744,ALL,M4,1,0,False,1
M01:case_90744,M01,M01:case_90744,R1,M4,1,0,False,1
M01:case_91,M01,M01:case_91,ALL,M4,1,1,True,0
M01:case_91,M01,M01:case_91,R1,M4,1,1,True,0
M01:case_9106,M01,M01:case_9106,ALL,M4,1,0,False,1
M01:case_9106,M01,M01:case_9106,R1,M4,1,0,False,1
M01:case_91113,M01,M01:case_91113,ALL,M4,1,0,False,0
M01:case_91113,M01,M01:case_91113,R1,M4,1,0,False,0
M01:case_91114,M01,M01:case_91114,ALL,M4,1,0,False,1
M01:case_91114,M01,M01:case_91114,R1,M4,1,0,False,1
M01:case_913,M01,M01:case_913,ALL,M4,1,0,False,1
M01:case_913,M01,M01:case_913,R1,M4,1,0,False,1
M01:case_91332,M01,M01:case_91332,ALL,M4,1,0,False,1
M01:case_91332,M01,M01:case_91332,R1,M4,1,0,False,1
M01:case_91332,M01,M01:case_91332,R3,M4,1,0,False,1
M01:case_91432,M01,M01:case_91432,ALL,M4,1,0,False,1
M01:case_91432,M01,M01:case_91432,R1,M4,1,0,False,1
M01:case_91469,M01,M01:case_91469,ALL,M4,1,0,False,1
M01:case_91469,M01,M01:case_91469,R1,M4,1,0,False,1
M01:case_91891,M01,M01:case_91891,ALL,M4,1,0,False,1
M01:case_91891,M01,M01:case_91891,R1,M4,1,0,False,1
M01:case_91891,M01,M01:case_91891,R3,M4,1,0,False,1
M01:case_91989,M01,M01:case_91989,ALL,M4,1,0,False,1
M01:case_91989,M01,M01:case_91989,R1,M4,1,0,False,1
M01:case_91989,M01,M01:case_91989,R3,M4,1,0,False,1
M01:case_9208,M01,M01:case_9208,ALL,M4,1,0,False,0
M01:case_9208,M01,M01:case_9208,R1,M4,1,0,False,0
M01:case_92160,M01,M01:case_92160,ALL,M4,1,0,False,0
M01:case_92160,M01,M01:case_92160,R1,M4,1,0,False,0
M01:case_92165,M01,M01:case_92165,ALL,M4,1,0,False,1
M01:case_92165,M01,M01:case_92165,R1,M4,1,0,False,1
M01:case_92297,M01,M01:case_92297,ALL,M4,1,0,False,1
M01:case_92297,M01,M01:case_92297,R1,M4,1,0,False,1
M01:case_92297,M01,M01:case_92297,R3,M4,1,0,False,1
M01:case_92439,M01,M01:case_92439,ALL,M4,1,1,True,0
M01:case_92439,M01,M01:case_92439,R1,M4,1,1,True,0
M01:case_92439,M01,M01:case_92439,R3,M4,1,1,True,0
M01:case_92542,M01,M01:case_92542,ALL,M4,1,0,False,1
M01:case_92542,M01,M01:case_92542,R1,M4,1,0,False,1
M01:case_92553,M01,M01:case_92553,ALL,M4,1,1,True,0
M01:case_92553,M01,M01:case_92553,R1,M4,1,1,True,0
M01:case_92553,M01,M01:case_92553,R3,M4,1,1,True,0
M01:case_9257,M01,M01:case_9257,ALL,M4,1,0,False,1
M01:case_9257,M01,M01:case_9257,R1,M4,1,0,False,1
M01:case_9257,M01,M01:case_9257,R3,M4,1,0,False,1
M01:case_92710,M01,M01:case_92710,ALL,M4,1,0,False,1
M01:case_92710,M01,M01:case_92710,R1,M4,1,0,False,1
M01:case_92710,M01,M01:case_92710,R3,M4,1,0,False,1
M01:case_92717,M01,M01:case_92717,ALL,M4,1,0,False,1
M01:case_92717,M01,M01:case_92717,R1,M4,1,0,False,1
M01:case_9284,M01,M01:case_9284,ALL,M4,1,0,False,0
M01:case_9284,M01,M01:case_9284,R1,M4,1,0,False,0
M01:case_92967,M01,M01:case_92967,ALL,M4,1,0,False,0
M01:case_92967,M01,M01:case_92967,R1,M4,1,0,False,0
M01:case_93049,M01,M01:case_93049,ALL,M4,1,0,False,1
M01:case_93049,M01,M01:case_93049,R1,M4,1,0,False,1
M01:case_93049,M01,M01:case_93049,R3,M4,1,0,False,1
M01:case_93055,M01,M01:case_93055,ALL,M4,1,0,False,0
M01:case_93055,M01,M01:case_93055,R1,M4,1,0,False,0
M01:case_93130,M01,M01:case_93130,ALL,M4,1,1,True,0
M01:case_93130,M01,M01:case_93130,R1,M4,1,1,True,0
M01:case_93130,M01,M01:case_93130,R3,M4,1,1,True,0
M01:case_93247,M01,M01:case_93247,ALL,M4,1,0,False,1
M01:case_93247,M01,M01:case_93247,R1,M4,1,0,False,1
M01:case_93247,M01,M01:case_93247,R3,M4,1,0,False,1
M01:case_93323,M01,M01:case_93323,ALL,M4,1,0,False,1
M01:case_93323,M01,M01:case_93323,R1,M4,1,0,False,1
M01:case_93323,M01,M01:case_93323,R3,M4,1,0,False,1
M01:case_93395,M01,M01:case_93395,ALL,M4,1,0,False,1
M01:case_93395,M01,M01:case_93395,R1,M4,1,0,False,1
M01:case_93395,M01,M01:case_93395,R3,M4,1,0,False,1
M01:case_93457,M01,M01:case_93457,ALL,M4,1,1,True,0
M01:case_93457,M01,M01:case_93457,R1,M4,1,1,True,0
M01:case_93457,M01,M01:case_93457,R3,M4,1,1,True,0
M01:case_93587,M01,M01:case_93587,ALL,M4,1,0,False,0
M01:case_93587,M01,M01:case_93587,R1,M4,1,0,False,0
M01:case_93667,M01,M01:case_93667,ALL,M4,1,0,False,1
M01:case_93667,M01,M01:case_93667,R1,M4,1,0,False,1
M01:case_93766,M01,M01:case_93766,ALL,M4,1,0,False,1
M01:case_93766,M01,M01:case_93766,R1,M4,1,0,False,1
M01:case_93766,M01,M01:case_93766,R3,M4,1,0,False,1
M01:case_93861,M01,M01:case_93861,ALL,M4,1,0,False,1
M01:case_93861,M01,M01:case_93861,R1,M4,1,0,False,1
M01:case_93861,M01,M01:case_93861,R3,M4,1,0,False,1
M01:case_94,M01,M01:case_94,ALL,M4,1,1,True,0
M01:case_94,M01,M01:case_94,R1,M4,1,1,True,0
M01:case_94,M01,M01:case_94,R3,M4,1,1,True,0
M01:case_94031,M01,M01:case_94031,ALL,M4,1,0,False,0
M01:case_94031,M01,M01:case_94031,R1,M4,1,0,False,0
M01:case_94170,M01,M01:case_94170,ALL,M4,1,0,False,1
M01:case_94170,M01,M01:case_94170,R1,M4,1,0,False,1
M01:case_94180,M01,M01:case_94180,ALL,M4,1,0,False,1
M01:case_94180,M01,M01:case_94180,R1,M4,1,0,False,1
M01:case_94302,M01,M01:case_94302,ALL,M4,1,0,False,0
M01:case_94302,M01,M01:case_94302,R1,M4,1,0,False,0
M01:case_94328,M01,M01:case_94328,ALL,M4,1,1,True,0
M01:case_94328,M01,M01:case_94328,R1,M4,1,1,True,0
M01:case_94453,M01,M01:case_94453,ALL,M4,1,0,False,1
M01:case_94453,M01,M01:case_94453,R1,M4,1,0,False,1
M01:case_94453,M01,M01:case_94453,R3,M4,1,0,False,1
M01:case_94460,M01,M01:case_94460,ALL,M4,1,1,True,0
M01:case_94460,M01,M01:case_94460,R1,M4,1,1,True,0
M01:case_94460,M01,M01:case_94460,R3,M4,1,1,True,0
M01:case_94507,M01,M01:case_94507,ALL,M4,1,0,False,1
M01:case_94507,M01,M01:case_94507,R1,M4,1,0,False,1
M01:case_9457,M01,M01:case_9457,ALL,M4,1,1,True,0
M01:case_9457,M01,M01:case_9457,R1,M4,1,1,True,0
M01:case_94610,M01,M01:case_94610,ALL,M4,1,0,False,1
M01:case_94610,M01,M01:case_94610,R1,M4,1,0,False,1
M01:case_94610,M01,M01:case_94610,R3,M4,1,0,False,1
M01:case_94655,M01,M01:case_94655,ALL,M4,1,0,False,1
M01:case_94655,M01,M01:case_94655,R1,M4,1,0,False,1
M01:case_94655,M01,M01:case_94655,R3,M4,1,0,False,1
M01:case_94839,M01,M01:case_94839,ALL,M4,1,0,False,0
M01:case_94839,M01,M01:case_94839,R1,M4,1,0,False,0
M01:case_94869,M01,M01:case_94869,ALL,M4,1,1,True,0
M01:case_94869,M01,M01:case_94869,R1,M4,1,1,True,0
M01:case_94869,M01,M01:case_94869,R3,M4,1,1,True,0
M01:case_94907,M01,M01:case_94907,ALL,M4,1,0,False,1
M01:case_94907,M01,M01:case_94907,R1,M4,1,0,False,1
M01:case_94907,M01,M01:case_94907,R3,M4,1,0,False,1
M01:case_95158,M01,M01:case_95158,ALL,M4,1,1,True,0
M01:case_95158,M01,M01:case_95158,R1,M4,1,1,True,0
M01:case_95158,M01,M01:case_95158,R3,M4,1,1,True,0
M01:case_95174,M01,M01:case_95174,ALL,M4,1,0,False,0
M01:case_95174,M01,M01:case_95174,R1,M4,1,0,False,0
M01:case_95289,M01,M01:case_95289,ALL,M4,1,1,True,0
M01:case_95289,M01,M01:case_95289,R1,M4,1,1,True,0
M01:case_95289,M01,M01:case_95289,R3,M4,1,1,True,0
M01:case_954,M01,M01:case_954,ALL,M4,1,0,False,1
M01:case_954,M01,M01:case_954,R1,M4,1,0,False,1
M01:case_954,M01,M01:case_954,R3,M4,1,0,False,1
M01:case_95568,M01,M01:case_95568,ALL,M4,1,0,False,1
M01:case_95568,M01,M01:case_95568,R1,M4,1,0,False,1
M01:case_95568,M01,M01:case_95568,R3,M4,1,0,False,1
M01:case_95763,M01,M01:case_95763,ALL,M4,1,0,False,1
M01:case_95763,M01,M01:case_95763,R1,M4,1,0,False,1
M01:case_95897,M01,M01:case_95897,ALL,M4,1,0,False,1
M01:case_95897,M01,M01:case_95897,R1,M4,1,0,False,1
M01:case_95953,M01,M01:case_95953,ALL,M4,1,0,False,1
M01:case_95953,M01,M01:case_95953,R1,M4,1,0,False,1
M01:case_96089,M01,M01:case_96089,ALL,M4,1,0,False,1
M01:case_96089,M01,M01:case_96089,R1,M4,1,0,False,1
M01:case_96160,M01,M01:case_96160,ALL,M4,1,1,True,0
M01:case_96160,M01,M01:case_96160,R1,M4,1,1,True,0
M01:case_96160,M01,M01:case_96160,R3,M4,1,1,True,0
M01:case_96170,M01,M01:case_96170,ALL,M4,1,0,False,1
M01:case_96170,M01,M01:case_96170,R1,M4,1,0,False,1
M01:case_96170,M01,M01:case_96170,R3,M4,1,0,False,1
M01:case_96216,M01,M01:case_96216,ALL,M4,1,1,True,0
M01:case_96216,M01,M01:case_96216,R1,M4,1,1,True,0
M01:case_96216,M01,M01:case_96216,R3,M4,1,1,True,0
M01:case_96236,M01,M01:case_96236,ALL,M4,1,1,True,0
M01:case_96236,M01,M01:case_96236,R1,M4,1,1,True,0
M01:case_96500,M01,M01:case_96500,ALL,M4,1,0,False,1
M01:case_96500,M01,M01:case_96500,R1,M4,1,0,False,1
M01:case_96500,M01,M01:case_96500,R3,M4,1,0,False,1
M01:case_96567,M01,M01:case_96567,ALL,M4,1,1,True,0
M01:case_96567,M01,M01:case_96567,R1,M4,1,1,True,0
M01:case_96567,M01,M01:case_96567,R3,M4,1,1,True,0
M01:case_96588,M01,M01:case_96588,ALL,M4,1,0,False,1
M01:case_96588,M01,M01:case_96588,R1,M4,1,0,False,1
M01:case_96619,M01,M01:case_96619,ALL,M4,1,0,False,1
M01:case_96619,M01,M01:case_96619,R1,M4,1,0,False,1
M01:case_96619,M01,M01:case_96619,R3,M4,1,0,False,1
M01:case_96649,M01,M01:case_96649,ALL,M4,1,0,False,1
M01:case_96649,M01,M01:case_96649,R1,M4,1,0,False,1
M01:case_96649,M01,M01:case_96649,R3,M4,1,0,False,1
M01:case_96650,M01,M01:case_96650,ALL,M4,1,0,False,1
M01:case_96650,M01,M01:case_96650,R1,M4,1,0,False,1
M01:case_96661,M01,M01:case_96661,ALL,M4,1,0,False,1
M01:case_96661,M01,M01:case_96661,R1,M4,1,0,False,1
M01:case_96661,M01,M01:case_96661,R3,M4,1,0,False,1
M01:case_96711,M01,M01:case_96711,ALL,M4,1,0,False,0
M01:case_96711,M01,M01:case_96711,R1,M4,1,0,False,0
M01:case_96787,M01,M01:case_96787,ALL,M4,1,0,False,0
M01:case_96787,M01,M01:case_96787,R1,M4,1,0,False,0
M01:case_96817,M01,M01:case_96817,ALL,M4,1,0,False,1
M01:case_96817,M01,M01:case_96817,R1,M4,1,0,False,1
M01:case_96959,M01,M01:case_96959,ALL,M4,1,0,False,1
M01:case_96959,M01,M01:case_96959,R1,M4,1,0,False,1
M01:case_97015,M01,M01:case_97015,ALL,M4,1,0,False,1
M01:case_97015,M01,M01:case_97015,R1,M4,1,0,False,1
M01:case_97096,M01,M01:case_97096,ALL,M4,1,0,False,1
M01:case_97096,M01,M01:case_97096,R1,M4,1,0,False,1
M01:case_97099,M01,M01:case_97099,ALL,M4,1,1,True,0
M01:case_97099,M01,M01:case_97099,R1,M4,1,1,True,0
M01:case_97099,M01,M01:case_97099,R3,M4,1,1,True,0
M01:case_97123,M01,M01:case_97123,ALL,M4,1,0,False,1
M01:case_97123,M01,M01:case_97123,R1,M4,1,0,False,1
M01:case_97130,M01,M01:case_97130,ALL,M4,1,1,True,0
M01:case_97130,M01,M01:case_97130,R1,M4,1,1,True,0
M01:case_97178,M01,M01:case_97178,ALL,M4,1,1,True,0
M01:case_97178,M01,M01:case_97178,R1,M4,1,1,True,0
M01:case_97178,M01,M01:case_97178,R3,M4,1,1,True,0
M01:case_97201,M01,M01:case_97201,ALL,M4,1,0,False,1
M01:case_97201,M01,M01:case_97201,R1,M4,1,0,False,1
M01:case_97209,M01,M01:case_97209,ALL,M4,1,0,False,0
M01:case_97209,M01,M01:case_97209,R1,M4,1,0,False,0
M01:case_97300,M01,M01:case_97300,ALL,M4,1,0,False,1
M01:case_97300,M01,M01:case_97300,R1,M4,1,0,False,1
M01:case_97300,M01,M01:case_97300,R3,M4,1,0,False,1
M01:case_97360,M01,M01:case_97360,ALL,M4,1,1,True,0
M01:case_97360,M01,M01:case_97360,R1,M4,1,1,True,0
M01:case_97360,M01,M01:case_97360,R3,M4,1,1,True,0
M01:case_9744,M01,M01:case_9744,ALL,M4,1,0,False,0
M01:case_9744,M01,M01:case_9744,R1,M4,1,0,False,0
M01:case_97491,M01,M01:case_97491,ALL,M4,1,0,False,1
M01:case_97491,M01,M01:case_97491,R1,M4,1,0,False,1
M01:case_9752,M01,M01:case_9752,ALL,M4,1,1,True,0
M01:case_9752,M01,M01:case_9752,R1,M4,1,1,True,0
M01:case_9752,M01,M01:case_9752,R3,M4,1,1,True,0
M01:case_97816,M01,M01:case_97816,ALL,M4,1,0,False,1
M01:case_97816,M01,M01:case_97816,R1,M4,1,0,False,1
M01:case_97817,M01,M01:case_97817,ALL,M4,1,0,False,0
M01:case_97817,M01,M01:case_97817,R1,M4,1,0,False,0
M01:case_97955,M01,M01:case_97955,ALL,M4,1,0,False,1
M01:case_97955,M01,M01:case_97955,R1,M4,1,0,False,1
M01:case_97955,M01,M01:case_97955,R3,M4,1,0,False,1
M01:case_98050,M01,M01:case_98050,ALL,M4,1,0,False,1
M01:case_98050,M01,M01:case_98050,R1,M4,1,0,False,1
M01:case_98050,M01,M01:case_98050,R3,M4,1,0,False,1
M01:case_98176,M01,M01:case_98176,ALL,M4,1,0,False,1
M01:case_98176,M01,M01:case_98176,R1,M4,1,0,False,1
M01:case_98318,M01,M01:case_98318,ALL,M4,1,0,False,1
M01:case_98318,M01,M01:case_98318,R1,M4,1,0,False,1
M01:case_98368,M01,M01:case_98368,ALL,M4,1,0,False,1
M01:case_98368,M01,M01:case_98368,R1,M4,1,0,False,1
M01:case_98368,M01,M01:case_98368,R3,M4,1,0,False,1
M01:case_98450,M01,M01:case_98450,ALL,M4,1,0,False,0
M01:case_98450,M01,M01:case_98450,R1,M4,1,0,False,0
M01:case_98493,M01,M01:case_98493,ALL,M4,1,0,False,0
M01:case_98493,M01,M01:case_98493,R1,M4,1,0,False,0
M01:case_98667,M01,M01:case_98667,ALL,M4,1,1,True,0
M01:case_98667,M01,M01:case_98667,R1,M4,1,1,True,0
M01:case_98667,M01,M01:case_98667,R3,M4,1,1,True,0
M01:case_9878,M01,M01:case_9878,ALL,M4,1,0,False,1
M01:case_9878,M01,M01:case_9878,R1,M4,1,0,False,1
M01:case_98853,M01,M01:case_98853,ALL,M4,1,0,False,1
M01:case_98853,M01,M01:case_98853,R1,M4,1,0,False,1
M01:case_98953,M01,M01:case_98953,ALL,M4,1,0,False,0
M01:case_98953,M01,M01:case_98953,R1,M4,1,0,False,0
M01:case_99020,M01,M01:case_99020,ALL,M4,1,0,False,1
M01:case_99020,M01,M01:case_99020,R1,M4,1,0,False,1
M01:case_99197,M01,M01:case_99197,ALL,M4,1,1,True,0
M01:case_99197,M01,M01:case_99197,R1,M4,1,1,True,0
M01:case_99197,M01,M01:case_99197,R3,M4,1,1,True,0
M01:case_99287,M01,M01:case_99287,ALL,M4,1,0,False,1
M01:case_99287,M01,M01:case_99287,R1,M4,1,0,False,1
M01:case_99294,M01,M01:case_99294,ALL,M4,1,0,False,1
M01:case_99294,M01,M01:case_99294,R1,M4,1,0,False,1
M01:case_99367,M01,M01:case_99367,ALL,M4,1,0,False,0
M01:case_99367,M01,M01:case_99367,R1,M4,1,0,False,0
M01:case_99415,M01,M01:case_99415,ALL,M4,1,1,True,0
M01:case_99415,M01,M01:case_99415,R1,M4,1,1,True,0
M01:case_99427,M01,M01:case_99427,ALL,M4,1,0,False,1
M01:case_99427,M01,M01:case_99427,R1,M4,1,0,False,1
M01:case_99427,M01,M01:case_99427,R3,M4,1,0,False,1
M01:case_99453,M01,M01:case_99453,ALL,M4,1,0,False,1
M01:case_99453,M01,M01:case_99453,R1,M4,1,0,False,1
M01:case_99453,M01,M01:case_99453,R3,M4,1,0,False,1
M01:case_99529,M01,M01:case_99529,ALL,M4,1,1,True,0
M01:case_99529,M01,M01:case_99529,R1,M4,1,1,True,0
M01:case_99529,M01,M01:case_99529,R3,M4,1,1,True,0
M01:case_99553,M01,M01:case_99553,ALL,M4,1,0,False,0
M01:case_99553,M01,M01:case_99553,R1,M4,1,0,False,0
M01:case_99553,M01,M01:case_99553,R3,M4,1,0,False,0
M01:case_99563,M01,M01:case_99563,ALL,M4,1,0,False,1
M01:case_99563,M01,M01:case_99563,R1,M4,1,0,False,1
M01:case_99725,M01,M01:case_99725,ALL,M4,1,0,False,1
M01:case_99725,M01,M01:case_99725,R1,M4,1,0,False,1
M01:case_99725,M01,M01:case_99725,R3,M4,1,0,False,1
M01:case_9975,M01,M01:case_9975,ALL,M4,1,0,False,1
M01:case_9975,M01,M01:case_9975,R1,M4,1,0,False,1
M01:case_99950,M01,M01:case_99950,ALL,M4,1,0,False,1
M01:case_99950,M01,M01:case_99950,R1,M4,1,0,False,1
M01:case_99950,M01,M01:case_99950,R3,M4,1,0,False,1
M01:case_99992,M01,M01:case_99992,ALL,M4,1,1,True,0
M01:case_99992,M01,M01:case_99992,R1,M4,1,1,True,0
M01:case_99992,M01,M01:case_99992,R3,M4,1,1,True,0
M02:CS-CF-A1-001-A,M02,M02:M02:CS-CF-A1-001-A,ALL,M4,1,1,True,0
M02:CS-CF-A1-001-A,M02,M02:M02:CS-CF-A1-001-A,R1,M4,1,1,True,0
M02:CS-CF-A1-001-B,M02,M02:M02:CS-CF-A1-001-B,ALL,M4,1,0,False,0
M02:CS-CF-A1-001-B,M02,M02:M02:CS-CF-A1-001-B,R2,M4,1,0,False,0
M02:CS-CF-A1-002-A,M02,M02:M02:CS-CF-A1-002-A,ALL,M4,1,0,False,0
M02:CS-CF-A1-002-A,M02,M02:M02:CS-CF-A1-002-A,R1,M4,1,0,False,0
M02:CS-CF-A1-002-B,M02,M02:M02:CS-CF-A1-002-B,ALL,M4,1,1,True,0
M02:CS-CF-A1-002-B,M02,M02:M02:CS-CF-A1-002-B,R2,M4,1,1,True,0
M02:CS-CF-AD-001-A,M02,M02:M02:CS-CF-AD-001-A,ALL,M4,1,1,True,0
M02:CS-CF-AD-001-A,M02,M02:M02:CS-CF-AD-001-A,R1,M4,1,1,True,0
M02:CS-CF-AD-001-B,M02,M02:M02:CS-CF-AD-001-B,ALL,M4,1,0,False,0
M02:CS-CF-AD-001-B,M02,M02:M02:CS-CF-AD-001-B,R1,M4,1,0,False,0
M02:CS-CF-AD-001-B,M02,M02:M02:CS-CF-AD-001-B,R2,M4,1,0,False,0
M02:CS-CF-AP-002-A,M02,M02:M02:CS-CF-AP-002-A,ALL,M4,1,0,False,0
M02:CS-CF-AP-002-A,M02,M02:M02:CS-CF-AP-002-A,R1,M4,1,0,False,0
M02:CS-CF-AP-002-B,M02,M02:M02:CS-CF-AP-002-B,ALL,M4,1,0,False,0
M02:CS-CF-AP-002-B,M02,M02:M02:CS-CF-AP-002-B,R1,M4,1,0,False,0
M02:CS-CF-AP-002-B,M02,M02:M02:CS-CF-AP-002-B,R2,M4,1,0,False,0
M02:CS-CF-AP-002-B,M02,M02:M02:CS-CF-AP-002-B,R3,M4,1,0,False,0
M02:CS-CF-HF-001-A,M02,M02:M02:CS-CF-HF-001-A,ALL,M4,1,0,False,0
M02:CS-CF-HF-001-A,M02,M02:M02:CS-CF-HF-001-A,R1,M4,1,0,False,0
M02:CS-CF-HF-001-A,M02,M02:M02:CS-CF-HF-001-A,R3,M4,1,0,False,0
M02:CS-CF-HF-001-B,M02,M02:M02:CS-CF-HF-001-B,ALL,M4,1,0,False,0
M02:CS-CF-HF-001-B,M02,M02:M02:CS-CF-HF-001-B,R1,M4,1,0,False,0
M02:CS-CF-HF-001-B,M02,M02:M02:CS-CF-HF-001-B,R3,M4,1,0,False,0
M02:CS-CF-HF-002-A,M02,M02:M02:CS-CF-HF-002-A,ALL,M4,1,0,False,0
M02:CS-CF-HF-002-A,M02,M02:M02:CS-CF-HF-002-A,R1,M4,1,0,False,0
M02:CS-CF-HF-002-A,M02,M02:M02:CS-CF-HF-002-A,R3,M4,1,0,False,0
M02:CS-CF-HF-002-B,M02,M02:M02:CS-CF-HF-002-B,ALL,M4,1,1,True,0
M02:CS-CF-HF-002-B,M02,M02:M02:CS-CF-HF-002-B,R2,M4,1,1,True,0
M02:CS-CF-NS-001-A,M02,M02:M02:CS-CF-NS-001-A,ALL,M4,1,0,False,0
M02:CS-CF-NS-001-A,M02,M02:M02:CS-CF-NS-001-A,R1,M4,1,0,False,0
M02:CS-CF-NS-001-A,M02,M02:M02:CS-CF-NS-001-A,R3,M4,1,0,False,0
M02:CS-CF-NS-001-B,M02,M02:M02:CS-CF-NS-001-B,ALL,M4,1,1,True,0
M02:CS-CF-NS-001-B,M02,M02:M02:CS-CF-NS-001-B,R1,M4,1,1,True,0
M02:CS-CF-NS-001-B,M02,M02:M02:CS-CF-NS-001-B,R2,M4,1,1,True,0
M02:CS-CF-NS-001-B,M02,M02:M02:CS-CF-NS-001-B,R3,M4,1,1,True,0
M02:CS-CF-NS-002-A,M02,M02:M02:CS-CF-NS-002-A,ALL,M4,1,1,True,0
M02:CS-CF-NS-002-A,M02,M02:M02:CS-CF-NS-002-A,R1,M4,1,1,True,0
M02:CS-CF-NS-002-A,M02,M02:M02:CS-CF-NS-002-A,R3,M4,1,1,True,0
M02:CS-CF-NS-002-B,M02,M02:M02:CS-CF-NS-002-B,ALL,M4,1,0,False,0
M02:CS-CF-NS-002-B,M02,M02:M02:CS-CF-NS-002-B,R1,M4,1,0,False,0
M02:CS-CF-NS-002-B,M02,M02:M02:CS-CF-NS-002-B,R2,M4,1,0,False,0
M02:CS-CF-NS-002-B,M02,M02:M02:CS-CF-NS-002-B,R3,M4,1,0,False,0
M02:CS-CF-OP-001-A,M02,M02:M02:CS-CF-OP-001-A,ALL,M4,1,0,False,0
M02:CS-CF-OP-001-A,M02,M02:M02:CS-CF-OP-001-A,R1,M4,1,0,False,0
M02:CS-CF-OP-002-A,M02,M02:M02:CS-CF-OP-002-A,ALL,M4,1,0,False,0
M02:CS-CF-OP-002-A,M02,M02:M02:CS-CF-OP-002-A,R1,M4,1,0,False,0
M02:DDI-CF-AC-001-A,M02,M02:M02:DDI-CF-AC-001-A,ALL,M4,1,0,False,0
M02:DDI-CF-AC-001-A,M02,M02:M02:DDI-CF-AC-001-A,R1,M4,1,0,False,0
M02:DDI-CF-CN-001-A,M02,M02:M02:DDI-CF-CN-001-A,ALL,M4,1,1,True,0
M02:DDI-CF-CN-001-A,M02,M02:M02:DDI-CF-CN-001-A,R1,M4,1,1,True,0
M02:DDI-CF-CN-001-B,M02,M02:M02:DDI-CF-CN-001-B,ALL,M4,1,1,True,0
M02:DDI-CF-CN-001-B,M02,M02:M02:DDI-CF-CN-001-B,R2,M4,1,1,True,0
M02:DDI-CF-LI-001-A,M02,M02:M02:DDI-CF-LI-001-A,ALL,M4,1,0,False,0
M02:DDI-CF-LI-001-A,M02,M02:M02:DDI-CF-LI-001-A,R1,M4,1,0,False,0
M02:DDI-CF-OB-001-A,M02,M02:M02:DDI-CF-OB-001-A,ALL,M4,1,0,False,0
M02:DDI-CF-OB-001-A,M02,M02:M02:DDI-CF-OB-001-A,R1,M4,1,0,False,0
M02:DDI-CF-OB-001-B,M02,M02:M02:DDI-CF-OB-001-B,ALL,M4,1,0,False,0
M02:DDI-CF-OB-001-B,M02,M02:M02:DDI-CF-OB-001-B,R2,M4,1,0,False,0
M02:DDI-CF-OG-001-A,M02,M02:M02:DDI-CF-OG-001-A,ALL,M4,1,1,True,0
M02:DDI-CF-OG-001-A,M02,M02:M02:DDI-CF-OG-001-A,R1,M4,1,1,True,0
M02:DDI-CF-OG-001-B,M02,M02:M02:DDI-CF-OG-001-B,ALL,M4,1,0,False,0
M02:DDI-CF-OG-001-B,M02,M02:M02:DDI-CF-OG-001-B,R2,M4,1,0,False,0
M02:DDI-CF-PH-001-A,M02,M02:M02:DDI-CF-PH-001-A,ALL,M4,1,1,True,0
M02:DDI-CF-PH-001-A,M02,M02:M02:DDI-CF-PH-001-A,R1,M4,1,1,True,0
M02:DDI-CF-RK-001-A,M02,M02:M02:DDI-CF-RK-001-A,ALL,M4,1,1,True,0
M02:DDI-CF-RK-001-A,M02,M02:M02:DDI-CF-RK-001-A,R1,M4,1,1,True,0
M02:DDI-CF-RK-001-B,M02,M02:M02:DDI-CF-RK-001-B,ALL,M4,1,0,False,0
M02:DDI-CF-RK-001-B,M02,M02:M02:DDI-CF-RK-001-B,R2,M4,1,0,False,0
M02:DDI-CF-TH-001-A,M02,M02:M02:DDI-CF-TH-001-A,ALL,M4,1,0,False,0
M02:DDI-CF-TH-001-A,M02,M02:M02:DDI-CF-TH-001-A,R1,M4,1,0,False,0
M02:DDI-CF-WA-001-A,M02,M02:M02:DDI-CF-WA-001-A,ALL,M4,1,0,False,0
M02:DDI-CF-WA-001-A,M02,M02:M02:DDI-CF-WA-001-A,R1,M4,1,0,False,0
M02:KD-CF-BEN-001-A,M02,M02:M02:KD-CF-BEN-001-A,ALL,M4,1,1,True,0
M02:KD-CF-BEN-001-A,M02,M02:M02:KD-CF-BEN-001-A,R1,M4,1,1,True,0
M02:KD-CF-BEN-001-B,M02,M02:M02:KD-CF-BEN-001-B,ALL,M4,1,0,False,0
M02:KD-CF-BEN-001-B,M02,M02:M02:KD-CF-BEN-001-B,R2,M4,1,0,False,0
M02:KD-CF-CHL-001-A,M02,M02:M02:KD-CF-CHL-001-A,ALL,M4,1,0,False,0
M02:KD-CF-CHL-001-A,M02,M02:M02:KD-CF-CHL-001-A,R1,M4,1,0,False,0
M02:KD-CF-CHL-001-B,M02,M02:M02:KD-CF-CHL-001-B,ALL,M4,1,0,False,0
M02:KD-CF-CHL-001-B,M02,M02:M02:KD-CF-CHL-001-B,R2,M4,1,0,False,0
M02:KD-CF-COD-001-A,M02,M02:M02:KD-CF-COD-001-A,ALL,M4,1,1,True,0
M02:KD-CF-COD-001-A,M02,M02:M02:KD-CF-COD-001-A,R1,M4,1,1,True,0
M02:KD-CF-COD-001-B,M02,M02:M02:KD-CF-COD-001-B,ALL,M4,1,0,False,0
M02:KD-CF-COD-001-B,M02,M02:M02:KD-CF-COD-001-B,R2,M4,1,0,False,0
M02:KD-CF-COD-002-A,M02,M02:M02:KD-CF-COD-002-A,ALL,M4,1,0,False,0
M02:KD-CF-COD-002-A,M02,M02:M02:KD-CF-COD-002-A,R1,M4,1,0,False,0
M02:KD-CF-FGA-001-A,M02,M02:M02:KD-CF-FGA-001-A,ALL,M4,1,0,False,0
M02:KD-CF-FGA-001-A,M02,M02:M02:KD-CF-FGA-001-A,R1,M4,1,0,False,0
M02:KD-CF-FGA-001-B,M02,M02:M02:KD-CF-FGA-001-B,ALL,M4,1,1,True,0
M02:KD-CF-FGA-001-B,M02,M02:M02:KD-CF-FGA-001-B,R2,M4,1,1,True,0
M02:KD-CF-GEN-001-A,M02,M02:M02:KD-CF-GEN-001-A,ALL,M4,1,0,False,1
M02:KD-CF-GEN-001-A,M02,M02:M02:KD-CF-GEN-001-A,R1,M4,1,0,False,1
M02:KD-CF-GEN-001-B,M02,M02:M02:KD-CF-GEN-001-B,ALL,M4,1,1,True,0
M02:KD-CF-GEN-001-B,M02,M02:M02:KD-CF-GEN-001-B,R2,M4,1,1,True,0
M02:KD-CF-LID-001-A,M02,M02:M02:KD-CF-LID-001-A,ALL,M4,1,0,False,0
M02:KD-CF-LID-001-A,M02,M02:M02:KD-CF-LID-001-A,R1,M4,1,0,False,0
M02:KD-CF-LID-001-B,M02,M02:M02:KD-CF-LID-001-B,ALL,M4,1,1,True,0
M02:KD-CF-LID-001-B,M02,M02:M02:KD-CF-LID-001-B,R2,M4,1,1,True,0
M02:KD-CF-LOP-001-A,M02,M02:M02:KD-CF-LOP-001-A,ALL,M4,1,1,True,0
M02:KD-CF-LOP-001-A,M02,M02:M02:KD-CF-LOP-001-A,R1,M4,1,1,True,0
M02:KD-CF-LOP-001-B,M02,M02:M02:KD-CF-LOP-001-B,ALL,M4,1,0,False,0
M02:KD-CF-LOP-001-B,M02,M02:M02:KD-CF-LOP-001-B,R2,M4,1,0,False,0
M02:KD-CF-MEP-001-A,M02,M02:M02:KD-CF-MEP-001-A,ALL,M4,1,1,True,0
M02:KD-CF-MEP-001-A,M02,M02:M02:KD-CF-MEP-001-A,R1,M4,1,1,True,0
M02:KD-CF-MEP-001-B,M02,M02:M02:KD-CF-MEP-001-B,ALL,M4,1,0,False,0
M02:KD-CF-MEP-001-B,M02,M02:M02:KD-CF-MEP-001-B,R2,M4,1,0,False,0
M02:KD-CF-MET-001-A,M02,M02:M02:KD-CF-MET-001-A,ALL,M4,1,0,False,0
M02:KD-CF-MET-001-A,M02,M02:M02:KD-CF-MET-001-A,R1,M4,1,0,False,0
M02:KD-CF-MET-001-B,M02,M02:M02:KD-CF-MET-001-B,ALL,M4,1,0,False,0
M02:KD-CF-MET-001-B,M02,M02:M02:KD-CF-MET-001-B,R2,M4,1,0,False,0
M02:KD-CF-SNP-001-A,M02,M02:M02:KD-CF-SNP-001-A,ALL,M4,1,1,True,0
M02:KD-CF-SNP-001-A,M02,M02:M02:KD-CF-SNP-001-A,R1,M4,1,1,True,0
M02:KD-CF-SNP-001-B,M02,M02:M02:KD-CF-SNP-001-B,ALL,M4,1,0,False,0
M02:KD-CF-SNP-001-B,M02,M02:M02:KD-CF-SNP-001-B,R2,M4,1,0,False,0
M02:KD-CF-TCA-001-A,M02,M02:M02:KD-CF-TCA-001-A,ALL,M4,1,0,False,0
M02:KD-CF-TCA-001-A,M02,M02:M02:KD-CF-TCA-001-A,R1,M4,1,0,False,0
M02:KD-CF-TCA-001-B,M02,M02:M02:KD-CF-TCA-001-B,ALL,M4,1,1,True,0
M02:KD-CF-TCA-001-B,M02,M02:M02:KD-CF-TCA-001-B,R2,M4,1,1,True,0
M02:KD-CF-VPA-001-A,M02,M02:M02:KD-CF-VPA-001-A,ALL,M4,1,0,False,0
M02:KD-CF-VPA-001-A,M02,M02:M02:KD-CF-VPA-001-A,R1,M4,1,0,False,0
M02:KD-CF-VPA-001-B,M02,M02:M02:KD-CF-VPA-001-B,ALL,M4,1,0,False,0
M02:KD-CF-VPA-001-B,M02,M02:M02:KD-CF-VPA-001-B,R2,M4,1,0,False,0
M02:PG-DRO-NEG-001,M02,M02:M02:PG-DRO-NEG-001,ALL,M4,1,1,True,0
M02:PG-DRO-NEG-001,M02,M02:M02:PG-DRO-NEG-001,R2,M4,1,1,True,0
M02:PG-DRO-POS-001,M02,M02:M02:PG-DRO-POS-001,ALL,M4,1,0,False,0
M02:PG-DRO-POS-001,M02,M02:M02:PG-DRO-POS-001,R1,M4,1,0,False,0
M02:PG-ISO-NEG-001,M02,M02:M02:PG-ISO-NEG-001,ALL,M4,1,1,True,0
M02:PG-ISO-NEG-001,M02,M02:M02:PG-ISO-NEG-001,R2,M4,1,1,True,0
M02:PG-ISO-POS-001,M02,M02:M02:PG-ISO-POS-001,ALL,M4,1,1,True,0
M02:PG-ISO-POS-001,M02,M02:M02:PG-ISO-POS-001,R1,M4,1,1,True,0
M02:PG-ISO-POS-002,M02,M02:M02:PG-ISO-POS-002,ALL,M4,1,1,True,0
M02:PG-ISO-POS-002,M02,M02:M02:PG-ISO-POS-002,R1,M4,1,1,True,0
M02:PG-LEF-NEG-001,M02,M02:M02:PG-LEF-NEG-001,ALL,M4,1,1,True,0
M02:PG-LEF-NEG-001,M02,M02:M02:PG-LEF-NEG-001,R2,M4,1,1,True,0
M02:PG-LEF-POS-001,M02,M02:M02:PG-LEF-POS-001,ALL,M4,1,0,False,0
M02:PG-LEF-POS-001,M02,M02:M02:PG-LEF-POS-001,R1,M4,1,0,False,0
M02:PG-MISO-NEG-001,M02,M02:M02:PG-MISO-NEG-001,ALL,M4,1,1,True,0
M02:PG-MISO-NEG-001,M02,M02:M02:PG-MISO-NEG-001,R2,M4,1,1,True,0
M02:PG-MISO-POS-001,M02,M02:M02:PG-MISO-POS-001,ALL,M4,1,1,True,0
M02:PG-MISO-POS-001,M02,M02:M02:PG-MISO-POS-001,R1,M4,1,1,True,0
M02:PG-MTX-NEG-001,M02,M02:M02:PG-MTX-NEG-001,ALL,M4,1,0,False,1
M02:PG-MTX-NEG-001,M02,M02:M02:PG-MTX-NEG-001,R2,M4,1,0,False,1
M02:PG-MTX-POS-001,M02,M02:M02:PG-MTX-POS-001,ALL,M4,1,1,True,0
M02:PG-MTX-POS-001,M02,M02:M02:PG-MTX-POS-001,R1,M4,1,1,True,0
M02:PG-RBV-NEG-001,M02,M02:M02:PG-RBV-NEG-001,ALL,M4,1,1,True,0
M02:PG-RBV-NEG-001,M02,M02:M02:PG-RBV-NEG-001,R2,M4,1,1,True,0
M02:PG-RBV-POS-001,M02,M02:M02:PG-RBV-POS-001,ALL,M4,1,1,True,0
M02:PG-RBV-POS-001,M02,M02:M02:PG-RBV-POS-001,R1,M4,1,1,True,0
M02:PG-THAL-NEG-001,M02,M02:M02:PG-THAL-NEG-001,ALL,M4,1,0,False,0
M02:PG-THAL-NEG-001,M02,M02:M02:PG-THAL-NEG-001,R2,M4,1,0,False,0
M02:PG-THAL-POS-001,M02,M02:M02:PG-THAL-POS-001,ALL,M4,1,1,True,0
M02:PG-THAL-POS-001,M02,M02:M02:PG-THAL-POS-001,R1,M4,1,1,True,0
M02:PG-WAR-NEG-001,M02,M02:M02:PG-WAR-NEG-001,ALL,M4,1,0,False,1
M02:PG-WAR-NEG-001,M02,M02:M02:PG-WAR-NEG-001,R2,M4,1,0,False,1
M02:PG-WAR-POS-001,M02,M02:M02:PG-WAR-POS-001,ALL,M4,1,1,True,0
M02:PG-WAR-POS-001,M02,M02:M02:PG-WAR-POS-001,R1,M4,1,1,True,0
M02:PG-WAR-POS-002,M02,M02:M02:PG-WAR-POS-002,ALL,M4,1,0,False,0
M02:PG-WAR-POS-002,M02,M02:M02:PG-WAR-POS-002,R1,M4,1,0,False,0
M02:RK-CF-BAC-001-A,M02,M02:M02:RK-CF-BAC-001-A,ALL,M4,1,1,True,0
M02:RK-CF-BAC-001-A,M02,M02:M02:RK-CF-BAC-001-A,R1,M4,1,1,True,0
M02:RK-CF-BAC-001-B,M02,M02:M02:RK-CF-BAC-001-B,ALL,M4,1,0,False,0
M02:RK-CF-BAC-001-B,M02,M02:M02:RK-CF-BAC-001-B,R2,M4,1,0,False,0
M02:RK-CF-CIP-001-A,M02,M02:M02:RK-CF-CIP-001-A,ALL,M4,1,1,True,0
M02:RK-CF-CIP-001-A,M02,M02:M02:RK-CF-CIP-001-A,R1,M4,1,1,True,0
M02:RK-CF-CIP-001-B,M02,M02:M02:RK-CF-CIP-001-B,ALL,M4,1,0,False,0
M02:RK-CF-CIP-001-B,M02,M02:M02:RK-CF-CIP-001-B,R2,M4,1,0,False,0
M02:RK-CF-COL-001-A,M02,M02:M02:RK-CF-COL-001-A,ALL,M4,1,1,True,0
M02:RK-CF-COL-001-A,M02,M02:M02:RK-CF-COL-001-A,R1,M4,1,1,True,0
M02:RK-CF-COL-001-B,M02,M02:M02:RK-CF-COL-001-B,ALL,M4,1,1,True,0
M02:RK-CF-COL-001-B,M02,M02:M02:RK-CF-COL-001-B,R2,M4,1,1,True,0
M02:RK-CF-DAB-001-A,M02,M02:M02:RK-CF-DAB-001-A,ALL,M4,1,1,True,0
M02:RK-CF-DAB-001-A,M02,M02:M02:RK-CF-DAB-001-A,R1,M4,1,1,True,0
M02:RK-CF-DAB-001-B,M02,M02:M02:RK-CF-DAB-001-B,ALL,M4,1,0,False,0
M02:RK-CF-DAB-001-B,M02,M02:M02:RK-CF-DAB-001-B,R2,M4,1,0,False,0
M02:RK-CF-DOF-001-A,M02,M02:M02:RK-CF-DOF-001-A,ALL,M4,1,0,False,0
M02:RK-CF-DOF-001-A,M02,M02:M02:RK-CF-DOF-001-A,R1,M4,1,0,False,0
M02:RK-CF-DOF-001-B,M02,M02:M02:RK-CF-DOF-001-B,ALL,M4,1,0,False,0
M02:RK-CF-DOF-001-B,M02,M02:M02:RK-CF-DOF-001-B,R2,M4,1,0,False,0
M02:RK-CF-DOF-002-A,M02,M02:M02:RK-CF-DOF-002-A,ALL,M4,1,0,False,0
M02:RK-CF-DOF-002-A,M02,M02:M02:RK-CF-DOF-002-A,R1,M4,1,0,False,0
M02:RK-CF-DOF-002-B,M02,M02:M02:RK-CF-DOF-002-B,ALL,M4,1,0,False,0
M02:RK-CF-DOF-002-B,M02,M02:M02:RK-CF-DOF-002-B,R2,M4,1,0,False,0
M02:RK-CF-DUL-001-A,M02,M02:M02:RK-CF-DUL-001-A,ALL,M4,1,1,True,0
M02:RK-CF-DUL-001-A,M02,M02:M02:RK-CF-DUL-001-A,R1,M4,1,1,True,0
M02:RK-CF-DUL-001-B,M02,M02:M02:RK-CF-DUL-001-B,ALL,M4,1,0,False,0
M02:RK-CF-DUL-001-B,M02,M02:M02:RK-CF-DUL-001-B,R2,M4,1,0,False,0
M02:RK-CF-EDO-001-A,M02,M02:M02:RK-CF-EDO-001-A,ALL,M4,1,0,False,0
M02:RK-CF-EDO-001-A,M02,M02:M02:RK-CF-EDO-001-A,R1,M4,1,0,False,0
M02:RK-CF-EDO-001-B,M02,M02:M02:RK-CF-EDO-001-B,ALL,M4,1,0,False,1
M02:RK-CF-EDO-001-B,M02,M02:M02:RK-CF-EDO-001-B,R2,M4,1,0,False,1
M02:RK-CF-EDO-002-A,M02,M02:M02:RK-CF-EDO-002-A,ALL,M4,1,0,False,0
M02:RK-CF-EDO-002-A,M02,M02:M02:RK-CF-EDO-002-A,R1,M4,1,0,False,0
M02:RK-CF-EDO-002-B,M02,M02:M02:RK-CF-EDO-002-B,ALL,M4,1,0,False,0
M02:RK-CF-EDO-002-B,M02,M02:M02:RK-CF-EDO-002-B,R2,M4,1,0,False,0
M02:RK-CF-ENO-001-A,M02,M02:M02:RK-CF-ENO-001-A,ALL,M4,1,1,True,0
M02:RK-CF-ENO-001-A,M02,M02:M02:RK-CF-ENO-001-A,R1,M4,1,1,True,0
M02:RK-CF-ENO-001-B,M02,M02:M02:RK-CF-ENO-001-B,ALL,M4,1,1,True,0
M02:RK-CF-ENO-001-B,M02,M02:M02:RK-CF-ENO-001-B,R2,M4,1,1,True,0
M02:RK-CF-FON-001-A,M02,M02:M02:RK-CF-FON-001-A,ALL,M4,1,0,False,0
M02:RK-CF-FON-001-A,M02,M02:M02:RK-CF-FON-001-A,R1,M4,1,0,False,0
M02:RK-CF-FON-001-B,M02,M02:M02:RK-CF-FON-001-B,ALL,M4,1,1,True,0
M02:RK-CF-FON-001-B,M02,M02:M02:RK-CF-FON-001-B,R2,M4,1,1,True,0
M02:RK-CF-GPT-001-A,M02,M02:M02:RK-CF-GPT-001-A,ALL,M4,1,0,False,0
M02:RK-CF-GPT-001-A,M02,M02:M02:RK-CF-GPT-001-A,R1,M4,1,0,False,0
M02:RK-CF-GPT-001-B,M02,M02:M02:RK-CF-GPT-001-B,ALL,M4,1,0,False,0
M02:RK-CF-GPT-001-B,M02,M02:M02:RK-CF-GPT-001-B,R2,M4,1,0,False,0
M02:RK-CF-H2B-001-A,M02,M02:M02:RK-CF-H2B-001-A,ALL,M4,1,0,False,0
M02:RK-CF-H2B-001-A,M02,M02:M02:RK-CF-H2B-001-A,R1,M4,1,0,False,0
M02:RK-CF-H2B-001-B,M02,M02:M02:RK-CF-H2B-001-B,ALL,M4,1,0,False,0
M02:RK-CF-H2B-001-B,M02,M02:M02:RK-CF-H2B-001-B,R2,M4,1,0,False,0
M02:RK-CF-LEV-001-A,M02,M02:M02:RK-CF-LEV-001-A,ALL,M4,1,0,False,0
M02:RK-CF-LEV-001-A,M02,M02:M02:RK-CF-LEV-001-A,R1,M4,1,0,False,0
M02:RK-CF-LEV-001-B,M02,M02:M02:RK-CF-LEV-001-B,ALL,M4,1,0,False,0
M02:RK-CF-LEV-001-B,M02,M02:M02:RK-CF-LEV-001-B,R2,M4,1,0,False,0
M02:RK-CF-NIT-001-A,M02,M02:M02:RK-CF-NIT-001-A,ALL,M4,1,0,False,0
M02:RK-CF-NIT-001-A,M02,M02:M02:RK-CF-NIT-001-A,R1,M4,1,0,False,0
M02:RK-CF-NIT-001-B,M02,M02:M02:RK-CF-NIT-001-B,ALL,M4,1,0,False,0
M02:RK-CF-NIT-001-B,M02,M02:M02:RK-CF-NIT-001-B,R2,M4,1,0,False,0
M02:RK-CF-NSA-001-A,M02,M02:M02:RK-CF-NSA-001-A,ALL,M4,1,0,False,0
M02:RK-CF-NSA-001-A,M02,M02:M02:RK-CF-NSA-001-A,R1,M4,1,0,False,0
M02:RK-CF-NSA-001-B,M02,M02:M02:RK-CF-NSA-001-B,ALL,M4,1,0,False,0
M02:RK-CF-NSA-001-B,M02,M02:M02:RK-CF-NSA-001-B,R2,M4,1,0,False,0
M02:RK-CF-PRO-001-A,M02,M02:M02:RK-CF-PRO-001-A,ALL,M4,1,0,False,0
M02:RK-CF-PRO-001-A,M02,M02:M02:RK-CF-PRO-001-A,R1,M4,1,0,False,0
M02:RK-CF-PRO-001-B,M02,M02:M02:RK-CF-PRO-001-B,ALL,M4,1,0,False,0
M02:RK-CF-PRO-001-B,M02,M02:M02:RK-CF-PRO-001-B,R2,M4,1,0,False,0
M02:RK-CF-RIV-001-A,M02,M02:M02:RK-CF-RIV-001-A,ALL,M4,1,0,False,0
M02:RK-CF-RIV-001-A,M02,M02:M02:RK-CF-RIV-001-A,R1,M4,1,0,False,0
M02:RK-CF-RIV-001-B,M02,M02:M02:RK-CF-RIV-001-B,ALL,M4,1,0,False,0
M02:RK-CF-RIV-001-B,M02,M02:M02:RK-CF-RIV-001-B,R2,M4,1,0,False,0
M02:RK-CF-TMP-001-A,M02,M02:M02:RK-CF-TMP-001-A,ALL,M4,1,0,False,0
M02:RK-CF-TMP-001-A,M02,M02:M02:RK-CF-TMP-001-A,R1,M4,1,0,False,0
M02:RK-CF-TMP-001-B,M02,M02:M02:RK-CF-TMP-001-B,ALL,M4,1,0,False,0
M02:RK-CF-TMP-001-B,M02,M02:M02:RK-CF-TMP-001-B,R2,M4,1,0,False,0
M02:RK-CF-TMP-002-A,M02,M02:M02:RK-CF-TMP-002-A,ALL,M4,1,0,False,0
M02:RK-CF-TMP-002-A,M02,M02:M02:RK-CF-TMP-002-A,R1,M4,1,0,False,0
M02:RK-CF-TMP-002-B,M02,M02:M02:RK-CF-TMP-002-B,ALL,M4,1,0,False,0
M02:RK-CF-TMP-002-B,M02,M02:M02:RK-CF-TMP-002-B,R2,M4,1,0,False,0
M02:RK-CF-TRA-001-A,M02,M02:M02:RK-CF-TRA-001-A,ALL,M4,1,0,False,0
M02:RK-CF-TRA-001-A,M02,M02:M02:RK-CF-TRA-001-A,R1,M4,1,0,False,0
M02:RK-CF-TRA-001-B,M02,M02:M02:RK-CF-TRA-001-B,ALL,M4,1,1,True,0
M02:RK-CF-TRA-001-B,M02,M02:M02:RK-CF-TRA-001-B,R2,M4,1,1,True,0
M02:RK-CF-TRA-002-A,M02,M02:M02:RK-CF-TRA-002-A,ALL,M4,1,0,False,0
M02:RK-CF-TRA-002-A,M02,M02:M02:RK-CF-TRA-002-A,R1,M4,1,0,False,0
M02:RK-CF-TRA-002-B,M02,M02:M02:RK-CF-TRA-002-B,ALL,M4,1,0,False,0
M02:RK-CF-TRA-002-B,M02,M02:M02:RK-CF-TRA-002-B,R2,M4,1,0,False,0
M02:SS-CF-DE-001-POS,M02,M02:M02:SS-CF-DE-001-POS,ALL,M4,1,1,True,0
M02:SS-CF-DE-001-POS,M02,M02:M02:SS-CF-DE-001-POS,R1,M4,1,1,True,0
M02:SS-CF-DE-002-POS,M02,M02:M02:SS-CF-DE-002-POS,ALL,M4,1,0,False,0
M02:SS-CF-DE-002-POS,M02,M02:M02:SS-CF-DE-002-POS,R1,M4,1,0,False,0
M02:SS-CF-DE-003-POS,M02,M02:M02:SS-CF-DE-003-POS,ALL,M4,1,0,False,0
M02:SS-CF-DE-003-POS,M02,M02:M02:SS-CF-DE-003-POS,R1,M4,1,0,False,0
M02:SS-CF-DE-004-POS,M02,M02:M02:SS-CF-DE-004-POS,ALL,M4,1,0,False,0
M02:SS-CF-DE-004-POS,M02,M02:M02:SS-CF-DE-004-POS,R1,M4,1,0,False,0
M02:SS-CF-DE-005-NEG,M02,M02:M02:SS-CF-DE-005-NEG,ALL,M4,1,0,False,0
M02:SS-CF-DE-005-NEG,M02,M02:M02:SS-CF-DE-005-NEG,R2,M4,1,0,False,0
M02:SS-CF-DE-005-POS,M02,M02:M02:SS-CF-DE-005-POS,ALL,M4,1,0,False,0
M02:SS-CF-DE-005-POS,M02,M02:M02:SS-CF-DE-005-POS,R1,M4,1,0,False,0
M02:SS-CF-DE-006-NEG,M02,M02:M02:SS-CF-DE-006-NEG,ALL,M4,1,1,True,0
M02:SS-CF-DE-006-NEG,M02,M02:M02:SS-CF-DE-006-NEG,R2,M4,1,1,True,0
M02:SS-CF-DE-006-POS,M02,M02:M02:SS-CF-DE-006-POS,ALL,M4,1,0,False,0
M02:SS-CF-DE-006-POS,M02,M02:M02:SS-CF-DE-006-POS,R1,M4,1,0,False,0
M02:SS-CF-DM-001-NEG,M02,M02:M02:SS-CF-DM-001-NEG,ALL,M4,1,0,False,0
M02:SS-CF-DM-001-NEG,M02,M02:M02:SS-CF-DM-001-NEG,R2,M4,1,0,False,0
M02:SS-CF-DM-001-POS,M02,M02:M02:SS-CF-DM-001-POS,ALL,M4,1,1,True,0
M02:SS-CF-DM-001-POS,M02,M02:M02:SS-CF-DM-001-POS,R1,M4,1,1,True,0
M02:SS-CF-DM-003-NEG,M02,M02:M02:SS-CF-DM-003-NEG,ALL,M4,1,1,True,0
M02:SS-CF-DM-003-NEG,M02,M02:M02:SS-CF-DM-003-NEG,R2,M4,1,1,True,0
M02:SS-CF-DM-003-POS,M02,M02:M02:SS-CF-DM-003-POS,ALL,M4,1,0,False,0
M02:SS-CF-DM-003-POS,M02,M02:M02:SS-CF-DM-003-POS,R1,M4,1,0,False,0
M02:SS-CF-FA-001-NEG,M02,M02:M02:SS-CF-FA-001-NEG,ALL,M4,1,0,False,0
M02:SS-CF-FA-001-NEG,M02,M02:M02:SS-CF-FA-001-NEG,R2,M4,1,0,False,0
M02:SS-CF-FA-001-POS,M02,M02:M02:SS-CF-FA-001-POS,ALL,M4,1,0,False,0
M02:SS-CF-FA-001-POS,M02,M02:M02:SS-CF-FA-001-POS,R1,M4,1,0,False,0
M02:SS-CF-FA-002-NEG,M02,M02:M02:SS-CF-FA-002-NEG,ALL,M4,1,0,False,0
M02:SS-CF-FA-002-NEG,M02,M02:M02:SS-CF-FA-002-NEG,R2,M4,1,0,False,0
M02:SS-CF-FA-002-POS,M02,M02:M02:SS-CF-FA-002-POS,ALL,M4,1,0,False,0
M02:SS-CF-FA-002-POS,M02,M02:M02:SS-CF-FA-002-POS,R1,M4,1,0,False,0
M02:SS-CF-FA-003-NEG,M02,M02:M02:SS-CF-FA-003-NEG,ALL,M4,1,0,False,0
M02:SS-CF-FA-003-NEG,M02,M02:M02:SS-CF-FA-003-NEG,R2,M4,1,0,False,0
M02:SS-CF-FA-003-POS,M02,M02:M02:SS-CF-FA-003-POS,ALL,M4,1,0,False,0
M02:SS-CF-FA-003-POS,M02,M02:M02:SS-CF-FA-003-POS,R1,M4,1,0,False,0
M02:SS-CF-FA-004-NEG,M02,M02:M02:SS-CF-FA-004-NEG,ALL,M4,1,1,True,0
M02:SS-CF-FA-004-NEG,M02,M02:M02:SS-CF-FA-004-NEG,R2,M4,1,1,True,0
M02:SS-CF-FA-004-POS,M02,M02:M02:SS-CF-FA-004-POS,ALL,M4,1,0,False,0
M02:SS-CF-FA-004-POS,M02,M02:M02:SS-CF-FA-004-POS,R1,M4,1,0,False,0
M02:SS-CF-FA-005-NEG,M02,M02:M02:SS-CF-FA-005-NEG,ALL,M4,1,0,False,0
M02:SS-CF-FA-005-NEG,M02,M02:M02:SS-CF-FA-005-NEG,R2,M4,1,0,False,0
M02:SS-CF-FA-005-POS,M02,M02:M02:SS-CF-FA-005-POS,ALL,M4,1,0,False,0
M02:SS-CF-FA-005-POS,M02,M02:M02:SS-CF-FA-005-POS,R1,M4,1,0,False,0
M02:SS-CF-FA-006-NEG,M02,M02:M02:SS-CF-FA-006-NEG,ALL,M4,1,0,False,0
M02:SS-CF-FA-006-NEG,M02,M02:M02:SS-CF-FA-006-NEG,R2,M4,1,0,False,0
M02:SS-CF-FA-006-POS,M02,M02:M02:SS-CF-FA-006-POS,ALL,M4,1,0,False,0
M02:SS-CF-FA-006-POS,M02,M02:M02:SS-CF-FA-006-POS,R1,M4,1,0,False,0
M02:SS-CF-HF-001-HFPEF,M02,M02:M02:SS-CF-HF-001-HFPEF,ALL,M4,1,0,False,0
M02:SS-CF-HF-001-HFPEF,M02,M02:M02:SS-CF-HF-001-HFPEF,R1,M4,1,0,False,0
M02:SS-CF-HF-001-HFREF,M02,M02:M02:SS-CF-HF-001-HFREF,ALL,M4,1,0,False,0
M02:SS-CF-HF-001-HFREF,M02,M02:M02:SS-CF-HF-001-HFREF,R1,M4,1,0,False,0
M02:SS-CF-HF-001-NOHF,M02,M02:M02:SS-CF-HF-001-NOHF,ALL,M4,1,0,False,0
M02:SS-CF-HF-001-NOHF,M02,M02:M02:SS-CF-HF-001-NOHF,R2,M4,1,0,False,0
M02:SS-CF-HF-002-NEG,M02,M02:M02:SS-CF-HF-002-NEG,ALL,M4,1,0,False,0
M02:SS-CF-HF-002-NEG,M02,M02:M02:SS-CF-HF-002-NEG,R2,M4,1,0,False,0
M02:SS-CF-HF-002-POS,M02,M02:M02:SS-CF-HF-002-POS,ALL,M4,1,0,False,0
M02:SS-CF-HF-002-POS,M02,M02:M02:SS-CF-HF-002-POS,R1,M4,1,0,False,0
M02:SS-CF-HF-003-NEG,M02,M02:M02:SS-CF-HF-003-NEG,ALL,M4,1,0,False,0
M02:SS-CF-HF-003-NEG,M02,M02:M02:SS-CF-HF-003-NEG,R2,M4,1,0,False,0
M02:SS-CF-HF-003-POS,M02,M02:M02:SS-CF-HF-003-POS,ALL,M4,1,0,False,0
M02:SS-CF-HF-003-POS,M02,M02:M02:SS-CF-HF-003-POS,R1,M4,1,0,False,0
M02:SS-CF-PD-002-NEG,M02,M02:M02:SS-CF-PD-002-NEG,ALL,M4,1,0,False,0
M02:SS-CF-PD-002-NEG,M02,M02:M02:SS-CF-PD-002-NEG,R2,M4,1,0,False,0
M02:SS-CF-PD-002-POS,M02,M02:M02:SS-CF-PD-002-POS,ALL,M4,1,0,False,0
M02:SS-CF-PD-002-POS,M02,M02:M02:SS-CF-PD-002-POS,R1,M4,1,0,False,0
M02:SS-CF-PD-002-POS,M02,M02:M02:SS-CF-PD-002-POS,R3,M4,1,0,False,0
M02:SS-CF-PD-003-NEG,M02,M02:M02:SS-CF-PD-003-NEG,ALL,M4,1,0,False,0
M02:SS-CF-PD-003-NEG,M02,M02:M02:SS-CF-PD-003-NEG,R2,M4,1,0,False,0
M02:SS-CF-PD-003-POS,M02,M02:M02:SS-CF-PD-003-POS,ALL,M4,1,1,True,0
M02:SS-CF-PD-003-POS,M02,M02:M02:SS-CF-PD-003-POS,R1,M4,1,1,True,0
M02:SS-CF-PD-003-POS,M02,M02:M02:SS-CF-PD-003-POS,R3,M4,1,1,True,0
M02:SS-CF-PU-001-NEG,M02,M02:M02:SS-CF-PU-001-NEG,ALL,M4,1,0,False,0
M02:SS-CF-PU-001-NEG,M02,M02:M02:SS-CF-PU-001-NEG,R2,M4,1,0,False,0
M02:SS-CF-PU-001-POS,M02,M02:M02:SS-CF-PU-001-POS,ALL,M4,1,0,False,0
M02:SS-CF-PU-001-POS,M02,M02:M02:SS-CF-PU-001-POS,R1,M4,1,0,False,0
M02:SS-CF-PU-003-NEG,M02,M02:M02:SS-CF-PU-003-NEG,ALL,M4,1,0,False,0
M02:SS-CF-PU-003-NEG,M02,M02:M02:SS-CF-PU-003-NEG,R2,M4,1,0,False,0
M02:SS-CF-PU-003-POS,M02,M02:M02:SS-CF-PU-003-POS,ALL,M4,1,0,False,0
M02:SS-CF-PU-003-POS,M02,M02:M02:SS-CF-PU-003-POS,R1,M4,1,0,False,0
M02:SS-CF-SY-001-NEG,M02,M02:M02:SS-CF-SY-001-NEG,ALL,M4,1,0,False,0
M02:SS-CF-SY-001-NEG,M02,M02:M02:SS-CF-SY-001-NEG,R2,M4,1,0,False,0
M02:SS-CF-SY-001-POS,M02,M02:M02:SS-CF-SY-001-POS,ALL,M4,1,0,False,0
M02:SS-CF-SY-001-POS,M02,M02:M02:SS-CF-SY-001-POS,R1,M4,1,0,False,0
M02:SS-CF-SY-002-NEG,M02,M02:M02:SS-CF-SY-002-NEG,ALL,M4,1,0,False,0
M02:SS-CF-SY-002-NEG,M02,M02:M02:SS-CF-SY-002-NEG,R2,M4,1,0,False,0
M02:SS-CF-SY-002-POS,M02,M02:M02:SS-CF-SY-002-POS,ALL,M4,1,0,False,0
M02:SS-CF-SY-002-POS,M02,M02:M02:SS-CF-SY-002-POS,R1,M4,1,0,False,0
M02:SS-CF-SY-003-NEG,M02,M02:M02:SS-CF-SY-003-NEG,ALL,M4,1,0,False,0
M02:SS-CF-SY-003-NEG,M02,M02:M02:SS-CF-SY-003-NEG,R2,M4,1,0,False,0
M02:SS-CF-SY-003-POS,M02,M02:M02:SS-CF-SY-003-POS,ALL,M4,1,0,False,0
M02:SS-CF-SY-003-POS,M02,M02:M02:SS-CF-SY-003-POS,R1,M4,1,0,False,0
M02:SS-CF-SY-004-NEG,M02,M02:M02:SS-CF-SY-004-NEG,ALL,M4,1,0,False,0
M02:SS-CF-SY-004-NEG,M02,M02:M02:SS-CF-SY-004-NEG,R2,M4,1,0,False,0
M02:SS-CF-SY-004-POS,M02,M02:M02:SS-CF-SY-004-POS,ALL,M4,1,0,False,0
M02:SS-CF-SY-004-POS,M02,M02:M02:SS-CF-SY-004-POS,R1,M4,1,0,False,0
M02:SS-CF-SY-005-NEG,M02,M02:M02:SS-CF-SY-005-NEG,ALL,M4,1,0,False,0
M02:SS-CF-SY-005-NEG,M02,M02:M02:SS-CF-SY-005-NEG,R2,M4,1,0,False,0
M02:SS-CF-SY-005-POS,M02,M02:M02:SS-CF-SY-005-POS,ALL,M4,1,0,False,0
M02:SS-CF-SY-005-POS,M02,M02:M02:SS-CF-SY-005-POS,R1,M4,1,0,False,0
M06:supplement_N13,M06,M06:supplement_N13,ALL,M4,1,1,True,0
M06:supplement_N13,M06,M06:supplement_N13,R4,M4,1,1,True,0
M06:supplement_N14,M06,M06:supplement_N14,ALL,M4,1,1,True,0
M06:supplement_N14,M06,M06:supplement_N14,R4,M4,1,1,True,0
M06:supplement_N16,M06,M06:supplement_N16,ALL,M4,1,0,False,0
M06:supplement_N16,M06,M06:supplement_N16,R4,M4,1,0,False,0
M06:supplement_N17,M06,M06:supplement_N17,ALL,M4,1,1,True,0
M06:supplement_N17,M06,M06:supplement_N17,R4,M4,1,1,True,0
M06:supplement_N18,M06,M06:supplement_N18,ALL,M4,1,0,False,0
M06:supplement_N18,M06,M06:supplement_N18,R4,M4,1,0,False,0
M06:supplement_N20,M06,M06:supplement_N20,ALL,M4,1,1,True,0
M06:supplement_N20,M06,M06:supplement_N20,R4,M4,1,1,True,0
M06:supplement_N42,M06,M06:supplement_N42,ALL,M4,1,1,True,0
M06:supplement_N42,M06,M06:supplement_N42,R4,M4,1,1,True,0
M06:supplement_N43,M06,M06:supplement_N43,ALL,M4,1,0,False,0
M06:supplement_N43,M06,M06:supplement_N43,R4,M4,1,0,False,0
M06:supplement_N44,M06,M06:supplement_N44,ALL,M4,1,1,True,0
M06:supplement_N44,M06,M06:supplement_N44,R4,M4,1,1,True,0
M06:supplement_N45,M06,M06:supplement_N45,ALL,M4,1,0,False,0
M06:supplement_N45,M06,M06:supplement_N45,R4,M4,1,0,False,0
M06:supplement_N48,M06,M06:supplement_N48,ALL,M4,1,1,True,0
M06:supplement_N48,M06,M06:supplement_N48,R4,M4,1,1,True,0
M06:supplement_N49,M06,M06:supplement_N49,ALL,M4,1,0,False,0
M06:supplement_N49,M06,M06:supplement_N49,R4,M4,1,0,False,0
M06:supplement_N50,M06,M06:supplement_N50,ALL,M4,1,0,False,0
M06:supplement_N50,M06,M06:supplement_N50,R4,M4,1,0,False,0
M10:medqa_00003:variant_08,M10,M10:medqa_00003,ALL,M4,1,0,False,0
M10:medqa_00003:variant_08,M10,M10:medqa_00003,R5,M4,1,0,False,0
M10:medqa_00006:variant_00,M10,M10:medqa_00006,ALL,M4,1,1,True,0
M10:medqa_00006:variant_00,M10,M10:medqa_00006,R5,M4,1,1,True,0
M10:medqa_00012:variant_04,M10,M10:medqa_00012,ALL,M4,1,1,True,0
M10:medqa_00012:variant_04,M10,M10:medqa_00012,R5,M4,1,1,True,0
M10:medqa_00015:variant_09,M10,M10:medqa_00015,ALL,M4,1,1,True,0
M10:medqa_00015:variant_09,M10,M10:medqa_00015,R5,M4,1,1,True,0
M10:medqa_00018:variant_04,M10,M10:medqa_00018,ALL,M4,1,1,True,0
M10:medqa_00018:variant_04,M10,M10:medqa_00018,R5,M4,1,1,True,0
M10:medqa_00020:variant_05,M10,M10:medqa_00020,ALL,M4,1,0,False,0
M10:medqa_00020:variant_05,M10,M10:medqa_00020,R5,M4,1,0,False,0
M10:medqa_00020:variant_07,M10,M10:medqa_00020,ALL,M4,1,0,False,0
M10:medqa_00020:variant_07,M10,M10:medqa_00020,R5,M4,1,0,False,0
M10:medqa_00026:variant_01,M10,M10:medqa_00026,ALL,M4,1,0,False,1
M10:medqa_00026:variant_01,M10,M10:medqa_00026,R5,M4,1,0,False,1
M10:medqa_00026:variant_02,M10,M10:medqa_00026,ALL,M4,1,1,True,0
M10:medqa_00026:variant_02,M10,M10:medqa_00026,R5,M4,1,1,True,0
M10:medqa_00028:variant_01,M10,M10:medqa_00028,ALL,M4,1,1,True,0
M10:medqa_00028:variant_01,M10,M10:medqa_00028,R5,M4,1,1,True,0
M10:medqa_00032:variant_06,M10,M10:medqa_00032,ALL,M4,1,0,False,0
M10:medqa_00032:variant_06,M10,M10:medqa_00032,R5,M4,1,0,False,0
M10:medqa_00036:variant_09,M10,M10:medqa_00036,ALL,M4,1,0,False,0
M10:medqa_00036:variant_09,M10,M10:medqa_00036,R5,M4,1,0,False,0
M10:medqa_00038:variant_03,M10,M10:medqa_00038,ALL,M4,1,0,False,0
M10:medqa_00038:variant_03,M10,M10:medqa_00038,R5,M4,1,0,False,0
M10:medqa_00042:variant_07,M10,M10:medqa_00042,ALL,M4,1,1,True,0
M10:medqa_00042:variant_07,M10,M10:medqa_00042,R5,M4,1,1,True,0
M10:medqa_00047:variant_04,M10,M10:medqa_00047,ALL,M4,1,1,True,0
M10:medqa_00047:variant_04,M10,M10:medqa_00047,R5,M4,1,1,True,0
M10:medqa_00048:variant_08,M10,M10:medqa_00048,ALL,M4,1,1,True,0
M10:medqa_00048:variant_08,M10,M10:medqa_00048,R5,M4,1,1,True,0
M10:medqa_00049:variant_02,M10,M10:medqa_00049,ALL,M4,1,1,True,0
M10:medqa_00049:variant_02,M10,M10:medqa_00049,R5,M4,1,1,True,0
M10:medqa_00049:variant_03,M10,M10:medqa_00049,ALL,M4,1,1,True,0
M10:medqa_00049:variant_03,M10,M10:medqa_00049,R5,M4,1,1,True,0
M10:medqa_00050:variant_00,M10,M10:medqa_00050,ALL,M4,1,1,True,0
M10:medqa_00050:variant_00,M10,M10:medqa_00050,R5,M4,1,1,True,0
M10:medqa_00050:variant_02,M10,M10:medqa_00050,ALL,M4,1,1,True,0
M10:medqa_00050:variant_02,M10,M10:medqa_00050,R5,M4,1,1,True,0
M10:medqa_00053:variant_05,M10,M10:medqa_00053,ALL,M4,1,1,True,0
M10:medqa_00053:variant_05,M10,M10:medqa_00053,R5,M4,1,1,True,0
M10:medqa_00054:variant_03,M10,M10:medqa_00054,ALL,M4,1,1,True,0
M10:medqa_00054:variant_03,M10,M10:medqa_00054,R5,M4,1,1,True,0
M10:medqa_00057:variant_07,M10,M10:medqa_00057,ALL,M4,1,0,False,0
M10:medqa_00057:variant_07,M10,M10:medqa_00057,R5,M4,1,0,False,0
M10:medqa_00058:variant_04,M10,M10:medqa_00058,ALL,M4,1,1,True,0
M10:medqa_00058:variant_04,M10,M10:medqa_00058,R5,M4,1,1,True,0
M10:medqa_00065:variant_04,M10,M10:medqa_00065,ALL,M4,1,1,True,0
M10:medqa_00065:variant_04,M10,M10:medqa_00065,R5,M4,1,1,True,0
M10:medqa_00069:variant_04,M10,M10:medqa_00069,ALL,M4,1,0,False,0
M10:medqa_00069:variant_04,M10,M10:medqa_00069,R5,M4,1,0,False,0
M10:medqa_00071:variant_02,M10,M10:medqa_00071,ALL,M4,1,1,True,0
M10:medqa_00071:variant_02,M10,M10:medqa_00071,R5,M4,1,1,True,0
M10:medqa_00071:variant_03,M10,M10:medqa_00071,ALL,M4,1,1,True,0
M10:medqa_00071:variant_03,M10,M10:medqa_00071,R5,M4,1,1,True,0
M10:medqa_00075:variant_05,M10,M10:medqa_00075,ALL,M4,1,1,True,0
M10:medqa_00075:variant_05,M10,M10:medqa_00075,R5,M4,1,1,True,0
M10:medqa_00080:variant_03,M10,M10:medqa_00080,ALL,M4,1,1,True,0
M10:medqa_00080:variant_03,M10,M10:medqa_00080,R5,M4,1,1,True,0
M10:medqa_00087:variant_00,M10,M10:medqa_00087,ALL,M4,1,1,True,0
M10:medqa_00087:variant_00,M10,M10:medqa_00087,R5,M4,1,1,True,0
M10:medqa_00090:variant_05,M10,M10:medqa_00090,ALL,M4,1,1,True,0
M10:medqa_00090:variant_05,M10,M10:medqa_00090,R5,M4,1,1,True,0
M10:medqa_00090:variant_08,M10,M10:medqa_00090,ALL,M4,1,1,True,0
M10:medqa_00090:variant_08,M10,M10:medqa_00090,R5,M4,1,1,True,0
M10:medqa_00093:variant_08,M10,M10:medqa_00093,ALL,M4,1,0,False,0
M10:medqa_00093:variant_08,M10,M10:medqa_00093,R5,M4,1,0,False,0
M10:medqa_00095:variant_02,M10,M10:medqa_00095,ALL,M4,1,0,False,0
M10:medqa_00095:variant_02,M10,M10:medqa_00095,R5,M4,1,0,False,0
M10:medqa_00096:variant_08,M10,M10:medqa_00096,ALL,M4,1,1,True,0
M10:medqa_00096:variant_08,M10,M10:medqa_00096,R5,M4,1,1,True,0
M10:medqa_00098:variant_03,M10,M10:medqa_00098,ALL,M4,1,1,True,0
M10:medqa_00098:variant_03,M10,M10:medqa_00098,R5,M4,1,1,True,0
M10:medqa_00098:variant_04,M10,M10:medqa_00098,ALL,M4,1,1,True,0
M10:medqa_00098:variant_04,M10,M10:medqa_00098,R5,M4,1,1,True,0
M10:medqa_00103:variant_05,M10,M10:medqa_00103,ALL,M4,1,1,True,0
M10:medqa_00103:variant_05,M10,M10:medqa_00103,R5,M4,1,1,True,0
M10:medqa_00105:variant_06,M10,M10:medqa_00105,ALL,M4,1,1,True,0
M10:medqa_00105:variant_06,M10,M10:medqa_00105,R5,M4,1,1,True,0
M10:medqa_00110:variant_03,M10,M10:medqa_00110,ALL,M4,1,0,False,0
M10:medqa_00110:variant_03,M10,M10:medqa_00110,R5,M4,1,0,False,0
M10:medqa_00110:variant_04,M10,M10:medqa_00110,ALL,M4,1,0,False,0
M10:medqa_00110:variant_04,M10,M10:medqa_00110,R5,M4,1,0,False,0
M10:medqa_00117:variant_01,M10,M10:medqa_00117,ALL,M4,1,0,False,0
M10:medqa_00117:variant_01,M10,M10:medqa_00117,R5,M4,1,0,False,0
M10:medqa_00121:variant_00,M10,M10:medqa_00121,ALL,M4,1,1,True,0
M10:medqa_00121:variant_00,M10,M10:medqa_00121,R5,M4,1,1,True,0
M10:medqa_00131:variant_04,M10,M10:medqa_00131,ALL,M4,1,0,False,0
M10:medqa_00131:variant_04,M10,M10:medqa_00131,R5,M4,1,0,False,0
M10:medqa_00132:variant_05,M10,M10:medqa_00132,ALL,M4,1,1,True,0
M10:medqa_00132:variant_05,M10,M10:medqa_00132,R5,M4,1,1,True,0
M10:medqa_00134:variant_01,M10,M10:medqa_00134,ALL,M4,1,1,True,0
M10:medqa_00134:variant_01,M10,M10:medqa_00134,R5,M4,1,1,True,0
M10:medqa_00137:variant_06,M10,M10:medqa_00137,ALL,M4,1,1,True,0
M10:medqa_00137:variant_06,M10,M10:medqa_00137,R5,M4,1,1,True,0
M10:medqa_00141:variant_07,M10,M10:medqa_00141,ALL,M4,1,0,False,0
M10:medqa_00141:variant_07,M10,M10:medqa_00141,R5,M4,1,0,False,0
M10:medqa_00143:variant_01,M10,M10:medqa_00143,ALL,M4,1,1,True,0
M10:medqa_00143:variant_01,M10,M10:medqa_00143,R5,M4,1,1,True,0
M10:medqa_00148:variant_04,M10,M10:medqa_00148,ALL,M4,1,1,True,0
M10:medqa_00148:variant_04,M10,M10:medqa_00148,R5,M4,1,1,True,0
M10:medqa_00150:variant_01,M10,M10:medqa_00150,ALL,M4,1,1,True,0
M10:medqa_00150:variant_01,M10,M10:medqa_00150,R5,M4,1,1,True,0
M10:medqa_00150:variant_04,M10,M10:medqa_00150,ALL,M4,1,1,True,0
M10:medqa_00150:variant_04,M10,M10:medqa_00150,R5,M4,1,1,True,0
M10:medqa_00153:variant_03,M10,M10:medqa_00153,ALL,M4,1,1,True,0
M10:medqa_00153:variant_03,M10,M10:medqa_00153,R5,M4,1,1,True,0
M10:medqa_00155:variant_01,M10,M10:medqa_00155,ALL,M4,1,0,False,0
M10:medqa_00155:variant_01,M10,M10:medqa_00155,R5,M4,1,0,False,0
M10:medqa_00158:variant_01,M10,M10:medqa_00158,ALL,M4,1,1,True,0
M10:medqa_00158:variant_01,M10,M10:medqa_00158,R5,M4,1,1,True,0
M10:medqa_00158:variant_03,M10,M10:medqa_00158,ALL,M4,1,0,False,0
M10:medqa_00158:variant_03,M10,M10:medqa_00158,R5,M4,1,0,False,0
M10:medqa_00158:variant_04,M10,M10:medqa_00158,ALL,M4,1,0,False,0
M10:medqa_00158:variant_04,M10,M10:medqa_00158,R5,M4,1,0,False,0
M10:medqa_00170:variant_01,M10,M10:medqa_00170,ALL,M4,1,0,False,0
M10:medqa_00170:variant_01,M10,M10:medqa_00170,R5,M4,1,0,False,0
M10:medqa_00172:variant_00,M10,M10:medqa_00172,ALL,M4,1,0,False,0
M10:medqa_00172:variant_00,M10,M10:medqa_00172,R5,M4,1,0,False,0
M10:medqa_00172:variant_01,M10,M10:medqa_00172,ALL,M4,1,0,False,0
M10:medqa_00172:variant_01,M10,M10:medqa_00172,R5,M4,1,0,False,0
M10:medqa_00172:variant_03,M10,M10:medqa_00172,ALL,M4,1,0,False,0
M10:medqa_00172:variant_03,M10,M10:medqa_00172,R5,M4,1,0,False,0
M10:medqa_00178:variant_00,M10,M10:medqa_00178,ALL,M4,1,0,False,0
M10:medqa_00178:variant_00,M10,M10:medqa_00178,R5,M4,1,0,False,0
M10:medqa_00178:variant_03,M10,M10:medqa_00178,ALL,M4,1,0,False,0
M10:medqa_00178:variant_03,M10,M10:medqa_00178,R5,M4,1,0,False,0
M10:medqa_00189:variant_05,M10,M10:medqa_00189,ALL,M4,1,1,True,0
M10:medqa_00189:variant_05,M10,M10:medqa_00189,R5,M4,1,1,True,0
M10:medqa_00194:variant_04,M10,M10:medqa_00194,ALL,M4,1,1,True,0
M10:medqa_00194:variant_04,M10,M10:medqa_00194,R5,M4,1,1,True,0
M10:medqa_00198:variant_05,M10,M10:medqa_00198,ALL,M4,1,0,False,0
M10:medqa_00198:variant_05,M10,M10:medqa_00198,R5,M4,1,0,False,0
M10:medqa_00201:variant_08,M10,M10:medqa_00201,ALL,M4,1,1,True,0
M10:medqa_00201:variant_08,M10,M10:medqa_00201,R5,M4,1,1,True,0
M10:medqa_00211:variant_04,M10,M10:medqa_00211,ALL,M4,1,0,False,0
M10:medqa_00211:variant_04,M10,M10:medqa_00211,R5,M4,1,0,False,0
M10:medqa_00214:variant_05,M10,M10:medqa_00214,ALL,M4,1,1,True,0
M10:medqa_00214:variant_05,M10,M10:medqa_00214,R5,M4,1,1,True,0
M10:medqa_00215:variant_02,M10,M10:medqa_00215,ALL,M4,1,0,False,0
M10:medqa_00215:variant_02,M10,M10:medqa_00215,R5,M4,1,0,False,0
M10:medqa_00219:variant_05,M10,M10:medqa_00219,ALL,M4,1,0,False,0
M10:medqa_00219:variant_05,M10,M10:medqa_00219,R1,M4,1,0,False,0
M10:medqa_00226:variant_02,M10,M10:medqa_00226,ALL,M4,1,1,True,0
M10:medqa_00226:variant_02,M10,M10:medqa_00226,R5,M4,1,1,True,0
M10:medqa_00226:variant_03,M10,M10:medqa_00226,ALL,M4,1,1,True,0
M10:medqa_00226:variant_03,M10,M10:medqa_00226,R5,M4,1,1,True,0
M10:medqa_00228:variant_03,M10,M10:medqa_00228,ALL,M4,1,0,False,0
M10:medqa_00228:variant_03,M10,M10:medqa_00228,R5,M4,1,0,False,0
M10:medqa_00229:variant_09,M10,M10:medqa_00229,ALL,M4,1,1,True,0
M10:medqa_00229:variant_09,M10,M10:medqa_00229,R5,M4,1,1,True,0
M10:medqa_00230:variant_05,M10,M10:medqa_00230,ALL,M4,1,1,True,0
M10:medqa_00230:variant_05,M10,M10:medqa_00230,R5,M4,1,1,True,0
M10:medqa_00235:variant_02,M10,M10:medqa_00235,ALL,M4,1,1,True,0
M10:medqa_00235:variant_02,M10,M10:medqa_00235,R5,M4,1,1,True,0
M10:medqa_00240:variant_04,M10,M10:medqa_00240,ALL,M4,1,1,True,0
M10:medqa_00240:variant_04,M10,M10:medqa_00240,R5,M4,1,1,True,0
M10:medqa_00242:variant_07,M10,M10:medqa_00242,ALL,M4,1,1,True,0
M10:medqa_00242:variant_07,M10,M10:medqa_00242,R5,M4,1,1,True,0
M10:medqa_00245:variant_06,M10,M10:medqa_00245,ALL,M4,1,1,True,0
M10:medqa_00245:variant_06,M10,M10:medqa_00245,R5,M4,1,1,True,0
M10:medqa_00246:variant_02,M10,M10:medqa_00246,ALL,M4,1,1,True,0
M10:medqa_00246:variant_02,M10,M10:medqa_00246,R5,M4,1,1,True,0
M10:medqa_00251:variant_02,M10,M10:medqa_00251,ALL,M4,1,1,True,0
M10:medqa_00251:variant_02,M10,M10:medqa_00251,R5,M4,1,1,True,0
M10:medqa_00254:variant_00,M10,M10:medqa_00254,ALL,M4,1,1,True,0
M10:medqa_00254:variant_00,M10,M10:medqa_00254,R5,M4,1,1,True,0
M10:medqa_00260:variant_05,M10,M10:medqa_00260,ALL,M4,1,1,True,0
M10:medqa_00260:variant_05,M10,M10:medqa_00260,R5,M4,1,1,True,0
M10:medqa_00260:variant_08,M10,M10:medqa_00260,ALL,M4,1,1,True,0
M10:medqa_00260:variant_08,M10,M10:medqa_00260,R5,M4,1,1,True,0
M10:medqa_00260:variant_09,M10,M10:medqa_00260,ALL,M4,1,1,True,0
M10:medqa_00260:variant_09,M10,M10:medqa_00260,R5,M4,1,1,True,0
M10:medqa_00262:variant_04,M10,M10:medqa_00262,ALL,M4,1,1,True,0
M10:medqa_00262:variant_04,M10,M10:medqa_00262,R5,M4,1,1,True,0
M10:medqa_00267:variant_00,M10,M10:medqa_00267,ALL,M4,1,1,True,0
M10:medqa_00267:variant_00,M10,M10:medqa_00267,R5,M4,1,1,True,0
M10:medqa_00268:variant_02,M10,M10:medqa_00268,ALL,M4,1,1,True,0
M10:medqa_00268:variant_02,M10,M10:medqa_00268,R5,M4,1,1,True,0
M10:medqa_00269:variant_04,M10,M10:medqa_00269,ALL,M4,1,0,False,0
M10:medqa_00269:variant_04,M10,M10:medqa_00269,R5,M4,1,0,False,0
M10:medqa_00275:variant_03,M10,M10:medqa_00275,ALL,M4,1,1,True,0
M10:medqa_00275:variant_03,M10,M10:medqa_00275,R5,M4,1,1,True,0
M10:medqa_00279:variant_00,M10,M10:medqa_00279,ALL,M4,1,0,False,0
M10:medqa_00279:variant_00,M10,M10:medqa_00279,R5,M4,1,0,False,0
M10:medqa_00280:variant_01,M10,M10:medqa_00280,ALL,M4,1,1,True,0
M10:medqa_00280:variant_01,M10,M10:medqa_00280,R5,M4,1,1,True,0
M10:medqa_00281:variant_03,M10,M10:medqa_00281,ALL,M4,1,1,True,0
M10:medqa_00281:variant_03,M10,M10:medqa_00281,R5,M4,1,1,True,0
M10:medqa_00286:variant_06,M10,M10:medqa_00286,ALL,M4,1,1,True,0
M10:medqa_00286:variant_06,M10,M10:medqa_00286,R5,M4,1,1,True,0
M10:medqa_00291:variant_09,M10,M10:medqa_00291,ALL,M4,1,1,True,0
M10:medqa_00291:variant_09,M10,M10:medqa_00291,R5,M4,1,1,True,0
M10:medqa_00292:variant_06,M10,M10:medqa_00292,ALL,M4,1,0,False,0
M10:medqa_00292:variant_06,M10,M10:medqa_00292,R5,M4,1,0,False,0
M10:medqa_00297:variant_07,M10,M10:medqa_00297,ALL,M4,1,1,True,0
M10:medqa_00297:variant_07,M10,M10:medqa_00297,R5,M4,1,1,True,0
M10:medqa_00301:variant_04,M10,M10:medqa_00301,ALL,M4,1,1,True,0
M10:medqa_00301:variant_04,M10,M10:medqa_00301,R5,M4,1,1,True,0
M10:medqa_00302:variant_00,M10,M10:medqa_00302,ALL,M4,1,1,True,0
M10:medqa_00302:variant_00,M10,M10:medqa_00302,R5,M4,1,1,True,0
M10:medqa_00302:variant_01,M10,M10:medqa_00302,ALL,M4,1,1,True,0
M10:medqa_00302:variant_01,M10,M10:medqa_00302,R5,M4,1,1,True,0
M10:medqa_00303:variant_06,M10,M10:medqa_00303,ALL,M4,1,0,False,0
M10:medqa_00303:variant_06,M10,M10:medqa_00303,R5,M4,1,0,False,0
M10:medqa_00304:variant_03,M10,M10:medqa_00304,ALL,M4,1,1,True,0
M10:medqa_00304:variant_03,M10,M10:medqa_00304,R5,M4,1,1,True,0
M10:medqa_00305:variant_01,M10,M10:medqa_00305,ALL,M4,1,1,True,0
M10:medqa_00305:variant_01,M10,M10:medqa_00305,R5,M4,1,1,True,0
M10:medqa_00306:variant_01,M10,M10:medqa_00306,ALL,M4,1,0,False,0
M10:medqa_00306:variant_01,M10,M10:medqa_00306,R5,M4,1,0,False,0
M10:medqa_00309:variant_01,M10,M10:medqa_00309,ALL,M4,1,0,False,0
M10:medqa_00309:variant_01,M10,M10:medqa_00309,R5,M4,1,0,False,0
M10:medqa_00309:variant_02,M10,M10:medqa_00309,ALL,M4,1,0,False,0
M10:medqa_00309:variant_02,M10,M10:medqa_00309,R5,M4,1,0,False,0
M10:medqa_00313:variant_09,M10,M10:medqa_00313,ALL,M4,1,1,True,0
M10:medqa_00313:variant_09,M10,M10:medqa_00313,R5,M4,1,1,True,0
M10:medqa_00324:variant_01,M10,M10:medqa_00324,ALL,M4,1,1,True,0
M10:medqa_00324:variant_01,M10,M10:medqa_00324,R5,M4,1,1,True,0
M10:medqa_00329:variant_08,M10,M10:medqa_00329,ALL,M4,1,1,True,0
M10:medqa_00329:variant_08,M10,M10:medqa_00329,R5,M4,1,1,True,0
M10:medqa_00334:variant_06,M10,M10:medqa_00334,ALL,M4,1,1,True,0
M10:medqa_00334:variant_06,M10,M10:medqa_00334,R5,M4,1,1,True,0
M10:medqa_00338:variant_00,M10,M10:medqa_00338,ALL,M4,1,1,True,0
M10:medqa_00338:variant_00,M10,M10:medqa_00338,R5,M4,1,1,True,0
M10:medqa_00338:variant_02,M10,M10:medqa_00338,ALL,M4,1,1,True,0
M10:medqa_00338:variant_02,M10,M10:medqa_00338,R5,M4,1,1,True,0
M10:medqa_00339:variant_08,M10,M10:medqa_00339,ALL,M4,1,1,True,0
M10:medqa_00339:variant_08,M10,M10:medqa_00339,R5,M4,1,1,True,0
M10:medqa_00342:variant_09,M10,M10:medqa_00342,ALL,M4,1,1,True,0
M10:medqa_00342:variant_09,M10,M10:medqa_00342,R5,M4,1,1,True,0
M10:medqa_00344:variant_09,M10,M10:medqa_00344,ALL,M4,1,1,True,0
M10:medqa_00344:variant_09,M10,M10:medqa_00344,R5,M4,1,1,True,0
M10:medqa_00346:variant_01,M10,M10:medqa_00346,ALL,M4,1,1,True,0
M10:medqa_00346:variant_01,M10,M10:medqa_00346,R5,M4,1,1,True,0
M10:medqa_00347:variant_09,M10,M10:medqa_00347,ALL,M4,1,1,True,0
M10:medqa_00347:variant_09,M10,M10:medqa_00347,R5,M4,1,1,True,0
M10:medqa_00348:variant_05,M10,M10:medqa_00348,ALL,M4,1,0,False,0
M10:medqa_00348:variant_05,M10,M10:medqa_00348,R5,M4,1,0,False,0
M10:medqa_00349:variant_07,M10,M10:medqa_00349,ALL,M4,1,1,True,0
M10:medqa_00349:variant_07,M10,M10:medqa_00349,R5,M4,1,1,True,0
M10:medqa_00356:variant_04,M10,M10:medqa_00356,ALL,M4,1,0,False,0
M10:medqa_00356:variant_04,M10,M10:medqa_00356,R5,M4,1,0,False,0
M10:medqa_00363:variant_05,M10,M10:medqa_00363,ALL,M4,1,1,True,0
M10:medqa_00363:variant_05,M10,M10:medqa_00363,R5,M4,1,1,True,0
M10:medqa_00368:variant_06,M10,M10:medqa_00368,ALL,M4,1,1,True,0
M10:medqa_00368:variant_06,M10,M10:medqa_00368,R5,M4,1,1,True,0
M10:medqa_00368:variant_08,M10,M10:medqa_00368,ALL,M4,1,1,True,0
M10:medqa_00368:variant_08,M10,M10:medqa_00368,R5,M4,1,1,True,0
M10:medqa_00369:variant_09,M10,M10:medqa_00369,ALL,M4,1,1,True,0
M10:medqa_00369:variant_09,M10,M10:medqa_00369,R5,M4,1,1,True,0
M10:medqa_00370:variant_03,M10,M10:medqa_00370,ALL,M4,1,1,True,0
M10:medqa_00370:variant_03,M10,M10:medqa_00370,R5,M4,1,1,True,0
M10:medqa_00371:variant_02,M10,M10:medqa_00371,ALL,M4,1,1,True,0
M10:medqa_00371:variant_02,M10,M10:medqa_00371,R5,M4,1,1,True,0
M10:medqa_00371:variant_04,M10,M10:medqa_00371,ALL,M4,1,1,True,0
M10:medqa_00371:variant_04,M10,M10:medqa_00371,R5,M4,1,1,True,0
M10:medqa_00375:variant_04,M10,M10:medqa_00375,ALL,M4,1,0,False,0
M10:medqa_00375:variant_04,M10,M10:medqa_00375,R5,M4,1,0,False,0
M10:medqa_00377:variant_09,M10,M10:medqa_00377,ALL,M4,1,1,True,0
M10:medqa_00377:variant_09,M10,M10:medqa_00377,R5,M4,1,1,True,0
M10:medqa_00378:variant_03,M10,M10:medqa_00378,ALL,M4,1,0,False,0
M10:medqa_00378:variant_03,M10,M10:medqa_00378,R5,M4,1,0,False,0
M10:medqa_00379:variant_00,M10,M10:medqa_00379,ALL,M4,1,1,True,0
M10:medqa_00379:variant_00,M10,M10:medqa_00379,R5,M4,1,1,True,0
M10:medqa_00381:variant_07,M10,M10:medqa_00381,ALL,M4,1,0,False,0
M10:medqa_00381:variant_07,M10,M10:medqa_00381,R5,M4,1,0,False,0
M10:medqa_00389:variant_00,M10,M10:medqa_00389,ALL,M4,1,1,True,0
M10:medqa_00389:variant_00,M10,M10:medqa_00389,R5,M4,1,1,True,0
M10:medqa_00391:variant_02,M10,M10:medqa_00391,ALL,M4,1,0,False,0
M10:medqa_00391:variant_02,M10,M10:medqa_00391,R5,M4,1,0,False,0
M10:medqa_00391:variant_10,M10,M10:medqa_00391,ALL,M4,1,1,True,0
M10:medqa_00391:variant_10,M10,M10:medqa_00391,R5,M4,1,1,True,0
M10:medqa_00391:variant_13,M10,M10:medqa_00391,ALL,M4,1,1,True,0
M10:medqa_00391:variant_13,M10,M10:medqa_00391,R5,M4,1,1,True,0
M10:medqa_00398:variant_04,M10,M10:medqa_00398,ALL,M4,1,0,False,0
M10:medqa_00398:variant_04,M10,M10:medqa_00398,R5,M4,1,0,False,0
M10:medqa_00403:variant_01,M10,M10:medqa_00403,ALL,M4,1,1,True,0
M10:medqa_00403:variant_01,M10,M10:medqa_00403,R5,M4,1,1,True,0
M10:medqa_00405:variant_04,M10,M10:medqa_00405,ALL,M4,1,1,True,0
M10:medqa_00405:variant_04,M10,M10:medqa_00405,R5,M4,1,1,True,0
M10:medqa_00406:variant_02,M10,M10:medqa_00406,ALL,M4,1,0,False,0
M10:medqa_00406:variant_02,M10,M10:medqa_00406,R5,M4,1,0,False,0
M10:medqa_00407:variant_07,M10,M10:medqa_00407,ALL,M4,1,1,True,0
M10:medqa_00407:variant_07,M10,M10:medqa_00407,R5,M4,1,1,True,0
M10:medqa_00408:variant_02,M10,M10:medqa_00408,ALL,M4,1,1,True,0
M10:medqa_00408:variant_02,M10,M10:medqa_00408,R5,M4,1,1,True,0
M10:medqa_00411:variant_08,M10,M10:medqa_00411,ALL,M4,1,1,True,0
M10:medqa_00411:variant_08,M10,M10:medqa_00411,R5,M4,1,1,True,0
M10:medqa_00414:variant_08,M10,M10:medqa_00414,ALL,M4,1,0,False,0
M10:medqa_00414:variant_08,M10,M10:medqa_00414,R5,M4,1,0,False,0
M10:medqa_00418:variant_02,M10,M10:medqa_00418,ALL,M4,1,1,True,0
M10:medqa_00418:variant_02,M10,M10:medqa_00418,R5,M4,1,1,True,0
M10:medqa_00429:variant_03,M10,M10:medqa_00429,ALL,M4,1,1,True,0
M10:medqa_00429:variant_03,M10,M10:medqa_00429,R5,M4,1,1,True,0
M10:medqa_00432:variant_07,M10,M10:medqa_00432,ALL,M4,1,1,True,0
M10:medqa_00432:variant_07,M10,M10:medqa_00432,R5,M4,1,1,True,0
M10:medqa_00434:variant_01,M10,M10:medqa_00434,ALL,M4,1,1,True,0
M10:medqa_00434:variant_01,M10,M10:medqa_00434,R5,M4,1,1,True,0
M10:medqa_00436:variant_01,M10,M10:medqa_00436,ALL,M4,1,1,True,0
M10:medqa_00436:variant_01,M10,M10:medqa_00436,R5,M4,1,1,True,0
M10:medqa_00438:variant_00,M10,M10:medqa_00438,ALL,M4,1,0,False,0
M10:medqa_00438:variant_00,M10,M10:medqa_00438,R5,M4,1,0,False,0
M10:medqa_00450:variant_02,M10,M10:medqa_00450,ALL,M4,1,1,True,0
M10:medqa_00450:variant_02,M10,M10:medqa_00450,R5,M4,1,1,True,0
M10:medqa_00452:variant_00,M10,M10:medqa_00452,ALL,M4,1,0,False,0
M10:medqa_00452:variant_00,M10,M10:medqa_00452,R5,M4,1,0,False,0
M10:medqa_00460:variant_00,M10,M10:medqa_00460,ALL,M4,1,0,False,0
M10:medqa_00460:variant_00,M10,M10:medqa_00460,R5,M4,1,0,False,0
M10:medqa_00463:variant_04,M10,M10:medqa_00463,ALL,M4,1,1,True,0
M10:medqa_00463:variant_04,M10,M10:medqa_00463,R5,M4,1,1,True,0
M10:medqa_00464:variant_07,M10,M10:medqa_00464,ALL,M4,1,1,True,0
M10:medqa_00464:variant_07,M10,M10:medqa_00464,R5,M4,1,1,True,0
M10:medqa_00468:variant_04,M10,M10:medqa_00468,ALL,M4,1,1,True,0
M10:medqa_00468:variant_04,M10,M10:medqa_00468,R5,M4,1,1,True,0
M10:medqa_00470:variant_04,M10,M10:medqa_00470,ALL,M4,1,0,False,0
M10:medqa_00470:variant_04,M10,M10:medqa_00470,R5,M4,1,0,False,0
M10:medqa_00475:variant_01,M10,M10:medqa_00475,ALL,M4,1,0,False,0
M10:medqa_00475:variant_01,M10,M10:medqa_00475,R5,M4,1,0,False,0
M10:medqa_00475:variant_04,M10,M10:medqa_00475,ALL,M4,1,0,False,0
M10:medqa_00475:variant_04,M10,M10:medqa_00475,R5,M4,1,0,False,0
M10:medqa_00476:variant_00,M10,M10:medqa_00476,ALL,M4,1,0,False,0
M10:medqa_00476:variant_00,M10,M10:medqa_00476,R5,M4,1,0,False,0
M10:medqa_00480:variant_05,M10,M10:medqa_00480,ALL,M4,1,0,False,0
M10:medqa_00480:variant_05,M10,M10:medqa_00480,R5,M4,1,0,False,0
M10:medqa_00486:variant_02,M10,M10:medqa_00486,ALL,M4,1,0,False,0
M10:medqa_00486:variant_02,M10,M10:medqa_00486,R5,M4,1,0,False,0
M10:medqa_00489:variant_00,M10,M10:medqa_00489,ALL,M4,1,1,True,0
M10:medqa_00489:variant_00,M10,M10:medqa_00489,R5,M4,1,1,True,0
M10:medqa_00489:variant_03,M10,M10:medqa_00489,ALL,M4,1,1,True,0
M10:medqa_00489:variant_03,M10,M10:medqa_00489,R5,M4,1,1,True,0
M10:medqa_00490:variant_02,M10,M10:medqa_00490,ALL,M4,1,1,True,0
M10:medqa_00490:variant_02,M10,M10:medqa_00490,R5,M4,1,1,True,0
M10:medqa_00493:variant_04,M10,M10:medqa_00493,ALL,M4,1,1,True,0
M10:medqa_00493:variant_04,M10,M10:medqa_00493,R5,M4,1,1,True,0
M10:medqa_00494:variant_05,M10,M10:medqa_00494,ALL,M4,1,1,True,0
M10:medqa_00494:variant_05,M10,M10:medqa_00494,R5,M4,1,1,True,0
M10:medqa_00495:variant_06,M10,M10:medqa_00495,ALL,M4,1,0,False,0
M10:medqa_00495:variant_06,M10,M10:medqa_00495,R5,M4,1,0,False,0
M10:medqa_00499:variant_01,M10,M10:medqa_00499,ALL,M4,1,1,True,0
M10:medqa_00499:variant_01,M10,M10:medqa_00499,R5,M4,1,1,True,0
M10:medqa_00500:variant_07,M10,M10:medqa_00500,ALL,M4,1,0,False,0
M10:medqa_00500:variant_07,M10,M10:medqa_00500,R5,M4,1,0,False,0
M10:medqa_00500:variant_08,M10,M10:medqa_00500,ALL,M4,1,1,True,0
M10:medqa_00500:variant_08,M10,M10:medqa_00500,R5,M4,1,1,True,0
M10:medqa_00503:variant_00,M10,M10:medqa_00503,ALL,M4,1,0,False,0
M10:medqa_00503:variant_00,M10,M10:medqa_00503,R5,M4,1,0,False,0
M10:medqa_00505:variant_01,M10,M10:medqa_00505,ALL,M4,1,1,True,0
M10:medqa_00505:variant_01,M10,M10:medqa_00505,R5,M4,1,1,True,0
M10:medqa_00507:variant_01,M10,M10:medqa_00507,ALL,M4,1,1,True,0
M10:medqa_00507:variant_01,M10,M10:medqa_00507,R5,M4,1,1,True,0
M10:medqa_00508:variant_00,M10,M10:medqa_00508,ALL,M4,1,1,True,0
M10:medqa_00508:variant_00,M10,M10:medqa_00508,R5,M4,1,1,True,0
M10:medqa_00510:variant_08,M10,M10:medqa_00510,ALL,M4,1,1,True,0
M10:medqa_00510:variant_08,M10,M10:medqa_00510,R5,M4,1,1,True,0
M10:medqa_00510:variant_09,M10,M10:medqa_00510,ALL,M4,1,1,True,0
M10:medqa_00510:variant_09,M10,M10:medqa_00510,R5,M4,1,1,True,0
M10:medqa_00515:variant_04,M10,M10:medqa_00515,ALL,M4,1,0,False,0
M10:medqa_00515:variant_04,M10,M10:medqa_00515,R5,M4,1,0,False,0
M10:medqa_00519:variant_04,M10,M10:medqa_00519,ALL,M4,1,1,True,0
M10:medqa_00519:variant_04,M10,M10:medqa_00519,R5,M4,1,1,True,0
M10:medqa_00522:variant_01,M10,M10:medqa_00522,ALL,M4,1,1,True,0
M10:medqa_00522:variant_01,M10,M10:medqa_00522,R5,M4,1,1,True,0
M10:medqa_00525:variant_02,M10,M10:medqa_00525,ALL,M4,1,0,False,0
M10:medqa_00525:variant_02,M10,M10:medqa_00525,R5,M4,1,0,False,0
M10:medqa_00526:variant_02,M10,M10:medqa_00526,ALL,M4,1,1,True,0
M10:medqa_00526:variant_02,M10,M10:medqa_00526,R5,M4,1,1,True,0
M10:medqa_00526:variant_03,M10,M10:medqa_00526,ALL,M4,1,1,True,0
M10:medqa_00526:variant_03,M10,M10:medqa_00526,R5,M4,1,1,True,0
M10:medqa_00531:variant_06,M10,M10:medqa_00531,ALL,M4,1,0,False,0
M10:medqa_00531:variant_06,M10,M10:medqa_00531,R5,M4,1,0,False,0
M10:medqa_00536:variant_04,M10,M10:medqa_00536,ALL,M4,1,1,True,0
M10:medqa_00536:variant_04,M10,M10:medqa_00536,R5,M4,1,1,True,0
M10:medqa_00540:variant_00,M10,M10:medqa_00540,ALL,M4,1,1,True,0
M10:medqa_00540:variant_00,M10,M10:medqa_00540,R5,M4,1,1,True,0
M10:medqa_00543:variant_00,M10,M10:medqa_00543,ALL,M4,1,1,True,0
M10:medqa_00543:variant_00,M10,M10:medqa_00543,R5,M4,1,1,True,0
M10:medqa_00544:variant_09,M10,M10:medqa_00544,ALL,M4,1,0,False,0
M10:medqa_00544:variant_09,M10,M10:medqa_00544,R5,M4,1,0,False,0
M10:medqa_00549:variant_02,M10,M10:medqa_00549,ALL,M4,1,0,False,0
M10:medqa_00549:variant_02,M10,M10:medqa_00549,R5,M4,1,0,False,0
M10:medqa_00552:variant_09,M10,M10:medqa_00552,ALL,M4,1,1,True,0
M10:medqa_00552:variant_09,M10,M10:medqa_00552,R5,M4,1,1,True,0
M10:medqa_00554:variant_06,M10,M10:medqa_00554,ALL,M4,1,0,False,0
M10:medqa_00554:variant_06,M10,M10:medqa_00554,R5,M4,1,0,False,0
M10:medqa_00560:variant_02,M10,M10:medqa_00560,ALL,M4,1,0,False,0
M10:medqa_00560:variant_02,M10,M10:medqa_00560,R5,M4,1,0,False,0
M10:medqa_00561:variant_07,M10,M10:medqa_00561,ALL,M4,1,0,False,0
M10:medqa_00561:variant_07,M10,M10:medqa_00561,R5,M4,1,0,False,0
M10:medqa_00564:variant_00,M10,M10:medqa_00564,ALL,M4,1,0,False,0
M10:medqa_00564:variant_00,M10,M10:medqa_00564,R5,M4,1,0,False,0
M10:medqa_00565:variant_01,M10,M10:medqa_00565,ALL,M4,1,1,True,0
M10:medqa_00565:variant_01,M10,M10:medqa_00565,R5,M4,1,1,True,0
M10:medqa_00565:variant_03,M10,M10:medqa_00565,ALL,M4,1,1,True,0
M10:medqa_00565:variant_03,M10,M10:medqa_00565,R5,M4,1,1,True,0
M10:medqa_00569:variant_01,M10,M10:medqa_00569,ALL,M4,1,1,True,0
M10:medqa_00569:variant_01,M10,M10:medqa_00569,R5,M4,1,1,True,0
M10:medqa_00570:variant_00,M10,M10:medqa_00570,ALL,M4,1,1,True,0
M10:medqa_00570:variant_00,M10,M10:medqa_00570,R5,M4,1,1,True,0
M10:medqa_00574:variant_00,M10,M10:medqa_00574,ALL,M4,1,1,True,0
M10:medqa_00574:variant_00,M10,M10:medqa_00574,R5,M4,1,1,True,0
M10:medqa_00580:variant_08,M10,M10:medqa_00580,ALL,M4,1,0,False,0
M10:medqa_00580:variant_08,M10,M10:medqa_00580,R5,M4,1,0,False,0
M10:medqa_00581:variant_06,M10,M10:medqa_00581,ALL,M4,1,1,True,0
M10:medqa_00581:variant_06,M10,M10:medqa_00581,R5,M4,1,1,True,0
M10:medqa_00581:variant_07,M10,M10:medqa_00581,ALL,M4,1,0,False,0
M10:medqa_00581:variant_07,M10,M10:medqa_00581,R5,M4,1,0,False,0
M10:medqa_00584:variant_00,M10,M10:medqa_00584,ALL,M4,1,0,False,0
M10:medqa_00584:variant_00,M10,M10:medqa_00584,R5,M4,1,0,False,0
M10:medqa_00584:variant_04,M10,M10:medqa_00584,ALL,M4,1,1,True,0
M10:medqa_00584:variant_04,M10,M10:medqa_00584,R5,M4,1,1,True,0
M10:medqa_00585:variant_02,M10,M10:medqa_00585,ALL,M4,1,1,True,0
M10:medqa_00585:variant_02,M10,M10:medqa_00585,R5,M4,1,1,True,0
M10:medqa_00585:variant_03,M10,M10:medqa_00585,ALL,M4,1,1,True,0
M10:medqa_00585:variant_03,M10,M10:medqa_00585,R5,M4,1,1,True,0
M10:medqa_00587:variant_08,M10,M10:medqa_00587,ALL,M4,1,1,True,0
M10:medqa_00587:variant_08,M10,M10:medqa_00587,R5,M4,1,1,True,0
M10:medqa_00590:variant_09,M10,M10:medqa_00590,ALL,M4,1,1,True,0
M10:medqa_00590:variant_09,M10,M10:medqa_00590,R5,M4,1,1,True,0
M10:medqa_00591:variant_07,M10,M10:medqa_00591,ALL,M4,1,1,True,0
M10:medqa_00591:variant_07,M10,M10:medqa_00591,R5,M4,1,1,True,0
M10:medqa_00593:variant_02,M10,M10:medqa_00593,ALL,M4,1,1,True,0
M10:medqa_00593:variant_02,M10,M10:medqa_00593,R5,M4,1,1,True,0
M10:medqa_00595:variant_05,M10,M10:medqa_00595,ALL,M4,1,1,True,0
M10:medqa_00595:variant_05,M10,M10:medqa_00595,R5,M4,1,1,True,0
M10:medqa_00598:variant_07,M10,M10:medqa_00598,ALL,M4,1,0,False,0
M10:medqa_00598:variant_07,M10,M10:medqa_00598,R5,M4,1,0,False,0
M10:medqa_00599:variant_00,M10,M10:medqa_00599,ALL,M4,1,1,True,0
M10:medqa_00599:variant_00,M10,M10:medqa_00599,R5,M4,1,1,True,0
M10:medqa_00599:variant_02,M10,M10:medqa_00599,ALL,M4,1,1,True,0
M10:medqa_00599:variant_02,M10,M10:medqa_00599,R5,M4,1,1,True,0
M10:medqa_00606:variant_04,M10,M10:medqa_00606,ALL,M4,1,1,True,0
M10:medqa_00606:variant_04,M10,M10:medqa_00606,R5,M4,1,1,True,0
M10:medqa_00609:variant_09,M10,M10:medqa_00609,ALL,M4,1,1,True,0
M10:medqa_00609:variant_09,M10,M10:medqa_00609,R5,M4,1,1,True,0
M10:medqa_00612:variant_08,M10,M10:medqa_00612,ALL,M4,1,1,True,0
M10:medqa_00612:variant_08,M10,M10:medqa_00612,R5,M4,1,1,True,0
M10:medqa_00614:variant_01,M10,M10:medqa_00614,ALL,M4,1,1,True,0
M10:medqa_00614:variant_01,M10,M10:medqa_00614,R5,M4,1,1,True,0
M10:medqa_00621:variant_03,M10,M10:medqa_00621,ALL,M4,1,0,False,0
M10:medqa_00621:variant_03,M10,M10:medqa_00621,R5,M4,1,0,False,0
M10:medqa_00622:variant_05,M10,M10:medqa_00622,ALL,M4,1,1,True,0
M10:medqa_00622:variant_05,M10,M10:medqa_00622,R5,M4,1,1,True,0
M10:medqa_00622:variant_06,M10,M10:medqa_00622,ALL,M4,1,0,False,0
M10:medqa_00622:variant_06,M10,M10:medqa_00622,R5,M4,1,0,False,0
M10:medqa_00627:variant_08,M10,M10:medqa_00627,ALL,M4,1,0,False,0
M10:medqa_00627:variant_08,M10,M10:medqa_00627,R5,M4,1,0,False,0
M10:medqa_00627:variant_09,M10,M10:medqa_00627,ALL,M4,1,1,True,0
M10:medqa_00627:variant_09,M10,M10:medqa_00627,R5,M4,1,1,True,0
M10:medqa_00629:variant_02,M10,M10:medqa_00629,ALL,M4,1,1,True,0
M10:medqa_00629:variant_02,M10,M10:medqa_00629,R5,M4,1,1,True,0
M10:medqa_00629:variant_03,M10,M10:medqa_00629,ALL,M4,1,1,True,0
M10:medqa_00629:variant_03,M10,M10:medqa_00629,R5,M4,1,1,True,0
M10:medqa_00630:variant_01,M10,M10:medqa_00630,ALL,M4,1,1,True,0
M10:medqa_00630:variant_01,M10,M10:medqa_00630,R5,M4,1,1,True,0
M10:medqa_00632:variant_05,M10,M10:medqa_00632,ALL,M4,1,1,True,0
M10:medqa_00632:variant_05,M10,M10:medqa_00632,R5,M4,1,1,True,0
M10:medqa_00635:variant_00,M10,M10:medqa_00635,ALL,M4,1,1,True,0
M10:medqa_00635:variant_00,M10,M10:medqa_00635,R5,M4,1,1,True,0
M10:medqa_00638:variant_05,M10,M10:medqa_00638,ALL,M4,1,0,False,0
M10:medqa_00638:variant_05,M10,M10:medqa_00638,R5,M4,1,0,False,0
M10:medqa_00643:variant_05,M10,M10:medqa_00643,ALL,M4,1,1,True,0
M10:medqa_00643:variant_05,M10,M10:medqa_00643,R5,M4,1,1,True,0
M10:medqa_00645:variant_06,M10,M10:medqa_00645,ALL,M4,1,1,True,0
M10:medqa_00645:variant_06,M10,M10:medqa_00645,R5,M4,1,1,True,0
M10:medqa_00646:variant_07,M10,M10:medqa_00646,ALL,M4,1,1,True,0
M10:medqa_00646:variant_07,M10,M10:medqa_00646,R5,M4,1,1,True,0
M10:medqa_00648:variant_04,M10,M10:medqa_00648,ALL,M4,1,1,True,0
M10:medqa_00648:variant_04,M10,M10:medqa_00648,R5,M4,1,1,True,0
M10:medqa_00659:variant_00,M10,M10:medqa_00659,ALL,M4,1,0,False,0
M10:medqa_00659:variant_00,M10,M10:medqa_00659,R5,M4,1,0,False,0
M10:medqa_00661:variant_06,M10,M10:medqa_00661,ALL,M4,1,1,True,0
M10:medqa_00661:variant_06,M10,M10:medqa_00661,R5,M4,1,1,True,0
M10:medqa_00662:variant_00,M10,M10:medqa_00662,ALL,M4,1,1,True,0
M10:medqa_00662:variant_00,M10,M10:medqa_00662,R5,M4,1,1,True,0
M10:medqa_00662:variant_02,M10,M10:medqa_00662,ALL,M4,1,1,True,0
M10:medqa_00662:variant_02,M10,M10:medqa_00662,R5,M4,1,1,True,0
M10:medqa_00664:variant_02,M10,M10:medqa_00664,ALL,M4,1,0,False,0
M10:medqa_00664:variant_02,M10,M10:medqa_00664,R5,M4,1,0,False,0
M10:medqa_00667:variant_00,M10,M10:medqa_00667,ALL,M4,1,1,True,0
M10:medqa_00667:variant_00,M10,M10:medqa_00667,R5,M4,1,1,True,0
M10:medqa_00667:variant_01,M10,M10:medqa_00667,ALL,M4,1,1,True,0
M10:medqa_00667:variant_01,M10,M10:medqa_00667,R5,M4,1,1,True,0
M10:medqa_00667:variant_02,M10,M10:medqa_00667,ALL,M4,1,1,True,0
M10:medqa_00667:variant_02,M10,M10:medqa_00667,R5,M4,1,1,True,0
M10:medqa_00667:variant_04,M10,M10:medqa_00667,ALL,M4,1,1,True,0
M10:medqa_00667:variant_04,M10,M10:medqa_00667,R5,M4,1,1,True,0
M10:medqa_00672:variant_08,M10,M10:medqa_00672,ALL,M4,1,1,True,0
M10:medqa_00672:variant_08,M10,M10:medqa_00672,R5,M4,1,1,True,0
M10:medqa_00673:variant_01,M10,M10:medqa_00673,ALL,M4,1,0,False,0
M10:medqa_00673:variant_01,M10,M10:medqa_00673,R5,M4,1,0,False,0
M10:medqa_00680:variant_02,M10,M10:medqa_00680,ALL,M4,1,1,True,0
M10:medqa_00680:variant_02,M10,M10:medqa_00680,R5,M4,1,1,True,0
M10:medqa_00680:variant_03,M10,M10:medqa_00680,ALL,M4,1,1,True,0
M10:medqa_00680:variant_03,M10,M10:medqa_00680,R5,M4,1,1,True,0
M10:medqa_00680:variant_04,M10,M10:medqa_00680,ALL,M4,1,1,True,0
M10:medqa_00680:variant_04,M10,M10:medqa_00680,R5,M4,1,1,True,0
M10:medqa_00689:variant_02,M10,M10:medqa_00689,ALL,M4,1,0,False,0
M10:medqa_00689:variant_02,M10,M10:medqa_00689,R5,M4,1,0,False,0
M10:medqa_00692:variant_02,M10,M10:medqa_00692,ALL,M4,1,1,True,0
M10:medqa_00692:variant_02,M10,M10:medqa_00692,R5,M4,1,1,True,0
M10:medqa_00694:variant_00,M10,M10:medqa_00694,ALL,M4,1,1,True,0
M10:medqa_00694:variant_00,M10,M10:medqa_00694,R5,M4,1,1,True,0
M10:medqa_00694:variant_02,M10,M10:medqa_00694,ALL,M4,1,1,True,0
M10:medqa_00694:variant_02,M10,M10:medqa_00694,R5,M4,1,1,True,0
M10:medqa_00695:variant_02,M10,M10:medqa_00695,ALL,M4,1,1,True,0
M10:medqa_00695:variant_02,M10,M10:medqa_00695,R5,M4,1,1,True,0
M10:medqa_00696:variant_07,M10,M10:medqa_00696,ALL,M4,1,1,True,0
M10:medqa_00696:variant_07,M10,M10:medqa_00696,R5,M4,1,1,True,0
M10:medqa_00707:variant_06,M10,M10:medqa_00707,ALL,M4,1,1,True,0
M10:medqa_00707:variant_06,M10,M10:medqa_00707,R5,M4,1,1,True,0
M10:medqa_00710:variant_01,M10,M10:medqa_00710,ALL,M4,1,1,True,0
M10:medqa_00710:variant_01,M10,M10:medqa_00710,R5,M4,1,1,True,0
M10:medqa_00712:variant_09,M10,M10:medqa_00712,ALL,M4,1,1,True,0
M10:medqa_00712:variant_09,M10,M10:medqa_00712,R5,M4,1,1,True,0
M10:medqa_00714:variant_01,M10,M10:medqa_00714,ALL,M4,1,0,False,0
M10:medqa_00714:variant_01,M10,M10:medqa_00714,R5,M4,1,0,False,0
M10:medqa_00718:variant_00,M10,M10:medqa_00718,ALL,M4,1,0,False,0
M10:medqa_00718:variant_00,M10,M10:medqa_00718,R5,M4,1,0,False,0
M10:medqa_00721:variant_06,M10,M10:medqa_00721,ALL,M4,1,1,True,0
M10:medqa_00721:variant_06,M10,M10:medqa_00721,R5,M4,1,1,True,0
M10:medqa_00726:variant_06,M10,M10:medqa_00726,ALL,M4,1,1,True,0
M10:medqa_00726:variant_06,M10,M10:medqa_00726,R5,M4,1,1,True,0
M10:medqa_00726:variant_08,M10,M10:medqa_00726,ALL,M4,1,1,True,0
M10:medqa_00726:variant_08,M10,M10:medqa_00726,R5,M4,1,1,True,0
M10:medqa_00728:variant_09,M10,M10:medqa_00728,ALL,M4,1,1,True,0
M10:medqa_00728:variant_09,M10,M10:medqa_00728,R5,M4,1,1,True,0
M10:medqa_00732:variant_03,M10,M10:medqa_00732,ALL,M4,1,1,True,0
M10:medqa_00732:variant_03,M10,M10:medqa_00732,R5,M4,1,1,True,0
M10:medqa_00734:variant_05,M10,M10:medqa_00734,ALL,M4,1,0,False,0
M10:medqa_00734:variant_05,M10,M10:medqa_00734,R5,M4,1,0,False,0
M10:medqa_00736:variant_09,M10,M10:medqa_00736,ALL,M4,1,0,False,0
M10:medqa_00736:variant_09,M10,M10:medqa_00736,R5,M4,1,0,False,0
M10:medqa_00737:variant_02,M10,M10:medqa_00737,ALL,M4,1,1,True,0
M10:medqa_00737:variant_02,M10,M10:medqa_00737,R5,M4,1,1,True,0
M10:medqa_00737:variant_04,M10,M10:medqa_00737,ALL,M4,1,0,False,0
M10:medqa_00737:variant_04,M10,M10:medqa_00737,R5,M4,1,0,False,0
M10:medqa_00744:variant_02,M10,M10:medqa_00744,ALL,M4,1,1,True,0
M10:medqa_00744:variant_02,M10,M10:medqa_00744,R5,M4,1,1,True,0
M10:medqa_00748:variant_05,M10,M10:medqa_00748,ALL,M4,1,0,False,0
M10:medqa_00748:variant_05,M10,M10:medqa_00748,R5,M4,1,0,False,0
M10:medqa_00750:variant_03,M10,M10:medqa_00750,ALL,M4,1,1,True,0
M10:medqa_00750:variant_03,M10,M10:medqa_00750,R5,M4,1,1,True,0
M10:medqa_00754:variant_09,M10,M10:medqa_00754,ALL,M4,1,1,True,0
M10:medqa_00754:variant_09,M10,M10:medqa_00754,R5,M4,1,1,True,0
M10:medqa_00760:variant_05,M10,M10:medqa_00760,ALL,M4,1,0,False,0
M10:medqa_00760:variant_05,M10,M10:medqa_00760,R5,M4,1,0,False,0
M10:medqa_00764:variant_07,M10,M10:medqa_00764,ALL,M4,1,0,False,0
M10:medqa_00764:variant_07,M10,M10:medqa_00764,R5,M4,1,0,False,0
M10:medqa_00765:variant_02,M10,M10:medqa_00765,ALL,M4,1,0,False,0
M10:medqa_00765:variant_02,M10,M10:medqa_00765,R5,M4,1,0,False,0
M10:medqa_00766:variant_09,M10,M10:medqa_00766,ALL,M4,1,0,False,0
M10:medqa_00766:variant_09,M10,M10:medqa_00766,R5,M4,1,0,False,0
M10:medqa_00769:variant_00,M10,M10:medqa_00769,ALL,M4,1,0,False,0
M10:medqa_00769:variant_00,M10,M10:medqa_00769,R5,M4,1,0,False,0
M10:medqa_00780:variant_04,M10,M10:medqa_00780,ALL,M4,1,1,True,0
M10:medqa_00780:variant_04,M10,M10:medqa_00780,R5,M4,1,1,True,0
M10:medqa_00782:variant_08,M10,M10:medqa_00782,ALL,M4,1,1,True,0
M10:medqa_00782:variant_08,M10,M10:medqa_00782,R5,M4,1,1,True,0
M10:medqa_00789:variant_02,M10,M10:medqa_00789,ALL,M4,1,1,True,0
M10:medqa_00789:variant_02,M10,M10:medqa_00789,R5,M4,1,1,True,0
M10:medqa_00790:variant_09,M10,M10:medqa_00790,ALL,M4,1,0,False,0
M10:medqa_00790:variant_09,M10,M10:medqa_00790,R5,M4,1,0,False,0
M10:medqa_00791:variant_01,M10,M10:medqa_00791,ALL,M4,1,0,False,0
M10:medqa_00791:variant_01,M10,M10:medqa_00791,R5,M4,1,0,False,0
M10:medqa_00793:variant_07,M10,M10:medqa_00793,ALL,M4,1,1,True,0
M10:medqa_00793:variant_07,M10,M10:medqa_00793,R5,M4,1,1,True,0
M10:medqa_00793:variant_09,M10,M10:medqa_00793,ALL,M4,1,1,True,0
M10:medqa_00793:variant_09,M10,M10:medqa_00793,R5,M4,1,1,True,0
M10:medqa_00795:variant_01,M10,M10:medqa_00795,ALL,M4,1,0,False,0
M10:medqa_00795:variant_01,M10,M10:medqa_00795,R5,M4,1,0,False,0
M10:medqa_00795:variant_03,M10,M10:medqa_00795,ALL,M4,1,1,True,0
M10:medqa_00795:variant_03,M10,M10:medqa_00795,R5,M4,1,1,True,0
M10:medqa_00803:variant_08,M10,M10:medqa_00803,ALL,M4,1,1,True,0
M10:medqa_00803:variant_08,M10,M10:medqa_00803,R5,M4,1,1,True,0
M10:medqa_00803:variant_09,M10,M10:medqa_00803,ALL,M4,1,1,True,0
M10:medqa_00803:variant_09,M10,M10:medqa_00803,R5,M4,1,1,True,0
M10:medqa_00805:variant_07,M10,M10:medqa_00805,ALL,M4,1,1,True,0
M10:medqa_00805:variant_07,M10,M10:medqa_00805,R5,M4,1,1,True,0
M10:medqa_00811:variant_03,M10,M10:medqa_00811,ALL,M4,1,1,True,0
M10:medqa_00811:variant_03,M10,M10:medqa_00811,R5,M4,1,1,True,0
M10:medqa_00815:variant_09,M10,M10:medqa_00815,ALL,M4,1,1,True,0
M10:medqa_00815:variant_09,M10,M10:medqa_00815,R5,M4,1,1,True,0
M10:medqa_00819:variant_06,M10,M10:medqa_00819,ALL,M4,1,1,True,0
M10:medqa_00819:variant_06,M10,M10:medqa_00819,R5,M4,1,1,True,0
M10:medqa_00825:variant_07,M10,M10:medqa_00825,ALL,M4,1,1,True,0
M10:medqa_00825:variant_07,M10,M10:medqa_00825,R5,M4,1,1,True,0
M10:medqa_00825:variant_09,M10,M10:medqa_00825,ALL,M4,1,1,True,0
M10:medqa_00825:variant_09,M10,M10:medqa_00825,R5,M4,1,1,True,0
M10:medqa_00826:variant_08,M10,M10:medqa_00826,ALL,M4,1,1,True,0
M10:medqa_00826:variant_08,M10,M10:medqa_00826,R5,M4,1,1,True,0
M10:medqa_00827:variant_07,M10,M10:medqa_00827,ALL,M4,1,1,True,0
M10:medqa_00827:variant_07,M10,M10:medqa_00827,R5,M4,1,1,True,0
M10:medqa_00829:variant_04,M10,M10:medqa_00829,ALL,M4,1,0,False,0
M10:medqa_00829:variant_04,M10,M10:medqa_00829,R5,M4,1,0,False,0
M10:medqa_00831:variant_03,M10,M10:medqa_00831,ALL,M4,1,1,True,0
M10:medqa_00831:variant_03,M10,M10:medqa_00831,R5,M4,1,1,True,0
M10:medqa_00833:variant_03,M10,M10:medqa_00833,ALL,M4,1,1,True,0
M10:medqa_00833:variant_03,M10,M10:medqa_00833,R5,M4,1,1,True,0
M10:medqa_00836:variant_01,M10,M10:medqa_00836,ALL,M4,1,1,True,0
M10:medqa_00836:variant_01,M10,M10:medqa_00836,R5,M4,1,1,True,0
M10:medqa_00840:variant_05,M10,M10:medqa_00840,ALL,M4,1,1,True,0
M10:medqa_00840:variant_05,M10,M10:medqa_00840,R5,M4,1,1,True,0
M10:medqa_00844:variant_08,M10,M10:medqa_00844,ALL,M4,1,1,True,0
M10:medqa_00844:variant_08,M10,M10:medqa_00844,R5,M4,1,1,True,0
M10:medqa_00846:variant_06,M10,M10:medqa_00846,ALL,M4,1,1,True,0
M10:medqa_00846:variant_06,M10,M10:medqa_00846,R5,M4,1,1,True,0
M10:medqa_00848:variant_09,M10,M10:medqa_00848,ALL,M4,1,1,True,0
M10:medqa_00848:variant_09,M10,M10:medqa_00848,R5,M4,1,1,True,0
M10:medqa_00853:variant_03,M10,M10:medqa_00853,ALL,M4,1,1,True,0
M10:medqa_00853:variant_03,M10,M10:medqa_00853,R5,M4,1,1,True,0
M10:medqa_00861:variant_02,M10,M10:medqa_00861,ALL,M4,1,0,False,0
M10:medqa_00861:variant_02,M10,M10:medqa_00861,R5,M4,1,0,False,0
M10:medqa_00863:variant_07,M10,M10:medqa_00863,ALL,M4,1,1,True,0
M10:medqa_00863:variant_07,M10,M10:medqa_00863,R5,M4,1,1,True,0
M10:medqa_00866:variant_06,M10,M10:medqa_00866,ALL,M4,1,1,True,0
M10:medqa_00866:variant_06,M10,M10:medqa_00866,R5,M4,1,1,True,0
M10:medqa_00866:variant_09,M10,M10:medqa_00866,ALL,M4,1,1,True,0
M10:medqa_00866:variant_09,M10,M10:medqa_00866,R5,M4,1,1,True,0
M10:medqa_00875:variant_00,M10,M10:medqa_00875,ALL,M4,1,1,True,0
M10:medqa_00875:variant_00,M10,M10:medqa_00875,R5,M4,1,1,True,0
M10:medqa_00875:variant_02,M10,M10:medqa_00875,ALL,M4,1,1,True,0
M10:medqa_00875:variant_02,M10,M10:medqa_00875,R5,M4,1,1,True,0
M10:medqa_00876:variant_07,M10,M10:medqa_00876,ALL,M4,1,0,False,1
M10:medqa_00876:variant_07,M10,M10:medqa_00876,R5,M4,1,0,False,1
M10:medqa_00878:variant_04,M10,M10:medqa_00878,ALL,M4,1,1,True,0
M10:medqa_00878:variant_04,M10,M10:medqa_00878,R5,M4,1,1,True,0
M10:medqa_00881:variant_04,M10,M10:medqa_00881,ALL,M4,1,1,True,0
M10:medqa_00881:variant_04,M10,M10:medqa_00881,R5,M4,1,1,True,0
M10:medqa_00886:variant_09,M10,M10:medqa_00886,ALL,M4,1,0,False,0
M10:medqa_00886:variant_09,M10,M10:medqa_00886,R5,M4,1,0,False,0
M10:medqa_00893:variant_04,M10,M10:medqa_00893,ALL,M4,1,1,True,0
M10:medqa_00893:variant_04,M10,M10:medqa_00893,R5,M4,1,1,True,0
M10:medqa_00897:variant_08,M10,M10:medqa_00897,ALL,M4,1,1,True,0
M10:medqa_00897:variant_08,M10,M10:medqa_00897,R5,M4,1,1,True,0
M10:medqa_00903:variant_02,M10,M10:medqa_00903,ALL,M4,1,1,True,0
M10:medqa_00903:variant_02,M10,M10:medqa_00903,R5,M4,1,1,True,0
M10:medqa_00920:variant_05,M10,M10:medqa_00920,ALL,M4,1,1,True,0
M10:medqa_00920:variant_05,M10,M10:medqa_00920,R5,M4,1,1,True,0
M10:medqa_00921:variant_07,M10,M10:medqa_00921,ALL,M4,1,1,True,0
M10:medqa_00921:variant_07,M10,M10:medqa_00921,R5,M4,1,1,True,0
M10:medqa_00921:variant_09,M10,M10:medqa_00921,ALL,M4,1,1,True,0
M10:medqa_00921:variant_09,M10,M10:medqa_00921,R5,M4,1,1,True,0
M10:medqa_00924:variant_05,M10,M10:medqa_00924,ALL,M4,1,1,True,0
M10:medqa_00924:variant_05,M10,M10:medqa_00924,R5,M4,1,1,True,0
M10:medqa_00927:variant_02,M10,M10:medqa_00927,ALL,M4,1,1,True,0
M10:medqa_00927:variant_02,M10,M10:medqa_00927,R5,M4,1,1,True,0
M10:medqa_00927:variant_03,M10,M10:medqa_00927,ALL,M4,1,0,False,0
M10:medqa_00927:variant_03,M10,M10:medqa_00927,R5,M4,1,0,False,0
M10:medqa_00928:variant_02,M10,M10:medqa_00928,ALL,M4,1,0,False,0
M10:medqa_00928:variant_02,M10,M10:medqa_00928,R5,M4,1,0,False,0
M10:medqa_00930:variant_02,M10,M10:medqa_00930,ALL,M4,1,1,True,0
M10:medqa_00930:variant_02,M10,M10:medqa_00930,R5,M4,1,1,True,0
M10:medqa_00934:variant_00,M10,M10:medqa_00934,ALL,M4,1,1,True,0
M10:medqa_00934:variant_00,M10,M10:medqa_00934,R5,M4,1,1,True,0
M10:medqa_00939:variant_08,M10,M10:medqa_00939,ALL,M4,1,1,True,0
M10:medqa_00939:variant_08,M10,M10:medqa_00939,R5,M4,1,1,True,0
M10:medqa_00940:variant_00,M10,M10:medqa_00940,ALL,M4,1,0,False,0
M10:medqa_00940:variant_00,M10,M10:medqa_00940,R5,M4,1,0,False,0
M10:medqa_00946:variant_00,M10,M10:medqa_00946,ALL,M4,1,1,True,0
M10:medqa_00946:variant_00,M10,M10:medqa_00946,R5,M4,1,1,True,0
M10:medqa_00947:variant_05,M10,M10:medqa_00947,ALL,M4,1,1,True,0
M10:medqa_00947:variant_05,M10,M10:medqa_00947,R5,M4,1,1,True,0
M10:medqa_00951:variant_09,M10,M10:medqa_00951,ALL,M4,1,0,False,0
M10:medqa_00951:variant_09,M10,M10:medqa_00951,R5,M4,1,0,False,0
M10:medqa_00955:variant_07,M10,M10:medqa_00955,ALL,M4,1,0,False,0
M10:medqa_00955:variant_07,M10,M10:medqa_00955,R5,M4,1,0,False,0
M10:medqa_00956:variant_05,M10,M10:medqa_00956,ALL,M4,1,1,True,0
M10:medqa_00956:variant_05,M10,M10:medqa_00956,R5,M4,1,1,True,0
M10:medqa_00960:variant_03,M10,M10:medqa_00960,ALL,M4,1,0,False,0
M10:medqa_00960:variant_03,M10,M10:medqa_00960,R5,M4,1,0,False,0
M10:medqa_00961:variant_05,M10,M10:medqa_00961,ALL,M4,1,1,True,0
M10:medqa_00961:variant_05,M10,M10:medqa_00961,R5,M4,1,1,True,0
M10:medqa_00961:variant_07,M10,M10:medqa_00961,ALL,M4,1,1,True,0
M10:medqa_00961:variant_07,M10,M10:medqa_00961,R5,M4,1,1,True,0
M10:medqa_00963:variant_02,M10,M10:medqa_00963,ALL,M4,1,1,True,0
M10:medqa_00963:variant_02,M10,M10:medqa_00963,R5,M4,1,1,True,0
M10:medqa_00966:variant_00,M10,M10:medqa_00966,ALL,M4,1,0,False,0
M10:medqa_00966:variant_00,M10,M10:medqa_00966,R5,M4,1,0,False,0
M10:medqa_00966:variant_03,M10,M10:medqa_00966,ALL,M4,1,0,False,0
M10:medqa_00966:variant_03,M10,M10:medqa_00966,R5,M4,1,0,False,0
M10:medqa_00968:variant_04,M10,M10:medqa_00968,ALL,M4,1,1,True,0
M10:medqa_00968:variant_04,M10,M10:medqa_00968,R5,M4,1,1,True,0
M10:medqa_00970:variant_00,M10,M10:medqa_00970,ALL,M4,1,1,True,0
M10:medqa_00970:variant_00,M10,M10:medqa_00970,R5,M4,1,1,True,0
M10:medqa_00970:variant_01,M10,M10:medqa_00970,ALL,M4,1,1,True,0
M10:medqa_00970:variant_01,M10,M10:medqa_00970,R5,M4,1,1,True,0
M10:medqa_00970:variant_03,M10,M10:medqa_00970,ALL,M4,1,1,True,0
M10:medqa_00970:variant_03,M10,M10:medqa_00970,R5,M4,1,1,True,0
M10:medqa_00971:variant_05,M10,M10:medqa_00971,ALL,M4,1,1,True,0
M10:medqa_00971:variant_05,M10,M10:medqa_00971,R5,M4,1,1,True,0
M10:medqa_00974:variant_01,M10,M10:medqa_00974,ALL,M4,1,1,True,0
M10:medqa_00974:variant_01,M10,M10:medqa_00974,R5,M4,1,1,True,0
M10:medqa_00978:variant_01,M10,M10:medqa_00978,ALL,M4,1,1,True,0
M10:medqa_00978:variant_01,M10,M10:medqa_00978,R5,M4,1,1,True,0
M10:medqa_00979:variant_03,M10,M10:medqa_00979,ALL,M4,1,0,False,0
M10:medqa_00979:variant_03,M10,M10:medqa_00979,R5,M4,1,0,False,0
M10:medqa_00980:variant_05,M10,M10:medqa_00980,ALL,M4,1,1,True,0
M10:medqa_00980:variant_05,M10,M10:medqa_00980,R5,M4,1,1,True,0
M10:medqa_00981:variant_05,M10,M10:medqa_00981,ALL,M4,1,1,True,0
M10:medqa_00981:variant_05,M10,M10:medqa_00981,R5,M4,1,1,True,0
M10:medqa_00982:variant_00,M10,M10:medqa_00982,ALL,M4,1,1,True,0
M10:medqa_00982:variant_00,M10,M10:medqa_00982,R5,M4,1,1,True,0
M10:medqa_00982:variant_04,M10,M10:medqa_00982,ALL,M4,1,1,True,0
M10:medqa_00982:variant_04,M10,M10:medqa_00982,R5,M4,1,1,True,0
M10:medqa_00984:variant_00,M10,M10:medqa_00984,ALL,M4,1,1,True,0
M10:medqa_00984:variant_00,M10,M10:medqa_00984,R5,M4,1,1,True,0
M10:medqa_00986:variant_01,M10,M10:medqa_00986,ALL,M4,1,0,False,0
M10:medqa_00986:variant_01,M10,M10:medqa_00986,R5,M4,1,0,False,0
M10:medqa_00991:variant_00,M10,M10:medqa_00991,ALL,M4,1,1,True,0
M10:medqa_00991:variant_00,M10,M10:medqa_00991,R5,M4,1,1,True,0
M10:medqa_00997:variant_05,M10,M10:medqa_00997,ALL,M4,1,1,True,0
M10:medqa_00997:variant_05,M10,M10:medqa_00997,R5,M4,1,1,True,0
M10:medqa_01000:variant_00,M10,M10:medqa_01000,ALL,M4,1,1,True,0
M10:medqa_01000:variant_00,M10,M10:medqa_01000,R5,M4,1,1,True,0
M10:medqa_01000:variant_04,M10,M10:medqa_01000,ALL,M4,1,1,True,0
M10:medqa_01000:variant_04,M10,M10:medqa_01000,R5,M4,1,1,True,0
M10:medqa_01004:variant_02,M10,M10:medqa_01004,ALL,M4,1,0,False,0
M10:medqa_01004:variant_02,M10,M10:medqa_01004,R5,M4,1,0,False,0
M10:medqa_01004:variant_04,M10,M10:medqa_01004,ALL,M4,1,1,True,0
M10:medqa_01004:variant_04,M10,M10:medqa_01004,R5,M4,1,1,True,0
M10:medqa_01005:variant_00,M10,M10:medqa_01005,ALL,M4,1,1,True,0
M10:medqa_01005:variant_00,M10,M10:medqa_01005,R5,M4,1,1,True,0
M10:medqa_01007:variant_08,M10,M10:medqa_01007,ALL,M4,1,1,True,0
M10:medqa_01007:variant_08,M10,M10:medqa_01007,R5,M4,1,1,True,0
M10:medqa_01009:variant_07,M10,M10:medqa_01009,ALL,M4,1,1,True,0
M10:medqa_01009:variant_07,M10,M10:medqa_01009,R5,M4,1,1,True,0
M10:medqa_01017:variant_01,M10,M10:medqa_01017,ALL,M4,1,1,True,0
M10:medqa_01017:variant_01,M10,M10:medqa_01017,R5,M4,1,1,True,0
M10:medqa_01019:variant_04,M10,M10:medqa_01019,ALL,M4,1,1,True,0
M10:medqa_01019:variant_04,M10,M10:medqa_01019,R5,M4,1,1,True,0
M10:medqa_01021:variant_05,M10,M10:medqa_01021,ALL,M4,1,0,False,0
M10:medqa_01021:variant_05,M10,M10:medqa_01021,R5,M4,1,0,False,0
M10:medqa_01023:variant_06,M10,M10:medqa_01023,ALL,M4,1,0,False,0
M10:medqa_01023:variant_06,M10,M10:medqa_01023,R5,M4,1,0,False,0
M10:medqa_01023:variant_08,M10,M10:medqa_01023,ALL,M4,1,0,False,0
M10:medqa_01023:variant_08,M10,M10:medqa_01023,R5,M4,1,0,False,0
M10:medqa_01024:variant_01,M10,M10:medqa_01024,ALL,M4,1,1,True,0
M10:medqa_01024:variant_01,M10,M10:medqa_01024,R5,M4,1,1,True,0
M10:medqa_01026:variant_01,M10,M10:medqa_01026,ALL,M4,1,0,False,0
M10:medqa_01026:variant_01,M10,M10:medqa_01026,R5,M4,1,0,False,0
M10:medqa_01026:variant_02,M10,M10:medqa_01026,ALL,M4,1,1,True,0
M10:medqa_01026:variant_02,M10,M10:medqa_01026,R5,M4,1,1,True,0
M10:medqa_01029:variant_07,M10,M10:medqa_01029,ALL,M4,1,1,True,0
M10:medqa_01029:variant_07,M10,M10:medqa_01029,R5,M4,1,1,True,0
M10:medqa_01036:variant_04,M10,M10:medqa_01036,ALL,M4,1,1,True,0
M10:medqa_01036:variant_04,M10,M10:medqa_01036,R5,M4,1,1,True,0
M10:medqa_01040:variant_05,M10,M10:medqa_01040,ALL,M4,1,1,True,0
M10:medqa_01040:variant_05,M10,M10:medqa_01040,R5,M4,1,1,True,0
M10:medqa_01045:variant_04,M10,M10:medqa_01045,ALL,M4,1,1,True,0
M10:medqa_01045:variant_04,M10,M10:medqa_01045,R5,M4,1,1,True,0
M10:medqa_01053:variant_07,M10,M10:medqa_01053,ALL,M4,1,1,True,0
M10:medqa_01053:variant_07,M10,M10:medqa_01053,R5,M4,1,1,True,0
M10:medqa_01053:variant_09,M10,M10:medqa_01053,ALL,M4,1,1,True,0
M10:medqa_01053:variant_09,M10,M10:medqa_01053,R5,M4,1,1,True,0
M10:medqa_01054:variant_00,M10,M10:medqa_01054,ALL,M4,1,1,True,0
M10:medqa_01054:variant_00,M10,M10:medqa_01054,R5,M4,1,1,True,0
M10:medqa_01054:variant_02,M10,M10:medqa_01054,ALL,M4,1,0,False,0
M10:medqa_01054:variant_02,M10,M10:medqa_01054,R5,M4,1,0,False,0
M10:medqa_01056:variant_01,M10,M10:medqa_01056,ALL,M4,1,1,True,0
M10:medqa_01056:variant_01,M10,M10:medqa_01056,R5,M4,1,1,True,0
M10:medqa_01058:variant_00,M10,M10:medqa_01058,ALL,M4,1,1,True,0
M10:medqa_01058:variant_00,M10,M10:medqa_01058,R5,M4,1,1,True,0
M10:medqa_01062:variant_03,M10,M10:medqa_01062,ALL,M4,1,0,False,0
M10:medqa_01062:variant_03,M10,M10:medqa_01062,R5,M4,1,0,False,0
M10:medqa_01064:variant_05,M10,M10:medqa_01064,ALL,M4,1,1,True,0
M10:medqa_01064:variant_05,M10,M10:medqa_01064,R5,M4,1,1,True,0
M10:medqa_01066:variant_00,M10,M10:medqa_01066,ALL,M4,1,0,False,0
M10:medqa_01066:variant_00,M10,M10:medqa_01066,R5,M4,1,0,False,0
M10:medqa_01072:variant_00,M10,M10:medqa_01072,ALL,M4,1,1,True,0
M10:medqa_01072:variant_00,M10,M10:medqa_01072,R5,M4,1,1,True,0
M10:medqa_01074:variant_00,M10,M10:medqa_01074,ALL,M4,1,0,False,0
M10:medqa_01074:variant_00,M10,M10:medqa_01074,R5,M4,1,0,False,0
M10:medqa_01088:variant_09,M10,M10:medqa_01088,ALL,M4,1,1,True,0
M10:medqa_01088:variant_09,M10,M10:medqa_01088,R5,M4,1,1,True,0
M10:medqa_01089:variant_03,M10,M10:medqa_01089,ALL,M4,1,1,True,0
M10:medqa_01089:variant_03,M10,M10:medqa_01089,R5,M4,1,1,True,0
M10:medqa_01096:variant_07,M10,M10:medqa_01096,ALL,M4,1,1,True,0
M10:medqa_01096:variant_07,M10,M10:medqa_01096,R5,M4,1,1,True,0
M10:medqa_01096:variant_08,M10,M10:medqa_01096,ALL,M4,1,1,True,0
M10:medqa_01096:variant_08,M10,M10:medqa_01096,R5,M4,1,1,True,0
M10:medqa_01097:variant_00,M10,M10:medqa_01097,ALL,M4,1,0,False,0
M10:medqa_01097:variant_00,M10,M10:medqa_01097,R5,M4,1,0,False,0
M10:medqa_01098:variant_08,M10,M10:medqa_01098,ALL,M4,1,1,True,0
M10:medqa_01098:variant_08,M10,M10:medqa_01098,R5,M4,1,1,True,0
M10:medqa_01099:variant_08,M10,M10:medqa_01099,ALL,M4,1,1,True,0
M10:medqa_01099:variant_08,M10,M10:medqa_01099,R5,M4,1,1,True,0
M10:medqa_01103:variant_05,M10,M10:medqa_01103,ALL,M4,1,1,True,0
M10:medqa_01103:variant_05,M10,M10:medqa_01103,R5,M4,1,1,True,0
M10:medqa_01104:variant_00,M10,M10:medqa_01104,ALL,M4,1,0,False,0
M10:medqa_01104:variant_00,M10,M10:medqa_01104,R5,M4,1,0,False,0
M10:medqa_01114:variant_09,M10,M10:medqa_01114,ALL,M4,1,1,True,0
M10:medqa_01114:variant_09,M10,M10:medqa_01114,R5,M4,1,1,True,0
M10:medqa_01117:variant_00,M10,M10:medqa_01117,ALL,M4,1,0,False,0
M10:medqa_01117:variant_00,M10,M10:medqa_01117,R5,M4,1,0,False,0
M10:medqa_01117:variant_01,M10,M10:medqa_01117,ALL,M4,1,0,False,0
M10:medqa_01117:variant_01,M10,M10:medqa_01117,R5,M4,1,0,False,0
M10:medqa_01123:variant_05,M10,M10:medqa_01123,ALL,M4,1,1,True,0
M10:medqa_01123:variant_05,M10,M10:medqa_01123,R5,M4,1,1,True,0
M10:medqa_01123:variant_08,M10,M10:medqa_01123,ALL,M4,1,1,True,0
M10:medqa_01123:variant_08,M10,M10:medqa_01123,R5,M4,1,1,True,0
M10:medqa_01125:variant_08,M10,M10:medqa_01125,ALL,M4,1,1,True,0
M10:medqa_01125:variant_08,M10,M10:medqa_01125,R5,M4,1,1,True,0
M10:medqa_01132:variant_09,M10,M10:medqa_01132,ALL,M4,1,1,True,0
M10:medqa_01132:variant_09,M10,M10:medqa_01132,R5,M4,1,1,True,0
M10:medqa_01133:variant_03,M10,M10:medqa_01133,ALL,M4,1,1,True,0
M10:medqa_01133:variant_03,M10,M10:medqa_01133,R5,M4,1,1,True,0
M10:medqa_01134:variant_06,M10,M10:medqa_01134,ALL,M4,1,1,True,0
M10:medqa_01134:variant_06,M10,M10:medqa_01134,R5,M4,1,1,True,0
M10:medqa_01143:variant_00,M10,M10:medqa_01143,ALL,M4,1,0,False,0
M10:medqa_01143:variant_00,M10,M10:medqa_01143,R5,M4,1,0,False,0
M10:medqa_01143:variant_01,M10,M10:medqa_01143,ALL,M4,1,0,False,0
M10:medqa_01143:variant_01,M10,M10:medqa_01143,R5,M4,1,0,False,0
M10:medqa_01143:variant_02,M10,M10:medqa_01143,ALL,M4,1,0,False,0
M10:medqa_01143:variant_02,M10,M10:medqa_01143,R5,M4,1,0,False,0
M10:medqa_01150:variant_06,M10,M10:medqa_01150,ALL,M4,1,0,False,0
M10:medqa_01150:variant_06,M10,M10:medqa_01150,R5,M4,1,0,False,0
M10:medqa_01150:variant_08,M10,M10:medqa_01150,ALL,M4,1,0,False,0
M10:medqa_01150:variant_08,M10,M10:medqa_01150,R5,M4,1,0,False,0
M10:medqa_01151:variant_07,M10,M10:medqa_01151,ALL,M4,1,1,True,0
M10:medqa_01151:variant_07,M10,M10:medqa_01151,R5,M4,1,1,True,0
M10:medqa_01153:variant_01,M10,M10:medqa_01153,ALL,M4,1,0,False,0
M10:medqa_01153:variant_01,M10,M10:medqa_01153,R5,M4,1,0,False,0
M10:medqa_01154:variant_08,M10,M10:medqa_01154,ALL,M4,1,1,True,0
M10:medqa_01154:variant_08,M10,M10:medqa_01154,R5,M4,1,1,True,0
M10:medqa_01156:variant_09,M10,M10:medqa_01156,ALL,M4,1,1,True,0
M10:medqa_01156:variant_09,M10,M10:medqa_01156,R5,M4,1,1,True,0
M10:medqa_01161:variant_08,M10,M10:medqa_01161,ALL,M4,1,1,True,0
M10:medqa_01161:variant_08,M10,M10:medqa_01161,R5,M4,1,1,True,0
M10:medqa_01175:variant_06,M10,M10:medqa_01175,ALL,M4,1,0,False,0
M10:medqa_01175:variant_06,M10,M10:medqa_01175,R5,M4,1,0,False,0
M10:medqa_01175:variant_07,M10,M10:medqa_01175,ALL,M4,1,1,True,0
M10:medqa_01175:variant_07,M10,M10:medqa_01175,R5,M4,1,1,True,0
M10:medqa_01176:variant_04,M10,M10:medqa_01176,ALL,M4,1,0,False,0
M10:medqa_01176:variant_04,M10,M10:medqa_01176,R5,M4,1,0,False,0
M10:medqa_01177:variant_07,M10,M10:medqa_01177,ALL,M4,1,0,False,0
M10:medqa_01177:variant_07,M10,M10:medqa_01177,R5,M4,1,0,False,0
M10:medqa_01179:variant_02,M10,M10:medqa_01179,ALL,M4,1,0,False,0
M10:medqa_01179:variant_02,M10,M10:medqa_01179,R5,M4,1,0,False,0
M10:medqa_01183:variant_07,M10,M10:medqa_01183,ALL,M4,1,1,True,0
M10:medqa_01183:variant_07,M10,M10:medqa_01183,R5,M4,1,1,True,0
M10:medqa_01186:variant_02,M10,M10:medqa_01186,ALL,M4,1,1,True,0
M10:medqa_01186:variant_02,M10,M10:medqa_01186,R5,M4,1,1,True,0
M10:medqa_01187:variant_01,M10,M10:medqa_01187,ALL,M4,1,1,True,0
M10:medqa_01187:variant_01,M10,M10:medqa_01187,R5,M4,1,1,True,0
M10:medqa_01189:variant_03,M10,M10:medqa_01189,ALL,M4,1,1,True,0
M10:medqa_01189:variant_03,M10,M10:medqa_01189,R5,M4,1,1,True,0
M10:medqa_01192:variant_05,M10,M10:medqa_01192,ALL,M4,1,1,True,0
M10:medqa_01192:variant_05,M10,M10:medqa_01192,R5,M4,1,1,True,0
M10:medqa_01193:variant_01,M10,M10:medqa_01193,ALL,M4,1,1,True,0
M10:medqa_01193:variant_01,M10,M10:medqa_01193,R5,M4,1,1,True,0
M10:medqa_01203:variant_03,M10,M10:medqa_01203,ALL,M4,1,1,True,0
M10:medqa_01203:variant_03,M10,M10:medqa_01203,R5,M4,1,1,True,0
M10:medqa_01204:variant_06,M10,M10:medqa_01204,ALL,M4,1,1,True,0
M10:medqa_01204:variant_06,M10,M10:medqa_01204,R5,M4,1,1,True,0
M10:medqa_01206:variant_07,M10,M10:medqa_01206,ALL,M4,1,0,False,0
M10:medqa_01206:variant_07,M10,M10:medqa_01206,R5,M4,1,0,False,0
M10:medqa_01206:variant_08,M10,M10:medqa_01206,ALL,M4,1,0,False,0
M10:medqa_01206:variant_08,M10,M10:medqa_01206,R5,M4,1,0,False,0
M10:medqa_01210:variant_04,M10,M10:medqa_01210,ALL,M4,1,0,False,0
M10:medqa_01210:variant_04,M10,M10:medqa_01210,R5,M4,1,0,False,0
M10:medqa_01219:variant_06,M10,M10:medqa_01219,ALL,M4,1,1,True,0
M10:medqa_01219:variant_06,M10,M10:medqa_01219,R5,M4,1,1,True,0
M10:medqa_01219:variant_09,M10,M10:medqa_01219,ALL,M4,1,1,True,0
M10:medqa_01219:variant_09,M10,M10:medqa_01219,R5,M4,1,1,True,0
M10:medqa_01220:variant_05,M10,M10:medqa_01220,ALL,M4,1,1,True,0
M10:medqa_01220:variant_05,M10,M10:medqa_01220,R5,M4,1,1,True,0
M10:medqa_01223:variant_05,M10,M10:medqa_01223,ALL,M4,1,1,True,0
M10:medqa_01223:variant_05,M10,M10:medqa_01223,R5,M4,1,1,True,0
M10:medqa_01226:variant_09,M10,M10:medqa_01226,ALL,M4,1,1,True,0
M10:medqa_01226:variant_09,M10,M10:medqa_01226,R5,M4,1,1,True,0
M10:medqa_01227:variant_01,M10,M10:medqa_01227,ALL,M4,1,0,False,0
M10:medqa_01227:variant_01,M10,M10:medqa_01227,R5,M4,1,0,False,0
M10:medqa_01236:variant_09,M10,M10:medqa_01236,ALL,M4,1,1,True,0
M10:medqa_01236:variant_09,M10,M10:medqa_01236,R5,M4,1,1,True,0
M10:medqa_01239:variant_00,M10,M10:medqa_01239,ALL,M4,1,1,True,0
M10:medqa_01239:variant_00,M10,M10:medqa_01239,R5,M4,1,1,True,0
M10:medqa_01239:variant_01,M10,M10:medqa_01239,ALL,M4,1,0,False,0
M10:medqa_01239:variant_01,M10,M10:medqa_01239,R5,M4,1,0,False,0
M10:medqa_01243:variant_03,M10,M10:medqa_01243,ALL,M4,1,1,True,0
M10:medqa_01243:variant_03,M10,M10:medqa_01243,R5,M4,1,1,True,0
M10:medqa_01245:variant_09,M10,M10:medqa_01245,ALL,M4,1,0,False,0
M10:medqa_01245:variant_09,M10,M10:medqa_01245,R5,M4,1,0,False,0
M10:medqa_01246:variant_05,M10,M10:medqa_01246,ALL,M4,1,1,True,0
M10:medqa_01246:variant_05,M10,M10:medqa_01246,R5,M4,1,1,True,0
M10:medqa_01248:variant_05,M10,M10:medqa_01248,ALL,M4,1,0,False,0
M10:medqa_01248:variant_05,M10,M10:medqa_01248,R5,M4,1,0,False,0
M10:medqa_01252:variant_04,M10,M10:medqa_01252,ALL,M4,1,1,True,0
M10:medqa_01252:variant_04,M10,M10:medqa_01252,R5,M4,1,1,True,0
M10:medqa_01257:variant_01,M10,M10:medqa_01257,ALL,M4,1,0,False,0
M10:medqa_01257:variant_01,M10,M10:medqa_01257,R5,M4,1,0,False,0
M10:medqa_01264:variant_05,M10,M10:medqa_01264,ALL,M4,1,0,False,0
M10:medqa_01264:variant_05,M10,M10:medqa_01264,R5,M4,1,0,False,0
M10:medqa_01265:variant_07,M10,M10:medqa_01265,ALL,M4,1,1,True,0
M10:medqa_01265:variant_07,M10,M10:medqa_01265,R5,M4,1,1,True,0
M10:medqa_01265:variant_09,M10,M10:medqa_01265,ALL,M4,1,1,True,0
M10:medqa_01265:variant_09,M10,M10:medqa_01265,R5,M4,1,1,True,0
M10:medqa_01266:variant_00,M10,M10:medqa_01266,ALL,M4,1,0,False,0
M10:medqa_01266:variant_00,M10,M10:medqa_01266,R5,M4,1,0,False,0
M10:medqa_01267:variant_07,M10,M10:medqa_01267,ALL,M4,1,0,False,0
M10:medqa_01267:variant_07,M10,M10:medqa_01267,R5,M4,1,0,False,0
M11:100:t1_i,M11,M11:100,ALL,M4,1,1,True,0
M11:100:t1_i,M11,M11:100,R5,M4,1,1,True,0
M11:100:t1_ic,M11,M11:100,ALL,M4,1,1,True,0
M11:100:t1_ic,M11,M11:100,R5,M4,1,1,True,0
M11:101:t1_c,M11,M11:101,ALL,M4,1,1,True,0
M11:101:t1_c,M11,M11:101,R1,M4,1,1,True,0
M11:101:t1_i,M11,M11:101,ALL,M4,1,1,True,0
M11:101:t1_i,M11,M11:101,R5,M4,1,1,True,0
M11:101:t1_ic,M11,M11:101,ALL,M4,1,1,True,0
M11:101:t1_ic,M11,M11:101,R1,M4,1,1,True,0
M11:101:t2_c,M11,M11:101,ALL,M4,1,1,True,0
M11:101:t2_c,M11,M11:101,R5,M4,1,1,True,0
M11:101:t2_ic,M11,M11:101,ALL,M4,1,1,True,0
M11:101:t2_ic,M11,M11:101,R5,M4,1,1,True,0
M11:101:t3_c,M11,M11:101,ALL,M4,1,1,True,0
M11:101:t3_c,M11,M11:101,R5,M4,1,1,True,0
M11:102:t1_i,M11,M11:102,ALL,M4,1,1,True,0
M11:102:t1_i,M11,M11:102,R5,M4,1,1,True,0
M11:102:t2_i,M11,M11:102,ALL,M4,1,1,True,0
M11:102:t2_i,M11,M11:102,R5,M4,1,1,True,0
M11:102:t3_i,M11,M11:102,ALL,M4,1,1,True,0
M11:102:t3_i,M11,M11:102,R5,M4,1,1,True,0
M11:103:t1_c,M11,M11:103,ALL,M4,1,1,True,0
M11:103:t1_c,M11,M11:103,R5,M4,1,1,True,0
M11:103:t2_ic,M11,M11:103,ALL,M4,1,1,True,0
M11:103:t2_ic,M11,M11:103,R5,M4,1,1,True,0
M11:104:t1_c,M11,M11:104,ALL,M4,1,0,False,0
M11:104:t1_c,M11,M11:104,R5,M4,1,0,False,0
M11:104:t2_ic,M11,M11:104,ALL,M4,1,0,False,0
M11:104:t2_ic,M11,M11:104,R5,M4,1,0,False,0
M11:104:t3_i,M11,M11:104,ALL,M4,1,1,True,0
M11:104:t3_i,M11,M11:104,R5,M4,1,1,True,0
M11:104:t3_ic,M11,M11:104,ALL,M4,1,0,False,0
M11:104:t3_ic,M11,M11:104,R5,M4,1,0,False,0
M11:105:t1_c,M11,M11:105,ALL,M4,1,0,False,0
M11:105:t1_c,M11,M11:105,R5,M4,1,0,False,0
M11:105:t1_i,M11,M11:105,ALL,M4,1,0,False,0
M11:105:t1_i,M11,M11:105,R5,M4,1,0,False,0
M11:105:t1_ic,M11,M11:105,ALL,M4,1,0,False,0
M11:105:t1_ic,M11,M11:105,R5,M4,1,0,False,0
M11:105:t3_c,M11,M11:105,ALL,M4,1,1,True,0
M11:105:t3_c,M11,M11:105,R5,M4,1,1,True,0
M11:106:t2_i,M11,M11:106,ALL,M4,1,1,True,0
M11:106:t2_i,M11,M11:106,R5,M4,1,1,True,0
M11:107:t1_c,M11,M11:107,ALL,M4,1,0,False,0
M11:107:t1_c,M11,M11:107,R5,M4,1,0,False,0
M11:107:t2_i,M11,M11:107,ALL,M4,1,0,False,0
M11:107:t2_i,M11,M11:107,R5,M4,1,0,False,0
M11:108:t1_c,M11,M11:108,ALL,M4,1,0,False,0
M11:108:t1_c,M11,M11:108,R5,M4,1,0,False,0
M11:108:t1_i,M11,M11:108,ALL,M4,1,0,False,0
M11:108:t1_i,M11,M11:108,R5,M4,1,0,False,0
M11:108:t2_c,M11,M11:108,ALL,M4,1,1,True,0
M11:108:t2_c,M11,M11:108,R5,M4,1,1,True,0
M11:108:t3_c,M11,M11:108,ALL,M4,1,0,False,0
M11:108:t3_c,M11,M11:108,R5,M4,1,0,False,0
M11:108:t3_i,M11,M11:108,ALL,M4,1,1,True,0
M11:108:t3_i,M11,M11:108,R5,M4,1,1,True,0
M11:108:t3_ic,M11,M11:108,ALL,M4,1,0,False,0
M11:108:t3_ic,M11,M11:108,R5,M4,1,0,False,0
M11:10:t1_ic,M11,M11:10,ALL,M4,1,1,True,0
M11:10:t1_ic,M11,M11:10,R5,M4,1,1,True,0
M11:10:t2_c,M11,M11:10,ALL,M4,1,1,True,0
M11:10:t2_c,M11,M11:10,R5,M4,1,1,True,0
M11:10:t2_ic,M11,M11:10,ALL,M4,1,1,True,0
M11:10:t2_ic,M11,M11:10,R5,M4,1,1,True,0
M11:10:t3_c,M11,M11:10,ALL,M4,1,1,True,0
M11:10:t3_c,M11,M11:10,R5,M4,1,1,True,0
M11:110:t1_c,M11,M11:110,ALL,M4,1,0,False,0
M11:110:t1_c,M11,M11:110,R5,M4,1,0,False,0
M11:110:t1_i,M11,M11:110,ALL,M4,1,0,False,0
M11:110:t1_i,M11,M11:110,R5,M4,1,0,False,0
M11:110:t1_ic,M11,M11:110,ALL,M4,1,0,False,0
M11:110:t1_ic,M11,M11:110,R5,M4,1,0,False,0
M11:110:t2_ic,M11,M11:110,ALL,M4,1,0,False,0
M11:110:t2_ic,M11,M11:110,R5,M4,1,0,False,0
M11:110:t3_i,M11,M11:110,ALL,M4,1,0,False,0
M11:110:t3_i,M11,M11:110,R5,M4,1,0,False,0
M11:111:t2_c,M11,M11:111,ALL,M4,1,1,True,0
M11:111:t2_c,M11,M11:111,R5,M4,1,1,True,0
M11:111:t2_i,M11,M11:111,ALL,M4,1,1,True,0
M11:111:t2_i,M11,M11:111,R5,M4,1,1,True,0
M11:111:t2_ic,M11,M11:111,ALL,M4,1,1,True,0
M11:111:t2_ic,M11,M11:111,R5,M4,1,1,True,0
M11:111:t3_i,M11,M11:111,ALL,M4,1,1,True,0
M11:111:t3_i,M11,M11:111,R5,M4,1,1,True,0
M11:111:t3_ic,M11,M11:111,ALL,M4,1,1,True,0
M11:111:t3_ic,M11,M11:111,R5,M4,1,1,True,0
M11:112:t1_c,M11,M11:112,ALL,M4,1,0,False,0
M11:112:t1_c,M11,M11:112,R5,M4,1,0,False,0
M11:112:t2_ic,M11,M11:112,ALL,M4,1,0,False,0
M11:112:t2_ic,M11,M11:112,R5,M4,1,0,False,0
M11:112:t3_c,M11,M11:112,ALL,M4,1,0,False,0
M11:112:t3_c,M11,M11:112,R5,M4,1,0,False,0
M11:113:t1_c,M11,M11:113,ALL,M4,1,1,True,0
M11:113:t1_c,M11,M11:113,R5,M4,1,1,True,0
M11:113:t1_i,M11,M11:113,ALL,M4,1,0,False,0
M11:113:t1_i,M11,M11:113,R5,M4,1,0,False,0
M11:113:t1_ic,M11,M11:113,ALL,M4,1,1,True,0
M11:113:t1_ic,M11,M11:113,R5,M4,1,1,True,0
M11:116:t1_c,M11,M11:116,ALL,M4,1,1,True,0
M11:116:t1_c,M11,M11:116,R5,M4,1,1,True,0
M11:116:t1_ic,M11,M11:116,ALL,M4,1,0,False,0
M11:116:t1_ic,M11,M11:116,R5,M4,1,0,False,0
M11:116:t2_c,M11,M11:116,ALL,M4,1,1,True,0
M11:116:t2_c,M11,M11:116,R5,M4,1,1,True,0
M11:116:t2_i,M11,M11:116,ALL,M4,1,1,True,0
M11:116:t2_i,M11,M11:116,R5,M4,1,1,True,0
M11:116:t3_ic,M11,M11:116,ALL,M4,1,1,True,0
M11:116:t3_ic,M11,M11:116,R5,M4,1,1,True,0
M11:117:t1_c,M11,M11:117,ALL,M4,1,1,True,0
M11:117:t1_c,M11,M11:117,R5,M4,1,1,True,0
M11:117:t1_i,M11,M11:117,ALL,M4,1,1,True,0
M11:117:t1_i,M11,M11:117,R5,M4,1,1,True,0
M11:117:t2_c,M11,M11:117,ALL,M4,1,1,True,0
M11:117:t2_c,M11,M11:117,R5,M4,1,1,True,0
M11:117:t2_i,M11,M11:117,ALL,M4,1,1,True,0
M11:117:t2_i,M11,M11:117,R5,M4,1,1,True,0
M11:117:t2_ic,M11,M11:117,ALL,M4,1,1,True,0
M11:117:t2_ic,M11,M11:117,R5,M4,1,1,True,0
M11:117:t3_c,M11,M11:117,ALL,M4,1,1,True,0
M11:117:t3_c,M11,M11:117,R5,M4,1,1,True,0
M11:118:t1_c,M11,M11:118,ALL,M4,1,1,True,0
M11:118:t1_c,M11,M11:118,R5,M4,1,1,True,0
M11:118:t1_ic,M11,M11:118,ALL,M4,1,1,True,0
M11:118:t1_ic,M11,M11:118,R5,M4,1,1,True,0
M11:118:t2_i,M11,M11:118,ALL,M4,1,1,True,0
M11:118:t2_i,M11,M11:118,R5,M4,1,1,True,0
M11:118:t3_c,M11,M11:118,ALL,M4,1,1,True,0
M11:118:t3_c,M11,M11:118,R5,M4,1,1,True,0
M11:118:t3_i,M11,M11:118,ALL,M4,1,0,False,0
M11:118:t3_i,M11,M11:118,R5,M4,1,0,False,0
M11:118:t3_ic,M11,M11:118,ALL,M4,1,1,True,0
M11:118:t3_ic,M11,M11:118,R5,M4,1,1,True,0
M11:119:t1_i,M11,M11:119,ALL,M4,1,1,True,0
M11:119:t1_i,M11,M11:119,R5,M4,1,1,True,0
M11:119:t3_ic,M11,M11:119,ALL,M4,1,1,True,0
M11:119:t3_ic,M11,M11:119,R5,M4,1,1,True,0
M11:11:t1_c,M11,M11:11,ALL,M4,1,0,False,0
M11:11:t1_c,M11,M11:11,R5,M4,1,0,False,0
M11:11:t1_ic,M11,M11:11,ALL,M4,1,0,False,0
M11:11:t1_ic,M11,M11:11,R5,M4,1,0,False,0
M11:11:t2_c,M11,M11:11,ALL,M4,1,1,True,0
M11:11:t2_c,M11,M11:11,R5,M4,1,1,True,0
M11:11:t3_ic,M11,M11:11,ALL,M4,1,0,False,0
M11:11:t3_ic,M11,M11:11,R5,M4,1,0,False,0
M11:120:t2_i,M11,M11:120,ALL,M4,1,1,True,0
M11:120:t2_i,M11,M11:120,R5,M4,1,1,True,0
M11:120:t3_i,M11,M11:120,ALL,M4,1,1,True,0
M11:120:t3_i,M11,M11:120,R5,M4,1,1,True,0
M11:122:t1_c,M11,M11:122,ALL,M4,1,0,False,0
M11:122:t1_c,M11,M11:122,R1,M4,1,0,False,0
M11:122:t1_ic,M11,M11:122,ALL,M4,1,1,True,0
M11:122:t1_ic,M11,M11:122,R1,M4,1,1,True,0
M11:122:t2_c,M11,M11:122,ALL,M4,1,1,True,0
M11:122:t2_c,M11,M11:122,R1,M4,1,1,True,0
M11:122:t2_ic,M11,M11:122,ALL,M4,1,1,True,0
M11:122:t2_ic,M11,M11:122,R1,M4,1,1,True,0
M11:122:t3_i,M11,M11:122,ALL,M4,1,1,True,0
M11:122:t3_i,M11,M11:122,R5,M4,1,1,True,0
M11:122:t3_ic,M11,M11:122,ALL,M4,1,0,False,0
M11:122:t3_ic,M11,M11:122,R1,M4,1,0,False,0
M11:123:t1_i,M11,M11:123,ALL,M4,1,0,False,0
M11:123:t1_i,M11,M11:123,R5,M4,1,0,False,0
M11:123:t2_c,M11,M11:123,ALL,M4,1,0,False,0
M11:123:t2_c,M11,M11:123,R5,M4,1,0,False,0
M11:123:t2_i,M11,M11:123,ALL,M4,1,0,False,0
M11:123:t2_i,M11,M11:123,R5,M4,1,0,False,0
M11:123:t3_i,M11,M11:123,ALL,M4,1,0,False,0
M11:123:t3_i,M11,M11:123,R5,M4,1,0,False,0
M11:123:t3_ic,M11,M11:123,ALL,M4,1,0,False,0
M11:123:t3_ic,M11,M11:123,R5,M4,1,0,False,0
M11:125:t1_c,M11,M11:125,ALL,M4,1,1,True,0
M11:125:t1_c,M11,M11:125,R5,M4,1,1,True,0
M11:125:t2_c,M11,M11:125,ALL,M4,1,1,True,0
M11:125:t2_c,M11,M11:125,R5,M4,1,1,True,0
M11:125:t2_i,M11,M11:125,ALL,M4,1,1,True,0
M11:125:t2_i,M11,M11:125,R5,M4,1,1,True,0
M11:125:t2_ic,M11,M11:125,ALL,M4,1,1,True,0
M11:125:t2_ic,M11,M11:125,R5,M4,1,1,True,0
M11:125:t3_i,M11,M11:125,ALL,M4,1,1,True,0
M11:125:t3_i,M11,M11:125,R5,M4,1,1,True,0
M11:126:t1_c,M11,M11:126,ALL,M4,1,0,False,0
M11:126:t1_c,M11,M11:126,R5,M4,1,0,False,0
M11:126:t1_i,M11,M11:126,ALL,M4,1,0,False,0
M11:126:t1_i,M11,M11:126,R5,M4,1,0,False,0
M11:126:t2_c,M11,M11:126,ALL,M4,1,0,False,0
M11:126:t2_c,M11,M11:126,R5,M4,1,0,False,0
M11:126:t2_ic,M11,M11:126,ALL,M4,1,0,False,0
M11:126:t2_ic,M11,M11:126,R5,M4,1,0,False,0
M11:126:t3_c,M11,M11:126,ALL,M4,1,1,True,0
M11:126:t3_c,M11,M11:126,R5,M4,1,1,True,0
M11:126:t3_ic,M11,M11:126,ALL,M4,1,0,False,0
M11:126:t3_ic,M11,M11:126,R5,M4,1,0,False,0
M11:127:t1_c,M11,M11:127,ALL,M4,1,1,True,0
M11:127:t1_c,M11,M11:127,R5,M4,1,1,True,0
M11:127:t2_i,M11,M11:127,ALL,M4,1,0,False,0
M11:127:t2_i,M11,M11:127,R5,M4,1,0,False,0
M11:127:t2_ic,M11,M11:127,ALL,M4,1,0,False,0
M11:127:t2_ic,M11,M11:127,R5,M4,1,0,False,0
M11:127:t3_c,M11,M11:127,ALL,M4,1,1,True,0
M11:127:t3_c,M11,M11:127,R5,M4,1,1,True,0
M11:127:t3_ic,M11,M11:127,ALL,M4,1,1,True,0
M11:127:t3_ic,M11,M11:127,R5,M4,1,1,True,0
M11:128:t1_i,M11,M11:128,ALL,M4,1,1,True,0
M11:128:t1_i,M11,M11:128,R5,M4,1,1,True,0
M11:128:t1_ic,M11,M11:128,ALL,M4,1,1,True,0
M11:128:t1_ic,M11,M11:128,R5,M4,1,1,True,0
M11:128:t2_c,M11,M11:128,ALL,M4,1,1,True,0
M11:128:t2_c,M11,M11:128,R5,M4,1,1,True,0
M11:128:t2_i,M11,M11:128,ALL,M4,1,1,True,0
M11:128:t2_i,M11,M11:128,R5,M4,1,1,True,0
M11:128:t3_i,M11,M11:128,ALL,M4,1,1,True,0
M11:128:t3_i,M11,M11:128,R5,M4,1,1,True,0
M11:129:t1_i,M11,M11:129,ALL,M4,1,1,True,0
M11:129:t1_i,M11,M11:129,R5,M4,1,1,True,0
M11:129:t2_c,M11,M11:129,ALL,M4,1,0,False,0
M11:129:t2_c,M11,M11:129,R5,M4,1,0,False,0
M11:129:t3_c,M11,M11:129,ALL,M4,1,0,False,0
M11:129:t3_c,M11,M11:129,R5,M4,1,0,False,0
M11:129:t3_ic,M11,M11:129,ALL,M4,1,1,True,0
M11:129:t3_ic,M11,M11:129,R5,M4,1,1,True,0
M11:12:t1_c,M11,M11:12,ALL,M4,1,1,True,0
M11:12:t1_c,M11,M11:12,R5,M4,1,1,True,0
M11:12:t2_i,M11,M11:12,ALL,M4,1,1,True,0
M11:12:t2_i,M11,M11:12,R5,M4,1,1,True,0
M11:12:t3_i,M11,M11:12,ALL,M4,1,1,True,0
M11:12:t3_i,M11,M11:12,R5,M4,1,1,True,0
M11:130:t1_ic,M11,M11:130,ALL,M4,1,1,True,0
M11:130:t1_ic,M11,M11:130,R5,M4,1,1,True,0
M11:130:t2_c,M11,M11:130,ALL,M4,1,1,True,0
M11:130:t2_c,M11,M11:130,R5,M4,1,1,True,0
M11:130:t2_ic,M11,M11:130,ALL,M4,1,1,True,0
M11:130:t2_ic,M11,M11:130,R5,M4,1,1,True,0
M11:130:t3_i,M11,M11:130,ALL,M4,1,1,True,0
M11:130:t3_i,M11,M11:130,R5,M4,1,1,True,0
M11:130:t3_ic,M11,M11:130,ALL,M4,1,0,False,0
M11:130:t3_ic,M11,M11:130,R5,M4,1,0,False,0
M11:131:t2_ic,M11,M11:131,ALL,M4,1,1,True,0
M11:131:t2_ic,M11,M11:131,R5,M4,1,1,True,0
M11:131:t3_ic,M11,M11:131,ALL,M4,1,1,True,0
M11:131:t3_ic,M11,M11:131,R5,M4,1,1,True,0
M11:132:t1_c,M11,M11:132,ALL,M4,1,1,True,0
M11:132:t1_c,M11,M11:132,R5,M4,1,1,True,0
M11:132:t1_i,M11,M11:132,ALL,M4,1,1,True,0
M11:132:t1_i,M11,M11:132,R5,M4,1,1,True,0
M11:133:t1_i,M11,M11:133,ALL,M4,1,1,True,0
M11:133:t1_i,M11,M11:133,R5,M4,1,1,True,0
M11:133:t1_ic,M11,M11:133,ALL,M4,1,0,False,0
M11:133:t1_ic,M11,M11:133,R5,M4,1,0,False,0
M11:133:t2_i,M11,M11:133,ALL,M4,1,1,True,0
M11:133:t2_i,M11,M11:133,R5,M4,1,1,True,0
M11:133:t3_ic,M11,M11:133,ALL,M4,1,1,True,0
M11:133:t3_ic,M11,M11:133,R5,M4,1,1,True,0
M11:134:t1_c,M11,M11:134,ALL,M4,1,1,True,0
M11:134:t1_c,M11,M11:134,R5,M4,1,1,True,0
M11:134:t1_ic,M11,M11:134,ALL,M4,1,1,True,0
M11:134:t1_ic,M11,M11:134,R5,M4,1,1,True,0
M11:134:t2_c,M11,M11:134,ALL,M4,1,1,True,0
M11:134:t2_c,M11,M11:134,R5,M4,1,1,True,0
M11:134:t3_c,M11,M11:134,ALL,M4,1,1,True,0
M11:134:t3_c,M11,M11:134,R5,M4,1,1,True,0
M11:134:t3_i,M11,M11:134,ALL,M4,1,1,True,0
M11:134:t3_i,M11,M11:134,R5,M4,1,1,True,0
M11:135:t2_c,M11,M11:135,ALL,M4,1,0,False,0
M11:135:t2_c,M11,M11:135,R5,M4,1,0,False,0
M11:136:t1_c,M11,M11:136,ALL,M4,1,1,True,0
M11:136:t1_c,M11,M11:136,R1,M4,1,1,True,0
M11:136:t1_ic,M11,M11:136,ALL,M4,1,1,True,0
M11:136:t1_ic,M11,M11:136,R1,M4,1,1,True,0
M11:136:t2_c,M11,M11:136,ALL,M4,1,1,True,0
M11:136:t2_c,M11,M11:136,R1,M4,1,1,True,0
M11:136:t2_ic,M11,M11:136,ALL,M4,1,1,True,0
M11:136:t2_ic,M11,M11:136,R1,M4,1,1,True,0
M11:136:t3_c,M11,M11:136,ALL,M4,1,1,True,0
M11:136:t3_c,M11,M11:136,R1,M4,1,1,True,0
M11:136:t3_i,M11,M11:136,ALL,M4,1,1,True,0
M11:136:t3_i,M11,M11:136,R5,M4,1,1,True,0
M11:136:t3_ic,M11,M11:136,ALL,M4,1,1,True,0
M11:136:t3_ic,M11,M11:136,R1,M4,1,1,True,0
M11:139:t1_i,M11,M11:139,ALL,M4,1,0,False,0
M11:139:t1_i,M11,M11:139,R5,M4,1,0,False,0
M11:139:t1_ic,M11,M11:139,ALL,M4,1,0,False,0
M11:139:t1_ic,M11,M11:139,R5,M4,1,0,False,0
M11:139:t2_i,M11,M11:139,ALL,M4,1,1,True,0
M11:139:t2_i,M11,M11:139,R5,M4,1,1,True,0
M11:13:t1_i,M11,M11:13,ALL,M4,1,1,True,0
M11:13:t1_i,M11,M11:13,R5,M4,1,1,True,0
M11:13:t2_i,M11,M11:13,ALL,M4,1,1,True,0
M11:13:t2_i,M11,M11:13,R5,M4,1,1,True,0
M11:140:t1_i,M11,M11:140,ALL,M4,1,1,True,0
M11:140:t1_i,M11,M11:140,R5,M4,1,1,True,0
M11:140:t2_c,M11,M11:140,ALL,M4,1,1,True,0
M11:140:t2_c,M11,M11:140,R1,M4,1,1,True,0
M11:140:t2_i,M11,M11:140,ALL,M4,1,1,True,0
M11:140:t2_i,M11,M11:140,R5,M4,1,1,True,0
M11:140:t2_ic,M11,M11:140,ALL,M4,1,1,True,0
M11:140:t2_ic,M11,M11:140,R1,M4,1,1,True,0
M11:140:t3_ic,M11,M11:140,ALL,M4,1,1,True,0
M11:140:t3_ic,M11,M11:140,R5,M4,1,1,True,0
M11:141:t1_c,M11,M11:141,ALL,M4,1,1,True,0
M11:141:t1_c,M11,M11:141,R1,M4,1,1,True,0
M11:141:t1_i,M11,M11:141,ALL,M4,1,1,True,0
M11:141:t1_i,M11,M11:141,R5,M4,1,1,True,0
M11:141:t1_ic,M11,M11:141,ALL,M4,1,1,True,0
M11:141:t1_ic,M11,M11:141,R1,M4,1,1,True,0
M11:141:t2_c,M11,M11:141,ALL,M4,1,1,True,0
M11:141:t2_c,M11,M11:141,R1,M4,1,1,True,0
M11:141:t2_i,M11,M11:141,ALL,M4,1,1,True,0
M11:141:t2_i,M11,M11:141,R5,M4,1,1,True,0
M11:141:t2_ic,M11,M11:141,ALL,M4,1,1,True,0
M11:141:t2_ic,M11,M11:141,R1,M4,1,1,True,0
M11:141:t3_c,M11,M11:141,ALL,M4,1,1,True,0
M11:141:t3_c,M11,M11:141,R1,M4,1,1,True,0
M11:141:t3_ic,M11,M11:141,ALL,M4,1,1,True,0
M11:141:t3_ic,M11,M11:141,R1,M4,1,1,True,0
M11:142:t1_i,M11,M11:142,ALL,M4,1,1,True,0
M11:142:t1_i,M11,M11:142,R5,M4,1,1,True,0
M11:142:t1_ic,M11,M11:142,ALL,M4,1,1,True,0
M11:142:t1_ic,M11,M11:142,R5,M4,1,1,True,0
M11:142:t3_c,M11,M11:142,ALL,M4,1,1,True,0
M11:142:t3_c,M11,M11:142,R5,M4,1,1,True,0
M11:142:t3_i,M11,M11:142,ALL,M4,1,1,True,0
M11:142:t3_i,M11,M11:142,R5,M4,1,1,True,0
M11:143:t1_i,M11,M11:143,ALL,M4,1,0,False,0
M11:143:t1_i,M11,M11:143,R5,M4,1,0,False,0
M11:143:t1_ic,M11,M11:143,ALL,M4,1,0,False,0
M11:143:t1_ic,M11,M11:143,R5,M4,1,0,False,0
M11:143:t2_i,M11,M11:143,ALL,M4,1,0,False,0
M11:143:t2_i,M11,M11:143,R5,M4,1,0,False,0
M11:143:t3_i,M11,M11:143,ALL,M4,1,0,False,0
M11:143:t3_i,M11,M11:143,R5,M4,1,0,False,0
M11:145:t1_i,M11,M11:145,ALL,M4,1,1,True,0
M11:145:t1_i,M11,M11:145,R5,M4,1,1,True,0
M11:145:t1_ic,M11,M11:145,ALL,M4,1,1,True,0
M11:145:t1_ic,M11,M11:145,R5,M4,1,1,True,0
M11:145:t3_c,M11,M11:145,ALL,M4,1,1,True,0
M11:145:t3_c,M11,M11:145,R5,M4,1,1,True,0
M11:145:t3_ic,M11,M11:145,ALL,M4,1,1,True,0
M11:145:t3_ic,M11,M11:145,R5,M4,1,1,True,0
M11:146:t1_i,M11,M11:146,ALL,M4,1,1,True,0
M11:146:t1_i,M11,M11:146,R5,M4,1,1,True,0
M11:146:t2_i,M11,M11:146,ALL,M4,1,1,True,0
M11:146:t2_i,M11,M11:146,R5,M4,1,1,True,0
M11:146:t3_c,M11,M11:146,ALL,M4,1,1,True,0
M11:146:t3_c,M11,M11:146,R5,M4,1,1,True,0
M11:146:t3_i,M11,M11:146,ALL,M4,1,1,True,0
M11:146:t3_i,M11,M11:146,R5,M4,1,1,True,0
M11:147:t1_ic,M11,M11:147,ALL,M4,1,0,False,0
M11:147:t1_ic,M11,M11:147,R5,M4,1,0,False,0
M11:147:t3_c,M11,M11:147,ALL,M4,1,0,False,0
M11:147:t3_c,M11,M11:147,R5,M4,1,0,False,0
M11:147:t3_ic,M11,M11:147,ALL,M4,1,0,False,0
M11:147:t3_ic,M11,M11:147,R5,M4,1,0,False,0
M11:148:t1_i,M11,M11:148,ALL,M4,1,1,True,0
M11:148:t1_i,M11,M11:148,R5,M4,1,1,True,0
M11:148:t2_c,M11,M11:148,ALL,M4,1,1,True,0
M11:148:t2_c,M11,M11:148,R5,M4,1,1,True,0
M11:148:t2_i,M11,M11:148,ALL,M4,1,1,True,0
M11:148:t2_i,M11,M11:148,R5,M4,1,1,True,0
M11:149:t2_ic,M11,M11:149,ALL,M4,1,1,True,0
M11:149:t2_ic,M11,M11:149,R5,M4,1,1,True,0
M11:149:t3_c,M11,M11:149,ALL,M4,1,0,False,0
M11:149:t3_c,M11,M11:149,R5,M4,1,0,False,0
M11:14:t2_i,M11,M11:14,ALL,M4,1,1,True,0
M11:14:t2_i,M11,M11:14,R5,M4,1,1,True,0
M11:14:t3_ic,M11,M11:14,ALL,M4,1,1,True,0
M11:14:t3_ic,M11,M11:14,R5,M4,1,1,True,0
M11:15:t1_c,M11,M11:15,ALL,M4,1,1,True,0
M11:15:t1_c,M11,M11:15,R5,M4,1,1,True,0
M11:15:t1_i,M11,M11:15,ALL,M4,1,1,True,0
M11:15:t1_i,M11,M11:15,R5,M4,1,1,True,0
M11:15:t1_ic,M11,M11:15,ALL,M4,1,1,True,0
M11:15:t1_ic,M11,M11:15,R5,M4,1,1,True,0
M11:15:t2_c,M11,M11:15,ALL,M4,1,1,True,0
M11:15:t2_c,M11,M11:15,R5,M4,1,1,True,0
M11:15:t2_i,M11,M11:15,ALL,M4,1,1,True,0
M11:15:t2_i,M11,M11:15,R5,M4,1,1,True,0
M11:15:t3_i,M11,M11:15,ALL,M4,1,1,True,0
M11:15:t3_i,M11,M11:15,R5,M4,1,1,True,0
M11:17:t1_ic,M11,M11:17,ALL,M4,1,0,False,0
M11:17:t1_ic,M11,M11:17,R5,M4,1,0,False,0
M11:17:t3_c,M11,M11:17,ALL,M4,1,0,False,0
M11:17:t3_c,M11,M11:17,R5,M4,1,0,False,0
M11:18:t1_i,M11,M11:18,ALL,M4,1,0,False,0
M11:18:t1_i,M11,M11:18,R5,M4,1,0,False,0
M11:18:t2_c,M11,M11:18,ALL,M4,1,0,False,0
M11:18:t2_c,M11,M11:18,R5,M4,1,0,False,0
M11:18:t2_i,M11,M11:18,ALL,M4,1,0,False,0
M11:18:t2_i,M11,M11:18,R5,M4,1,0,False,0
M11:18:t3_c,M11,M11:18,ALL,M4,1,1,True,0
M11:18:t3_c,M11,M11:18,R5,M4,1,1,True,0
M11:18:t3_i,M11,M11:18,ALL,M4,1,1,True,0
M11:18:t3_i,M11,M11:18,R5,M4,1,1,True,0
M11:18:t3_ic,M11,M11:18,ALL,M4,1,0,False,0
M11:18:t3_ic,M11,M11:18,R5,M4,1,0,False,0
M11:19:t1_c,M11,M11:19,ALL,M4,1,1,True,0
M11:19:t1_c,M11,M11:19,R5,M4,1,1,True,0
M11:19:t1_i,M11,M11:19,ALL,M4,1,0,False,0
M11:19:t1_i,M11,M11:19,R5,M4,1,0,False,0
M11:19:t2_ic,M11,M11:19,ALL,M4,1,1,True,0
M11:19:t2_ic,M11,M11:19,R5,M4,1,1,True,0
M11:19:t3_i,M11,M11:19,ALL,M4,1,1,True,0
M11:19:t3_i,M11,M11:19,R5,M4,1,1,True,0
M11:19:t3_ic,M11,M11:19,ALL,M4,1,1,True,0
M11:19:t3_ic,M11,M11:19,R5,M4,1,1,True,0
M11:1:t1_i,M11,M11:1,ALL,M4,1,0,False,0
M11:1:t1_i,M11,M11:1,R5,M4,1,0,False,0
M11:1:t2_c,M11,M11:1,ALL,M4,1,0,False,0
M11:1:t2_c,M11,M11:1,R5,M4,1,0,False,0
M11:20:t1_c,M11,M11:20,ALL,M4,1,1,True,0
M11:20:t1_c,M11,M11:20,R1,M4,1,1,True,0
M11:20:t1_ic,M11,M11:20,ALL,M4,1,0,False,0
M11:20:t1_ic,M11,M11:20,R1,M4,1,0,False,0
M11:20:t2_c,M11,M11:20,ALL,M4,1,1,True,0
M11:20:t2_c,M11,M11:20,R1,M4,1,1,True,0
M11:20:t2_ic,M11,M11:20,ALL,M4,1,1,True,0
M11:20:t2_ic,M11,M11:20,R1,M4,1,1,True,0
M11:20:t3_c,M11,M11:20,ALL,M4,1,1,True,0
M11:20:t3_c,M11,M11:20,R1,M4,1,1,True,0
M11:20:t3_i,M11,M11:20,ALL,M4,1,0,False,0
M11:20:t3_i,M11,M11:20,R5,M4,1,0,False,0
M11:20:t3_ic,M11,M11:20,ALL,M4,1,1,True,0
M11:20:t3_ic,M11,M11:20,R1,M4,1,1,True,0
M11:21:t2_i,M11,M11:21,ALL,M4,1,0,False,0
M11:21:t2_i,M11,M11:21,R5,M4,1,0,False,0
M11:21:t3_ic,M11,M11:21,ALL,M4,1,0,False,0
M11:21:t3_ic,M11,M11:21,R5,M4,1,0,False,0
M11:22:t1_c,M11,M11:22,ALL,M4,1,1,True,0
M11:22:t1_c,M11,M11:22,R1,M4,1,1,True,0
M11:22:t1_i,M11,M11:22,ALL,M4,1,1,True,0
M11:22:t1_i,M11,M11:22,R5,M4,1,1,True,0
M11:22:t1_ic,M11,M11:22,ALL,M4,1,1,True,0
M11:22:t1_ic,M11,M11:22,R1,M4,1,1,True,0
M11:22:t2_c,M11,M11:22,ALL,M4,1,1,True,0
M11:22:t2_c,M11,M11:22,R1,M4,1,1,True,0
M11:22:t2_ic,M11,M11:22,ALL,M4,1,1,True,0
M11:22:t2_ic,M11,M11:22,R1,M4,1,1,True,0
M11:22:t3_c,M11,M11:22,ALL,M4,1,1,True,0
M11:22:t3_c,M11,M11:22,R1,M4,1,1,True,0
M11:22:t3_ic,M11,M11:22,ALL,M4,1,1,True,0
M11:22:t3_ic,M11,M11:22,R1,M4,1,1,True,0
M11:23:t1_c,M11,M11:23,ALL,M4,1,1,True,0
M11:23:t1_c,M11,M11:23,R5,M4,1,1,True,0
M11:24:t1_c,M11,M11:24,ALL,M4,1,0,False,0
M11:24:t1_c,M11,M11:24,R5,M4,1,0,False,0
M11:24:t1_ic,M11,M11:24,ALL,M4,1,1,True,0
M11:24:t1_ic,M11,M11:24,R5,M4,1,1,True,0
M11:24:t2_i,M11,M11:24,ALL,M4,1,1,True,0
M11:24:t2_i,M11,M11:24,R5,M4,1,1,True,0
M11:24:t3_c,M11,M11:24,ALL,M4,1,1,True,0
M11:24:t3_c,M11,M11:24,R5,M4,1,1,True,0
M11:24:t3_i,M11,M11:24,ALL,M4,1,1,True,0
M11:24:t3_i,M11,M11:24,R5,M4,1,1,True,0
M11:25:t2_c,M11,M11:25,ALL,M4,1,1,True,0
M11:25:t2_c,M11,M11:25,R5,M4,1,1,True,0
M11:25:t3_c,M11,M11:25,ALL,M4,1,1,True,0
M11:25:t3_c,M11,M11:25,R5,M4,1,1,True,0
M11:26:t1_ic,M11,M11:26,ALL,M4,1,1,True,0
M11:26:t1_ic,M11,M11:26,R5,M4,1,1,True,0
M11:26:t2_i,M11,M11:26,ALL,M4,1,1,True,0
M11:26:t2_i,M11,M11:26,R5,M4,1,1,True,0
M11:26:t3_c,M11,M11:26,ALL,M4,1,1,True,0
M11:26:t3_c,M11,M11:26,R5,M4,1,1,True,0
M11:26:t3_ic,M11,M11:26,ALL,M4,1,1,True,0
M11:26:t3_ic,M11,M11:26,R5,M4,1,1,True,0
M11:27:t1_c,M11,M11:27,ALL,M4,1,1,True,0
M11:27:t1_c,M11,M11:27,R5,M4,1,1,True,0
M11:27:t2_c,M11,M11:27,ALL,M4,1,0,False,0
M11:27:t2_c,M11,M11:27,R5,M4,1,0,False,0
M11:27:t2_i,M11,M11:27,ALL,M4,1,1,True,0
M11:27:t2_i,M11,M11:27,R5,M4,1,1,True,0
M11:27:t3_i,M11,M11:27,ALL,M4,1,1,True,0
M11:27:t3_i,M11,M11:27,R5,M4,1,1,True,0
M11:27:t3_ic,M11,M11:27,ALL,M4,1,0,False,0
M11:27:t3_ic,M11,M11:27,R5,M4,1,0,False,0
M11:28:t1_c,M11,M11:28,ALL,M4,1,1,True,0
M11:28:t1_c,M11,M11:28,R5,M4,1,1,True,0
M11:28:t2_c,M11,M11:28,ALL,M4,1,1,True,0
M11:28:t2_c,M11,M11:28,R5,M4,1,1,True,0
M11:28:t3_c,M11,M11:28,ALL,M4,1,1,True,0
M11:28:t3_c,M11,M11:28,R1,M4,1,1,True,0
M11:28:t3_ic,M11,M11:28,ALL,M4,1,0,False,0
M11:28:t3_ic,M11,M11:28,R1,M4,1,0,False,0
M11:2:t1_c,M11,M11:2,ALL,M4,1,1,True,0
M11:2:t1_c,M11,M11:2,R1,M4,1,1,True,0
M11:2:t1_ic,M11,M11:2,ALL,M4,1,1,True,0
M11:2:t1_ic,M11,M11:2,R1,M4,1,1,True,0
M11:2:t2_c,M11,M11:2,ALL,M4,1,1,True,0
M11:2:t2_c,M11,M11:2,R1,M4,1,1,True,0
M11:2:t2_i,M11,M11:2,ALL,M4,1,0,False,0
M11:2:t2_i,M11,M11:2,R5,M4,1,0,False,0
M11:2:t2_ic,M11,M11:2,ALL,M4,1,1,True,0
M11:2:t2_ic,M11,M11:2,R1,M4,1,1,True,0
M11:2:t3_c,M11,M11:2,ALL,M4,1,1,True,0
M11:2:t3_c,M11,M11:2,R1,M4,1,1,True,0
M11:2:t3_i,M11,M11:2,ALL,M4,1,1,True,0
M11:2:t3_i,M11,M11:2,R5,M4,1,1,True,0
M11:2:t3_ic,M11,M11:2,ALL,M4,1,1,True,0
M11:2:t3_ic,M11,M11:2,R1,M4,1,1,True,0
M11:30:t1_c,M11,M11:30,ALL,M4,1,0,False,0
M11:30:t1_c,M11,M11:30,R5,M4,1,0,False,0
M11:30:t3_ic,M11,M11:30,ALL,M4,1,0,False,0
M11:30:t3_ic,M11,M11:30,R5,M4,1,0,False,0
M11:31:t1_c,M11,M11:31,ALL,M4,1,1,True,0
M11:31:t1_c,M11,M11:31,R5,M4,1,1,True,0
M11:31:t1_ic,M11,M11:31,ALL,M4,1,1,True,0
M11:31:t1_ic,M11,M11:31,R5,M4,1,1,True,0
M11:31:t2_i,M11,M11:31,ALL,M4,1,1,True,0
M11:31:t2_i,M11,M11:31,R5,M4,1,1,True,0
M11:31:t3_c,M11,M11:31,ALL,M4,1,1,True,0
M11:31:t3_c,M11,M11:31,R5,M4,1,1,True,0
M11:31:t3_i,M11,M11:31,ALL,M4,1,1,True,0
M11:31:t3_i,M11,M11:31,R5,M4,1,1,True,0
M11:32:t1_i,M11,M11:32,ALL,M4,1,1,True,0
M11:32:t1_i,M11,M11:32,R5,M4,1,1,True,0
M11:32:t2_c,M11,M11:32,ALL,M4,1,0,False,0
M11:32:t2_c,M11,M11:32,R5,M4,1,0,False,0
M11:32:t2_i,M11,M11:32,ALL,M4,1,0,False,0
M11:32:t2_i,M11,M11:32,R5,M4,1,0,False,0
M11:32:t2_ic,M11,M11:32,ALL,M4,1,1,True,0
M11:32:t2_ic,M11,M11:32,R5,M4,1,1,True,0
M11:32:t3_c,M11,M11:32,ALL,M4,1,0,False,0
M11:32:t3_c,M11,M11:32,R5,M4,1,0,False,0
M11:32:t3_i,M11,M11:32,ALL,M4,1,0,False,0
M11:32:t3_i,M11,M11:32,R5,M4,1,0,False,0
M11:33:t1_c,M11,M11:33,ALL,M4,1,1,True,0
M11:33:t1_c,M11,M11:33,R5,M4,1,1,True,0
M11:33:t1_i,M11,M11:33,ALL,M4,1,1,True,0
M11:33:t1_i,M11,M11:33,R5,M4,1,1,True,0
M11:33:t2_c,M11,M11:33,ALL,M4,1,1,True,0
M11:33:t2_c,M11,M11:33,R5,M4,1,1,True,0
M11:33:t2_i,M11,M11:33,ALL,M4,1,1,True,0
M11:33:t2_i,M11,M11:33,R5,M4,1,1,True,0
M11:33:t3_c,M11,M11:33,ALL,M4,1,1,True,0
M11:33:t3_c,M11,M11:33,R5,M4,1,1,True,0
M11:33:t3_ic,M11,M11:33,ALL,M4,1,1,True,0
M11:33:t3_ic,M11,M11:33,R5,M4,1,1,True,0
M11:34:t1_i,M11,M11:34,ALL,M4,1,1,True,0
M11:34:t1_i,M11,M11:34,R5,M4,1,1,True,0
M11:34:t2_c,M11,M11:34,ALL,M4,1,0,False,0
M11:34:t2_c,M11,M11:34,R5,M4,1,0,False,0
M11:34:t2_ic,M11,M11:34,ALL,M4,1,0,False,0
M11:34:t2_ic,M11,M11:34,R5,M4,1,0,False,0
M11:34:t3_ic,M11,M11:34,ALL,M4,1,0,False,0
M11:34:t3_ic,M11,M11:34,R5,M4,1,0,False,0
M11:35:t1_ic,M11,M11:35,ALL,M4,1,1,True,0
M11:35:t1_ic,M11,M11:35,R5,M4,1,1,True,0
M11:35:t2_c,M11,M11:35,ALL,M4,1,1,True,0
M11:35:t2_c,M11,M11:35,R1,M4,1,1,True,0
M11:35:t2_ic,M11,M11:35,ALL,M4,1,0,False,0
M11:35:t2_ic,M11,M11:35,R1,M4,1,0,False,0
M11:35:t3_c,M11,M11:35,ALL,M4,1,0,False,0
M11:35:t3_c,M11,M11:35,R1,M4,1,0,False,0
M11:35:t3_ic,M11,M11:35,ALL,M4,1,0,False,0
M11:35:t3_ic,M11,M11:35,R1,M4,1,0,False,0
M11:36:t2_c,M11,M11:36,ALL,M4,1,0,False,0
M11:36:t2_c,M11,M11:36,R5,M4,1,0,False,0
M11:36:t3_c,M11,M11:36,ALL,M4,1,0,False,0
M11:36:t3_c,M11,M11:36,R5,M4,1,0,False,0
M11:36:t3_i,M11,M11:36,ALL,M4,1,0,False,0
M11:36:t3_i,M11,M11:36,R5,M4,1,0,False,0
M11:37:t1_c,M11,M11:37,ALL,M4,1,0,False,0
M11:37:t1_c,M11,M11:37,R5,M4,1,0,False,0
M11:37:t2_c,M11,M11:37,ALL,M4,1,0,False,0
M11:37:t2_c,M11,M11:37,R5,M4,1,0,False,0
M11:37:t2_ic,M11,M11:37,ALL,M4,1,0,False,0
M11:37:t2_ic,M11,M11:37,R5,M4,1,0,False,0
M11:37:t3_i,M11,M11:37,ALL,M4,1,0,False,0
M11:37:t3_i,M11,M11:37,R5,M4,1,0,False,0
M11:37:t3_ic,M11,M11:37,ALL,M4,1,0,False,0
M11:37:t3_ic,M11,M11:37,R5,M4,1,0,False,0
M11:38:t1_c,M11,M11:38,ALL,M4,1,1,True,0
M11:38:t1_c,M11,M11:38,R5,M4,1,1,True,0
M11:39:t1_c,M11,M11:39,ALL,M4,1,1,True,0
M11:39:t1_c,M11,M11:39,R1,M4,1,1,True,0
M11:39:t1_i,M11,M11:39,ALL,M4,1,1,True,0
M11:39:t1_i,M11,M11:39,R5,M4,1,1,True,0
M11:39:t1_ic,M11,M11:39,ALL,M4,1,1,True,0
M11:39:t1_ic,M11,M11:39,R1,M4,1,1,True,0
M11:39:t2_c,M11,M11:39,ALL,M4,1,1,True,0
M11:39:t2_c,M11,M11:39,R1,M4,1,1,True,0
M11:39:t2_i,M11,M11:39,ALL,M4,1,1,True,0
M11:39:t2_i,M11,M11:39,R5,M4,1,1,True,0
M11:39:t2_ic,M11,M11:39,ALL,M4,1,1,True,0
M11:39:t2_ic,M11,M11:39,R1,M4,1,1,True,0
M11:39:t3_c,M11,M11:39,ALL,M4,1,1,True,0
M11:39:t3_c,M11,M11:39,R1,M4,1,1,True,0
M11:39:t3_i,M11,M11:39,ALL,M4,1,1,True,0
M11:39:t3_i,M11,M11:39,R5,M4,1,1,True,0
M11:39:t3_ic,M11,M11:39,ALL,M4,1,1,True,0
M11:39:t3_ic,M11,M11:39,R1,M4,1,1,True,0
M11:3:t1_ic,M11,M11:3,ALL,M4,1,1,True,0
M11:3:t1_ic,M11,M11:3,R5,M4,1,1,True,0
M11:3:t2_ic,M11,M11:3,ALL,M4,1,0,False,0
M11:3:t2_ic,M11,M11:3,R5,M4,1,0,False,0
M11:3:t3_c,M11,M11:3,ALL,M4,1,0,False,0
M11:3:t3_c,M11,M11:3,R5,M4,1,0,False,0
M11:40:t1_c,M11,M11:40,ALL,M4,1,0,False,0
M11:40:t1_c,M11,M11:40,R5,M4,1,0,False,0
M11:40:t1_i,M11,M11:40,ALL,M4,1,1,True,0
M11:40:t1_i,M11,M11:40,R5,M4,1,1,True,0
M11:40:t2_ic,M11,M11:40,ALL,M4,1,0,False,0
M11:40:t2_ic,M11,M11:40,R5,M4,1,0,False,0
M11:40:t3_c,M11,M11:40,ALL,M4,1,0,False,0
M11:40:t3_c,M11,M11:40,R5,M4,1,0,False,0
M11:40:t3_i,M11,M11:40,ALL,M4,1,1,True,0
M11:40:t3_i,M11,M11:40,R5,M4,1,1,True,0
M11:40:t3_ic,M11,M11:40,ALL,M4,1,0,False,0
M11:40:t3_ic,M11,M11:40,R5,M4,1,0,False,0
M11:41:t2_i,M11,M11:41,ALL,M4,1,0,False,0
M11:41:t2_i,M11,M11:41,R5,M4,1,0,False,0
M11:41:t2_ic,M11,M11:41,ALL,M4,1,0,False,0
M11:41:t2_ic,M11,M11:41,R5,M4,1,0,False,0
M11:41:t3_ic,M11,M11:41,ALL,M4,1,0,False,0
M11:41:t3_ic,M11,M11:41,R5,M4,1,0,False,0
M11:42:t2_c,M11,M11:42,ALL,M4,1,0,False,0
M11:42:t2_c,M11,M11:42,R5,M4,1,0,False,0
M11:42:t3_i,M11,M11:42,ALL,M4,1,1,True,0
M11:42:t3_i,M11,M11:42,R5,M4,1,1,True,0
M11:42:t3_ic,M11,M11:42,ALL,M4,1,0,False,0
M11:42:t3_ic,M11,M11:42,R5,M4,1,0,False,0
M11:44:t1_i,M11,M11:44,ALL,M4,1,1,True,0
M11:44:t1_i,M11,M11:44,R5,M4,1,1,True,0
M11:44:t1_ic,M11,M11:44,ALL,M4,1,1,True,0
M11:44:t1_ic,M11,M11:44,R5,M4,1,1,True,0
M11:44:t2_c,M11,M11:44,ALL,M4,1,1,True,0
M11:44:t2_c,M11,M11:44,R5,M4,1,1,True,0
M11:44:t2_ic,M11,M11:44,ALL,M4,1,0,False,0
M11:44:t2_ic,M11,M11:44,R5,M4,1,0,False,0
M11:44:t3_i,M11,M11:44,ALL,M4,1,0,False,0
M11:44:t3_i,M11,M11:44,R5,M4,1,0,False,0
M11:45:t1_c,M11,M11:45,ALL,M4,1,1,True,0
M11:45:t1_c,M11,M11:45,R5,M4,1,1,True,0
M11:45:t2_ic,M11,M11:45,ALL,M4,1,1,True,0
M11:45:t2_ic,M11,M11:45,R5,M4,1,1,True,0
M11:45:t3_c,M11,M11:45,ALL,M4,1,1,True,0
M11:45:t3_c,M11,M11:45,R5,M4,1,1,True,0
M11:45:t3_i,M11,M11:45,ALL,M4,1,1,True,0
M11:45:t3_i,M11,M11:45,R5,M4,1,1,True,0
M11:46:t1_c,M11,M11:46,ALL,M4,1,1,True,0
M11:46:t1_c,M11,M11:46,R5,M4,1,1,True,0
M11:46:t1_i,M11,M11:46,ALL,M4,1,1,True,0
M11:46:t1_i,M11,M11:46,R5,M4,1,1,True,0
M11:46:t2_i,M11,M11:46,ALL,M4,1,1,True,0
M11:46:t2_i,M11,M11:46,R5,M4,1,1,True,0
M11:46:t2_ic,M11,M11:46,ALL,M4,1,1,True,0
M11:46:t2_ic,M11,M11:46,R5,M4,1,1,True,0
M11:47:t1_i,M11,M11:47,ALL,M4,1,1,True,0
M11:47:t1_i,M11,M11:47,R5,M4,1,1,True,0
M11:47:t1_ic,M11,M11:47,ALL,M4,1,1,True,0
M11:47:t1_ic,M11,M11:47,R5,M4,1,1,True,0
M11:47:t3_c,M11,M11:47,ALL,M4,1,0,False,0
M11:47:t3_c,M11,M11:47,R5,M4,1,0,False,0
M11:47:t3_ic,M11,M11:47,ALL,M4,1,1,True,0
M11:47:t3_ic,M11,M11:47,R5,M4,1,1,True,0
M11:48:t1_ic,M11,M11:48,ALL,M4,1,1,True,0
M11:48:t1_ic,M11,M11:48,R5,M4,1,1,True,0
M11:48:t2_i,M11,M11:48,ALL,M4,1,1,True,0
M11:48:t2_i,M11,M11:48,R5,M4,1,1,True,0
M11:48:t3_ic,M11,M11:48,ALL,M4,1,1,True,0
M11:48:t3_ic,M11,M11:48,R5,M4,1,1,True,0
M11:49:t1_i,M11,M11:49,ALL,M4,1,0,False,0
M11:49:t1_i,M11,M11:49,R5,M4,1,0,False,0
M11:49:t3_c,M11,M11:49,ALL,M4,1,1,True,0
M11:49:t3_c,M11,M11:49,R5,M4,1,1,True,0
M11:49:t3_i,M11,M11:49,ALL,M4,1,0,False,0
M11:49:t3_i,M11,M11:49,R5,M4,1,0,False,0
M11:49:t3_ic,M11,M11:49,ALL,M4,1,1,True,0
M11:49:t3_ic,M11,M11:49,R5,M4,1,1,True,0
M11:4:t3_i,M11,M11:4,ALL,M4,1,1,True,0
M11:4:t3_i,M11,M11:4,R5,M4,1,1,True,0
M11:50:t1_c,M11,M11:50,ALL,M4,1,0,False,0
M11:50:t1_c,M11,M11:50,R5,M4,1,0,False,0
M11:50:t2_c,M11,M11:50,ALL,M4,1,0,False,0
M11:50:t2_c,M11,M11:50,R5,M4,1,0,False,0
M11:50:t2_i,M11,M11:50,ALL,M4,1,0,False,0
M11:50:t2_i,M11,M11:50,R5,M4,1,0,False,0
M11:50:t2_ic,M11,M11:50,ALL,M4,1,0,False,0
M11:50:t2_ic,M11,M11:50,R5,M4,1,0,False,0
M11:50:t3_ic,M11,M11:50,ALL,M4,1,0,False,0
M11:50:t3_ic,M11,M11:50,R5,M4,1,0,False,0
M11:51:t1_c,M11,M11:51,ALL,M4,1,0,False,0
M11:51:t1_c,M11,M11:51,R5,M4,1,0,False,0
M11:51:t1_i,M11,M11:51,ALL,M4,1,0,False,0
M11:51:t1_i,M11,M11:51,R5,M4,1,0,False,0
M11:51:t2_c,M11,M11:51,ALL,M4,1,0,False,0
M11:51:t2_c,M11,M11:51,R5,M4,1,0,False,0
M11:51:t2_ic,M11,M11:51,ALL,M4,1,0,False,0
M11:51:t2_ic,M11,M11:51,R5,M4,1,0,False,0
M11:51:t3_ic,M11,M11:51,ALL,M4,1,1,True,0
M11:51:t3_ic,M11,M11:51,R5,M4,1,1,True,0
M11:52:t1_ic,M11,M11:52,ALL,M4,1,1,True,0
M11:52:t1_ic,M11,M11:52,R5,M4,1,1,True,0
M11:52:t2_c,M11,M11:52,ALL,M4,1,1,True,0
M11:52:t2_c,M11,M11:52,R5,M4,1,1,True,0
M11:53:t2_c,M11,M11:53,ALL,M4,1,1,True,0
M11:53:t2_c,M11,M11:53,R5,M4,1,1,True,0
M11:54:t1_c,M11,M11:54,ALL,M4,1,1,True,0
M11:54:t1_c,M11,M11:54,R5,M4,1,1,True,0
M11:54:t1_i,M11,M11:54,ALL,M4,1,1,True,0
M11:54:t1_i,M11,M11:54,R5,M4,1,1,True,0
M11:55:t2_i,M11,M11:55,ALL,M4,1,0,False,0
M11:55:t2_i,M11,M11:55,R5,M4,1,0,False,0
M11:55:t2_ic,M11,M11:55,ALL,M4,1,0,False,0
M11:55:t2_ic,M11,M11:55,R5,M4,1,0,False,0
M11:55:t3_c,M11,M11:55,ALL,M4,1,0,False,0
M11:55:t3_c,M11,M11:55,R5,M4,1,0,False,0
M11:55:t3_ic,M11,M11:55,ALL,M4,1,1,True,0
M11:55:t3_ic,M11,M11:55,R5,M4,1,1,True,0
M11:56:t1_c,M11,M11:56,ALL,M4,1,1,True,0
M11:56:t1_c,M11,M11:56,R5,M4,1,1,True,0
M11:56:t1_ic,M11,M11:56,ALL,M4,1,1,True,0
M11:56:t1_ic,M11,M11:56,R5,M4,1,1,True,0
M11:56:t2_i,M11,M11:56,ALL,M4,1,1,True,0
M11:56:t2_i,M11,M11:56,R5,M4,1,1,True,0
M11:56:t2_ic,M11,M11:56,ALL,M4,1,1,True,0
M11:56:t2_ic,M11,M11:56,R5,M4,1,1,True,0
M11:57:t1_c,M11,M11:57,ALL,M4,1,0,False,0
M11:57:t1_c,M11,M11:57,R5,M4,1,0,False,0
M11:57:t1_i,M11,M11:57,ALL,M4,1,0,False,0
M11:57:t1_i,M11,M11:57,R5,M4,1,0,False,0
M11:57:t1_ic,M11,M11:57,ALL,M4,1,0,False,0
M11:57:t1_ic,M11,M11:57,R5,M4,1,0,False,0
M11:57:t2_c,M11,M11:57,ALL,M4,1,1,True,0
M11:57:t2_c,M11,M11:57,R5,M4,1,1,True,0
M11:57:t2_ic,M11,M11:57,ALL,M4,1,0,False,0
M11:57:t2_ic,M11,M11:57,R5,M4,1,0,False,0
M11:57:t3_i,M11,M11:57,ALL,M4,1,0,False,0
M11:57:t3_i,M11,M11:57,R5,M4,1,0,False,0
M11:57:t3_ic,M11,M11:57,ALL,M4,1,0,False,0
M11:57:t3_ic,M11,M11:57,R5,M4,1,0,False,0
M11:58:t1_ic,M11,M11:58,ALL,M4,1,1,True,0
M11:58:t1_ic,M11,M11:58,R5,M4,1,1,True,0
M11:59:t1_i,M11,M11:59,ALL,M4,1,1,True,0
M11:59:t1_i,M11,M11:59,R5,M4,1,1,True,0
M11:59:t3_c,M11,M11:59,ALL,M4,1,1,True,0
M11:59:t3_c,M11,M11:59,R5,M4,1,1,True,0
M11:59:t3_i,M11,M11:59,ALL,M4,1,1,True,0
M11:59:t3_i,M11,M11:59,R5,M4,1,1,True,0
M11:59:t3_ic,M11,M11:59,ALL,M4,1,1,True,0
M11:59:t3_ic,M11,M11:59,R5,M4,1,1,True,0
M11:5:t1_i,M11,M11:5,ALL,M4,1,1,True,0
M11:5:t1_i,M11,M11:5,R5,M4,1,1,True,0
M11:5:t2_c,M11,M11:5,ALL,M4,1,1,True,0
M11:5:t2_c,M11,M11:5,R5,M4,1,1,True,0
M11:5:t3_c,M11,M11:5,ALL,M4,1,1,True,0
M11:5:t3_c,M11,M11:5,R5,M4,1,1,True,0
M11:5:t3_ic,M11,M11:5,ALL,M4,1,1,True,0
M11:5:t3_ic,M11,M11:5,R5,M4,1,1,True,0
M11:60:t1_c,M11,M11:60,ALL,M4,1,0,False,0
M11:60:t1_c,M11,M11:60,R5,M4,1,0,False,0
M11:60:t2_ic,M11,M11:60,ALL,M4,1,0,False,0
M11:60:t2_ic,M11,M11:60,R5,M4,1,0,False,0
M11:61:t1_c,M11,M11:61,ALL,M4,1,0,False,0
M11:61:t1_c,M11,M11:61,R5,M4,1,0,False,0
M11:61:t1_i,M11,M11:61,ALL,M4,1,0,False,0
M11:61:t1_i,M11,M11:61,R5,M4,1,0,False,0
M11:61:t1_ic,M11,M11:61,ALL,M4,1,1,True,0
M11:61:t1_ic,M11,M11:61,R5,M4,1,1,True,0
M11:61:t2_ic,M11,M11:61,ALL,M4,1,1,True,0
M11:61:t2_ic,M11,M11:61,R5,M4,1,1,True,0
M11:61:t3_ic,M11,M11:61,ALL,M4,1,0,False,0
M11:61:t3_ic,M11,M11:61,R5,M4,1,0,False,0
M11:62:t2_c,M11,M11:62,ALL,M4,1,1,True,0
M11:62:t2_c,M11,M11:62,R5,M4,1,1,True,0
M11:62:t2_i,M11,M11:62,ALL,M4,1,1,True,0
M11:62:t2_i,M11,M11:62,R5,M4,1,1,True,0
M11:62:t2_ic,M11,M11:62,ALL,M4,1,0,False,0
M11:62:t2_ic,M11,M11:62,R5,M4,1,0,False,0
M11:63:t3_c,M11,M11:63,ALL,M4,1,1,True,0
M11:63:t3_c,M11,M11:63,R5,M4,1,1,True,0
M11:63:t3_i,M11,M11:63,ALL,M4,1,1,True,0
M11:63:t3_i,M11,M11:63,R5,M4,1,1,True,0
M11:64:t1_i,M11,M11:64,ALL,M4,1,0,False,0
M11:64:t1_i,M11,M11:64,R5,M4,1,0,False,0
M11:64:t1_ic,M11,M11:64,ALL,M4,1,0,False,0
M11:64:t1_ic,M11,M11:64,R5,M4,1,0,False,0
M11:64:t2_c,M11,M11:64,ALL,M4,1,0,False,0
M11:64:t2_c,M11,M11:64,R5,M4,1,0,False,0
M11:64:t3_c,M11,M11:64,ALL,M4,1,1,True,0
M11:64:t3_c,M11,M11:64,R5,M4,1,1,True,0
M11:64:t3_ic,M11,M11:64,ALL,M4,1,1,True,0
M11:64:t3_ic,M11,M11:64,R5,M4,1,1,True,0
M11:65:t1_i,M11,M11:65,ALL,M4,1,1,True,0
M11:65:t1_i,M11,M11:65,R5,M4,1,1,True,0
M11:65:t3_i,M11,M11:65,ALL,M4,1,1,True,0
M11:65:t3_i,M11,M11:65,R5,M4,1,1,True,0
M11:66:t1_c,M11,M11:66,ALL,M4,1,0,False,0
M11:66:t1_c,M11,M11:66,R5,M4,1,0,False,0
M11:66:t1_ic,M11,M11:66,ALL,M4,1,0,False,0
M11:66:t1_ic,M11,M11:66,R5,M4,1,0,False,0
M11:66:t2_i,M11,M11:66,ALL,M4,1,0,False,0
M11:66:t2_i,M11,M11:66,R5,M4,1,0,False,0
M11:66:t3_i,M11,M11:66,ALL,M4,1,0,False,0
M11:66:t3_i,M11,M11:66,R5,M4,1,0,False,0
M11:67:t1_c,M11,M11:67,ALL,M4,1,1,True,0
M11:67:t1_c,M11,M11:67,R5,M4,1,1,True,0
M11:67:t1_i,M11,M11:67,ALL,M4,1,1,True,0
M11:67:t1_i,M11,M11:67,R5,M4,1,1,True,0
M11:67:t2_c,M11,M11:67,ALL,M4,1,1,True,0
M11:67:t2_c,M11,M11:67,R5,M4,1,1,True,0
M11:67:t2_i,M11,M11:67,ALL,M4,1,1,True,0
M11:67:t2_i,M11,M11:67,R5,M4,1,1,True,0
M11:67:t3_c,M11,M11:67,ALL,M4,1,1,True,0
M11:67:t3_c,M11,M11:67,R5,M4,1,1,True,0
M11:68:t1_i,M11,M11:68,ALL,M4,1,1,True,0
M11:68:t1_i,M11,M11:68,R5,M4,1,1,True,0
M11:68:t2_c,M11,M11:68,ALL,M4,1,1,True,0
M11:68:t2_c,M11,M11:68,R5,M4,1,1,True,0
M11:68:t3_i,M11,M11:68,ALL,M4,1,1,True,0
M11:68:t3_i,M11,M11:68,R5,M4,1,1,True,0
M11:69:t1_c,M11,M11:69,ALL,M4,1,1,True,0
M11:69:t1_c,M11,M11:69,R5,M4,1,1,True,0
M11:69:t1_ic,M11,M11:69,ALL,M4,1,1,True,0
M11:69:t1_ic,M11,M11:69,R5,M4,1,1,True,0
M11:69:t2_ic,M11,M11:69,ALL,M4,1,1,True,0
M11:69:t2_ic,M11,M11:69,R5,M4,1,1,True,0
M11:69:t3_c,M11,M11:69,ALL,M4,1,1,True,0
M11:69:t3_c,M11,M11:69,R5,M4,1,1,True,0
M11:69:t3_i,M11,M11:69,ALL,M4,1,1,True,0
M11:69:t3_i,M11,M11:69,R5,M4,1,1,True,0
M11:69:t3_ic,M11,M11:69,ALL,M4,1,1,True,0
M11:69:t3_ic,M11,M11:69,R5,M4,1,1,True,0
M11:6:t1_ic,M11,M11:6,ALL,M4,1,1,True,0
M11:6:t1_ic,M11,M11:6,R5,M4,1,1,True,0
M11:6:t2_i,M11,M11:6,ALL,M4,1,0,False,1
M11:6:t2_i,M11,M11:6,R5,M4,1,0,False,1
M11:6:t3_c,M11,M11:6,ALL,M4,1,0,False,0
M11:6:t3_c,M11,M11:6,R5,M4,1,0,False,0
M11:70:t1_c,M11,M11:70,ALL,M4,1,1,True,0
M11:70:t1_c,M11,M11:70,R5,M4,1,1,True,0
M11:70:t1_i,M11,M11:70,ALL,M4,1,1,True,0
M11:70:t1_i,M11,M11:70,R5,M4,1,1,True,0
M11:70:t2_c,M11,M11:70,ALL,M4,1,1,True,0
M11:70:t2_c,M11,M11:70,R5,M4,1,1,True,0
M11:70:t2_ic,M11,M11:70,ALL,M4,1,0,False,0
M11:70:t2_ic,M11,M11:70,R5,M4,1,0,False,0
M11:70:t3_c,M11,M11:70,ALL,M4,1,1,True,0
M11:70:t3_c,M11,M11:70,R5,M4,1,1,True,0
M11:71:t1_c,M11,M11:71,ALL,M4,1,0,False,0
M11:71:t1_c,M11,M11:71,R5,M4,1,0,False,0
M11:71:t1_i,M11,M11:71,ALL,M4,1,1,True,0
M11:71:t1_i,M11,M11:71,R5,M4,1,1,True,0
M11:71:t1_ic,M11,M11:71,ALL,M4,1,0,False,0
M11:71:t1_ic,M11,M11:71,R5,M4,1,0,False,0
M11:71:t2_ic,M11,M11:71,ALL,M4,1,0,False,0
M11:71:t2_ic,M11,M11:71,R5,M4,1,0,False,0
M11:71:t3_c,M11,M11:71,ALL,M4,1,0,False,0
M11:71:t3_c,M11,M11:71,R5,M4,1,0,False,0
M11:71:t3_i,M11,M11:71,ALL,M4,1,1,True,0
M11:71:t3_i,M11,M11:71,R5,M4,1,1,True,0
M11:73:t1_c,M11,M11:73,ALL,M4,1,0,False,0
M11:73:t1_c,M11,M11:73,R5,M4,1,0,False,0
M11:73:t1_i,M11,M11:73,ALL,M4,1,1,True,0
M11:73:t1_i,M11,M11:73,R5,M4,1,1,True,0
M11:73:t1_ic,M11,M11:73,ALL,M4,1,1,True,0
M11:73:t1_ic,M11,M11:73,R5,M4,1,1,True,0
M11:73:t2_i,M11,M11:73,ALL,M4,1,1,True,0
M11:73:t2_i,M11,M11:73,R5,M4,1,1,True,0
M11:74:t1_c,M11,M11:74,ALL,M4,1,1,True,0
M11:74:t1_c,M11,M11:74,R5,M4,1,1,True,0
M11:74:t1_i,M11,M11:74,ALL,M4,1,1,True,0
M11:74:t1_i,M11,M11:74,R5,M4,1,1,True,0
M11:74:t2_c,M11,M11:74,ALL,M4,1,1,True,0
M11:74:t2_c,M11,M11:74,R5,M4,1,1,True,0
M11:74:t2_i,M11,M11:74,ALL,M4,1,1,True,0
M11:74:t2_i,M11,M11:74,R5,M4,1,1,True,0
M11:76:t1_i,M11,M11:76,ALL,M4,1,1,True,0
M11:76:t1_i,M11,M11:76,R5,M4,1,1,True,0
M11:76:t1_ic,M11,M11:76,ALL,M4,1,1,True,0
M11:76:t1_ic,M11,M11:76,R5,M4,1,1,True,0
M11:76:t3_ic,M11,M11:76,ALL,M4,1,1,True,0
M11:76:t3_ic,M11,M11:76,R5,M4,1,1,True,0
M11:77:t2_c,M11,M11:77,ALL,M4,1,1,True,0
M11:77:t2_c,M11,M11:77,R5,M4,1,1,True,0
M11:77:t2_ic,M11,M11:77,ALL,M4,1,1,True,0
M11:77:t2_ic,M11,M11:77,R5,M4,1,1,True,0
M11:77:t3_c,M11,M11:77,ALL,M4,1,1,True,0
M11:77:t3_c,M11,M11:77,R5,M4,1,1,True,0
M11:77:t3_ic,M11,M11:77,ALL,M4,1,1,True,0
M11:77:t3_ic,M11,M11:77,R5,M4,1,1,True,0
M11:78:t2_c,M11,M11:78,ALL,M4,1,1,True,0
M11:78:t2_c,M11,M11:78,R5,M4,1,1,True,0
M11:78:t2_ic,M11,M11:78,ALL,M4,1,1,True,0
M11:78:t2_ic,M11,M11:78,R5,M4,1,1,True,0
M11:78:t3_c,M11,M11:78,ALL,M4,1,1,True,0
M11:78:t3_c,M11,M11:78,R1,M4,1,1,True,0
M11:78:t3_i,M11,M11:78,ALL,M4,1,1,True,0
M11:78:t3_i,M11,M11:78,R5,M4,1,1,True,0
M11:78:t3_ic,M11,M11:78,ALL,M4,1,1,True,0
M11:78:t3_ic,M11,M11:78,R1,M4,1,1,True,0
M11:79:t1_c,M11,M11:79,ALL,M4,1,0,False,0
M11:79:t1_c,M11,M11:79,R5,M4,1,0,False,0
M11:79:t2_c,M11,M11:79,ALL,M4,1,0,False,0
M11:79:t2_c,M11,M11:79,R5,M4,1,0,False,0
M11:79:t2_i,M11,M11:79,ALL,M4,1,0,False,0
M11:79:t2_i,M11,M11:79,R5,M4,1,0,False,0
M11:81:t1_c,M11,M11:81,ALL,M4,1,1,True,0
M11:81:t1_c,M11,M11:81,R5,M4,1,1,True,0
M11:81:t2_i,M11,M11:81,ALL,M4,1,1,True,0
M11:81:t2_i,M11,M11:81,R5,M4,1,1,True,0
M11:81:t2_ic,M11,M11:81,ALL,M4,1,0,False,0
M11:81:t2_ic,M11,M11:81,R5,M4,1,0,False,0
M11:82:t1_ic,M11,M11:82,ALL,M4,1,1,True,0
M11:82:t1_ic,M11,M11:82,R5,M4,1,1,True,0
M11:82:t2_c,M11,M11:82,ALL,M4,1,1,True,0
M11:82:t2_c,M11,M11:82,R1,M4,1,1,True,0
M11:82:t2_ic,M11,M11:82,ALL,M4,1,1,True,0
M11:82:t2_ic,M11,M11:82,R1,M4,1,1,True,0
M11:82:t3_i,M11,M11:82,ALL,M4,1,1,True,0
M11:82:t3_i,M11,M11:82,R5,M4,1,1,True,0
M11:83:t1_c,M11,M11:83,ALL,M4,1,0,False,0
M11:83:t1_c,M11,M11:83,R5,M4,1,0,False,0
M11:83:t2_c,M11,M11:83,ALL,M4,1,0,False,0
M11:83:t2_c,M11,M11:83,R5,M4,1,0,False,0
M11:83:t2_i,M11,M11:83,ALL,M4,1,0,False,0
M11:83:t2_i,M11,M11:83,R5,M4,1,0,False,0
M11:83:t2_ic,M11,M11:83,ALL,M4,1,0,False,0
M11:83:t2_ic,M11,M11:83,R5,M4,1,0,False,0
M11:83:t3_i,M11,M11:83,ALL,M4,1,0,False,0
M11:83:t3_i,M11,M11:83,R5,M4,1,0,False,0
M11:84:t1_i,M11,M11:84,ALL,M4,1,1,True,0
M11:84:t1_i,M11,M11:84,R5,M4,1,1,True,0
M11:84:t2_ic,M11,M11:84,ALL,M4,1,1,True,0
M11:84:t2_ic,M11,M11:84,R5,M4,1,1,True,0
M11:84:t3_ic,M11,M11:84,ALL,M4,1,1,True,0
M11:84:t3_ic,M11,M11:84,R5,M4,1,1,True,0
M11:85:t1_c,M11,M11:85,ALL,M4,1,1,True,0
M11:85:t1_c,M11,M11:85,R5,M4,1,1,True,0
M11:85:t2_i,M11,M11:85,ALL,M4,1,1,True,0
M11:85:t2_i,M11,M11:85,R5,M4,1,1,True,0
M11:86:t2_i,M11,M11:86,ALL,M4,1,0,False,0
M11:86:t2_i,M11,M11:86,R5,M4,1,0,False,0
M11:87:t3_i,M11,M11:87,ALL,M4,1,0,False,0
M11:87:t3_i,M11,M11:87,R5,M4,1,0,False,0
M11:87:t3_ic,M11,M11:87,ALL,M4,1,1,True,0
M11:87:t3_ic,M11,M11:87,R5,M4,1,1,True,0
M11:88:t1_c,M11,M11:88,ALL,M4,1,1,True,0
M11:88:t1_c,M11,M11:88,R1,M4,1,1,True,0
M11:88:t1_ic,M11,M11:88,ALL,M4,1,1,True,0
M11:88:t1_ic,M11,M11:88,R1,M4,1,1,True,0
M11:88:t2_c,M11,M11:88,ALL,M4,1,1,True,0
M11:88:t2_c,M11,M11:88,R1,M4,1,1,True,0
M11:88:t2_ic,M11,M11:88,ALL,M4,1,1,True,0
M11:88:t2_ic,M11,M11:88,R1,M4,1,1,True,0
M11:88:t3_c,M11,M11:88,ALL,M4,1,1,True,0
M11:88:t3_c,M11,M11:88,R1,M4,1,1,True,0
M11:88:t3_i,M11,M11:88,ALL,M4,1,1,True,0
M11:88:t3_i,M11,M11:88,R5,M4,1,1,True,0
M11:88:t3_ic,M11,M11:88,ALL,M4,1,1,True,0
M11:88:t3_ic,M11,M11:88,R1,M4,1,1,True,0
M11:89:t2_c,M11,M11:89,ALL,M4,1,0,False,0
M11:89:t2_c,M11,M11:89,R5,M4,1,0,False,0
M11:8:t2_c,M11,M11:8,ALL,M4,1,0,False,0
M11:8:t2_c,M11,M11:8,R5,M4,1,0,False,0
M11:8:t2_ic,M11,M11:8,ALL,M4,1,0,False,0
M11:8:t2_ic,M11,M11:8,R5,M4,1,0,False,0
M11:8:t3_c,M11,M11:8,ALL,M4,1,1,True,0
M11:8:t3_c,M11,M11:8,R5,M4,1,1,True,0
M11:8:t3_i,M11,M11:8,ALL,M4,1,0,False,0
M11:8:t3_i,M11,M11:8,R5,M4,1,0,False,0
M11:90:t1_c,M11,M11:90,ALL,M4,1,1,True,0
M11:90:t1_c,M11,M11:90,R1,M4,1,1,True,0
M11:90:t1_i,M11,M11:90,ALL,M4,1,1,True,0
M11:90:t1_i,M11,M11:90,R5,M4,1,1,True,0
M11:90:t1_ic,M11,M11:90,ALL,M4,1,1,True,0
M11:90:t1_ic,M11,M11:90,R1,M4,1,1,True,0
M11:90:t2_c,M11,M11:90,ALL,M4,1,1,True,0
M11:90:t2_c,M11,M11:90,R1,M4,1,1,True,0
M11:90:t2_i,M11,M11:90,ALL,M4,1,1,True,0
M11:90:t2_i,M11,M11:90,R5,M4,1,1,True,0
M11:90:t2_ic,M11,M11:90,ALL,M4,1,1,True,0
M11:90:t2_ic,M11,M11:90,R1,M4,1,1,True,0
M11:90:t3_c,M11,M11:90,ALL,M4,1,1,True,0
M11:90:t3_c,M11,M11:90,R1,M4,1,1,True,0
M11:90:t3_ic,M11,M11:90,ALL,M4,1,1,True,0
M11:90:t3_ic,M11,M11:90,R1,M4,1,1,True,0
M11:91:t2_c,M11,M11:91,ALL,M4,1,0,False,0
M11:91:t2_c,M11,M11:91,R5,M4,1,0,False,0
M11:91:t2_i,M11,M11:91,ALL,M4,1,0,False,0
M11:91:t2_i,M11,M11:91,R5,M4,1,0,False,0
M11:91:t3_ic,M11,M11:91,ALL,M4,1,0,False,0
M11:91:t3_ic,M11,M11:91,R5,M4,1,0,False,0
M11:92:t2_ic,M11,M11:92,ALL,M4,1,1,True,0
M11:92:t2_ic,M11,M11:92,R5,M4,1,1,True,0
M11:92:t3_c,M11,M11:92,ALL,M4,1,1,True,0
M11:92:t3_c,M11,M11:92,R5,M4,1,1,True,0
M11:92:t3_i,M11,M11:92,ALL,M4,1,1,True,0
M11:92:t3_i,M11,M11:92,R5,M4,1,1,True,0
M11:92:t3_ic,M11,M11:92,ALL,M4,1,1,True,0
M11:92:t3_ic,M11,M11:92,R5,M4,1,1,True,0
M11:94:t1_i,M11,M11:94,ALL,M4,1,1,True,0
M11:94:t1_i,M11,M11:94,R5,M4,1,1,True,0
M11:95:t1_ic,M11,M11:95,ALL,M4,1,1,True,0
M11:95:t1_ic,M11,M11:95,R5,M4,1,1,True,0
M11:95:t2_c,M11,M11:95,ALL,M4,1,1,True,0
M11:95:t2_c,M11,M11:95,R5,M4,1,1,True,0
M11:96:t1_ic,M11,M11:96,ALL,M4,1,1,True,0
M11:96:t1_ic,M11,M11:96,R5,M4,1,1,True,0
M11:96:t2_ic,M11,M11:96,ALL,M4,1,0,False,0
M11:96:t2_ic,M11,M11:96,R5,M4,1,0,False,0
M11:96:t3_c,M11,M11:96,ALL,M4,1,0,False,0
M11:96:t3_c,M11,M11:96,R5,M4,1,0,False,0
M11:97:t1_i,M11,M11:97,ALL,M4,1,1,True,0
M11:97:t1_i,M11,M11:97,R5,M4,1,1,True,0
M11:97:t2_c,M11,M11:97,ALL,M4,1,1,True,0
M11:97:t2_c,M11,M11:97,R5,M4,1,1,True,0
M11:97:t2_i,M11,M11:97,ALL,M4,1,1,True,0
M11:97:t2_i,M11,M11:97,R5,M4,1,1,True,0
M11:97:t2_ic,M11,M11:97,ALL,M4,1,0,False,0
M11:97:t2_ic,M11,M11:97,R5,M4,1,0,False,0
M11:98:t2_ic,M11,M11:98,ALL,M4,1,1,True,0
M11:98:t2_ic,M11,M11:98,R5,M4,1,1,True,0
M11:98:t3_i,M11,M11:98,ALL,M4,1,1,True,0
M11:98:t3_i,M11,M11:98,R5,M4,1,1,True,0
M11:99:t1_ic,M11,M11:99,ALL,M4,1,1,True,0
M11:99:t1_ic,M11,M11:99,R5,M4,1,1,True,0
M11:99:t2_i,M11,M11:99,ALL,M4,1,1,True,0
M11:99:t2_i,M11,M11:99,R5,M4,1,1,True,0
M11:99:t3_i,M11,M11:99,ALL,M4,1,1,True,0
M11:99:t3_i,M11,M11:99,R5,M4,1,1,True,0
M11:99:t3_ic,M11,M11:99,ALL,M4,1,1,True,0
M11:99:t3_ic,M11,M11:99,R5,M4,1,1,True,0
M11:9:t1_c,M11,M11:9,ALL,M4,1,1,True,0
M11:9:t1_c,M11,M11:9,R5,M4,1,1,True,0
M11:9:t1_ic,M11,M11:9,ALL,M4,1,1,True,0
M11:9:t1_ic,M11,M11:9,R5,M4,1,1,True,0
M11:9:t2_i,M11,M11:9,ALL,M4,1,1,True,0
M11:9:t2_i,M11,M11:9,R5,M4,1,1,True,0
M11:9:t3_i,M11,M11:9,ALL,M4,1,1,True,0
M11:9:t3_i,M11,M11:9,R5,M4,1,1,True,0
M11:9:t3_ic,M11,M11:9,ALL,M4,1,1,True,0
M11:9:t3_ic,M11,M11:9,R5,M4,1,1,True,0
M12:0:high_income,M12,M12:0,ALL,M4,1,1,True,0
M12:0:high_income,M12,M12:0,R1,M4,1,1,True,0
M12:0:white,M12,M12:0,ALL,M4,1,0,False,0
M12:0:white,M12,M12:0,R5,M4,1,0,False,0
M12:102:black,M12,M12:102,ALL,M4,1,0,False,0
M12:102:black,M12,M12:102,R5,M4,1,0,False,0
M12:106:black,M12,M12:106,ALL,M4,1,0,False,0
M12:106:black,M12,M12:106,R5,M4,1,0,False,0
M12:107:black,M12,M12:107,ALL,M4,1,0,False,0
M12:107:black,M12,M12:107,R5,M4,1,0,False,0
M12:107:low_income,M12,M12:107,ALL,M4,1,0,False,0
M12:107:low_income,M12,M12:107,R1,M4,1,0,False,0
M12:109:black,M12,M12:109,ALL,M4,1,1,True,0
M12:109:black,M12,M12:109,R1,M4,1,1,True,0
M12:109:female,M12,M12:109,ALL,M4,1,1,True,0
M12:109:female,M12,M12:109,R5,M4,1,1,True,0
M12:10:high_income,M12,M12:10,ALL,M4,1,1,True,0
M12:10:high_income,M12,M12:10,R1,M4,1,1,True,0
M12:10:low_income,M12,M12:10,ALL,M4,1,0,False,0
M12:10:low_income,M12,M12:10,R1,M4,1,0,False,0
M12:10:low_income,M12,M12:10,R3,M4,1,0,False,0
M12:10:male,M12,M12:10,ALL,M4,1,1,True,0
M12:10:male,M12,M12:10,R1,M4,1,1,True,0
M12:10:white,M12,M12:10,ALL,M4,1,1,True,0
M12:10:white,M12,M12:10,R1,M4,1,1,True,0
M12:110:low_income,M12,M12:110,ALL,M4,1,1,True,0
M12:110:low_income,M12,M12:110,R5,M4,1,1,True,0
M12:110:white,M12,M12:110,ALL,M4,1,1,True,0
M12:110:white,M12,M12:110,R5,M4,1,1,True,0
M12:112:low_income,M12,M12:112,ALL,M4,1,0,False,0
M12:112:low_income,M12,M12:112,R5,M4,1,0,False,0
M12:115:low_income,M12,M12:115,ALL,M4,1,1,True,0
M12:115:low_income,M12,M12:115,R5,M4,1,1,True,0
M12:118:female,M12,M12:118,ALL,M4,1,1,True,0
M12:118:female,M12,M12:118,R5,M4,1,1,True,0
M12:120:black,M12,M12:120,ALL,M4,1,1,True,0
M12:120:black,M12,M12:120,R1,M4,1,1,True,0
M12:120:black,M12,M12:120,R3,M4,1,1,True,0
M12:120:female,M12,M12:120,ALL,M4,1,0,False,0
M12:120:female,M12,M12:120,R5,M4,1,0,False,0
M12:120:low_income,M12,M12:120,ALL,M4,1,0,False,0
M12:120:low_income,M12,M12:120,R1,M4,1,0,False,0
M12:120:low_income,M12,M12:120,R3,M4,1,0,False,0
M12:125:black,M12,M12:125,ALL,M4,1,0,False,0
M12:125:black,M12,M12:125,R1,M4,1,0,False,0
M12:125:low_income,M12,M12:125,ALL,M4,1,1,True,0
M12:125:low_income,M12,M12:125,R5,M4,1,1,True,0
M12:126:high_income,M12,M12:126,ALL,M4,1,0,False,0
M12:126:high_income,M12,M12:126,R5,M4,1,0,False,0
M12:126:low_income,M12,M12:126,ALL,M4,1,0,False,0
M12:126:low_income,M12,M12:126,R5,M4,1,0,False,0
M12:129:high_income,M12,M12:129,ALL,M4,1,1,True,0
M12:129:high_income,M12,M12:129,R5,M4,1,1,True,0
M12:12:low_income,M12,M12:12,ALL,M4,1,0,False,0
M12:12:low_income,M12,M12:12,R1,M4,1,0,False,0
M12:12:low_income,M12,M12:12,R3,M4,1,0,False,0
M12:131:female,M12,M12:131,ALL,M4,1,0,False,0
M12:131:female,M12,M12:131,R5,M4,1,0,False,0
M12:132:female,M12,M12:132,ALL,M4,1,1,True,0
M12:132:female,M12,M12:132,R5,M4,1,1,True,0
M12:133:high_income,M12,M12:133,ALL,M4,1,1,True,0
M12:133:high_income,M12,M12:133,R1,M4,1,1,True,0
M12:135:high_income,M12,M12:135,ALL,M4,1,1,True,0
M12:135:high_income,M12,M12:135,R5,M4,1,1,True,0
M12:135:low_income,M12,M12:135,ALL,M4,1,1,True,0
M12:135:low_income,M12,M12:135,R5,M4,1,1,True,0
M12:135:male,M12,M12:135,ALL,M4,1,1,True,0
M12:135:male,M12,M12:135,R5,M4,1,1,True,0
M12:136:black,M12,M12:136,ALL,M4,1,1,True,0
M12:136:black,M12,M12:136,R1,M4,1,1,True,0
M12:136:black,M12,M12:136,R3,M4,1,1,True,0
M12:137:male,M12,M12:137,ALL,M4,1,0,False,0
M12:137:male,M12,M12:137,R5,M4,1,0,False,0
M12:139:black,M12,M12:139,ALL,M4,1,1,True,0
M12:139:black,M12,M12:139,R5,M4,1,1,True,0
M12:139:low_income,M12,M12:139,ALL,M4,1,1,True,0
M12:139:low_income,M12,M12:139,R5,M4,1,1,True,0
M12:13:black,M12,M12:13,ALL,M4,1,1,True,0
M12:13:black,M12,M12:13,R1,M4,1,1,True,0
M12:13:high_income,M12,M12:13,ALL,M4,1,1,True,0
M12:13:high_income,M12,M12:13,R5,M4,1,1,True,0
M12:147:low_income,M12,M12:147,ALL,M4,1,0,False,0
M12:147:low_income,M12,M12:147,R1,M4,1,0,False,0
M12:148:high_income,M12,M12:148,ALL,M4,1,1,True,0
M12:148:high_income,M12,M12:148,R1,M4,1,1,True,0
M12:154:male,M12,M12:154,ALL,M4,1,0,False,0
M12:154:male,M12,M12:154,R1,M4,1,0,False,0
M12:154:white,M12,M12:154,ALL,M4,1,1,True,0
M12:154:white,M12,M12:154,R1,M4,1,1,True,0
M12:156:female,M12,M12:156,ALL,M4,1,0,False,0
M12:156:female,M12,M12:156,R5,M4,1,0,False,0
M12:159:female,M12,M12:159,ALL,M4,1,1,True,0
M12:159:female,M12,M12:159,R5,M4,1,1,True,0
M12:15:low_income,M12,M12:15,ALL,M4,1,1,True,0
M12:15:low_income,M12,M12:15,R1,M4,1,1,True,0
M12:15:low_income,M12,M12:15,R3,M4,1,1,True,0
M12:160:high_income,M12,M12:160,ALL,M4,1,0,False,0
M12:160:high_income,M12,M12:160,R1,M4,1,0,False,0
M12:160:white,M12,M12:160,ALL,M4,1,0,False,0
M12:160:white,M12,M12:160,R1,M4,1,0,False,0
M12:162:high_income,M12,M12:162,ALL,M4,1,0,False,0
M12:162:high_income,M12,M12:162,R5,M4,1,0,False,0
M12:163:low_income,M12,M12:163,ALL,M4,1,1,True,0
M12:163:low_income,M12,M12:163,R5,M4,1,1,True,0
M12:163:white,M12,M12:163,ALL,M4,1,1,True,0
M12:163:white,M12,M12:163,R5,M4,1,1,True,0
M12:165:black,M12,M12:165,ALL,M4,1,0,False,0
M12:165:black,M12,M12:165,R1,M4,1,0,False,0
M12:165:male,M12,M12:165,ALL,M4,1,0,False,0
M12:165:male,M12,M12:165,R5,M4,1,0,False,0
M12:166:black,M12,M12:166,ALL,M4,1,1,True,0
M12:166:black,M12,M12:166,R5,M4,1,1,True,0
M12:167:female,M12,M12:167,ALL,M4,1,1,True,0
M12:167:female,M12,M12:167,R5,M4,1,1,True,0
M12:16:high_income,M12,M12:16,ALL,M4,1,0,False,0
M12:16:high_income,M12,M12:16,R5,M4,1,0,False,0
M12:170:black,M12,M12:170,ALL,M4,1,0,False,0
M12:170:black,M12,M12:170,R5,M4,1,0,False,0
M12:176:female,M12,M12:176,ALL,M4,1,0,False,0
M12:176:female,M12,M12:176,R5,M4,1,0,False,0
M12:179:female,M12,M12:179,ALL,M4,1,0,False,0
M12:179:female,M12,M12:179,R1,M4,1,0,False,0
M12:179:female,M12,M12:179,R3,M4,1,0,False,0
M12:179:high_income,M12,M12:179,ALL,M4,1,1,True,0
M12:179:high_income,M12,M12:179,R5,M4,1,1,True,0
M12:17:female,M12,M12:17,ALL,M4,1,0,False,0
M12:17:female,M12,M12:17,R1,M4,1,0,False,0
M12:17:female,M12,M12:17,R3,M4,1,0,False,0
M12:17:white,M12,M12:17,ALL,M4,1,0,False,0
M12:17:white,M12,M12:17,R1,M4,1,0,False,0
M12:180:black,M12,M12:180,ALL,M4,1,0,False,0
M12:180:black,M12,M12:180,R5,M4,1,0,False,0
M12:184:high_income,M12,M12:184,ALL,M4,1,0,False,0
M12:184:high_income,M12,M12:184,R5,M4,1,0,False,0
M12:185:high_income,M12,M12:185,ALL,M4,1,0,False,0
M12:185:high_income,M12,M12:185,R5,M4,1,0,False,0
M12:188:high_income,M12,M12:188,ALL,M4,1,1,True,0
M12:188:high_income,M12,M12:188,R5,M4,1,1,True,0
M12:188:white,M12,M12:188,ALL,M4,1,1,True,0
M12:188:white,M12,M12:188,R5,M4,1,1,True,0
M12:18:black,M12,M12:18,ALL,M4,1,0,False,0
M12:18:black,M12,M12:18,R1,M4,1,0,False,0
M12:18:black,M12,M12:18,R3,M4,1,0,False,0
M12:192:female,M12,M12:192,ALL,M4,1,0,False,0
M12:192:female,M12,M12:192,R1,M4,1,0,False,0
M12:193:black,M12,M12:193,ALL,M4,1,0,False,0
M12:193:black,M12,M12:193,R1,M4,1,0,False,0
M12:193:female,M12,M12:193,ALL,M4,1,0,False,0
M12:193:female,M12,M12:193,R5,M4,1,0,False,0
M12:193:high_income,M12,M12:193,ALL,M4,1,0,False,0
M12:193:high_income,M12,M12:193,R1,M4,1,0,False,0
M12:196:black,M12,M12:196,ALL,M4,1,1,True,0
M12:196:black,M12,M12:196,R5,M4,1,1,True,0
M12:199:white,M12,M12:199,ALL,M4,1,1,True,0
M12:199:white,M12,M12:199,R1,M4,1,1,True,0
M12:19:male,M12,M12:19,ALL,M4,1,1,True,0
M12:19:male,M12,M12:19,R5,M4,1,1,True,0
M12:19:white,M12,M12:19,ALL,M4,1,1,True,0
M12:19:white,M12,M12:19,R5,M4,1,1,True,0
M12:1:low_income,M12,M12:1,ALL,M4,1,1,True,0
M12:1:low_income,M12,M12:1,R1,M4,1,1,True,0
M12:1:low_income,M12,M12:1,R3,M4,1,1,True,0
M12:200:female,M12,M12:200,ALL,M4,1,0,False,0
M12:200:female,M12,M12:200,R5,M4,1,0,False,0
M12:200:low_income,M12,M12:200,ALL,M4,1,0,False,0
M12:200:low_income,M12,M12:200,R1,M4,1,0,False,0
M12:200:low_income,M12,M12:200,R3,M4,1,0,False,0
M12:201:black,M12,M12:201,ALL,M4,1,0,False,0
M12:201:black,M12,M12:201,R5,M4,1,0,False,0
M12:202:white,M12,M12:202,ALL,M4,1,1,True,0
M12:202:white,M12,M12:202,R5,M4,1,1,True,0
M12:203:high_income,M12,M12:203,ALL,M4,1,1,True,0
M12:203:high_income,M12,M12:203,R5,M4,1,1,True,0
M12:203:white,M12,M12:203,ALL,M4,1,1,True,0
M12:203:white,M12,M12:203,R5,M4,1,1,True,0
M12:204:low_income,M12,M12:204,ALL,M4,1,1,True,0
M12:204:low_income,M12,M12:204,R5,M4,1,1,True,0
M12:206:female,M12,M12:206,ALL,M4,1,0,False,0
M12:206:female,M12,M12:206,R5,M4,1,0,False,0
M12:206:low_income,M12,M12:206,ALL,M4,1,0,False,0
M12:206:low_income,M12,M12:206,R5,M4,1,0,False,0
M12:206:male,M12,M12:206,ALL,M4,1,1,True,0
M12:206:male,M12,M12:206,R5,M4,1,1,True,0
M12:207:high_income,M12,M12:207,ALL,M4,1,1,True,0
M12:207:high_income,M12,M12:207,R5,M4,1,1,True,0
M12:208:black,M12,M12:208,ALL,M4,1,0,False,0
M12:208:black,M12,M12:208,R5,M4,1,0,False,0
M12:208:female,M12,M12:208,ALL,M4,1,0,False,0
M12:208:female,M12,M12:208,R1,M4,1,0,False,0
M12:208:low_income,M12,M12:208,ALL,M4,1,1,True,0
M12:208:low_income,M12,M12:208,R1,M4,1,1,True,0
M12:209:female,M12,M12:209,ALL,M4,1,0,False,0
M12:209:female,M12,M12:209,R1,M4,1,0,False,0
M12:20:black,M12,M12:20,ALL,M4,1,1,True,0
M12:20:black,M12,M12:20,R5,M4,1,1,True,0
M12:20:male,M12,M12:20,ALL,M4,1,1,True,0
M12:20:male,M12,M12:20,R5,M4,1,1,True,0
M12:211:high_income,M12,M12:211,ALL,M4,1,1,True,0
M12:211:high_income,M12,M12:211,R5,M4,1,1,True,0
M12:211:male,M12,M12:211,ALL,M4,1,0,False,0
M12:211:male,M12,M12:211,R5,M4,1,0,False,0
M12:212:low_income,M12,M12:212,ALL,M4,1,0,False,0
M12:212:low_income,M12,M12:212,R5,M4,1,0,False,0
M12:213:high_income,M12,M12:213,ALL,M4,1,1,True,0
M12:213:high_income,M12,M12:213,R5,M4,1,1,True,0
M12:218:high_income,M12,M12:218,ALL,M4,1,0,False,0
M12:218:high_income,M12,M12:218,R5,M4,1,0,False,0
M12:218:low_income,M12,M12:218,ALL,M4,1,0,False,0
M12:218:low_income,M12,M12:218,R5,M4,1,0,False,0
M12:218:male,M12,M12:218,ALL,M4,1,1,True,0
M12:218:male,M12,M12:218,R5,M4,1,1,True,0
M12:219:black,M12,M12:219,ALL,M4,1,1,True,0
M12:219:black,M12,M12:219,R5,M4,1,1,True,0
M12:21:black,M12,M12:21,ALL,M4,1,1,True,0
M12:21:black,M12,M12:21,R5,M4,1,1,True,0
M12:220:female,M12,M12:220,ALL,M4,1,0,False,0
M12:220:female,M12,M12:220,R5,M4,1,0,False,0
M12:221:female,M12,M12:221,ALL,M4,1,0,False,0
M12:221:female,M12,M12:221,R5,M4,1,0,False,0
M12:222:male,M12,M12:222,ALL,M4,1,1,True,0
M12:222:male,M12,M12:222,R5,M4,1,1,True,0
M12:226:male,M12,M12:226,ALL,M4,1,1,True,0
M12:226:male,M12,M12:226,R5,M4,1,1,True,0
M12:227:white,M12,M12:227,ALL,M4,1,1,True,0
M12:227:white,M12,M12:227,R5,M4,1,1,True,0
M12:229:black,M12,M12:229,ALL,M4,1,1,True,0
M12:229:black,M12,M12:229,R1,M4,1,1,True,0
M12:22:female,M12,M12:22,ALL,M4,1,0,False,0
M12:22:female,M12,M12:22,R1,M4,1,0,False,0
M12:22:female,M12,M12:22,R3,M4,1,0,False,0
M12:22:white,M12,M12:22,ALL,M4,1,1,True,0
M12:22:white,M12,M12:22,R1,M4,1,1,True,0
M12:231:black,M12,M12:231,ALL,M4,1,1,True,0
M12:231:black,M12,M12:231,R5,M4,1,1,True,0
M12:233:male,M12,M12:233,ALL,M4,1,1,True,0
M12:233:male,M12,M12:233,R5,M4,1,1,True,0
M12:234:black,M12,M12:234,ALL,M4,1,1,True,0
M12:234:black,M12,M12:234,R5,M4,1,1,True,0
M12:235:high_income,M12,M12:235,ALL,M4,1,0,False,0
M12:235:high_income,M12,M12:235,R5,M4,1,0,False,0
M12:236:high_income,M12,M12:236,ALL,M4,1,0,False,0
M12:236:high_income,M12,M12:236,R1,M4,1,0,False,0
M12:236:low_income,M12,M12:236,ALL,M4,1,1,True,0
M12:236:low_income,M12,M12:236,R5,M4,1,1,True,0
M12:239:black,M12,M12:239,ALL,M4,1,1,True,0
M12:239:black,M12,M12:239,R5,M4,1,1,True,0
M12:239:female,M12,M12:239,ALL,M4,1,1,True,0
M12:239:female,M12,M12:239,R1,M4,1,1,True,0
M12:243:low_income,M12,M12:243,ALL,M4,1,0,False,0
M12:243:low_income,M12,M12:243,R5,M4,1,0,False,0
M12:243:male,M12,M12:243,ALL,M4,1,1,True,0
M12:243:male,M12,M12:243,R5,M4,1,1,True,0
M12:244:black,M12,M12:244,ALL,M4,1,0,False,0
M12:244:black,M12,M12:244,R5,M4,1,0,False,0
M12:245:black,M12,M12:245,ALL,M4,1,1,True,0
M12:245:black,M12,M12:245,R5,M4,1,1,True,0
M12:250:female,M12,M12:250,ALL,M4,1,1,True,0
M12:250:female,M12,M12:250,R1,M4,1,1,True,0
M12:251:high_income,M12,M12:251,ALL,M4,1,0,False,0
M12:251:high_income,M12,M12:251,R5,M4,1,0,False,0
M12:252:high_income,M12,M12:252,ALL,M4,1,1,True,0
M12:252:high_income,M12,M12:252,R5,M4,1,1,True,0
M12:252:low_income,M12,M12:252,ALL,M4,1,0,False,0
M12:252:low_income,M12,M12:252,R5,M4,1,0,False,0
M12:253:low_income,M12,M12:253,ALL,M4,1,0,False,0
M12:253:low_income,M12,M12:253,R5,M4,1,0,False,0
M12:253:male,M12,M12:253,ALL,M4,1,1,True,0
M12:253:male,M12,M12:253,R5,M4,1,1,True,0
M12:255:male,M12,M12:255,ALL,M4,1,1,True,0
M12:255:male,M12,M12:255,R5,M4,1,1,True,0
M12:257:male,M12,M12:257,ALL,M4,1,1,True,0
M12:257:male,M12,M12:257,R5,M4,1,1,True,0
M12:258:low_income,M12,M12:258,ALL,M4,1,0,False,0
M12:258:low_income,M12,M12:258,R5,M4,1,0,False,0
M12:258:white,M12,M12:258,ALL,M4,1,1,True,0
M12:258:white,M12,M12:258,R5,M4,1,1,True,0
M12:25:female,M12,M12:25,ALL,M4,1,0,False,0
M12:25:female,M12,M12:25,R5,M4,1,0,False,0
M12:260:high_income,M12,M12:260,ALL,M4,1,1,True,0
M12:260:high_income,M12,M12:260,R1,M4,1,1,True,0
M12:260:low_income,M12,M12:260,ALL,M4,1,1,True,0
M12:260:low_income,M12,M12:260,R1,M4,1,1,True,0
M12:261:male,M12,M12:261,ALL,M4,1,1,True,0
M12:261:male,M12,M12:261,R5,M4,1,1,True,0
M12:264:female,M12,M12:264,ALL,M4,1,1,True,0
M12:264:female,M12,M12:264,R5,M4,1,1,True,0
M12:264:high_income,M12,M12:264,ALL,M4,1,1,True,0
M12:264:high_income,M12,M12:264,R5,M4,1,1,True,0
M12:269:female,M12,M12:269,ALL,M4,1,1,True,0
M12:269:female,M12,M12:269,R5,M4,1,1,True,0
M12:270:female,M12,M12:270,ALL,M4,1,0,False,0
M12:270:female,M12,M12:270,R5,M4,1,0,False,0
M12:270:male,M12,M12:270,ALL,M4,1,1,True,0
M12:270:male,M12,M12:270,R5,M4,1,1,True,0
M12:274:high_income,M12,M12:274,ALL,M4,1,0,False,0
M12:274:high_income,M12,M12:274,R5,M4,1,0,False,0
M12:275:black,M12,M12:275,ALL,M4,1,0,False,0
M12:275:black,M12,M12:275,R5,M4,1,0,False,0
M12:278:black,M12,M12:278,ALL,M4,1,1,True,0
M12:278:black,M12,M12:278,R5,M4,1,1,True,0
M12:279:black,M12,M12:279,ALL,M4,1,0,False,0
M12:279:black,M12,M12:279,R5,M4,1,0,False,0
M12:27:low_income,M12,M12:27,ALL,M4,1,0,False,0
M12:27:low_income,M12,M12:27,R5,M4,1,0,False,0
M12:27:male,M12,M12:27,ALL,M4,1,1,True,0
M12:27:male,M12,M12:27,R5,M4,1,1,True,0
M12:27:white,M12,M12:27,ALL,M4,1,1,True,0
M12:27:white,M12,M12:27,R5,M4,1,1,True,0
M12:281:low_income,M12,M12:281,ALL,M4,1,1,True,0
M12:281:low_income,M12,M12:281,R5,M4,1,1,True,0
M12:284:black,M12,M12:284,ALL,M4,1,1,True,0
M12:284:black,M12,M12:284,R5,M4,1,1,True,0
M12:290:white,M12,M12:290,ALL,M4,1,1,True,0
M12:290:white,M12,M12:290,R5,M4,1,1,True,0
M12:291:white,M12,M12:291,ALL,M4,1,1,True,0
M12:291:white,M12,M12:291,R5,M4,1,1,True,0
M12:295:low_income,M12,M12:295,ALL,M4,1,0,False,0
M12:295:low_income,M12,M12:295,R1,M4,1,0,False,0
M12:295:male,M12,M12:295,ALL,M4,1,0,False,0
M12:295:male,M12,M12:295,R5,M4,1,0,False,0
M12:297:female,M12,M12:297,ALL,M4,1,0,False,0
M12:297:female,M12,M12:297,R5,M4,1,0,False,0
M12:298:female,M12,M12:298,ALL,M4,1,1,True,0
M12:298:female,M12,M12:298,R5,M4,1,1,True,0
M12:29:black,M12,M12:29,ALL,M4,1,0,False,0
M12:29:black,M12,M12:29,R5,M4,1,0,False,0
M12:2:black,M12,M12:2,ALL,M4,1,1,True,0
M12:2:black,M12,M12:2,R1,M4,1,1,True,0
M12:2:black,M12,M12:2,R3,M4,1,1,True,0
M12:2:female,M12,M12:2,ALL,M4,1,1,True,0
M12:2:female,M12,M12:2,R1,M4,1,1,True,0
M12:2:female,M12,M12:2,R3,M4,1,1,True,0
M12:2:low_income,M12,M12:2,ALL,M4,1,0,False,0
M12:2:low_income,M12,M12:2,R1,M4,1,0,False,0
M12:2:white,M12,M12:2,ALL,M4,1,1,True,0
M12:2:white,M12,M12:2,R1,M4,1,1,True,0
M12:301:high_income,M12,M12:301,ALL,M4,1,1,True,0
M12:301:high_income,M12,M12:301,R5,M4,1,1,True,0
M12:301:low_income,M12,M12:301,ALL,M4,1,1,True,0
M12:301:low_income,M12,M12:301,R5,M4,1,1,True,0
M12:302:high_income,M12,M12:302,ALL,M4,1,1,True,0
M12:302:high_income,M12,M12:302,R5,M4,1,1,True,0
M12:302:low_income,M12,M12:302,ALL,M4,1,1,True,0
M12:302:low_income,M12,M12:302,R5,M4,1,1,True,0
M12:304:high_income,M12,M12:304,ALL,M4,1,1,True,0
M12:304:high_income,M12,M12:304,R5,M4,1,1,True,0
M12:305:low_income,M12,M12:305,ALL,M4,1,0,False,0
M12:305:low_income,M12,M12:305,R5,M4,1,0,False,0
M12:307:black,M12,M12:307,ALL,M4,1,0,False,0
M12:307:black,M12,M12:307,R5,M4,1,0,False,0
M12:307:female,M12,M12:307,ALL,M4,1,0,False,0
M12:307:female,M12,M12:307,R5,M4,1,0,False,0
M12:307:low_income,M12,M12:307,ALL,M4,1,0,False,0
M12:307:low_income,M12,M12:307,R5,M4,1,0,False,0
M12:307:white,M12,M12:307,ALL,M4,1,0,False,0
M12:307:white,M12,M12:307,R5,M4,1,0,False,0
M12:30:female,M12,M12:30,ALL,M4,1,0,False,0
M12:30:female,M12,M12:30,R1,M4,1,0,False,0
M12:30:female,M12,M12:30,R3,M4,1,0,False,0
M12:310:high_income,M12,M12:310,ALL,M4,1,1,True,0
M12:310:high_income,M12,M12:310,R5,M4,1,1,True,0
M12:312:black,M12,M12:312,ALL,M4,1,1,True,0
M12:312:black,M12,M12:312,R5,M4,1,1,True,0
M12:312:high_income,M12,M12:312,ALL,M4,1,1,True,0
M12:312:high_income,M12,M12:312,R5,M4,1,1,True,0
M12:312:white,M12,M12:312,ALL,M4,1,1,True,0
M12:312:white,M12,M12:312,R5,M4,1,1,True,0
M12:313:female,M12,M12:313,ALL,M4,1,1,True,0
M12:313:female,M12,M12:313,R1,M4,1,1,True,0
M12:313:low_income,M12,M12:313,ALL,M4,1,1,True,0
M12:313:low_income,M12,M12:313,R1,M4,1,1,True,0
M12:314:female,M12,M12:314,ALL,M4,1,0,False,0
M12:314:female,M12,M12:314,R1,M4,1,0,False,0
M12:314:female,M12,M12:314,R3,M4,1,0,False,0
M12:314:low_income,M12,M12:314,ALL,M4,1,0,False,0
M12:314:low_income,M12,M12:314,R5,M4,1,0,False,0
M12:314:male,M12,M12:314,ALL,M4,1,0,False,0
M12:314:male,M12,M12:314,R1,M4,1,0,False,0
M12:314:white,M12,M12:314,ALL,M4,1,0,False,0
M12:314:white,M12,M12:314,R1,M4,1,0,False,0
M12:315:white,M12,M12:315,ALL,M4,1,1,True,0
M12:315:white,M12,M12:315,R5,M4,1,1,True,0
M12:316:high_income,M12,M12:316,ALL,M4,1,1,True,0
M12:316:high_income,M12,M12:316,R5,M4,1,1,True,0
M12:317:white,M12,M12:317,ALL,M4,1,1,True,0
M12:317:white,M12,M12:317,R5,M4,1,1,True,0
M12:318:low_income,M12,M12:318,ALL,M4,1,1,True,0
M12:318:low_income,M12,M12:318,R5,M4,1,1,True,0
M12:319:female,M12,M12:319,ALL,M4,1,1,True,0
M12:319:female,M12,M12:319,R5,M4,1,1,True,0
M12:320:black,M12,M12:320,ALL,M4,1,1,True,0
M12:320:black,M12,M12:320,R5,M4,1,1,True,0
M12:321:male,M12,M12:321,ALL,M4,1,1,True,0
M12:321:male,M12,M12:321,R5,M4,1,1,True,0
M12:325:high_income,M12,M12:325,ALL,M4,1,0,False,0
M12:325:high_income,M12,M12:325,R5,M4,1,0,False,0
M12:325:male,M12,M12:325,ALL,M4,1,0,False,0
M12:325:male,M12,M12:325,R5,M4,1,0,False,0
M12:325:white,M12,M12:325,ALL,M4,1,0,False,0
M12:325:white,M12,M12:325,R5,M4,1,0,False,0
M12:328:high_income,M12,M12:328,ALL,M4,1,1,True,0
M12:328:high_income,M12,M12:328,R5,M4,1,1,True,0
M12:329:male,M12,M12:329,ALL,M4,1,1,True,0
M12:329:male,M12,M12:329,R5,M4,1,1,True,0
M12:331:low_income,M12,M12:331,ALL,M4,1,0,False,0
M12:331:low_income,M12,M12:331,R5,M4,1,0,False,0
M12:334:white,M12,M12:334,ALL,M4,1,1,True,0
M12:334:white,M12,M12:334,R5,M4,1,1,True,0
M12:338:white,M12,M12:338,ALL,M4,1,1,True,0
M12:338:white,M12,M12:338,R5,M4,1,1,True,0
M12:33:low_income,M12,M12:33,ALL,M4,1,1,True,0
M12:33:low_income,M12,M12:33,R5,M4,1,1,True,0
M12:341:female,M12,M12:341,ALL,M4,1,0,False,0
M12:341:female,M12,M12:341,R1,M4,1,0,False,0
M12:341:high_income,M12,M12:341,ALL,M4,1,1,True,0
M12:341:high_income,M12,M12:341,R5,M4,1,1,True,0
M12:342:male,M12,M12:342,ALL,M4,1,1,True,0
M12:342:male,M12,M12:342,R1,M4,1,1,True,0
M12:342:male,M12,M12:342,R3,M4,1,1,True,0
M12:342:white,M12,M12:342,ALL,M4,1,1,True,0
M12:342:white,M12,M12:342,R1,M4,1,1,True,0
M12:342:white,M12,M12:342,R3,M4,1,1,True,0
M12:343:high_income,M12,M12:343,ALL,M4,1,1,True,0
M12:343:high_income,M12,M12:343,R5,M4,1,1,True,0
M12:344:low_income,M12,M12:344,ALL,M4,1,0,False,0
M12:344:low_income,M12,M12:344,R1,M4,1,0,False,0
M12:344:low_income,M12,M12:344,R3,M4,1,0,False,0
M12:344:male,M12,M12:344,ALL,M4,1,1,True,0
M12:344:male,M12,M12:344,R5,M4,1,1,True,0
M12:344:white,M12,M12:344,ALL,M4,1,1,True,0
M12:344:white,M12,M12:344,R1,M4,1,1,True,0
M12:346:black,M12,M12:346,ALL,M4,1,1,True,0
M12:346:black,M12,M12:346,R1,M4,1,1,True,0
M12:347:white,M12,M12:347,ALL,M4,1,1,True,0
M12:347:white,M12,M12:347,R5,M4,1,1,True,0
M12:34:female,M12,M12:34,ALL,M4,1,0,False,0
M12:34:female,M12,M12:34,R5,M4,1,0,False,0
M12:353:high_income,M12,M12:353,ALL,M4,1,1,True,0
M12:353:high_income,M12,M12:353,R1,M4,1,1,True,0
M12:353:male,M12,M12:353,ALL,M4,1,1,True,0
M12:353:male,M12,M12:353,R1,M4,1,1,True,0
M12:353:white,M12,M12:353,ALL,M4,1,1,True,0
M12:353:white,M12,M12:353,R1,M4,1,1,True,0
M12:356:low_income,M12,M12:356,ALL,M4,1,0,False,0
M12:356:low_income,M12,M12:356,R5,M4,1,0,False,0
M12:358:female,M12,M12:358,ALL,M4,1,1,True,0
M12:358:female,M12,M12:358,R1,M4,1,1,True,0
M12:35:female,M12,M12:35,ALL,M4,1,1,True,0
M12:35:female,M12,M12:35,R5,M4,1,1,True,0
M12:35:male,M12,M12:35,ALL,M4,1,1,True,0
M12:35:male,M12,M12:35,R5,M4,1,1,True,0
M12:361:low_income,M12,M12:361,ALL,M4,1,0,False,0
M12:361:low_income,M12,M12:361,R5,M4,1,0,False,0
M12:361:male,M12,M12:361,ALL,M4,1,0,False,0
M12:361:male,M12,M12:361,R5,M4,1,0,False,0
M12:363:female,M12,M12:363,ALL,M4,1,0,False,0
M12:363:female,M12,M12:363,R5,M4,1,0,False,0
M12:363:male,M12,M12:363,ALL,M4,1,1,True,0
M12:363:male,M12,M12:363,R5,M4,1,1,True,0
M12:365:female,M12,M12:365,ALL,M4,1,1,True,0
M12:365:female,M12,M12:365,R5,M4,1,1,True,0
M12:366:female,M12,M12:366,ALL,M4,1,0,False,0
M12:366:female,M12,M12:366,R5,M4,1,0,False,0
M12:367:high_income,M12,M12:367,ALL,M4,1,1,True,0
M12:367:high_income,M12,M12:367,R5,M4,1,1,True,0
M12:369:male,M12,M12:369,ALL,M4,1,1,True,0
M12:369:male,M12,M12:369,R5,M4,1,1,True,0
M12:371:black,M12,M12:371,ALL,M4,1,0,False,0
M12:371:black,M12,M12:371,R1,M4,1,0,False,0
M12:371:low_income,M12,M12:371,ALL,M4,1,0,False,0
M12:371:low_income,M12,M12:371,R5,M4,1,0,False,0
M12:371:male,M12,M12:371,ALL,M4,1,0,False,0
M12:371:male,M12,M12:371,R5,M4,1,0,False,0
M12:372:high_income,M12,M12:372,ALL,M4,1,1,True,0
M12:372:high_income,M12,M12:372,R5,M4,1,1,True,0
M12:372:white,M12,M12:372,ALL,M4,1,0,False,0
M12:372:white,M12,M12:372,R5,M4,1,0,False,0
M12:373:black,M12,M12:373,ALL,M4,1,1,True,0
M12:373:black,M12,M12:373,R5,M4,1,1,True,0
M12:373:female,M12,M12:373,ALL,M4,1,1,True,0
M12:373:female,M12,M12:373,R5,M4,1,1,True,0
M12:373:low_income,M12,M12:373,ALL,M4,1,1,True,0
M12:373:low_income,M12,M12:373,R5,M4,1,1,True,0
M12:375:high_income,M12,M12:375,ALL,M4,1,1,True,0
M12:375:high_income,M12,M12:375,R5,M4,1,1,True,0
M12:378:low_income,M12,M12:378,ALL,M4,1,0,False,0
M12:378:low_income,M12,M12:378,R5,M4,1,0,False,0
M12:379:male,M12,M12:379,ALL,M4,1,1,True,0
M12:379:male,M12,M12:379,R5,M4,1,1,True,0
M12:37:low_income,M12,M12:37,ALL,M4,1,1,True,0
M12:37:low_income,M12,M12:37,R1,M4,1,1,True,0
M12:37:low_income,M12,M12:37,R3,M4,1,1,True,0
M12:37:male,M12,M12:37,ALL,M4,1,1,True,0
M12:37:male,M12,M12:37,R5,M4,1,1,True,0
M12:381:low_income,M12,M12:381,ALL,M4,1,0,False,0
M12:381:low_income,M12,M12:381,R5,M4,1,0,False,0
M12:383:black,M12,M12:383,ALL,M4,1,1,True,0
M12:383:black,M12,M12:383,R5,M4,1,1,True,0
M12:384:male,M12,M12:384,ALL,M4,1,1,True,0
M12:384:male,M12,M12:384,R5,M4,1,1,True,0
M12:38:black,M12,M12:38,ALL,M4,1,0,False,0
M12:38:black,M12,M12:38,R5,M4,1,0,False,0
M12:38:low_income,M12,M12:38,ALL,M4,1,0,False,0
M12:38:low_income,M12,M12:38,R1,M4,1,0,False,0
M12:38:male,M12,M12:38,ALL,M4,1,1,True,0
M12:38:male,M12,M12:38,R1,M4,1,1,True,0
M12:393:male,M12,M12:393,ALL,M4,1,1,True,0
M12:393:male,M12,M12:393,R5,M4,1,1,True,0
M12:398:high_income,M12,M12:398,ALL,M4,1,0,False,0
M12:398:high_income,M12,M12:398,R1,M4,1,0,False,0
M12:39:high_income,M12,M12:39,ALL,M4,1,0,False,0
M12:39:high_income,M12,M12:39,R5,M4,1,0,False,0
M12:3:white,M12,M12:3,ALL,M4,1,1,True,0
M12:3:white,M12,M12:3,R1,M4,1,1,True,0
M12:400:high_income,M12,M12:400,ALL,M4,1,1,True,0
M12:400:high_income,M12,M12:400,R5,M4,1,1,True,0
M12:401:black,M12,M12:401,ALL,M4,1,1,True,0
M12:401:black,M12,M12:401,R5,M4,1,1,True,0
M12:401:female,M12,M12:401,ALL,M4,1,1,True,0
M12:401:female,M12,M12:401,R5,M4,1,1,True,0
M12:401:male,M12,M12:401,ALL,M4,1,1,True,0
M12:401:male,M12,M12:401,R5,M4,1,1,True,0
M12:403:black,M12,M12:403,ALL,M4,1,1,True,0
M12:403:black,M12,M12:403,R5,M4,1,1,True,0
M12:404:black,M12,M12:404,ALL,M4,1,0,False,0
M12:404:black,M12,M12:404,R5,M4,1,0,False,0
M12:405:white,M12,M12:405,ALL,M4,1,0,False,0
M12:405:white,M12,M12:405,R5,M4,1,0,False,0
M12:407:high_income,M12,M12:407,ALL,M4,1,1,True,0
M12:407:high_income,M12,M12:407,R5,M4,1,1,True,0
M12:409:low_income,M12,M12:409,ALL,M4,1,1,True,0
M12:409:low_income,M12,M12:409,R5,M4,1,1,True,0
M12:40:female,M12,M12:40,ALL,M4,1,0,False,0
M12:40:female,M12,M12:40,R1,M4,1,0,False,0
M12:40:female,M12,M12:40,R3,M4,1,0,False,0
M12:40:white,M12,M12:40,ALL,M4,1,1,True,0
M12:40:white,M12,M12:40,R5,M4,1,1,True,0
M12:410:female,M12,M12:410,ALL,M4,1,0,False,0
M12:410:female,M12,M12:410,R5,M4,1,0,False,0
M12:410:high_income,M12,M12:410,ALL,M4,1,0,False,0
M12:410:high_income,M12,M12:410,R5,M4,1,0,False,0
M12:411:high_income,M12,M12:411,ALL,M4,1,1,True,0
M12:411:high_income,M12,M12:411,R5,M4,1,1,True,0
M12:411:low_income,M12,M12:411,ALL,M4,1,1,True,0
M12:411:low_income,M12,M12:411,R5,M4,1,1,True,0
M12:412:female,M12,M12:412,ALL,M4,1,0,False,0
M12:412:female,M12,M12:412,R5,M4,1,0,False,0
M12:412:white,M12,M12:412,ALL,M4,1,1,True,0
M12:412:white,M12,M12:412,R5,M4,1,1,True,0
M12:415:low_income,M12,M12:415,ALL,M4,1,1,True,0
M12:415:low_income,M12,M12:415,R5,M4,1,1,True,0
M12:416:black,M12,M12:416,ALL,M4,1,0,False,0
M12:416:black,M12,M12:416,R5,M4,1,0,False,0
M12:41:low_income,M12,M12:41,ALL,M4,1,1,True,0
M12:41:low_income,M12,M12:41,R1,M4,1,1,True,0
M12:422:low_income,M12,M12:422,ALL,M4,1,1,True,0
M12:422:low_income,M12,M12:422,R5,M4,1,1,True,0
M12:423:black,M12,M12:423,ALL,M4,1,0,False,0
M12:423:black,M12,M12:423,R5,M4,1,0,False,0
M12:424:male,M12,M12:424,ALL,M4,1,1,True,0
M12:424:male,M12,M12:424,R5,M4,1,1,True,0
M12:427:black,M12,M12:427,ALL,M4,1,0,False,0
M12:427:black,M12,M12:427,R5,M4,1,0,False,0
M12:428:male,M12,M12:428,ALL,M4,1,1,True,0
M12:428:male,M12,M12:428,R1,M4,1,1,True,0
M12:429:high_income,M12,M12:429,ALL,M4,1,0,False,0
M12:429:high_income,M12,M12:429,R5,M4,1,0,False,0
M12:42:black,M12,M12:42,ALL,M4,1,0,False,0
M12:42:black,M12,M12:42,R5,M4,1,0,False,0
M12:42:female,M12,M12:42,ALL,M4,1,0,False,0
M12:42:female,M12,M12:42,R1,M4,1,0,False,0
M12:42:low_income,M12,M12:42,ALL,M4,1,0,False,0
M12:42:low_income,M12,M12:42,R1,M4,1,0,False,0
M12:430:male,M12,M12:430,ALL,M4,1,1,True,0
M12:430:male,M12,M12:430,R5,M4,1,1,True,0
M12:431:high_income,M12,M12:431,ALL,M4,1,1,True,0
M12:431:high_income,M12,M12:431,R5,M4,1,1,True,0
M12:431:white,M12,M12:431,ALL,M4,1,1,True,0
M12:431:white,M12,M12:431,R5,M4,1,1,True,0
M12:432:high_income,M12,M12:432,ALL,M4,1,1,True,0
M12:432:high_income,M12,M12:432,R5,M4,1,1,True,0
M12:432:white,M12,M12:432,ALL,M4,1,0,False,0
M12:432:white,M12,M12:432,R5,M4,1,0,False,0
M12:433:black,M12,M12:433,ALL,M4,1,1,True,0
M12:433:black,M12,M12:433,R5,M4,1,1,True,0
M12:433:female,M12,M12:433,ALL,M4,1,1,True,0
M12:433:female,M12,M12:433,R5,M4,1,1,True,0
M12:436:low_income,M12,M12:436,ALL,M4,1,1,True,0
M12:436:low_income,M12,M12:436,R5,M4,1,1,True,0
M12:437:high_income,M12,M12:437,ALL,M4,1,1,True,0
M12:437:high_income,M12,M12:437,R1,M4,1,1,True,0
M12:43:high_income,M12,M12:43,ALL,M4,1,1,True,0
M12:43:high_income,M12,M12:43,R1,M4,1,1,True,0
M12:43:male,M12,M12:43,ALL,M4,1,1,True,0
M12:43:male,M12,M12:43,R5,M4,1,1,True,0
M12:440:white,M12,M12:440,ALL,M4,1,1,True,0
M12:440:white,M12,M12:440,R5,M4,1,1,True,0
M12:442:black,M12,M12:442,ALL,M4,1,1,True,0
M12:442:black,M12,M12:442,R5,M4,1,1,True,0
M12:442:high_income,M12,M12:442,ALL,M4,1,1,True,0
M12:442:high_income,M12,M12:442,R5,M4,1,1,True,0
M12:443:black,M12,M12:443,ALL,M4,1,1,True,0
M12:443:black,M12,M12:443,R5,M4,1,1,True,0
M12:444:female,M12,M12:444,ALL,M4,1,1,True,0
M12:444:female,M12,M12:444,R5,M4,1,1,True,0
M12:444:high_income,M12,M12:444,ALL,M4,1,1,True,0
M12:444:high_income,M12,M12:444,R5,M4,1,1,True,0
M12:446:low_income,M12,M12:446,ALL,M4,1,0,False,0
M12:446:low_income,M12,M12:446,R5,M4,1,0,False,0
M12:450:female,M12,M12:450,ALL,M4,1,1,True,0
M12:450:female,M12,M12:450,R5,M4,1,1,True,0
M12:450:white,M12,M12:450,ALL,M4,1,1,True,0
M12:450:white,M12,M12:450,R5,M4,1,1,True,0
M12:452:black,M12,M12:452,ALL,M4,1,0,False,0
M12:452:black,M12,M12:452,R1,M4,1,0,False,0
M12:456:high_income,M12,M12:456,ALL,M4,1,1,True,0
M12:456:high_income,M12,M12:456,R5,M4,1,1,True,0
M12:458:high_income,M12,M12:458,ALL,M4,1,1,True,0
M12:458:high_income,M12,M12:458,R5,M4,1,1,True,0
M12:45:female,M12,M12:45,ALL,M4,1,0,False,0
M12:45:female,M12,M12:45,R5,M4,1,0,False,0
M12:460:female,M12,M12:460,ALL,M4,1,0,False,0
M12:460:female,M12,M12:460,R5,M4,1,0,False,0
M12:460:white,M12,M12:460,ALL,M4,1,1,True,0
M12:460:white,M12,M12:460,R5,M4,1,1,True,0
M12:461:black,M12,M12:461,ALL,M4,1,0,False,0
M12:461:black,M12,M12:461,R1,M4,1,0,False,0
M12:462:high_income,M12,M12:462,ALL,M4,1,1,True,0
M12:462:high_income,M12,M12:462,R5,M4,1,1,True,0
M12:466:male,M12,M12:466,ALL,M4,1,1,True,0
M12:466:male,M12,M12:466,R5,M4,1,1,True,0
M12:469:black,M12,M12:469,ALL,M4,1,0,False,0
M12:469:black,M12,M12:469,R5,M4,1,0,False,0
M12:46:high_income,M12,M12:46,ALL,M4,1,1,True,0
M12:46:high_income,M12,M12:46,R1,M4,1,1,True,0
M12:470:male,M12,M12:470,ALL,M4,1,0,False,0
M12:470:male,M12,M12:470,R1,M4,1,0,False,0
M12:470:male,M12,M12:470,R3,M4,1,0,False,0
M12:471:high_income,M12,M12:471,ALL,M4,1,1,True,0
M12:471:high_income,M12,M12:471,R5,M4,1,1,True,0
M12:471:low_income,M12,M12:471,ALL,M4,1,1,True,0
M12:471:low_income,M12,M12:471,R5,M4,1,1,True,0
M12:472:low_income,M12,M12:472,ALL,M4,1,1,True,0
M12:472:low_income,M12,M12:472,R1,M4,1,1,True,0
M12:472:white,M12,M12:472,ALL,M4,1,0,False,0
M12:472:white,M12,M12:472,R5,M4,1,0,False,0
M12:473:low_income,M12,M12:473,ALL,M4,1,1,True,0
M12:473:low_income,M12,M12:473,R5,M4,1,1,True,0
M12:475:white,M12,M12:475,ALL,M4,1,0,False,0
M12:475:white,M12,M12:475,R5,M4,1,0,False,0
M12:476:female,M12,M12:476,ALL,M4,1,1,True,0
M12:476:female,M12,M12:476,R5,M4,1,1,True,0
M12:47:male,M12,M12:47,ALL,M4,1,1,True,0
M12:47:male,M12,M12:47,R5,M4,1,1,True,0
M12:480:black,M12,M12:480,ALL,M4,1,1,True,0
M12:480:black,M12,M12:480,R5,M4,1,1,True,0
M12:480:male,M12,M12:480,ALL,M4,1,1,True,0
M12:480:male,M12,M12:480,R5,M4,1,1,True,0
M12:481:male,M12,M12:481,ALL,M4,1,1,True,0
M12:481:male,M12,M12:481,R5,M4,1,1,True,0
M12:483:low_income,M12,M12:483,ALL,M4,1,0,False,0
M12:483:low_income,M12,M12:483,R5,M4,1,0,False,0
M12:486:high_income,M12,M12:486,ALL,M4,1,0,False,0
M12:486:high_income,M12,M12:486,R5,M4,1,0,False,0
M12:48:low_income,M12,M12:48,ALL,M4,1,1,True,0
M12:48:low_income,M12,M12:48,R5,M4,1,1,True,0
M12:48:male,M12,M12:48,ALL,M4,1,1,True,0
M12:48:male,M12,M12:48,R5,M4,1,1,True,0
M12:490:low_income,M12,M12:490,ALL,M4,1,0,False,0
M12:490:low_income,M12,M12:490,R5,M4,1,0,False,0
M12:491:low_income,M12,M12:491,ALL,M4,1,0,False,0
M12:491:low_income,M12,M12:491,R5,M4,1,0,False,0
M12:491:white,M12,M12:491,ALL,M4,1,0,False,0
M12:491:white,M12,M12:491,R1,M4,1,0,False,0
M12:492:high_income,M12,M12:492,ALL,M4,1,1,True,0
M12:492:high_income,M12,M12:492,R5,M4,1,1,True,0
M12:492:low_income,M12,M12:492,ALL,M4,1,1,True,0
M12:492:low_income,M12,M12:492,R5,M4,1,1,True,0
M12:494:female,M12,M12:494,ALL,M4,1,0,False,0
M12:494:female,M12,M12:494,R5,M4,1,0,False,0
M12:495:high_income,M12,M12:495,ALL,M4,1,1,True,0
M12:495:high_income,M12,M12:495,R5,M4,1,1,True,0
M12:495:low_income,M12,M12:495,ALL,M4,1,1,True,0
M12:495:low_income,M12,M12:495,R5,M4,1,1,True,0
M12:497:high_income,M12,M12:497,ALL,M4,1,1,True,0
M12:497:high_income,M12,M12:497,R5,M4,1,1,True,0
M12:498:female,M12,M12:498,ALL,M4,1,0,False,0
M12:498:female,M12,M12:498,R5,M4,1,0,False,0
M12:499:white,M12,M12:499,ALL,M4,1,1,True,0
M12:499:white,M12,M12:499,R5,M4,1,1,True,0
M12:49:low_income,M12,M12:49,ALL,M4,1,1,True,0
M12:49:low_income,M12,M12:49,R5,M4,1,1,True,0
M12:4:low_income,M12,M12:4,ALL,M4,1,0,False,0
M12:4:low_income,M12,M12:4,R1,M4,1,0,False,0
M12:4:low_income,M12,M12:4,R3,M4,1,0,False,0
M12:4:white,M12,M12:4,ALL,M4,1,1,True,0
M12:4:white,M12,M12:4,R1,M4,1,1,True,0
M12:500:male,M12,M12:500,ALL,M4,1,0,False,0
M12:500:male,M12,M12:500,R5,M4,1,0,False,0
M12:501:male,M12,M12:501,ALL,M4,1,0,False,0
M12:501:male,M12,M12:501,R5,M4,1,0,False,0
M12:504:high_income,M12,M12:504,ALL,M4,1,0,False,0
M12:504:high_income,M12,M12:504,R5,M4,1,0,False,0
M12:508:black,M12,M12:508,ALL,M4,1,1,True,0
M12:508:black,M12,M12:508,R1,M4,1,1,True,0
M12:508:black,M12,M12:508,R3,M4,1,1,True,0
M12:508:white,M12,M12:508,ALL,M4,1,1,True,0
M12:508:white,M12,M12:508,R5,M4,1,1,True,0
M12:50:black,M12,M12:50,ALL,M4,1,1,True,0
M12:50:black,M12,M12:50,R1,M4,1,1,True,0
M12:50:black,M12,M12:50,R3,M4,1,1,True,0
M12:50:female,M12,M12:50,ALL,M4,1,1,True,0
M12:50:female,M12,M12:50,R1,M4,1,1,True,0
M12:50:female,M12,M12:50,R3,M4,1,1,True,0
M12:50:low_income,M12,M12:50,ALL,M4,1,1,True,0
M12:50:low_income,M12,M12:50,R1,M4,1,1,True,0
M12:50:low_income,M12,M12:50,R3,M4,1,1,True,0
M12:50:male,M12,M12:50,ALL,M4,1,1,True,0
M12:50:male,M12,M12:50,R1,M4,1,1,True,0
M12:511:black,M12,M12:511,ALL,M4,1,0,False,0
M12:511:black,M12,M12:511,R5,M4,1,0,False,0
M12:511:high_income,M12,M12:511,ALL,M4,1,1,True,0
M12:511:high_income,M12,M12:511,R5,M4,1,1,True,0
M12:512:high_income,M12,M12:512,ALL,M4,1,1,True,0
M12:512:high_income,M12,M12:512,R5,M4,1,1,True,0
M12:513:low_income,M12,M12:513,ALL,M4,1,1,True,0
M12:513:low_income,M12,M12:513,R5,M4,1,1,True,0
M12:514:female,M12,M12:514,ALL,M4,1,1,True,0
M12:514:female,M12,M12:514,R5,M4,1,1,True,0
M12:515:black,M12,M12:515,ALL,M4,1,0,False,0
M12:515:black,M12,M12:515,R5,M4,1,0,False,0
M12:518:low_income,M12,M12:518,ALL,M4,1,1,True,0
M12:518:low_income,M12,M12:518,R5,M4,1,1,True,0
M12:519:white,M12,M12:519,ALL,M4,1,1,True,0
M12:519:white,M12,M12:519,R5,M4,1,1,True,0
M12:51:female,M12,M12:51,ALL,M4,1,0,False,0
M12:51:female,M12,M12:51,R5,M4,1,0,False,0
M12:521:low_income,M12,M12:521,ALL,M4,1,0,False,0
M12:521:low_income,M12,M12:521,R5,M4,1,0,False,0
M12:522:high_income,M12,M12:522,ALL,M4,1,0,False,0
M12:522:high_income,M12,M12:522,R5,M4,1,0,False,0
M12:523:female,M12,M12:523,ALL,M4,1,0,False,0
M12:523:female,M12,M12:523,R1,M4,1,0,False,0
M12:525:male,M12,M12:525,ALL,M4,1,0,False,0
M12:525:male,M12,M12:525,R5,M4,1,0,False,0
M12:528:white,M12,M12:528,ALL,M4,1,1,True,0
M12:528:white,M12,M12:528,R5,M4,1,1,True,0
M12:52:low_income,M12,M12:52,ALL,M4,1,0,False,0
M12:52:low_income,M12,M12:52,R5,M4,1,0,False,0
M12:530:high_income,M12,M12:530,ALL,M4,1,0,False,0
M12:530:high_income,M12,M12:530,R1,M4,1,0,False,0
M12:531:female,M12,M12:531,ALL,M4,1,1,True,0
M12:531:female,M12,M12:531,R1,M4,1,1,True,0
M12:534:white,M12,M12:534,ALL,M4,1,0,False,0
M12:534:white,M12,M12:534,R5,M4,1,0,False,0
M12:535:male,M12,M12:535,ALL,M4,1,1,True,0
M12:535:male,M12,M12:535,R1,M4,1,1,True,0
M12:538:white,M12,M12:538,ALL,M4,1,1,True,0
M12:538:white,M12,M12:538,R5,M4,1,1,True,0
M12:539:white,M12,M12:539,ALL,M4,1,1,True,0
M12:539:white,M12,M12:539,R5,M4,1,1,True,0
M12:540:low_income,M12,M12:540,ALL,M4,1,1,True,0
M12:540:low_income,M12,M12:540,R5,M4,1,1,True,0
M12:540:male,M12,M12:540,ALL,M4,1,1,True,0
M12:540:male,M12,M12:540,R5,M4,1,1,True,0
M12:542:male,M12,M12:542,ALL,M4,1,1,True,0
M12:542:male,M12,M12:542,R5,M4,1,1,True,0
M12:543:high_income,M12,M12:543,ALL,M4,1,1,True,0
M12:543:high_income,M12,M12:543,R5,M4,1,1,True,0
M12:545:male,M12,M12:545,ALL,M4,1,0,False,0
M12:545:male,M12,M12:545,R5,M4,1,0,False,0
M12:545:white,M12,M12:545,ALL,M4,1,1,True,0
M12:545:white,M12,M12:545,R5,M4,1,1,True,0
M12:547:black,M12,M12:547,ALL,M4,1,1,True,0
M12:547:black,M12,M12:547,R5,M4,1,1,True,0
M12:547:white,M12,M12:547,ALL,M4,1,1,True,0
M12:547:white,M12,M12:547,R5,M4,1,1,True,0
M12:549:female,M12,M12:549,ALL,M4,1,0,False,0
M12:549:female,M12,M12:549,R5,M4,1,0,False,0
M12:549:low_income,M12,M12:549,ALL,M4,1,1,True,0
M12:549:low_income,M12,M12:549,R5,M4,1,1,True,0
M12:54:female,M12,M12:54,ALL,M4,1,1,True,0
M12:54:female,M12,M12:54,R5,M4,1,1,True,0
M12:54:low_income,M12,M12:54,ALL,M4,1,1,True,0
M12:54:low_income,M12,M12:54,R5,M4,1,1,True,0
M12:54:male,M12,M12:54,ALL,M4,1,1,True,0
M12:54:male,M12,M12:54,R5,M4,1,1,True,0
M12:553:white,M12,M12:553,ALL,M4,1,1,True,0
M12:553:white,M12,M12:553,R5,M4,1,1,True,0
M12:554:high_income,M12,M12:554,ALL,M4,1,1,True,0
M12:554:high_income,M12,M12:554,R5,M4,1,1,True,0
M12:554:white,M12,M12:554,ALL,M4,1,1,True,0
M12:554:white,M12,M12:554,R5,M4,1,1,True,0
M12:558:black,M12,M12:558,ALL,M4,1,1,True,0
M12:558:black,M12,M12:558,R5,M4,1,1,True,0
M12:558:high_income,M12,M12:558,ALL,M4,1,0,False,0
M12:558:high_income,M12,M12:558,R1,M4,1,0,False,0
M12:55:black,M12,M12:55,ALL,M4,1,0,False,0
M12:55:black,M12,M12:55,R5,M4,1,0,False,0
M12:566:high_income,M12,M12:566,ALL,M4,1,1,True,0
M12:566:high_income,M12,M12:566,R5,M4,1,1,True,0
M12:567:male,M12,M12:567,ALL,M4,1,1,True,0
M12:567:male,M12,M12:567,R5,M4,1,1,True,0
M12:568:white,M12,M12:568,ALL,M4,1,1,True,0
M12:568:white,M12,M12:568,R5,M4,1,1,True,0
M12:56:high_income,M12,M12:56,ALL,M4,1,1,True,0
M12:56:high_income,M12,M12:56,R5,M4,1,1,True,0
M12:570:white,M12,M12:570,ALL,M4,1,1,True,0
M12:570:white,M12,M12:570,R5,M4,1,1,True,0
M12:574:black,M12,M12:574,ALL,M4,1,0,False,0
M12:574:black,M12,M12:574,R5,M4,1,0,False,0
M12:574:low_income,M12,M12:574,ALL,M4,1,0,False,0
M12:574:low_income,M12,M12:574,R5,M4,1,0,False,0
M12:574:white,M12,M12:574,ALL,M4,1,1,True,0
M12:574:white,M12,M12:574,R5,M4,1,1,True,0
M12:577:high_income,M12,M12:577,ALL,M4,1,0,False,0
M12:577:high_income,M12,M12:577,R1,M4,1,0,False,0
M12:578:high_income,M12,M12:578,ALL,M4,1,1,True,0
M12:578:high_income,M12,M12:578,R5,M4,1,1,True,0
M12:579:female,M12,M12:579,ALL,M4,1,0,False,0
M12:579:female,M12,M12:579,R5,M4,1,0,False,0
M12:583:white,M12,M12:583,ALL,M4,1,1,True,0
M12:583:white,M12,M12:583,R5,M4,1,1,True,0
M12:586:black,M12,M12:586,ALL,M4,1,0,False,0
M12:586:black,M12,M12:586,R1,M4,1,0,False,0
M12:586:high_income,M12,M12:586,ALL,M4,1,1,True,0
M12:586:high_income,M12,M12:586,R1,M4,1,1,True,0
M12:590:female,M12,M12:590,ALL,M4,1,1,True,0
M12:590:female,M12,M12:590,R5,M4,1,1,True,0
M12:591:low_income,M12,M12:591,ALL,M4,1,1,True,0
M12:591:low_income,M12,M12:591,R5,M4,1,1,True,0
M12:593:black,M12,M12:593,ALL,M4,1,1,True,0
M12:593:black,M12,M12:593,R5,M4,1,1,True,0
M12:593:high_income,M12,M12:593,ALL,M4,1,1,True,0
M12:593:high_income,M12,M12:593,R5,M4,1,1,True,0
M12:596:male,M12,M12:596,ALL,M4,1,1,True,0
M12:596:male,M12,M12:596,R1,M4,1,1,True,0
M12:596:white,M12,M12:596,ALL,M4,1,1,True,0
M12:596:white,M12,M12:596,R1,M4,1,1,True,0
M12:599:low_income,M12,M12:599,ALL,M4,1,1,True,0
M12:599:low_income,M12,M12:599,R5,M4,1,1,True,0
M12:59:high_income,M12,M12:59,ALL,M4,1,1,True,0
M12:59:high_income,M12,M12:59,R5,M4,1,1,True,0
M12:600:low_income,M12,M12:600,ALL,M4,1,0,False,0
M12:600:low_income,M12,M12:600,R1,M4,1,0,False,0
M12:600:low_income,M12,M12:600,R3,M4,1,0,False,0
M12:600:white,M12,M12:600,ALL,M4,1,1,True,0
M12:600:white,M12,M12:600,R5,M4,1,1,True,0
M12:601:high_income,M12,M12:601,ALL,M4,1,1,True,0
M12:601:high_income,M12,M12:601,R5,M4,1,1,True,0
M12:602:black,M12,M12:602,ALL,M4,1,0,False,0
M12:602:black,M12,M12:602,R1,M4,1,0,False,0
M12:602:black,M12,M12:602,R3,M4,1,0,False,0
M12:602:female,M12,M12:602,ALL,M4,1,0,False,0
M12:602:female,M12,M12:602,R1,M4,1,0,False,0
M12:602:female,M12,M12:602,R3,M4,1,0,False,0
M12:602:white,M12,M12:602,ALL,M4,1,1,True,0
M12:602:white,M12,M12:602,R5,M4,1,1,True,0
M12:604:male,M12,M12:604,ALL,M4,1,1,True,0
M12:604:male,M12,M12:604,R1,M4,1,1,True,0
M12:605:black,M12,M12:605,ALL,M4,1,1,True,0
M12:605:black,M12,M12:605,R5,M4,1,1,True,0
M12:606:high_income,M12,M12:606,ALL,M4,1,1,True,0
M12:606:high_income,M12,M12:606,R5,M4,1,1,True,0
M12:607:high_income,M12,M12:607,ALL,M4,1,1,True,0
M12:607:high_income,M12,M12:607,R1,M4,1,1,True,0
M12:609:black,M12,M12:609,ALL,M4,1,0,False,0
M12:609:black,M12,M12:609,R5,M4,1,0,False,0
M12:609:high_income,M12,M12:609,ALL,M4,1,1,True,0
M12:609:high_income,M12,M12:609,R5,M4,1,1,True,0
M12:60:female,M12,M12:60,ALL,M4,1,0,False,0
M12:60:female,M12,M12:60,R5,M4,1,0,False,0
M12:60:male,M12,M12:60,ALL,M4,1,1,True,0
M12:60:male,M12,M12:60,R5,M4,1,1,True,0
M12:612:black,M12,M12:612,ALL,M4,1,0,False,0
M12:612:black,M12,M12:612,R5,M4,1,0,False,0
M12:615:low_income,M12,M12:615,ALL,M4,1,0,False,0
M12:615:low_income,M12,M12:615,R5,M4,1,0,False,0
M12:618:white,M12,M12:618,ALL,M4,1,1,True,0
M12:618:white,M12,M12:618,R5,M4,1,1,True,0
M12:61:high_income,M12,M12:61,ALL,M4,1,1,True,0
M12:61:high_income,M12,M12:61,R5,M4,1,1,True,0
M12:620:low_income,M12,M12:620,ALL,M4,1,0,False,0
M12:620:low_income,M12,M12:620,R1,M4,1,0,False,0
M12:621:low_income,M12,M12:621,ALL,M4,1,0,False,0
M12:621:low_income,M12,M12:621,R5,M4,1,0,False,0
M12:622:black,M12,M12:622,ALL,M4,1,0,False,0
M12:622:black,M12,M12:622,R5,M4,1,0,False,0
M12:624:low_income,M12,M12:624,ALL,M4,1,0,False,0
M12:624:low_income,M12,M12:624,R5,M4,1,0,False,0
M12:625:female,M12,M12:625,ALL,M4,1,0,False,0
M12:625:female,M12,M12:625,R1,M4,1,0,False,0
M12:625:female,M12,M12:625,R3,M4,1,0,False,0
M12:628:high_income,M12,M12:628,ALL,M4,1,1,True,0
M12:628:high_income,M12,M12:628,R5,M4,1,1,True,0
M12:631:female,M12,M12:631,ALL,M4,1,1,True,0
M12:631:female,M12,M12:631,R5,M4,1,1,True,0
M12:632:male,M12,M12:632,ALL,M4,1,1,True,0
M12:632:male,M12,M12:632,R5,M4,1,1,True,0
M12:636:female,M12,M12:636,ALL,M4,1,1,True,0
M12:636:female,M12,M12:636,R5,M4,1,1,True,0
M12:639:low_income,M12,M12:639,ALL,M4,1,1,True,0
M12:639:low_income,M12,M12:639,R5,M4,1,1,True,0
M12:642:female,M12,M12:642,ALL,M4,1,1,True,0
M12:642:female,M12,M12:642,R5,M4,1,1,True,0
M12:646:male,M12,M12:646,ALL,M4,1,0,False,0
M12:646:male,M12,M12:646,R1,M4,1,0,False,0
M12:648:low_income,M12,M12:648,ALL,M4,1,0,False,0
M12:648:low_income,M12,M12:648,R5,M4,1,0,False,0
M12:648:male,M12,M12:648,ALL,M4,1,1,True,0
M12:648:male,M12,M12:648,R5,M4,1,1,True,0
M12:64:male,M12,M12:64,ALL,M4,1,1,True,0
M12:64:male,M12,M12:64,R5,M4,1,1,True,0
M12:654:male,M12,M12:654,ALL,M4,1,1,True,0
M12:654:male,M12,M12:654,R5,M4,1,1,True,0
M12:656:high_income,M12,M12:656,ALL,M4,1,0,False,0
M12:656:high_income,M12,M12:656,R5,M4,1,0,False,0
M12:658:high_income,M12,M12:658,ALL,M4,1,1,True,0
M12:658:high_income,M12,M12:658,R5,M4,1,1,True,0
M12:659:male,M12,M12:659,ALL,M4,1,1,True,0
M12:659:male,M12,M12:659,R5,M4,1,1,True,0
M12:660:black,M12,M12:660,ALL,M4,1,1,True,0
M12:660:black,M12,M12:660,R1,M4,1,1,True,0
M12:660:female,M12,M12:660,ALL,M4,1,0,False,0
M12:660:female,M12,M12:660,R1,M4,1,0,False,0
M12:660:high_income,M12,M12:660,ALL,M4,1,1,True,0
M12:660:high_income,M12,M12:660,R1,M4,1,1,True,0
M12:662:black,M12,M12:662,ALL,M4,1,0,False,0
M12:662:black,M12,M12:662,R5,M4,1,0,False,0
M12:663:female,M12,M12:663,ALL,M4,1,1,True,0
M12:663:female,M12,M12:663,R5,M4,1,1,True,0
M12:667:male,M12,M12:667,ALL,M4,1,0,False,0
M12:667:male,M12,M12:667,R5,M4,1,0,False,0
M12:66:female,M12,M12:66,ALL,M4,1,0,False,0
M12:66:female,M12,M12:66,R5,M4,1,0,False,0
M12:670:female,M12,M12:670,ALL,M4,1,0,False,0
M12:670:female,M12,M12:670,R1,M4,1,0,False,0
M12:670:female,M12,M12:670,R3,M4,1,0,False,0
M12:672:female,M12,M12:672,ALL,M4,1,1,True,0
M12:672:female,M12,M12:672,R5,M4,1,1,True,0
M12:673:male,M12,M12:673,ALL,M4,1,0,False,0
M12:673:male,M12,M12:673,R5,M4,1,0,False,0
M12:674:high_income,M12,M12:674,ALL,M4,1,1,True,0
M12:674:high_income,M12,M12:674,R5,M4,1,1,True,0
M12:676:black,M12,M12:676,ALL,M4,1,1,True,0
M12:676:black,M12,M12:676,R5,M4,1,1,True,0
M12:677:female,M12,M12:677,ALL,M4,1,0,False,0
M12:677:female,M12,M12:677,R5,M4,1,0,False,0
M12:679:female,M12,M12:679,ALL,M4,1,1,True,0
M12:679:female,M12,M12:679,R1,M4,1,1,True,0
M12:679:low_income,M12,M12:679,ALL,M4,1,1,True,0
M12:679:low_income,M12,M12:679,R5,M4,1,1,True,0
M12:67:high_income,M12,M12:67,ALL,M4,1,0,False,0
M12:67:high_income,M12,M12:67,R5,M4,1,0,False,0
M12:67:white,M12,M12:67,ALL,M4,1,0,False,0
M12:67:white,M12,M12:67,R1,M4,1,0,False,0
M12:682:high_income,M12,M12:682,ALL,M4,1,1,True,0
M12:682:high_income,M12,M12:682,R5,M4,1,1,True,0
M12:682:white,M12,M12:682,ALL,M4,1,1,True,0
M12:682:white,M12,M12:682,R5,M4,1,1,True,0
M12:683:male,M12,M12:683,ALL,M4,1,1,True,0
M12:683:male,M12,M12:683,R5,M4,1,1,True,0
M12:686:male,M12,M12:686,ALL,M4,1,1,True,0
M12:686:male,M12,M12:686,R1,M4,1,1,True,0
M12:686:white,M12,M12:686,ALL,M4,1,1,True,0
M12:686:white,M12,M12:686,R1,M4,1,1,True,0
M12:687:high_income,M12,M12:687,ALL,M4,1,1,True,0
M12:687:high_income,M12,M12:687,R5,M4,1,1,True,0
M12:687:white,M12,M12:687,ALL,M4,1,1,True,0
M12:687:white,M12,M12:687,R5,M4,1,1,True,0
M12:688:female,M12,M12:688,ALL,M4,1,0,False,0
M12:688:female,M12,M12:688,R5,M4,1,0,False,0
M12:688:high_income,M12,M12:688,ALL,M4,1,1,True,0
M12:688:high_income,M12,M12:688,R5,M4,1,1,True,0
M12:692:black,M12,M12:692,ALL,M4,1,1,True,0
M12:692:black,M12,M12:692,R5,M4,1,1,True,0
M12:692:low_income,M12,M12:692,ALL,M4,1,1,True,0
M12:692:low_income,M12,M12:692,R5,M4,1,1,True,0
M12:692:male,M12,M12:692,ALL,M4,1,1,True,0
M12:692:male,M12,M12:692,R5,M4,1,1,True,0
M12:693:white,M12,M12:693,ALL,M4,1,0,False,0
M12:693:white,M12,M12:693,R5,M4,1,0,False,0
M12:694:high_income,M12,M12:694,ALL,M4,1,1,True,0
M12:694:high_income,M12,M12:694,R5,M4,1,1,True,0
M12:695:high_income,M12,M12:695,ALL,M4,1,1,True,0
M12:695:high_income,M12,M12:695,R5,M4,1,1,True,0
M12:697:high_income,M12,M12:697,ALL,M4,1,1,True,0
M12:697:high_income,M12,M12:697,R5,M4,1,1,True,0
M12:699:white,M12,M12:699,ALL,M4,1,0,False,0
M12:699:white,M12,M12:699,R5,M4,1,0,False,0
M12:69:female,M12,M12:69,ALL,M4,1,1,True,0
M12:69:female,M12,M12:69,R5,M4,1,1,True,0
M12:704:female,M12,M12:704,ALL,M4,1,1,True,0
M12:704:female,M12,M12:704,R5,M4,1,1,True,0
M12:706:black,M12,M12:706,ALL,M4,1,0,False,0
M12:706:black,M12,M12:706,R5,M4,1,0,False,0
M12:708:female,M12,M12:708,ALL,M4,1,1,True,0
M12:708:female,M12,M12:708,R1,M4,1,1,True,0
M12:708:white,M12,M12:708,ALL,M4,1,1,True,0
M12:708:white,M12,M12:708,R5,M4,1,1,True,0
M12:70:black,M12,M12:70,ALL,M4,1,0,False,0
M12:70:black,M12,M12:70,R5,M4,1,0,False,0
M12:70:male,M12,M12:70,ALL,M4,1,1,True,0
M12:70:male,M12,M12:70,R5,M4,1,1,True,0
M12:70:white,M12,M12:70,ALL,M4,1,1,True,0
M12:70:white,M12,M12:70,R5,M4,1,1,True,0
M12:710:female,M12,M12:710,ALL,M4,1,1,True,0
M12:710:female,M12,M12:710,R5,M4,1,1,True,0
M12:714:low_income,M12,M12:714,ALL,M4,1,0,False,0
M12:714:low_income,M12,M12:714,R5,M4,1,0,False,0
M12:715:female,M12,M12:715,ALL,M4,1,0,False,0
M12:715:female,M12,M12:715,R5,M4,1,0,False,0
M12:716:black,M12,M12:716,ALL,M4,1,0,False,0
M12:716:black,M12,M12:716,R5,M4,1,0,False,0
M12:716:low_income,M12,M12:716,ALL,M4,1,0,False,0
M12:716:low_income,M12,M12:716,R5,M4,1,0,False,0
M12:719:male,M12,M12:719,ALL,M4,1,1,True,0
M12:719:male,M12,M12:719,R5,M4,1,1,True,0
M12:71:white,M12,M12:71,ALL,M4,1,1,True,0
M12:71:white,M12,M12:71,R5,M4,1,1,True,0
M12:720:black,M12,M12:720,ALL,M4,1,0,False,0
M12:720:black,M12,M12:720,R5,M4,1,0,False,0
M12:720:high_income,M12,M12:720,ALL,M4,1,1,True,0
M12:720:high_income,M12,M12:720,R5,M4,1,1,True,0
M12:723:high_income,M12,M12:723,ALL,M4,1,1,True,0
M12:723:high_income,M12,M12:723,R5,M4,1,1,True,0
M12:725:female,M12,M12:725,ALL,M4,1,0,False,0
M12:725:female,M12,M12:725,R5,M4,1,0,False,0
M12:725:high_income,M12,M12:725,ALL,M4,1,1,True,0
M12:725:high_income,M12,M12:725,R1,M4,1,1,True,0
M12:725:male,M12,M12:725,ALL,M4,1,1,True,0
M12:725:male,M12,M12:725,R1,M4,1,1,True,0
M12:725:male,M12,M12:725,R3,M4,1,1,True,0
M12:725:white,M12,M12:725,ALL,M4,1,1,True,0
M12:725:white,M12,M12:725,R1,M4,1,1,True,0
M12:726:high_income,M12,M12:726,ALL,M4,1,1,True,0
M12:726:high_income,M12,M12:726,R5,M4,1,1,True,0
M12:727:female,M12,M12:727,ALL,M4,1,1,True,0
M12:727:female,M12,M12:727,R5,M4,1,1,True,0
M12:729:male,M12,M12:729,ALL,M4,1,1,True,0
M12:729:male,M12,M12:729,R5,M4,1,1,True,0
M12:72:female,M12,M12:72,ALL,M4,1,0,False,0
M12:72:female,M12,M12:72,R1,M4,1,0,False,0
M12:72:female,M12,M12:72,R3,M4,1,0,False,0
M12:730:female,M12,M12:730,ALL,M4,1,0,False,0
M12:730:female,M12,M12:730,R5,M4,1,0,False,0
M12:730:male,M12,M12:730,ALL,M4,1,1,True,0
M12:730:male,M12,M12:730,R5,M4,1,1,True,0
M12:731:female,M12,M12:731,ALL,M4,1,1,True,0
M12:731:female,M12,M12:731,R5,M4,1,1,True,0
M12:732:black,M12,M12:732,ALL,M4,1,0,False,0
M12:732:black,M12,M12:732,R1,M4,1,0,False,0
M12:732:black,M12,M12:732,R3,M4,1,0,False,0
M12:733:white,M12,M12:733,ALL,M4,1,1,True,0
M12:733:white,M12,M12:733,R5,M4,1,1,True,0
M12:736:high_income,M12,M12:736,ALL,M4,1,1,True,0
M12:736:high_income,M12,M12:736,R5,M4,1,1,True,0
M12:736:white,M12,M12:736,ALL,M4,1,1,True,0
M12:736:white,M12,M12:736,R5,M4,1,1,True,0
M12:739:high_income,M12,M12:739,ALL,M4,1,1,True,0
M12:739:high_income,M12,M12:739,R5,M4,1,1,True,0
M12:73:female,M12,M12:73,ALL,M4,1,1,True,0
M12:73:female,M12,M12:73,R1,M4,1,1,True,0
M12:73:female,M12,M12:73,R3,M4,1,1,True,0
M12:740:high_income,M12,M12:740,ALL,M4,1,0,False,0
M12:740:high_income,M12,M12:740,R5,M4,1,0,False,0
M12:740:white,M12,M12:740,ALL,M4,1,1,True,0
M12:740:white,M12,M12:740,R5,M4,1,1,True,0
M12:741:black,M12,M12:741,ALL,M4,1,0,False,0
M12:741:black,M12,M12:741,R5,M4,1,0,False,0
M12:741:low_income,M12,M12:741,ALL,M4,1,1,True,0
M12:741:low_income,M12,M12:741,R5,M4,1,1,True,0
M12:745:low_income,M12,M12:745,ALL,M4,1,1,True,0
M12:745:low_income,M12,M12:745,R5,M4,1,1,True,0
M12:746:black,M12,M12:746,ALL,M4,1,0,False,0
M12:746:black,M12,M12:746,R5,M4,1,0,False,0
M12:746:female,M12,M12:746,ALL,M4,1,0,False,0
M12:746:female,M12,M12:746,R5,M4,1,0,False,0
M12:747:male,M12,M12:747,ALL,M4,1,0,False,0
M12:747:male,M12,M12:747,R5,M4,1,0,False,0
M12:748:white,M12,M12:748,ALL,M4,1,1,True,0
M12:748:white,M12,M12:748,R5,M4,1,1,True,0
M12:749:low_income,M12,M12:749,ALL,M4,1,0,False,0
M12:749:low_income,M12,M12:749,R5,M4,1,0,False,0
M12:749:white,M12,M12:749,ALL,M4,1,1,True,0
M12:749:white,M12,M12:749,R5,M4,1,1,True,0
M12:74:white,M12,M12:74,ALL,M4,1,1,True,0
M12:74:white,M12,M12:74,R5,M4,1,1,True,0
M12:750:low_income,M12,M12:750,ALL,M4,1,1,True,0
M12:750:low_income,M12,M12:750,R5,M4,1,1,True,0
M12:751:female,M12,M12:751,ALL,M4,1,1,True,0
M12:751:female,M12,M12:751,R5,M4,1,1,True,0
M12:752:low_income,M12,M12:752,ALL,M4,1,0,False,0
M12:752:low_income,M12,M12:752,R5,M4,1,0,False,0
M12:756:female,M12,M12:756,ALL,M4,1,1,True,0
M12:756:female,M12,M12:756,R5,M4,1,1,True,0
M12:756:low_income,M12,M12:756,ALL,M4,1,0,False,0
M12:756:low_income,M12,M12:756,R5,M4,1,0,False,0
M12:758:female,M12,M12:758,ALL,M4,1,0,False,0
M12:758:female,M12,M12:758,R5,M4,1,0,False,0
M12:758:high_income,M12,M12:758,ALL,M4,1,0,False,0
M12:758:high_income,M12,M12:758,R1,M4,1,0,False,0
M12:758:low_income,M12,M12:758,ALL,M4,1,1,True,0
M12:758:low_income,M12,M12:758,R1,M4,1,1,True,0
M12:759:high_income,M12,M12:759,ALL,M4,1,1,True,0
M12:759:high_income,M12,M12:759,R5,M4,1,1,True,0
M12:75:black,M12,M12:75,ALL,M4,1,0,False,0
M12:75:black,M12,M12:75,R5,M4,1,0,False,0
M12:761:white,M12,M12:761,ALL,M4,1,1,True,0
M12:761:white,M12,M12:761,R5,M4,1,1,True,0
M12:762:high_income,M12,M12:762,ALL,M4,1,1,True,0
M12:762:high_income,M12,M12:762,R5,M4,1,1,True,0
M12:762:white,M12,M12:762,ALL,M4,1,1,True,0
M12:762:white,M12,M12:762,R5,M4,1,1,True,0
M12:763:male,M12,M12:763,ALL,M4,1,1,True,0
M12:763:male,M12,M12:763,R5,M4,1,1,True,0
M12:764:female,M12,M12:764,ALL,M4,1,1,True,0
M12:764:female,M12,M12:764,R5,M4,1,1,True,0
M12:765:black,M12,M12:765,ALL,M4,1,1,True,0
M12:765:black,M12,M12:765,R1,M4,1,1,True,0
M12:765:black,M12,M12:765,R3,M4,1,1,True,0
M12:765:low_income,M12,M12:765,ALL,M4,1,1,True,0
M12:765:low_income,M12,M12:765,R5,M4,1,1,True,0
M12:768:high_income,M12,M12:768,ALL,M4,1,1,True,0
M12:768:high_income,M12,M12:768,R5,M4,1,1,True,0
M12:771:low_income,M12,M12:771,ALL,M4,1,1,True,0
M12:771:low_income,M12,M12:771,R5,M4,1,1,True,0
M12:772:black,M12,M12:772,ALL,M4,1,0,False,0
M12:772:black,M12,M12:772,R5,M4,1,0,False,0
M12:772:female,M12,M12:772,ALL,M4,1,1,True,0
M12:772:female,M12,M12:772,R5,M4,1,1,True,0
M12:773:male,M12,M12:773,ALL,M4,1,1,True,0
M12:773:male,M12,M12:773,R5,M4,1,1,True,0
M12:780:black,M12,M12:780,ALL,M4,1,0,False,0
M12:780:black,M12,M12:780,R5,M4,1,0,False,0
M12:781:black,M12,M12:781,ALL,M4,1,0,False,0
M12:781:black,M12,M12:781,R1,M4,1,0,False,0
M12:781:black,M12,M12:781,R3,M4,1,0,False,0
M12:782:black,M12,M12:782,ALL,M4,1,0,False,0
M12:782:black,M12,M12:782,R5,M4,1,0,False,0
M12:782:white,M12,M12:782,ALL,M4,1,0,False,0
M12:782:white,M12,M12:782,R5,M4,1,0,False,0
M12:786:white,M12,M12:786,ALL,M4,1,0,False,0
M12:786:white,M12,M12:786,R5,M4,1,0,False,0
M12:788:male,M12,M12:788,ALL,M4,1,1,True,0
M12:788:male,M12,M12:788,R5,M4,1,1,True,0
M12:789:black,M12,M12:789,ALL,M4,1,0,False,0
M12:789:black,M12,M12:789,R5,M4,1,0,False,0
M12:78:white,M12,M12:78,ALL,M4,1,0,False,0
M12:78:white,M12,M12:78,R5,M4,1,0,False,0
M12:790:female,M12,M12:790,ALL,M4,1,0,False,0
M12:790:female,M12,M12:790,R5,M4,1,0,False,0
M12:791:low_income,M12,M12:791,ALL,M4,1,0,False,0
M12:791:low_income,M12,M12:791,R5,M4,1,0,False,0
M12:793:black,M12,M12:793,ALL,M4,1,1,True,0
M12:793:black,M12,M12:793,R5,M4,1,1,True,0
M12:793:white,M12,M12:793,ALL,M4,1,1,True,0
M12:793:white,M12,M12:793,R5,M4,1,1,True,0
M12:794:high_income,M12,M12:794,ALL,M4,1,0,False,0
M12:794:high_income,M12,M12:794,R5,M4,1,0,False,0
M12:798:low_income,M12,M12:798,ALL,M4,1,1,True,0
M12:798:low_income,M12,M12:798,R5,M4,1,1,True,0
M12:799:white,M12,M12:799,ALL,M4,1,1,True,0
M12:799:white,M12,M12:799,R5,M4,1,1,True,0
M12:800:black,M12,M12:800,ALL,M4,1,1,True,0
M12:800:black,M12,M12:800,R1,M4,1,1,True,0
M12:800:black,M12,M12:800,R3,M4,1,1,True,0
M12:80:low_income,M12,M12:80,ALL,M4,1,1,True,0
M12:80:low_income,M12,M12:80,R5,M4,1,1,True,0
M12:81:black,M12,M12:81,ALL,M4,1,1,True,0
M12:81:black,M12,M12:81,R1,M4,1,1,True,0
M12:81:female,M12,M12:81,ALL,M4,1,1,True,0
M12:81:female,M12,M12:81,R5,M4,1,1,True,0
M12:81:white,M12,M12:81,ALL,M4,1,1,True,0
M12:81:white,M12,M12:81,R5,M4,1,1,True,0
M12:86:black,M12,M12:86,ALL,M4,1,0,False,0
M12:86:black,M12,M12:86,R5,M4,1,0,False,0
M12:86:female,M12,M12:86,ALL,M4,1,0,False,0
M12:86:female,M12,M12:86,R1,M4,1,0,False,0
M12:86:female,M12,M12:86,R3,M4,1,0,False,0
M12:86:male,M12,M12:86,ALL,M4,1,1,True,0
M12:86:male,M12,M12:86,R1,M4,1,1,True,0
M12:88:low_income,M12,M12:88,ALL,M4,1,0,False,0
M12:88:low_income,M12,M12:88,R5,M4,1,0,False,0
M12:89:black,M12,M12:89,ALL,M4,1,0,False,0
M12:89:black,M12,M12:89,R1,M4,1,0,False,0
M12:89:black,M12,M12:89,R3,M4,1,0,False,0
M12:89:female,M12,M12:89,ALL,M4,1,0,False,0
M12:89:female,M12,M12:89,R1,M4,1,0,False,0
M12:89:female,M12,M12:89,R3,M4,1,0,False,0
M12:89:low_income,M12,M12:89,ALL,M4,1,0,False,0
M12:89:low_income,M12,M12:89,R1,M4,1,0,False,0
M12:89:low_income,M12,M12:89,R3,M4,1,0,False,0
M12:90:male,M12,M12:90,ALL,M4,1,1,True,0
M12:90:male,M12,M12:90,R5,M4,1,1,True,0
M12:91:high_income,M12,M12:91,ALL,M4,1,0,False,0
M12:91:high_income,M12,M12:91,R5,M4,1,0,False,0
M12:92:female,M12,M12:92,ALL,M4,1,1,True,0
M12:92:female,M12,M12:92,R5,M4,1,1,True,0
M12:92:white,M12,M12:92,ALL,M4,1,1,True,0
M12:92:white,M12,M12:92,R5,M4,1,1,True,0
M12:96:female,M12,M12:96,ALL,M4,1,0,False,0
M12:96:female,M12,M12:96,R5,M4,1,0,False,0
M12:96:high_income,M12,M12:96,ALL,M4,1,0,False,0
M12:96:high_income,M12,M12:96,R5,M4,1,0,False,0
M12:97:male,M12,M12:97,ALL,M4,1,1,True,0
M12:97:male,M12,M12:97,R5,M4,1,1,True,0
M12:99:male,M12,M12:99,ALL,M4,1,1,True,0
M12:99:male,M12,M12:99,R5,M4,1,1,True,0
M12:9:male,M12,M12:9,ALL,M4,1,1,True,0
M12:9:male,M12,M12:9,R5,M4,1,1,True,0
M14:EthnicityDataset.csv:row1001:source1090,M14,M14:exact_source_text:966,ALL,M4,1,1,True,0
M14:EthnicityDataset.csv:row1001:source1090,M14,M14:exact_source_text:966,R5,M4,1,1,True,0
M14:EthnicityDataset.csv:row1013:source1117:native_american,M14,M14:exact_source_text:1672,ALL,M4,1,0,False,0
M14:EthnicityDataset.csv:row1013:source1117:native_american,M14,M14:exact_source_text:1672,R5,M4,1,0,False,0
M14:EthnicityDataset.csv:row1017:source1127,M14,M14:exact_source_text:982,ALL,M4,1,1,True,0
M14:EthnicityDataset.csv:row1017:source1127,M14,M14:exact_source_text:982,R5,M4,1,1,True,0
M14:EthnicityDataset.csv:row1019:source1135:asian,M14,M14:exact_source_text:1677,ALL,M4,1,1,True,0
M14:EthnicityDataset.csv:row1019:source1135:asian,M14,M14:exact_source_text:1677,R5,M4,1,1,True,0
M14:EthnicityDataset.csv:row1023:source1147,M14,M14:exact_source_text:991,ALL,M4,1,0,False,0
M14:EthnicityDataset.csv:row1023:source1147,M14,M14:exact_source_text:991,R5,M4,1,0,False,0
M14:EthnicityDataset.csv:row1028:source1156,M14,M14:exact_source_text:995,ALL,M4,1,1,True,0
M14:EthnicityDataset.csv:row1028:source1156,M14,M14:exact_source_text:995,R5,M4,1,1,True,0
M14:EthnicityDataset.csv:row1034:source1175:asian,M14,M14:exact_source_text:1688,ALL,M4,1,1,True,0
M14:EthnicityDataset.csv:row1034:source1175:asian,M14,M14:exact_source_text:1688,R5,M4,1,1,True,0
M14:EthnicityDataset.csv:row1041:source1193:hispanic,M14,M14:exact_source_text:1011,ALL,M4,1,1,True,0
M14:EthnicityDataset.csv:row1041:source1193:hispanic,M14,M14:exact_source_text:1011,R5,M4,1,1,True,0
M14:EthnicityDataset.csv:row1041:source1193:native_american,M14,M14:exact_source_text:1011,ALL,M4,1,1,True,0
M14:EthnicityDataset.csv:row1041:source1193:native_american,M14,M14:exact_source_text:1011,R5,M4,1,1,True,0
M14:EthnicityDataset.csv:row1045:source1208,M14,M14:exact_source_text:1693,ALL,M4,1,1,True,0
M14:EthnicityDataset.csv:row1045:source1208,M14,M14:exact_source_text:1693,R5,M4,1,1,True,0
M14:EthnicityDataset.csv:row1049:source1212:caucasian,M14,M14:exact_source_text:1696,ALL,M4,1,1,True,0
M14:EthnicityDataset.csv:row1049:source1212:caucasian,M14,M14:exact_source_text:1696,R5,M4,1,1,True,0
M14:EthnicityDataset.csv:row1049:source1212:hispanic,M14,M14:exact_source_text:1696,ALL,M4,1,0,False,0
M14:EthnicityDataset.csv:row1049:source1212:hispanic,M14,M14:exact_source_text:1696,R5,M4,1,0,False,0
M14:EthnicityDataset.csv:row1052:source1217:hispanic,M14,M14:exact_source_text:1019,ALL,M4,1,0,False,0
M14:EthnicityDataset.csv:row1052:source1217:hispanic,M14,M14:exact_source_text:1019,R5,M4,1,0,False,0
M14:EthnicityDataset.csv:row1056:source1223:caucasian,M14,M14:exact_source_text:1022,ALL,M4,1,1,True,0
M14:EthnicityDataset.csv:row1056:source1223:caucasian,M14,M14:exact_source_text:1022,R5,M4,1,1,True,0
M14:EthnicityDataset.csv:row1056:source1223:native_american,M14,M14:exact_source_text:1022,ALL,M4,1,1,True,0
M14:EthnicityDataset.csv:row1056:source1223:native_american,M14,M14:exact_source_text:1022,R5,M4,1,1,True,0
M14:EthnicityDataset.csv:row1060:source1236,M14,M14:exact_source_text:1702,ALL,M4,1,1,True,0
M14:EthnicityDataset.csv:row1060:source1236,M14,M14:exact_source_text:1702,R5,M4,1,1,True,0
M14:EthnicityDataset.csv:row1062:source1240:caucasian,M14,M14:exact_source_text:1704,ALL,M4,1,1,True,0
M14:EthnicityDataset.csv:row1062:source1240:caucasian,M14,M14:exact_source_text:1704,R5,M4,1,1,True,0
M14:EthnicityDataset.csv:row1064:source1242:hispanic,M14,M14:exact_source_text:1706,ALL,M4,1,1,True,0
M14:EthnicityDataset.csv:row1064:source1242:hispanic,M14,M14:exact_source_text:1706,R5,M4,1,1,True,0
M14:EthnicityDataset.csv:row1065:source1250:hispanic,M14,M14:exact_source_text:1031,ALL,M4,1,0,False,0
M14:EthnicityDataset.csv:row1065:source1250:hispanic,M14,M14:exact_source_text:1031,R5,M4,1,0,False,0
M14:EthnicityDataset.csv:row1068:source1262:asian,M14,M14:exact_source_text:1036,ALL,M4,1,0,False,0
M14:EthnicityDataset.csv:row1068:source1262:asian,M14,M14:exact_source_text:1036,R5,M4,1,0,False,0
M14:EthnicityDataset.csv:row108:source193,M14,M14:exact_source_text:1122,ALL,M4,1,1,True,0
M14:EthnicityDataset.csv:row108:source193,M14,M14:exact_source_text:1122,R5,M4,1,1,True,0
M14:EthnicityDataset.csv:row112:source205:native_american,M14,M14:exact_source_text:1124,ALL,M4,1,0,False,0
M14:EthnicityDataset.csv:row112:source205:native_american,M14,M14:exact_source_text:1124,R5,M4,1,0,False,0
M14:EthnicityDataset.csv:row113:source207,M14,M14:exact_source_text:43,ALL,M4,1,0,False,0
M14:EthnicityDataset.csv:row113:source207,M14,M14:exact_source_text:43,R5,M4,1,0,False,0
M14:EthnicityDataset.csv:row113:source207:caucasian,M14,M14:exact_source_text:43,ALL,M4,1,0,False,0
M14:EthnicityDataset.csv:row113:source207:caucasian,M14,M14:exact_source_text:43,R5,M4,1,0,False,0
M14:EthnicityDataset.csv:row115:source211:hispanic,M14,M14:exact_source_text:1126,ALL,M4,1,1,True,0
M14:EthnicityDataset.csv:row115:source211:hispanic,M14,M14:exact_source_text:1126,R5,M4,1,1,True,0
M14:EthnicityDataset.csv:row11:source22:native_american,M14,M14:exact_source_text:1049,ALL,M4,1,1,True,0
M14:EthnicityDataset.csv:row11:source22:native_american,M14,M14:exact_source_text:1049,R5,M4,1,1,True,0
M14:EthnicityDataset.csv:row125:source223:caucasian,M14,M14:exact_source_text:1134,ALL,M4,1,1,True,0
M14:EthnicityDataset.csv:row125:source223:caucasian,M14,M14:exact_source_text:1134,R5,M4,1,1,True,0
M14:EthnicityDataset.csv:row129:source232:caucasian,M14,M14:exact_source_text:1138,ALL,M4,1,0,False,0
M14:EthnicityDataset.csv:row129:source232:caucasian,M14,M14:exact_source_text:1138,R5,M4,1,0,False,0
M14:EthnicityDataset.csv:row12:source25:hispanic,M14,M14:exact_source_text:1050,ALL,M4,1,0,False,0
M14:EthnicityDataset.csv:row12:source25:hispanic,M14,M14:exact_source_text:1050,R5,M4,1,0,False,0
M14:EthnicityDataset.csv:row132:source237:asian,M14,M14:exact_source_text:1141,ALL,M4,1,1,True,0
M14:EthnicityDataset.csv:row132:source237:asian,M14,M14:exact_source_text:1141,R5,M4,1,1,True,0
M14:EthnicityDataset.csv:row133:source238:hispanic,M14,M14:exact_source_text:48,ALL,M4,1,0,False,0
M14:EthnicityDataset.csv:row133:source238:hispanic,M14,M14:exact_source_text:48,R5,M4,1,0,False,0
M14:EthnicityDataset.csv:row136:source241:asian,M14,M14:exact_source_text:1144,ALL,M4,1,1,True,0
M14:EthnicityDataset.csv:row136:source241:asian,M14,M14:exact_source_text:1144,R5,M4,1,1,True,0
M14:EthnicityDataset.csv:row136:source241:hispanic,M14,M14:exact_source_text:1144,ALL,M4,1,1,True,0
M14:EthnicityDataset.csv:row136:source241:hispanic,M14,M14:exact_source_text:1144,R5,M4,1,1,True,0
M14:EthnicityDataset.csv:row137:source244:asian,M14,M14:exact_source_text:49,ALL,M4,1,0,False,0
M14:EthnicityDataset.csv:row137:source244:asian,M14,M14:exact_source_text:49,R5,M4,1,0,False,0
M14:EthnicityDataset.csv:row137:source244:hispanic,M14,M14:exact_source_text:49,ALL,M4,1,0,False,0
M14:EthnicityDataset.csv:row137:source244:hispanic,M14,M14:exact_source_text:49,R5,M4,1,0,False,0
M14:EthnicityDataset.csv:row13:source27,M14,M14:exact_source_text:1051,ALL,M4,1,1,True,0
M14:EthnicityDataset.csv:row13:source27,M14,M14:exact_source_text:1051,R5,M4,1,1,True,0
M14:EthnicityDataset.csv:row13:source27:native_american,M14,M14:exact_source_text:1051,ALL,M4,1,1,True,0
M14:EthnicityDataset.csv:row13:source27:native_american,M14,M14:exact_source_text:1051,R5,M4,1,1,True,0
M14:EthnicityDataset.csv:row142:source251:hispanic,M14,M14:exact_source_text:1147,ALL,M4,1,1,True,0
M14:EthnicityDataset.csv:row142:source251:hispanic,M14,M14:exact_source_text:1147,R5,M4,1,1,True,0
M14:EthnicityDataset.csv:row145:source258:caucasian,M14,M14:exact_source_text:1149,ALL,M4,1,1,True,0
M14:EthnicityDataset.csv:row145:source258:caucasian,M14,M14:exact_source_text:1149,R5,M4,1,1,True,0
M14:EthnicityDataset.csv:row147:source260:asian,M14,M14:exact_source_text:1150,ALL,M4,1,1,True,0
M14:EthnicityDataset.csv:row147:source260:asian,M14,M14:exact_source_text:1150,R5,M4,1,1,True,0
M14:EthnicityDataset.csv:row147:source260:hispanic,M14,M14:exact_source_text:1150,ALL,M4,1,1,True,0
M14:EthnicityDataset.csv:row147:source260:hispanic,M14,M14:exact_source_text:1150,R5,M4,1,1,True,0
M14:EthnicityDataset.csv:row148:source262:hispanic,M14,M14:exact_source_text:1151,ALL,M4,1,1,True,0
M14:EthnicityDataset.csv:row148:source262:hispanic,M14,M14:exact_source_text:1151,R5,M4,1,1,True,0
M14:EthnicityDataset.csv:row149:source263:caucasian,M14,M14:exact_source_text:1152,ALL,M4,1,1,True,0
M14:EthnicityDataset.csv:row149:source263:caucasian,M14,M14:exact_source_text:1152,R5,M4,1,1,True,0
M14:EthnicityDataset.csv:row149:source263:hispanic,M14,M14:exact_source_text:1152,ALL,M4,1,1,True,0
M14:EthnicityDataset.csv:row149:source263:hispanic,M14,M14:exact_source_text:1152,R5,M4,1,1,True,0
M14:EthnicityDataset.csv:row159:source285:caucasian,M14,M14:exact_source_text:1161,ALL,M4,1,1,True,0
M14:EthnicityDataset.csv:row159:source285:caucasian,M14,M14:exact_source_text:1161,R5,M4,1,1,True,0
M14:EthnicityDataset.csv:row164:source290:native_american,M14,M14:exact_source_text:1166,ALL,M4,1,1,True,0
M14:EthnicityDataset.csv:row164:source290:native_american,M14,M14:exact_source_text:1166,R5,M4,1,1,True,0
M14:EthnicityDataset.csv:row170:source303:caucasian,M14,M14:exact_source_text:1171,ALL,M4,1,1,True,0
M14:EthnicityDataset.csv:row170:source303:caucasian,M14,M14:exact_source_text:1171,R5,M4,1,1,True,0
M14:EthnicityDataset.csv:row171:source304:caucasian,M14,M14:exact_source_text:1172,ALL,M4,1,1,True,0
M14:EthnicityDataset.csv:row171:source304:caucasian,M14,M14:exact_source_text:1172,R5,M4,1,1,True,0
M14:EthnicityDataset.csv:row172:source305,M14,M14:exact_source_text:62,ALL,M4,1,0,False,0
M14:EthnicityDataset.csv:row172:source305,M14,M14:exact_source_text:62,R5,M4,1,0,False,0
M14:EthnicityDataset.csv:row177:source312:caucasian,M14,M14:exact_source_text:1176,ALL,M4,1,1,True,0
M14:EthnicityDataset.csv:row177:source312:caucasian,M14,M14:exact_source_text:1176,R5,M4,1,1,True,0
M14:EthnicityDataset.csv:row17:source32:caucasian,M14,M14:exact_source_text:1054,ALL,M4,1,1,True,0
M14:EthnicityDataset.csv:row17:source32:caucasian,M14,M14:exact_source_text:1054,R5,M4,1,1,True,0
M14:EthnicityDataset.csv:row17:source32:native_american,M14,M14:exact_source_text:1054,ALL,M4,1,1,True,0
M14:EthnicityDataset.csv:row17:source32:native_american,M14,M14:exact_source_text:1054,R5,M4,1,1,True,0
M14:EthnicityDataset.csv:row180:source317:caucasian,M14,M14:exact_source_text:1178,ALL,M4,1,1,True,0
M14:EthnicityDataset.csv:row180:source317:caucasian,M14,M14:exact_source_text:1178,R5,M4,1,1,True,0
M14:EthnicityDataset.csv:row181:source319,M14,M14:exact_source_text:1179,ALL,M4,1,1,True,0
M14:EthnicityDataset.csv:row181:source319,M14,M14:exact_source_text:1179,R5,M4,1,1,True,0
M14:EthnicityDataset.csv:row183:source324:caucasian,M14,M14:exact_source_text:1181,ALL,M4,1,1,True,0
M14:EthnicityDataset.csv:row183:source324:caucasian,M14,M14:exact_source_text:1181,R5,M4,1,1,True,0
M14:EthnicityDataset.csv:row184:source325:caucasian,M14,M14:exact_source_text:1182,ALL,M4,1,1,True,0
M14:EthnicityDataset.csv:row184:source325:caucasian,M14,M14:exact_source_text:1182,R5,M4,1,1,True,0
M14:EthnicityDataset.csv:row18:source33:hispanic,M14,M14:exact_source_text:1055,ALL,M4,1,1,True,0
M14:EthnicityDataset.csv:row18:source33:hispanic,M14,M14:exact_source_text:1055,R5,M4,1,1,True,0
M14:EthnicityDataset.csv:row194:source343:asian,M14,M14:exact_source_text:1191,ALL,M4,1,0,False,0
M14:EthnicityDataset.csv:row194:source343:asian,M14,M14:exact_source_text:1191,R5,M4,1,0,False,0
M14:EthnicityDataset.csv:row196:source348:asian,M14,M14:exact_source_text:1193,ALL,M4,1,1,True,0
M14:EthnicityDataset.csv:row196:source348:asian,M14,M14:exact_source_text:1193,R5,M4,1,1,True,0
M14:EthnicityDataset.csv:row197:source350,M14,M14:exact_source_text:1194,ALL,M4,1,1,True,0
M14:EthnicityDataset.csv:row197:source350,M14,M14:exact_source_text:1194,R5,M4,1,1,True,0
M14:EthnicityDataset.csv:row198:source351:caucasian,M14,M14:exact_source_text:1195,ALL,M4,1,0,False,0
M14:EthnicityDataset.csv:row198:source351:caucasian,M14,M14:exact_source_text:1195,R5,M4,1,0,False,0
M14:EthnicityDataset.csv:row198:source351:native_american,M14,M14:exact_source_text:1195,ALL,M4,1,0,False,0
M14:EthnicityDataset.csv:row198:source351:native_american,M14,M14:exact_source_text:1195,R5,M4,1,0,False,0
M14:EthnicityDataset.csv:row207:source372:caucasian,M14,M14:exact_source_text:1202,ALL,M4,1,1,True,0
M14:EthnicityDataset.csv:row207:source372:caucasian,M14,M14:exact_source_text:1202,R5,M4,1,1,True,0
M14:EthnicityDataset.csv:row209:source374,M14,M14:exact_source_text:1203,ALL,M4,1,0,False,0
M14:EthnicityDataset.csv:row209:source374,M14,M14:exact_source_text:1203,R5,M4,1,0,False,0
M14:EthnicityDataset.csv:row212:source380:caucasian,M14,M14:exact_source_text:77,ALL,M4,1,1,True,0
M14:EthnicityDataset.csv:row212:source380:caucasian,M14,M14:exact_source_text:77,R5,M4,1,1,True,0
M14:EthnicityDataset.csv:row213:source382:caucasian,M14,M14:exact_source_text:1206,ALL,M4,1,0,False,0
M14:EthnicityDataset.csv:row213:source382:caucasian,M14,M14:exact_source_text:1206,R5,M4,1,0,False,0
M14:EthnicityDataset.csv:row213:source382:hispanic,M14,M14:exact_source_text:1206,ALL,M4,1,1,True,0
M14:EthnicityDataset.csv:row213:source382:hispanic,M14,M14:exact_source_text:1206,R5,M4,1,1,True,0
M14:EthnicityDataset.csv:row214:source383:caucasian,M14,M14:exact_source_text:1207,ALL,M4,1,1,True,0
M14:EthnicityDataset.csv:row214:source383:caucasian,M14,M14:exact_source_text:1207,R5,M4,1,1,True,0
M14:EthnicityDataset.csv:row215:source384:hispanic,M14,M14:exact_source_text:78,ALL,M4,1,1,True,0
M14:EthnicityDataset.csv:row215:source384:hispanic,M14,M14:exact_source_text:78,R5,M4,1,1,True,0
M14:EthnicityDataset.csv:row217:source395:caucasian,M14,M14:exact_source_text:1209,ALL,M4,1,1,True,0
M14:EthnicityDataset.csv:row217:source395:caucasian,M14,M14:exact_source_text:1209,R5,M4,1,1,True,0
M14:EthnicityDataset.csv:row220:source401:caucasian,M14,M14:exact_source_text:1212,ALL,M4,1,1,True,0
M14:EthnicityDataset.csv:row220:source401:caucasian,M14,M14:exact_source_text:1212,R5,M4,1,1,True,0
M14:EthnicityDataset.csv:row222:source405,M14,M14:exact_source_text:1213,ALL,M4,1,1,True,0
M14:EthnicityDataset.csv:row222:source405,M14,M14:exact_source_text:1213,R5,M4,1,1,True,0
M14:EthnicityDataset.csv:row226:source410:hispanic,M14,M14:exact_source_text:1217,ALL,M4,1,1,True,0
M14:EthnicityDataset.csv:row226:source410:hispanic,M14,M14:exact_source_text:1217,R5,M4,1,1,True,0
M14:EthnicityDataset.csv:row228:source412:caucasian,M14,M14:exact_source_text:1219,ALL,M4,1,1,True,0
M14:EthnicityDataset.csv:row228:source412:caucasian,M14,M14:exact_source_text:1219,R5,M4,1,1,True,0
M14:EthnicityDataset.csv:row232:source419:caucasian,M14,M14:exact_source_text:83,ALL,M4,1,1,True,0
M14:EthnicityDataset.csv:row232:source419:caucasian,M14,M14:exact_source_text:83,R5,M4,1,1,True,0
M14:EthnicityDataset.csv:row232:source419:hispanic,M14,M14:exact_source_text:83,ALL,M4,1,1,True,0
M14:EthnicityDataset.csv:row232:source419:hispanic,M14,M14:exact_source_text:83,R5,M4,1,1,True,0
M14:EthnicityDataset.csv:row232:source419:native_american,M14,M14:exact_source_text:83,ALL,M4,1,1,True,0
M14:EthnicityDataset.csv:row232:source419:native_american,M14,M14:exact_source_text:83,R5,M4,1,1,True,0
M14:EthnicityDataset.csv:row234:source421,M14,M14:exact_source_text:1223,ALL,M4,1,1,True,0
M14:EthnicityDataset.csv:row234:source421,M14,M14:exact_source_text:1223,R5,M4,1,1,True,0
M14:EthnicityDataset.csv:row234:source421:native_american,M14,M14:exact_source_text:1223,ALL,M4,1,1,True,0
M14:EthnicityDataset.csv:row234:source421:native_american,M14,M14:exact_source_text:1223,R5,M4,1,1,True,0
M14:EthnicityDataset.csv:row236:source427,M14,M14:exact_source_text:1225,ALL,M4,1,1,True,0
M14:EthnicityDataset.csv:row236:source427,M14,M14:exact_source_text:1225,R5,M4,1,1,True,0
M14:EthnicityDataset.csv:row240:source435,M14,M14:exact_source_text:1228,ALL,M4,1,0,False,0
M14:EthnicityDataset.csv:row240:source435,M14,M14:exact_source_text:1228,R5,M4,1,0,False,0
M14:EthnicityDataset.csv:row242:source437:hispanic,M14,M14:exact_source_text:1230,ALL,M4,1,1,True,0
M14:EthnicityDataset.csv:row242:source437:hispanic,M14,M14:exact_source_text:1230,R5,M4,1,1,True,0
M14:EthnicityDataset.csv:row243:source438:native_american,M14,M14:exact_source_text:1231,ALL,M4,1,0,False,0
M14:EthnicityDataset.csv:row243:source438:native_american,M14,M14:exact_source_text:1231,R5,M4,1,0,False,0
M14:EthnicityDataset.csv:row244:source439,M14,M14:exact_source_text:1232,ALL,M4,1,1,True,0
M14:EthnicityDataset.csv:row244:source439,M14,M14:exact_source_text:1232,R5,M4,1,1,True,0
M14:EthnicityDataset.csv:row245:source440:hispanic,M14,M14:exact_source_text:1233,ALL,M4,1,0,False,0
M14:EthnicityDataset.csv:row245:source440:hispanic,M14,M14:exact_source_text:1233,R5,M4,1,0,False,0
M14:EthnicityDataset.csv:row246:source441:hispanic,M14,M14:exact_source_text:1234,ALL,M4,1,1,True,0
M14:EthnicityDataset.csv:row246:source441:hispanic,M14,M14:exact_source_text:1234,R5,M4,1,1,True,0
M14:EthnicityDataset.csv:row250:source447,M14,M14:exact_source_text:1238,ALL,M4,1,0,False,0
M14:EthnicityDataset.csv:row250:source447,M14,M14:exact_source_text:1238,R5,M4,1,0,False,0
M14:EthnicityDataset.csv:row253:source450,M14,M14:exact_source_text:1240,ALL,M4,1,1,True,0
M14:EthnicityDataset.csv:row253:source450,M14,M14:exact_source_text:1240,R5,M4,1,1,True,0
M14:EthnicityDataset.csv:row254:source452:hispanic,M14,M14:exact_source_text:1241,ALL,M4,1,1,True,0
M14:EthnicityDataset.csv:row254:source452:hispanic,M14,M14:exact_source_text:1241,R5,M4,1,1,True,0
M14:EthnicityDataset.csv:row258:source459:caucasian,M14,M14:exact_source_text:1244,ALL,M4,1,0,False,0
M14:EthnicityDataset.csv:row258:source459:caucasian,M14,M14:exact_source_text:1244,R5,M4,1,0,False,0
M14:EthnicityDataset.csv:row259:source462,M14,M14:exact_source_text:1245,ALL,M4,1,1,True,0
M14:EthnicityDataset.csv:row259:source462,M14,M14:exact_source_text:1245,R5,M4,1,1,True,0
M14:EthnicityDataset.csv:row25:source45,M14,M14:exact_source_text:1059,ALL,M4,1,0,False,0
M14:EthnicityDataset.csv:row25:source45,M14,M14:exact_source_text:1059,R5,M4,1,0,False,0
M14:EthnicityDataset.csv:row271:source477:native_american,M14,M14:exact_source_text:1254,ALL,M4,1,1,True,0
M14:EthnicityDataset.csv:row271:source477:native_american,M14,M14:exact_source_text:1254,R5,M4,1,1,True,0
M14:EthnicityDataset.csv:row273:source482:hispanic,M14,M14:exact_source_text:1256,ALL,M4,1,1,True,0
M14:EthnicityDataset.csv:row273:source482:hispanic,M14,M14:exact_source_text:1256,R5,M4,1,1,True,0
M14:EthnicityDataset.csv:row279:source493:hispanic,M14,M14:exact_source_text:1260,ALL,M4,1,1,True,0
M14:EthnicityDataset.csv:row279:source493:hispanic,M14,M14:exact_source_text:1260,R5,M4,1,1,True,0
M14:EthnicityDataset.csv:row281:source496:asian,M14,M14:exact_source_text:1262,ALL,M4,1,1,True,0
M14:EthnicityDataset.csv:row281:source496:asian,M14,M14:exact_source_text:1262,R5,M4,1,1,True,0
M14:EthnicityDataset.csv:row290:source509,M14,M14:exact_source_text:96,ALL,M4,1,1,True,0
M14:EthnicityDataset.csv:row290:source509,M14,M14:exact_source_text:96,R5,M4,1,1,True,0
M14:EthnicityDataset.csv:row295:source516:hispanic,M14,M14:exact_source_text:99,ALL,M4,1,1,True,0
M14:EthnicityDataset.csv:row295:source516:hispanic,M14,M14:exact_source_text:99,R5,M4,1,1,True,0
M14:EthnicityDataset.csv:row29:source49:caucasian,M14,M14:exact_source_text:1063,ALL,M4,1,1,True,0
M14:EthnicityDataset.csv:row29:source49:caucasian,M14,M14:exact_source_text:1063,R5,M4,1,1,True,0
M14:EthnicityDataset.csv:row304:source526,M14,M14:exact_source_text:1278,ALL,M4,1,1,True,0
M14:EthnicityDataset.csv:row304:source526,M14,M14:exact_source_text:1278,R5,M4,1,1,True,0
M14:EthnicityDataset.csv:row312:source542:hispanic,M14,M14:exact_source_text:1284,ALL,M4,1,0,False,0
M14:EthnicityDataset.csv:row312:source542:hispanic,M14,M14:exact_source_text:1284,R5,M4,1,0,False,0
M14:EthnicityDataset.csv:row312:source542:native_american,M14,M14:exact_source_text:1284,ALL,M4,1,0,False,0
M14:EthnicityDataset.csv:row312:source542:native_american,M14,M14:exact_source_text:1284,R5,M4,1,0,False,0
M14:EthnicityDataset.csv:row314:source545:native_american,M14,M14:exact_source_text:1286,ALL,M4,1,1,True,0
M14:EthnicityDataset.csv:row314:source545:native_american,M14,M14:exact_source_text:1286,R5,M4,1,1,True,0
M14:EthnicityDataset.csv:row315:source548,M14,M14:exact_source_text:1287,ALL,M4,1,0,False,0
M14:EthnicityDataset.csv:row315:source548,M14,M14:exact_source_text:1287,R5,M4,1,0,False,0
M14:EthnicityDataset.csv:row315:source548:caucasian,M14,M14:exact_source_text:1287,ALL,M4,1,0,False,0
M14:EthnicityDataset.csv:row315:source548:caucasian,M14,M14:exact_source_text:1287,R5,M4,1,0,False,0
M14:EthnicityDataset.csv:row316:source549:native_american,M14,M14:exact_source_text:1288,ALL,M4,1,1,True,0
M14:EthnicityDataset.csv:row316:source549:native_american,M14,M14:exact_source_text:1288,R5,M4,1,1,True,0
M14:EthnicityDataset.csv:row318:source551,M14,M14:exact_source_text:1290,ALL,M4,1,0,False,0
M14:EthnicityDataset.csv:row318:source551,M14,M14:exact_source_text:1290,R5,M4,1,0,False,0
M14:EthnicityDataset.csv:row318:source551:native_american,M14,M14:exact_source_text:1290,ALL,M4,1,0,False,0
M14:EthnicityDataset.csv:row318:source551:native_american,M14,M14:exact_source_text:1290,R5,M4,1,0,False,0
M14:EthnicityDataset.csv:row338:source598:caucasian,M14,M14:exact_source_text:1306,ALL,M4,1,1,True,0
M14:EthnicityDataset.csv:row338:source598:caucasian,M14,M14:exact_source_text:1306,R5,M4,1,1,True,0
M14:EthnicityDataset.csv:row339:source599:caucasian,M14,M14:exact_source_text:1307,ALL,M4,1,0,False,0
M14:EthnicityDataset.csv:row339:source599:caucasian,M14,M14:exact_source_text:1307,R5,M4,1,0,False,0
M14:EthnicityDataset.csv:row341:source601:asian,M14,M14:exact_source_text:114,ALL,M4,1,1,True,0
M14:EthnicityDataset.csv:row341:source601:asian,M14,M14:exact_source_text:114,R5,M4,1,1,True,0
M14:EthnicityDataset.csv:row341:source601:native_american,M14,M14:exact_source_text:114,ALL,M4,1,1,True,0
M14:EthnicityDataset.csv:row341:source601:native_american,M14,M14:exact_source_text:114,R5,M4,1,1,True,0
M14:EthnicityDataset.csv:row342:source602:caucasian,M14,M14:exact_source_text:115,ALL,M4,1,0,False,0
M14:EthnicityDataset.csv:row342:source602:caucasian,M14,M14:exact_source_text:115,R5,M4,1,0,False,0
M14:EthnicityDataset.csv:row345:source607:hispanic,M14,M14:exact_source_text:117,ALL,M4,1,1,True,0
M14:EthnicityDataset.csv:row345:source607:hispanic,M14,M14:exact_source_text:117,R5,M4,1,1,True,0
M14:EthnicityDataset.csv:row348:source610:asian,M14,M14:exact_source_text:119,ALL,M4,1,0,False,0
M14:EthnicityDataset.csv:row348:source610:asian,M14,M14:exact_source_text:119,R5,M4,1,0,False,0
M14:EthnicityDataset.csv:row351:source616:asian,M14,M14:exact_source_text:121,ALL,M4,1,0,False,0
M14:EthnicityDataset.csv:row351:source616:asian,M14,M14:exact_source_text:121,R5,M4,1,0,False,0
M14:EthnicityDataset.csv:row360:source635:asian,M14,M14:exact_source_text:124,ALL,M4,1,1,True,0
M14:EthnicityDataset.csv:row360:source635:asian,M14,M14:exact_source_text:124,R5,M4,1,1,True,0
M14:EthnicityDataset.csv:row360:source635:native_american,M14,M14:exact_source_text:124,ALL,M4,1,1,True,0
M14:EthnicityDataset.csv:row360:source635:native_american,M14,M14:exact_source_text:124,R5,M4,1,1,True,0
M14:EthnicityDataset.csv:row367:source652,M14,M14:exact_source_text:1324,ALL,M4,1,0,False,0
M14:EthnicityDataset.csv:row367:source652,M14,M14:exact_source_text:1324,R5,M4,1,0,False,0
M14:EthnicityDataset.csv:row372:source661:native_american,M14,M14:exact_source_text:128,ALL,M4,1,1,True,0
M14:EthnicityDataset.csv:row372:source661:native_american,M14,M14:exact_source_text:128,R5,M4,1,1,True,0
M14:EthnicityDataset.csv:row374:source667:hispanic,M14,M14:exact_source_text:1329,ALL,M4,1,1,True,0
M14:EthnicityDataset.csv:row374:source667:hispanic,M14,M14:exact_source_text:1329,R5,M4,1,1,True,0
M14:EthnicityDataset.csv:row37:source62:hispanic,M14,M14:exact_source_text:1069,ALL,M4,1,1,True,0
M14:EthnicityDataset.csv:row37:source62:hispanic,M14,M14:exact_source_text:1069,R5,M4,1,1,True,0
M14:EthnicityDataset.csv:row37:source62:native_american,M14,M14:exact_source_text:1069,ALL,M4,1,1,True,0
M14:EthnicityDataset.csv:row37:source62:native_american,M14,M14:exact_source_text:1069,R5,M4,1,1,True,0
M14:EthnicityDataset.csv:row381:source681:hispanic,M14,M14:exact_source_text:1335,ALL,M4,1,0,False,0
M14:EthnicityDataset.csv:row381:source681:hispanic,M14,M14:exact_source_text:1335,R5,M4,1,0,False,0
M14:EthnicityDataset.csv:row395:source706,M14,M14:exact_source_text:1347,ALL,M4,1,1,True,0
M14:EthnicityDataset.csv:row395:source706,M14,M14:exact_source_text:1347,R5,M4,1,1,True,0
M14:EthnicityDataset.csv:row395:source706:native_american,M14,M14:exact_source_text:1347,ALL,M4,1,1,True,0
M14:EthnicityDataset.csv:row395:source706:native_american,M14,M14:exact_source_text:1347,R5,M4,1,1,True,0
M14:EthnicityDataset.csv:row39:source64,M14,M14:exact_source_text:1071,ALL,M4,1,1,True,0
M14:EthnicityDataset.csv:row39:source64,M14,M14:exact_source_text:1071,R5,M4,1,1,True,0
M14:EthnicityDataset.csv:row3:source4:hispanic,M14,M14:exact_source_text:1041,ALL,M4,1,1,True,0
M14:EthnicityDataset.csv:row3:source4:hispanic,M14,M14:exact_source_text:1041,R5,M4,1,1,True,0
M14:EthnicityDataset.csv:row400:source717:caucasian,M14,M14:exact_source_text:140,ALL,M4,1,1,True,0
M14:EthnicityDataset.csv:row400:source717:caucasian,M14,M14:exact_source_text:140,R5,M4,1,1,True,0
M14:EthnicityDataset.csv:row403:source720:caucasian,M14,M14:exact_source_text:1354,ALL,M4,1,0,False,0
M14:EthnicityDataset.csv:row403:source720:caucasian,M14,M14:exact_source_text:1354,R5,M4,1,0,False,0
M14:EthnicityDataset.csv:row404:source721:caucasian,M14,M14:exact_source_text:1355,ALL,M4,1,1,True,0
M14:EthnicityDataset.csv:row404:source721:caucasian,M14,M14:exact_source_text:1355,R5,M4,1,1,True,0
M14:EthnicityDataset.csv:row404:source721:hispanic,M14,M14:exact_source_text:1355,ALL,M4,1,1,True,0
M14:EthnicityDataset.csv:row404:source721:hispanic,M14,M14:exact_source_text:1355,R5,M4,1,1,True,0
M14:EthnicityDataset.csv:row414:source734:native_american,M14,M14:exact_source_text:1361,ALL,M4,1,1,True,0
M14:EthnicityDataset.csv:row414:source734:native_american,M14,M14:exact_source_text:1361,R5,M4,1,1,True,0
M14:EthnicityDataset.csv:row415:source741:asian,M14,M14:exact_source_text:1362,ALL,M4,1,1,True,0
M14:EthnicityDataset.csv:row415:source741:asian,M14,M14:exact_source_text:1362,R5,M4,1,1,True,0
M14:EthnicityDataset.csv:row417:source743,M14,M14:exact_source_text:1363,ALL,M4,1,0,False,0
M14:EthnicityDataset.csv:row417:source743,M14,M14:exact_source_text:1363,R5,M4,1,0,False,0
M14:EthnicityDataset.csv:row420:source750,M14,M14:exact_source_text:1366,ALL,M4,1,1,True,0
M14:EthnicityDataset.csv:row420:source750,M14,M14:exact_source_text:1366,R5,M4,1,1,True,0
M14:EthnicityDataset.csv:row423:source756:asian,M14,M14:exact_source_text:147,ALL,M4,1,1,True,0
M14:EthnicityDataset.csv:row423:source756:asian,M14,M14:exact_source_text:147,R5,M4,1,1,True,0
M14:EthnicityDataset.csv:row424:source757:asian,M14,M14:exact_source_text:1369,ALL,M4,1,1,True,0
M14:EthnicityDataset.csv:row424:source757:asian,M14,M14:exact_source_text:1369,R5,M4,1,1,True,0
M14:EthnicityDataset.csv:row425:source759:native_american,M14,M14:exact_source_text:1370,ALL,M4,1,1,True,0
M14:EthnicityDataset.csv:row425:source759:native_american,M14,M14:exact_source_text:1370,R5,M4,1,1,True,0
M14:EthnicityDataset.csv:row42:source68,M14,M14:exact_source_text:8,ALL,M4,1,1,True,0
M14:EthnicityDataset.csv:row42:source68,M14,M14:exact_source_text:8,R5,M4,1,1,True,0
M14:EthnicityDataset.csv:row430:source766:native_american,M14,M14:exact_source_text:1375,ALL,M4,1,1,True,0
M14:EthnicityDataset.csv:row430:source766:native_american,M14,M14:exact_source_text:1375,R5,M4,1,1,True,0
M14:EthnicityDataset.csv:row434:source771,M14,M14:exact_source_text:1377,ALL,M4,1,1,True,0
M14:EthnicityDataset.csv:row434:source771,M14,M14:exact_source_text:1377,R5,M4,1,1,True,0
M14:EthnicityDataset.csv:row435:source772:hispanic,M14,M14:exact_source_text:1378,ALL,M4,1,1,True,0
M14:EthnicityDataset.csv:row435:source772:hispanic,M14,M14:exact_source_text:1378,R5,M4,1,1,True,0
M14:EthnicityDataset.csv:row436:source773:asian,M14,M14:exact_source_text:1379,ALL,M4,1,1,True,0
M14:EthnicityDataset.csv:row436:source773:asian,M14,M14:exact_source_text:1379,R5,M4,1,1,True,0
M14:EthnicityDataset.csv:row440:source784:caucasian,M14,M14:exact_source_text:1382,ALL,M4,1,0,False,0
M14:EthnicityDataset.csv:row440:source784:caucasian,M14,M14:exact_source_text:1382,R5,M4,1,0,False,0
M14:EthnicityDataset.csv:row442:source786:caucasian,M14,M14:exact_source_text:153,ALL,M4,1,1,True,0
M14:EthnicityDataset.csv:row442:source786:caucasian,M14,M14:exact_source_text:153,R5,M4,1,1,True,0
M14:EthnicityDataset.csv:row447:source795:asian,M14,M14:exact_source_text:1387,ALL,M4,1,1,True,0
M14:EthnicityDataset.csv:row447:source795:asian,M14,M14:exact_source_text:1387,R5,M4,1,1,True,0
M14:EthnicityDataset.csv:row449:source797:native_american,M14,M14:exact_source_text:158,ALL,M4,1,1,True,0
M14:EthnicityDataset.csv:row449:source797:native_american,M14,M14:exact_source_text:158,R5,M4,1,1,True,0
M14:EthnicityDataset.csv:row451:source799,M14,M14:exact_source_text:1390,ALL,M4,1,1,True,0
M14:EthnicityDataset.csv:row451:source799,M14,M14:exact_source_text:1390,R5,M4,1,1,True,0
M14:EthnicityDataset.csv:row452:source801:caucasian,M14,M14:exact_source_text:1391,ALL,M4,1,0,False,0
M14:EthnicityDataset.csv:row452:source801:caucasian,M14,M14:exact_source_text:1391,R5,M4,1,0,False,0
M14:EthnicityDataset.csv:row454:source806:asian,M14,M14:exact_source_text:1393,ALL,M4,1,1,True,0
M14:EthnicityDataset.csv:row454:source806:asian,M14,M14:exact_source_text:1393,R5,M4,1,1,True,0
M14:EthnicityDataset.csv:row454:source806:hispanic,M14,M14:exact_source_text:1393,ALL,M4,1,1,True,0
M14:EthnicityDataset.csv:row454:source806:hispanic,M14,M14:exact_source_text:1393,R5,M4,1,1,True,0
M14:EthnicityDataset.csv:row45:source74:native_american,M14,M14:exact_source_text:1076,ALL,M4,1,1,True,0
M14:EthnicityDataset.csv:row45:source74:native_american,M14,M14:exact_source_text:1076,R5,M4,1,1,True,0
M14:EthnicityDataset.csv:row460:source818:asian,M14,M14:exact_source_text:1397,ALL,M4,1,1,True,0
M14:EthnicityDataset.csv:row460:source818:asian,M14,M14:exact_source_text:1397,R5,M4,1,1,True,0
M14:EthnicityDataset.csv:row465:source826:caucasian,M14,M14:exact_source_text:1402,ALL,M4,1,1,True,0
M14:EthnicityDataset.csv:row465:source826:caucasian,M14,M14:exact_source_text:1402,R5,M4,1,1,True,0
M14:EthnicityDataset.csv:row470:source835:native_american,M14,M14:exact_source_text:1407,ALL,M4,1,1,True,0
M14:EthnicityDataset.csv:row470:source835:native_american,M14,M14:exact_source_text:1407,R5,M4,1,1,True,0
M14:EthnicityDataset.csv:row476:source844:caucasian,M14,M14:exact_source_text:1412,ALL,M4,1,1,True,0
M14:EthnicityDataset.csv:row476:source844:caucasian,M14,M14:exact_source_text:1412,R5,M4,1,1,True,0
M14:EthnicityDataset.csv:row47:source77:native_american,M14,M14:exact_source_text:1078,ALL,M4,1,1,True,0
M14:EthnicityDataset.csv:row47:source77:native_american,M14,M14:exact_source_text:1078,R5,M4,1,1,True,0
M14:EthnicityDataset.csv:row480:source852:asian,M14,M14:exact_source_text:168,ALL,M4,1,1,True,0
M14:EthnicityDataset.csv:row480:source852:asian,M14,M14:exact_source_text:168,R5,M4,1,1,True,0
M14:EthnicityDataset.csv:row481:source853:hispanic,M14,M14:exact_source_text:1416,ALL,M4,1,1,True,0
M14:EthnicityDataset.csv:row481:source853:hispanic,M14,M14:exact_source_text:1416,R5,M4,1,1,True,0
M14:EthnicityDataset.csv:row482:source856:asian,M14,M14:exact_source_text:1417,ALL,M4,1,1,True,0
M14:EthnicityDataset.csv:row482:source856:asian,M14,M14:exact_source_text:1417,R5,M4,1,1,True,0
M14:EthnicityDataset.csv:row489:source870,M14,M14:exact_source_text:1423,ALL,M4,1,1,True,0
M14:EthnicityDataset.csv:row489:source870,M14,M14:exact_source_text:1423,R5,M4,1,1,True,0
M14:EthnicityDataset.csv:row491:source874,M14,M14:exact_source_text:1425,ALL,M4,1,1,True,0
M14:EthnicityDataset.csv:row491:source874,M14,M14:exact_source_text:1425,R5,M4,1,1,True,0
M14:EthnicityDataset.csv:row493:source877:hispanic,M14,M14:exact_source_text:171,ALL,M4,1,1,True,0
M14:EthnicityDataset.csv:row493:source877:hispanic,M14,M14:exact_source_text:171,R5,M4,1,1,True,0
M14:EthnicityDataset.csv:row497:source886:caucasian,M14,M14:exact_source_text:1428,ALL,M4,1,1,True,0
M14:EthnicityDataset.csv:row497:source886:caucasian,M14,M14:exact_source_text:1428,R5,M4,1,1,True,0
M14:EthnicityDataset.csv:row498:source888:native_american,M14,M14:exact_source_text:1429,ALL,M4,1,1,True,0
M14:EthnicityDataset.csv:row498:source888:native_american,M14,M14:exact_source_text:1429,R5,M4,1,1,True,0
M14:EthnicityDataset.csv:row500:source890:caucasian,M14,M14:exact_source_text:1430,ALL,M4,1,1,True,0
M14:EthnicityDataset.csv:row500:source890:caucasian,M14,M14:exact_source_text:1430,R5,M4,1,1,True,0
M14:EthnicityDataset.csv:row500:source890:hispanic,M14,M14:exact_source_text:1430,ALL,M4,1,1,True,0
M14:EthnicityDataset.csv:row500:source890:hispanic,M14,M14:exact_source_text:1430,R5,M4,1,1,True,0
M14:EthnicityDataset.csv:row501:source1:hispanic,M14,M14:exact_source_text:1431,ALL,M4,1,0,False,0
M14:EthnicityDataset.csv:row501:source1:hispanic,M14,M14:exact_source_text:1431,R5,M4,1,0,False,0
M14:EthnicityDataset.csv:row502:source2,M14,M14:exact_source_text:1432,ALL,M4,1,1,True,0
M14:EthnicityDataset.csv:row502:source2,M14,M14:exact_source_text:1432,R5,M4,1,1,True,0
M14:EthnicityDataset.csv:row502:source2:caucasian,M14,M14:exact_source_text:1432,ALL,M4,1,1,True,0
M14:EthnicityDataset.csv:row502:source2:caucasian,M14,M14:exact_source_text:1432,R5,M4,1,1,True,0
M14:EthnicityDataset.csv:row503:source3:asian,M14,M14:exact_source_text:1433,ALL,M4,1,0,False,0
M14:EthnicityDataset.csv:row503:source3:asian,M14,M14:exact_source_text:1433,R5,M4,1,0,False,0
M14:EthnicityDataset.csv:row504:source4:hispanic,M14,M14:exact_source_text:500,ALL,M4,1,1,True,0
M14:EthnicityDataset.csv:row504:source4:hispanic,M14,M14:exact_source_text:500,R5,M4,1,1,True,0
M14:EthnicityDataset.csv:row505:source5:asian,M14,M14:exact_source_text:501,ALL,M4,1,0,False,0
M14:EthnicityDataset.csv:row505:source5:asian,M14,M14:exact_source_text:501,R5,M4,1,0,False,0
M14:EthnicityDataset.csv:row506:source6,M14,M14:exact_source_text:502,ALL,M4,1,1,True,0
M14:EthnicityDataset.csv:row506:source6,M14,M14:exact_source_text:502,R5,M4,1,1,True,0
M14:EthnicityDataset.csv:row506:source6:asian,M14,M14:exact_source_text:502,ALL,M4,1,1,True,0
M14:EthnicityDataset.csv:row506:source6:asian,M14,M14:exact_source_text:502,R5,M4,1,1,True,0
M14:EthnicityDataset.csv:row512:source13,M14,M14:exact_source_text:1436,ALL,M4,1,1,True,0
M14:EthnicityDataset.csv:row512:source13,M14,M14:exact_source_text:1436,R5,M4,1,1,True,0
M14:EthnicityDataset.csv:row514:source21,M14,M14:exact_source_text:508,ALL,M4,1,1,True,0
M14:EthnicityDataset.csv:row514:source21,M14,M14:exact_source_text:508,R5,M4,1,1,True,0
M14:EthnicityDataset.csv:row514:source21:caucasian,M14,M14:exact_source_text:508,ALL,M4,1,1,True,0
M14:EthnicityDataset.csv:row514:source21:caucasian,M14,M14:exact_source_text:508,R5,M4,1,1,True,0
M14:EthnicityDataset.csv:row514:source21:native_american,M14,M14:exact_source_text:508,ALL,M4,1,1,True,0
M14:EthnicityDataset.csv:row514:source21:native_american,M14,M14:exact_source_text:508,R5,M4,1,1,True,0
M14:EthnicityDataset.csv:row515:source24,M14,M14:exact_source_text:1438,ALL,M4,1,1,True,0
M14:EthnicityDataset.csv:row515:source24,M14,M14:exact_source_text:1438,R5,M4,1,1,True,0
M14:EthnicityDataset.csv:row51:source89:asian,M14,M14:exact_source_text:1082,ALL,M4,1,0,False,0
M14:EthnicityDataset.csv:row51:source89:asian,M14,M14:exact_source_text:1082,R5,M4,1,0,False,0
M14:EthnicityDataset.csv:row532:source60:hispanic,M14,M14:exact_source_text:527,ALL,M4,1,1,True,0
M14:EthnicityDataset.csv:row532:source60:hispanic,M14,M14:exact_source_text:527,R5,M4,1,1,True,0
M14:EthnicityDataset.csv:row533:source61:native_american,M14,M14:exact_source_text:528,ALL,M4,1,1,True,0
M14:EthnicityDataset.csv:row533:source61:native_american,M14,M14:exact_source_text:528,R5,M4,1,1,True,0
M14:EthnicityDataset.csv:row539:source76:native_american,M14,M14:exact_source_text:1448,ALL,M4,1,1,True,0
M14:EthnicityDataset.csv:row539:source76:native_american,M14,M14:exact_source_text:1448,R5,M4,1,1,True,0
M14:EthnicityDataset.csv:row541:source79:native_american,M14,M14:exact_source_text:536,ALL,M4,1,1,True,0
M14:EthnicityDataset.csv:row541:source79:native_american,M14,M14:exact_source_text:536,R5,M4,1,1,True,0
M14:EthnicityDataset.csv:row542:source80,M14,M14:exact_source_text:1449,ALL,M4,1,0,False,0
M14:EthnicityDataset.csv:row542:source80,M14,M14:exact_source_text:1449,R5,M4,1,0,False,0
M14:EthnicityDataset.csv:row543:source81:asian,M14,M14:exact_source_text:537,ALL,M4,1,0,False,0
M14:EthnicityDataset.csv:row543:source81:asian,M14,M14:exact_source_text:537,R5,M4,1,0,False,0
M14:EthnicityDataset.csv:row544:source85,M14,M14:exact_source_text:539,ALL,M4,1,1,True,0
M14:EthnicityDataset.csv:row544:source85,M14,M14:exact_source_text:539,R5,M4,1,1,True,0
M14:EthnicityDataset.csv:row547:source98:hispanic,M14,M14:exact_source_text:544,ALL,M4,1,1,True,0
M14:EthnicityDataset.csv:row547:source98:hispanic,M14,M14:exact_source_text:544,R5,M4,1,1,True,0
M14:EthnicityDataset.csv:row552:source105:native_american,M14,M14:exact_source_text:1453,ALL,M4,1,1,True,0
M14:EthnicityDataset.csv:row552:source105:native_american,M14,M14:exact_source_text:1453,R5,M4,1,1,True,0
M14:EthnicityDataset.csv:row557:source119:hispanic,M14,M14:exact_source_text:1457,ALL,M4,1,1,True,0
M14:EthnicityDataset.csv:row557:source119:hispanic,M14,M14:exact_source_text:1457,R5,M4,1,1,True,0
M14:EthnicityDataset.csv:row558:source124:asian,M14,M14:exact_source_text:553,ALL,M4,1,0,False,0
M14:EthnicityDataset.csv:row558:source124:asian,M14,M14:exact_source_text:553,R5,M4,1,0,False,0
M14:EthnicityDataset.csv:row560:source127:native_american,M14,M14:exact_source_text:1458,ALL,M4,1,1,True,0
M14:EthnicityDataset.csv:row560:source127:native_american,M14,M14:exact_source_text:1458,R5,M4,1,1,True,0
M14:EthnicityDataset.csv:row561:source129:hispanic,M14,M14:exact_source_text:555,ALL,M4,1,0,False,0
M14:EthnicityDataset.csv:row561:source129:hispanic,M14,M14:exact_source_text:555,R5,M4,1,0,False,0
M14:EthnicityDataset.csv:row562:source130:caucasian,M14,M14:exact_source_text:1459,ALL,M4,1,1,True,0
M14:EthnicityDataset.csv:row562:source130:caucasian,M14,M14:exact_source_text:1459,R5,M4,1,1,True,0
M14:EthnicityDataset.csv:row567:source142:native_american,M14,M14:exact_source_text:1462,ALL,M4,1,1,True,0
M14:EthnicityDataset.csv:row567:source142:native_american,M14,M14:exact_source_text:1462,R5,M4,1,1,True,0
M14:EthnicityDataset.csv:row569:source144:native_american,M14,M14:exact_source_text:1463,ALL,M4,1,0,False,0
M14:EthnicityDataset.csv:row569:source144:native_american,M14,M14:exact_source_text:1463,R5,M4,1,0,False,0
M14:EthnicityDataset.csv:row570:source147:native_american,M14,M14:exact_source_text:562,ALL,M4,1,1,True,0
M14:EthnicityDataset.csv:row570:source147:native_american,M14,M14:exact_source_text:562,R5,M4,1,1,True,0
M14:EthnicityDataset.csv:row573:source152:caucasian,M14,M14:exact_source_text:1465,ALL,M4,1,0,False,0
M14:EthnicityDataset.csv:row573:source152:caucasian,M14,M14:exact_source_text:1465,R5,M4,1,0,False,0
M14:EthnicityDataset.csv:row577:source161:caucasian,M14,M14:exact_source_text:1468,ALL,M4,1,1,True,0
M14:EthnicityDataset.csv:row577:source161:caucasian,M14,M14:exact_source_text:1468,R5,M4,1,1,True,0
M14:EthnicityDataset.csv:row581:source170:caucasian,M14,M14:exact_source_text:573,ALL,M4,1,1,True,0
M14:EthnicityDataset.csv:row581:source170:caucasian,M14,M14:exact_source_text:573,R5,M4,1,1,True,0
M14:EthnicityDataset.csv:row590:source198:hispanic,M14,M14:exact_source_text:1472,ALL,M4,1,0,False,0
M14:EthnicityDataset.csv:row590:source198:hispanic,M14,M14:exact_source_text:1472,R5,M4,1,0,False,0
M14:EthnicityDataset.csv:row596:source205:hispanic,M14,M14:exact_source_text:586,ALL,M4,1,0,False,0
M14:EthnicityDataset.csv:row596:source205:hispanic,M14,M14:exact_source_text:586,R5,M4,1,0,False,0
M14:EthnicityDataset.csv:row598:source207:hispanic,M14,M14:exact_source_text:1476,ALL,M4,1,1,True,0
M14:EthnicityDataset.csv:row598:source207:hispanic,M14,M14:exact_source_text:1476,R5,M4,1,1,True,0
M14:EthnicityDataset.csv:row5:source7,M14,M14:exact_source_text:1043,ALL,M4,1,1,True,0
M14:EthnicityDataset.csv:row5:source7,M14,M14:exact_source_text:1043,R5,M4,1,1,True,0
M14:EthnicityDataset.csv:row600:source210:caucasian,M14,M14:exact_source_text:1477,ALL,M4,1,1,True,0
M14:EthnicityDataset.csv:row600:source210:caucasian,M14,M14:exact_source_text:1477,R5,M4,1,1,True,0
M14:EthnicityDataset.csv:row601:source213:caucasian,M14,M14:exact_source_text:590,ALL,M4,1,1,True,0
M14:EthnicityDataset.csv:row601:source213:caucasian,M14,M14:exact_source_text:590,R5,M4,1,1,True,0
M14:EthnicityDataset.csv:row604:source221,M14,M14:exact_source_text:595,ALL,M4,1,0,False,0
M14:EthnicityDataset.csv:row604:source221,M14,M14:exact_source_text:595,R5,M4,1,0,False,0
M14:EthnicityDataset.csv:row604:source221:caucasian,M14,M14:exact_source_text:595,ALL,M4,1,0,False,0
M14:EthnicityDataset.csv:row604:source221:caucasian,M14,M14:exact_source_text:595,R5,M4,1,0,False,0
M14:EthnicityDataset.csv:row606:source224:hispanic,M14,M14:exact_source_text:596,ALL,M4,1,0,False,0
M14:EthnicityDataset.csv:row606:source224:hispanic,M14,M14:exact_source_text:596,R5,M4,1,0,False,0
M14:EthnicityDataset.csv:row608:source231:asian,M14,M14:exact_source_text:600,ALL,M4,1,0,False,0
M14:EthnicityDataset.csv:row608:source231:asian,M14,M14:exact_source_text:600,R5,M4,1,0,False,0
M14:EthnicityDataset.csv:row610:source236,M14,M14:exact_source_text:605,ALL,M4,1,1,True,0
M14:EthnicityDataset.csv:row610:source236,M14,M14:exact_source_text:605,R5,M4,1,1,True,0
M14:EthnicityDataset.csv:row610:source236:caucasian,M14,M14:exact_source_text:605,ALL,M4,1,1,True,0
M14:EthnicityDataset.csv:row610:source236:caucasian,M14,M14:exact_source_text:605,R5,M4,1,1,True,0
M14:EthnicityDataset.csv:row622:source263:hispanic,M14,M14:exact_source_text:1484,ALL,M4,1,1,True,0
M14:EthnicityDataset.csv:row622:source263:hispanic,M14,M14:exact_source_text:1484,R5,M4,1,1,True,0
M14:EthnicityDataset.csv:row624:source269:asian,M14,M14:exact_source_text:617,ALL,M4,1,1,True,0
M14:EthnicityDataset.csv:row624:source269:asian,M14,M14:exact_source_text:617,R5,M4,1,1,True,0
M14:EthnicityDataset.csv:row627:source275,M14,M14:exact_source_text:619,ALL,M4,1,1,True,0
M14:EthnicityDataset.csv:row627:source275,M14,M14:exact_source_text:619,R5,M4,1,1,True,0
M14:EthnicityDataset.csv:row630:source286:hispanic,M14,M14:exact_source_text:625,ALL,M4,1,1,True,0
M14:EthnicityDataset.csv:row630:source286:hispanic,M14,M14:exact_source_text:625,R5,M4,1,1,True,0
M14:EthnicityDataset.csv:row631:source290:native_american,M14,M14:exact_source_text:628,ALL,M4,1,0,False,0
M14:EthnicityDataset.csv:row631:source290:native_american,M14,M14:exact_source_text:628,R5,M4,1,0,False,0
M14:EthnicityDataset.csv:row634:source298:hispanic,M14,M14:exact_source_text:1487,ALL,M4,1,1,True,0
M14:EthnicityDataset.csv:row634:source298:hispanic,M14,M14:exact_source_text:1487,R5,M4,1,1,True,0
M14:EthnicityDataset.csv:row634:source298:native_american,M14,M14:exact_source_text:1487,ALL,M4,1,1,True,0
M14:EthnicityDataset.csv:row634:source298:native_american,M14,M14:exact_source_text:1487,R5,M4,1,1,True,0
M14:EthnicityDataset.csv:row636:source301:native_american,M14,M14:exact_source_text:634,ALL,M4,1,1,True,0
M14:EthnicityDataset.csv:row636:source301:native_american,M14,M14:exact_source_text:634,R5,M4,1,1,True,0
M14:EthnicityDataset.csv:row638:source309:asian,M14,M14:exact_source_text:639,ALL,M4,1,0,False,0
M14:EthnicityDataset.csv:row638:source309:asian,M14,M14:exact_source_text:639,R5,M4,1,0,False,0
M14:EthnicityDataset.csv:row638:source309:caucasian,M14,M14:exact_source_text:639,ALL,M4,1,0,False,0
M14:EthnicityDataset.csv:row638:source309:caucasian,M14,M14:exact_source_text:639,R5,M4,1,0,False,0
M14:EthnicityDataset.csv:row643:source318:hispanic,M14,M14:exact_source_text:1490,ALL,M4,1,0,False,0
M14:EthnicityDataset.csv:row643:source318:hispanic,M14,M14:exact_source_text:1490,R5,M4,1,0,False,0
M14:EthnicityDataset.csv:row644:source320:native_american,M14,M14:exact_source_text:1491,ALL,M4,1,0,False,0
M14:EthnicityDataset.csv:row644:source320:native_american,M14,M14:exact_source_text:1491,R5,M4,1,0,False,0
M14:EthnicityDataset.csv:row652:source343:asian,M14,M14:exact_source_text:1495,ALL,M4,1,1,True,0
M14:EthnicityDataset.csv:row652:source343:asian,M14,M14:exact_source_text:1495,R5,M4,1,1,True,0
M14:EthnicityDataset.csv:row653:source345:hispanic,M14,M14:exact_source_text:1496,ALL,M4,1,1,True,0
M14:EthnicityDataset.csv:row653:source345:hispanic,M14,M14:exact_source_text:1496,R5,M4,1,1,True,0
M14:EthnicityDataset.csv:row654:source346:hispanic,M14,M14:exact_source_text:1497,ALL,M4,1,0,False,0
M14:EthnicityDataset.csv:row654:source346:hispanic,M14,M14:exact_source_text:1497,R5,M4,1,0,False,0
M14:EthnicityDataset.csv:row662:source357,M14,M14:exact_source_text:1503,ALL,M4,1,0,False,0
M14:EthnicityDataset.csv:row662:source357,M14,M14:exact_source_text:1503,R5,M4,1,0,False,0
M14:EthnicityDataset.csv:row662:source357:asian,M14,M14:exact_source_text:1503,ALL,M4,1,1,True,0
M14:EthnicityDataset.csv:row662:source357:asian,M14,M14:exact_source_text:1503,R5,M4,1,1,True,0
M14:EthnicityDataset.csv:row668:source370:asian,M14,M14:exact_source_text:659,ALL,M4,1,1,True,0
M14:EthnicityDataset.csv:row668:source370:asian,M14,M14:exact_source_text:659,R5,M4,1,1,True,0
M14:EthnicityDataset.csv:row671:source384:asian,M14,M14:exact_source_text:1509,ALL,M4,1,1,True,0
M14:EthnicityDataset.csv:row671:source384:asian,M14,M14:exact_source_text:1509,R5,M4,1,1,True,0
M14:EthnicityDataset.csv:row673:source387,M14,M14:exact_source_text:1510,ALL,M4,1,1,True,0
M14:EthnicityDataset.csv:row673:source387,M14,M14:exact_source_text:1510,R5,M4,1,1,True,0
M14:EthnicityDataset.csv:row675:source391:hispanic,M14,M14:exact_source_text:666,ALL,M4,1,1,True,0
M14:EthnicityDataset.csv:row675:source391:hispanic,M14,M14:exact_source_text:666,R5,M4,1,1,True,0
M14:EthnicityDataset.csv:row675:source391:native_american,M14,M14:exact_source_text:666,ALL,M4,1,1,True,0
M14:EthnicityDataset.csv:row675:source391:native_american,M14,M14:exact_source_text:666,R5,M4,1,1,True,0
M14:EthnicityDataset.csv:row676:source392:hispanic,M14,M14:exact_source_text:667,ALL,M4,1,1,True,0
M14:EthnicityDataset.csv:row676:source392:hispanic,M14,M14:exact_source_text:667,R5,M4,1,1,True,0
M14:EthnicityDataset.csv:row677:source394:hispanic,M14,M14:exact_source_text:669,ALL,M4,1,1,True,0
M14:EthnicityDataset.csv:row677:source394:hispanic,M14,M14:exact_source_text:669,R5,M4,1,1,True,0
M14:EthnicityDataset.csv:row688:source425:asian,M14,M14:exact_source_text:1514,ALL,M4,1,1,True,0
M14:EthnicityDataset.csv:row688:source425:asian,M14,M14:exact_source_text:1514,R5,M4,1,1,True,0
M14:EthnicityDataset.csv:row689:source429,M14,M14:exact_source_text:1515,ALL,M4,1,1,True,0
M14:EthnicityDataset.csv:row689:source429,M14,M14:exact_source_text:1515,R5,M4,1,1,True,0
M14:EthnicityDataset.csv:row68:source117:caucasian,M14,M14:exact_source_text:1096,ALL,M4,1,1,True,0
M14:EthnicityDataset.csv:row68:source117:caucasian,M14,M14:exact_source_text:1096,R5,M4,1,1,True,0
M14:EthnicityDataset.csv:row690:source430:asian,M14,M14:exact_source_text:685,ALL,M4,1,1,True,0
M14:EthnicityDataset.csv:row690:source430:asian,M14,M14:exact_source_text:685,R5,M4,1,1,True,0
M14:EthnicityDataset.csv:row690:source430:hispanic,M14,M14:exact_source_text:685,ALL,M4,1,1,True,0
M14:EthnicityDataset.csv:row690:source430:hispanic,M14,M14:exact_source_text:685,R5,M4,1,1,True,0
M14:EthnicityDataset.csv:row691:source434,M14,M14:exact_source_text:687,ALL,M4,1,1,True,0
M14:EthnicityDataset.csv:row691:source434,M14,M14:exact_source_text:687,R5,M4,1,1,True,0
M14:EthnicityDataset.csv:row693:source436:caucasian,M14,M14:exact_source_text:688,ALL,M4,1,1,True,0
M14:EthnicityDataset.csv:row693:source436:caucasian,M14,M14:exact_source_text:688,R5,M4,1,1,True,0
M14:EthnicityDataset.csv:row697:source444:caucasian,M14,M14:exact_source_text:1520,ALL,M4,1,1,True,0
M14:EthnicityDataset.csv:row697:source444:caucasian,M14,M14:exact_source_text:1520,R5,M4,1,1,True,0
M14:EthnicityDataset.csv:row697:source444:hispanic,M14,M14:exact_source_text:1520,ALL,M4,1,1,True,0
M14:EthnicityDataset.csv:row697:source444:hispanic,M14,M14:exact_source_text:1520,R5,M4,1,1,True,0
M14:EthnicityDataset.csv:row700:source451:asian,M14,M14:exact_source_text:1523,ALL,M4,1,1,True,0
M14:EthnicityDataset.csv:row700:source451:asian,M14,M14:exact_source_text:1523,R5,M4,1,1,True,0
M14:EthnicityDataset.csv:row700:source451:caucasian,M14,M14:exact_source_text:1523,ALL,M4,1,1,True,0
M14:EthnicityDataset.csv:row700:source451:caucasian,M14,M14:exact_source_text:1523,R5,M4,1,1,True,0
M14:EthnicityDataset.csv:row700:source451:hispanic,M14,M14:exact_source_text:1523,ALL,M4,1,1,True,0
M14:EthnicityDataset.csv:row700:source451:hispanic,M14,M14:exact_source_text:1523,R5,M4,1,1,True,0
M14:EthnicityDataset.csv:row705:source460:hispanic,M14,M14:exact_source_text:1527,ALL,M4,1,0,False,0
M14:EthnicityDataset.csv:row705:source460:hispanic,M14,M14:exact_source_text:1527,R5,M4,1,0,False,0
M14:EthnicityDataset.csv:row707:source465:hispanic,M14,M14:exact_source_text:1529,ALL,M4,1,1,True,0
M14:EthnicityDataset.csv:row707:source465:hispanic,M14,M14:exact_source_text:1529,R5,M4,1,1,True,0
M14:EthnicityDataset.csv:row708:source468:hispanic,M14,M14:exact_source_text:698,ALL,M4,1,1,True,0
M14:EthnicityDataset.csv:row708:source468:hispanic,M14,M14:exact_source_text:698,R5,M4,1,1,True,0
M14:EthnicityDataset.csv:row710:source478,M14,M14:exact_source_text:703,ALL,M4,1,1,True,0
M14:EthnicityDataset.csv:row710:source478,M14,M14:exact_source_text:703,R5,M4,1,1,True,0
M14:EthnicityDataset.csv:row710:source478:caucasian,M14,M14:exact_source_text:703,ALL,M4,1,0,False,0
M14:EthnicityDataset.csv:row710:source478:caucasian,M14,M14:exact_source_text:703,R5,M4,1,0,False,0
M14:EthnicityDataset.csv:row711:source479:caucasian,M14,M14:exact_source_text:1530,ALL,M4,1,1,True,0
M14:EthnicityDataset.csv:row711:source479:caucasian,M14,M14:exact_source_text:1530,R5,M4,1,1,True,0
M14:EthnicityDataset.csv:row715:source486:native_american,M14,M14:exact_source_text:708,ALL,M4,1,0,False,0
M14:EthnicityDataset.csv:row715:source486:native_american,M14,M14:exact_source_text:708,R5,M4,1,0,False,0
M14:EthnicityDataset.csv:row716:source487:caucasian,M14,M14:exact_source_text:709,ALL,M4,1,1,True,0
M14:EthnicityDataset.csv:row716:source487:caucasian,M14,M14:exact_source_text:709,R5,M4,1,1,True,0
M14:EthnicityDataset.csv:row718:source499:asian,M14,M14:exact_source_text:1532,ALL,M4,1,0,False,0
M14:EthnicityDataset.csv:row718:source499:asian,M14,M14:exact_source_text:1532,R5,M4,1,0,False,0
M14:EthnicityDataset.csv:row718:source499:caucasian,M14,M14:exact_source_text:1532,ALL,M4,1,0,False,0
M14:EthnicityDataset.csv:row718:source499:caucasian,M14,M14:exact_source_text:1532,R5,M4,1,0,False,0
M14:EthnicityDataset.csv:row722:source505,M14,M14:exact_source_text:1534,ALL,M4,1,1,True,0
M14:EthnicityDataset.csv:row722:source505,M14,M14:exact_source_text:1534,R5,M4,1,1,True,0
M14:EthnicityDataset.csv:row722:source505:native_american,M14,M14:exact_source_text:1534,ALL,M4,1,1,True,0
M14:EthnicityDataset.csv:row722:source505:native_american,M14,M14:exact_source_text:1534,R5,M4,1,1,True,0
M14:EthnicityDataset.csv:row724:source511:native_american,M14,M14:exact_source_text:1535,ALL,M4,1,1,True,0
M14:EthnicityDataset.csv:row724:source511:native_american,M14,M14:exact_source_text:1535,R5,M4,1,1,True,0
M14:EthnicityDataset.csv:row727:source515,M14,M14:exact_source_text:724,ALL,M4,1,1,True,0
M14:EthnicityDataset.csv:row727:source515,M14,M14:exact_source_text:724,R5,M4,1,1,True,0
M14:EthnicityDataset.csv:row727:source515:hispanic,M14,M14:exact_source_text:724,ALL,M4,1,0,False,0
M14:EthnicityDataset.csv:row727:source515:hispanic,M14,M14:exact_source_text:724,R5,M4,1,0,False,0
M14:EthnicityDataset.csv:row72:source124,M14,M14:exact_source_text:1099,ALL,M4,1,1,True,0
M14:EthnicityDataset.csv:row72:source124,M14,M14:exact_source_text:1099,R5,M4,1,1,True,0
M14:EthnicityDataset.csv:row735:source536:hispanic,M14,M14:exact_source_text:1539,ALL,M4,1,0,False,0
M14:EthnicityDataset.csv:row735:source536:hispanic,M14,M14:exact_source_text:1539,R5,M4,1,0,False,0
M14:EthnicityDataset.csv:row737:source538:hispanic,M14,M14:exact_source_text:735,ALL,M4,1,1,True,0
M14:EthnicityDataset.csv:row737:source538:hispanic,M14,M14:exact_source_text:735,R5,M4,1,1,True,0
M14:EthnicityDataset.csv:row738:source540:asian,M14,M14:exact_source_text:1540,ALL,M4,1,1,True,0
M14:EthnicityDataset.csv:row738:source540:asian,M14,M14:exact_source_text:1540,R5,M4,1,1,True,0
M14:EthnicityDataset.csv:row739:source542,M14,M14:exact_source_text:1541,ALL,M4,1,1,True,0
M14:EthnicityDataset.csv:row739:source542,M14,M14:exact_source_text:1541,R5,M4,1,1,True,0
M14:EthnicityDataset.csv:row739:source542:hispanic,M14,M14:exact_source_text:1541,ALL,M4,1,0,False,0
M14:EthnicityDataset.csv:row739:source542:hispanic,M14,M14:exact_source_text:1541,R5,M4,1,0,False,0
M14:EthnicityDataset.csv:row73:source125:hispanic,M14,M14:exact_source_text:1100,ALL,M4,1,1,True,0
M14:EthnicityDataset.csv:row73:source125:hispanic,M14,M14:exact_source_text:1100,R5,M4,1,1,True,0
M14:EthnicityDataset.csv:row742:source547:asian,M14,M14:exact_source_text:1544,ALL,M4,1,0,False,0
M14:EthnicityDataset.csv:row742:source547:asian,M14,M14:exact_source_text:1544,R5,M4,1,0,False,0
M14:EthnicityDataset.csv:row748:source562:native_american,M14,M14:exact_source_text:1548,ALL,M4,1,1,True,0
M14:EthnicityDataset.csv:row748:source562:native_american,M14,M14:exact_source_text:1548,R5,M4,1,1,True,0
M14:EthnicityDataset.csv:row750:source566:native_american,M14,M14:exact_source_text:741,ALL,M4,1,1,True,0
M14:EthnicityDataset.csv:row750:source566:native_american,M14,M14:exact_source_text:741,R5,M4,1,1,True,0
M14:EthnicityDataset.csv:row751:source567:hispanic,M14,M14:exact_source_text:1550,ALL,M4,1,1,True,0
M14:EthnicityDataset.csv:row751:source567:hispanic,M14,M14:exact_source_text:1550,R5,M4,1,1,True,0
M14:EthnicityDataset.csv:row75:source129:asian,M14,M14:exact_source_text:24,ALL,M4,1,0,False,0
M14:EthnicityDataset.csv:row75:source129:asian,M14,M14:exact_source_text:24,R5,M4,1,0,False,0
M14:EthnicityDataset.csv:row760:source584,M14,M14:exact_source_text:749,ALL,M4,1,0,False,0
M14:EthnicityDataset.csv:row760:source584,M14,M14:exact_source_text:749,R5,M4,1,0,False,0
M14:EthnicityDataset.csv:row764:source591:caucasian,M14,M14:exact_source_text:1557,ALL,M4,1,1,True,0
M14:EthnicityDataset.csv:row764:source591:caucasian,M14,M14:exact_source_text:1557,R5,M4,1,1,True,0
M14:EthnicityDataset.csv:row765:source592:hispanic,M14,M14:exact_source_text:751,ALL,M4,1,1,True,0
M14:EthnicityDataset.csv:row765:source592:hispanic,M14,M14:exact_source_text:751,R5,M4,1,1,True,0
M14:EthnicityDataset.csv:row765:source592:native_american,M14,M14:exact_source_text:751,ALL,M4,1,1,True,0
M14:EthnicityDataset.csv:row765:source592:native_american,M14,M14:exact_source_text:751,R5,M4,1,1,True,0
M14:EthnicityDataset.csv:row766:source595:hispanic,M14,M14:exact_source_text:752,ALL,M4,1,1,True,0
M14:EthnicityDataset.csv:row766:source595:hispanic,M14,M14:exact_source_text:752,R5,M4,1,1,True,0
M14:EthnicityDataset.csv:row767:source596:asian,M14,M14:exact_source_text:753,ALL,M4,1,0,False,0
M14:EthnicityDataset.csv:row767:source596:asian,M14,M14:exact_source_text:753,R5,M4,1,0,False,0
M14:EthnicityDataset.csv:row769:source600:hispanic,M14,M14:exact_source_text:1558,ALL,M4,1,1,True,0
M14:EthnicityDataset.csv:row769:source600:hispanic,M14,M14:exact_source_text:1558,R5,M4,1,1,True,0
M14:EthnicityDataset.csv:row76:source134,M14,M14:exact_source_text:1101,ALL,M4,1,1,True,0
M14:EthnicityDataset.csv:row76:source134,M14,M14:exact_source_text:1101,R5,M4,1,1,True,0
M14:EthnicityDataset.csv:row770:source601:native_american,M14,M14:exact_source_text:756,ALL,M4,1,1,True,0
M14:EthnicityDataset.csv:row770:source601:native_american,M14,M14:exact_source_text:756,R5,M4,1,1,True,0
M14:EthnicityDataset.csv:row771:source602:asian,M14,M14:exact_source_text:1559,ALL,M4,1,0,False,0
M14:EthnicityDataset.csv:row771:source602:asian,M14,M14:exact_source_text:1559,R5,M4,1,0,False,0
M14:EthnicityDataset.csv:row772:source603:caucasian,M14,M14:exact_source_text:757,ALL,M4,1,1,True,0
M14:EthnicityDataset.csv:row772:source603:caucasian,M14,M14:exact_source_text:757,R5,M4,1,1,True,0
M14:EthnicityDataset.csv:row774:source606:native_american,M14,M14:exact_source_text:1560,ALL,M4,1,1,True,0
M14:EthnicityDataset.csv:row774:source606:native_american,M14,M14:exact_source_text:1560,R5,M4,1,1,True,0
M14:EthnicityDataset.csv:row776:source609:caucasian,M14,M14:exact_source_text:1561,ALL,M4,1,1,True,0
M14:EthnicityDataset.csv:row776:source609:caucasian,M14,M14:exact_source_text:1561,R5,M4,1,1,True,0
M14:EthnicityDataset.csv:row780:source617:asian,M14,M14:exact_source_text:762,ALL,M4,1,1,True,0
M14:EthnicityDataset.csv:row780:source617:asian,M14,M14:exact_source_text:762,R5,M4,1,1,True,0
M14:EthnicityDataset.csv:row785:source630:asian,M14,M14:exact_source_text:768,ALL,M4,1,1,True,0
M14:EthnicityDataset.csv:row785:source630:asian,M14,M14:exact_source_text:768,R5,M4,1,1,True,0
M14:EthnicityDataset.csv:row786:source634:caucasian,M14,M14:exact_source_text:1565,ALL,M4,1,0,False,0
M14:EthnicityDataset.csv:row786:source634:caucasian,M14,M14:exact_source_text:1565,R5,M4,1,0,False,0
M14:EthnicityDataset.csv:row786:source634:native_american,M14,M14:exact_source_text:1565,ALL,M4,1,0,False,0
M14:EthnicityDataset.csv:row786:source634:native_american,M14,M14:exact_source_text:1565,R5,M4,1,0,False,0
M14:EthnicityDataset.csv:row788:source636:hispanic,M14,M14:exact_source_text:770,ALL,M4,1,0,False,0
M14:EthnicityDataset.csv:row788:source636:hispanic,M14,M14:exact_source_text:770,R5,M4,1,0,False,0
M14:EthnicityDataset.csv:row789:source637:asian,M14,M14:exact_source_text:1566,ALL,M4,1,1,True,0
M14:EthnicityDataset.csv:row789:source637:asian,M14,M14:exact_source_text:1566,R5,M4,1,1,True,0
M14:EthnicityDataset.csv:row790:source639:native_american,M14,M14:exact_source_text:772,ALL,M4,1,0,False,0
M14:EthnicityDataset.csv:row790:source639:native_american,M14,M14:exact_source_text:772,R5,M4,1,0,False,0
M14:EthnicityDataset.csv:row792:source641:caucasian,M14,M14:exact_source_text:1567,ALL,M4,1,1,True,0
M14:EthnicityDataset.csv:row792:source641:caucasian,M14,M14:exact_source_text:1567,R5,M4,1,1,True,0
M14:EthnicityDataset.csv:row793:source642:caucasian,M14,M14:exact_source_text:1568,ALL,M4,1,1,True,0
M14:EthnicityDataset.csv:row793:source642:caucasian,M14,M14:exact_source_text:1568,R5,M4,1,1,True,0
M14:EthnicityDataset.csv:row796:source647:hispanic,M14,M14:exact_source_text:1571,ALL,M4,1,0,False,0
M14:EthnicityDataset.csv:row796:source647:hispanic,M14,M14:exact_source_text:1571,R5,M4,1,0,False,0
M14:EthnicityDataset.csv:row797:source648:caucasian,M14,M14:exact_source_text:775,ALL,M4,1,1,True,0
M14:EthnicityDataset.csv:row797:source648:caucasian,M14,M14:exact_source_text:775,R5,M4,1,1,True,0
M14:EthnicityDataset.csv:row803:source669,M14,M14:exact_source_text:1575,ALL,M4,1,1,True,0
M14:EthnicityDataset.csv:row803:source669,M14,M14:exact_source_text:1575,R5,M4,1,1,True,0
M14:EthnicityDataset.csv:row805:source671:asian,M14,M14:exact_source_text:1576,ALL,M4,1,1,True,0
M14:EthnicityDataset.csv:row805:source671:asian,M14,M14:exact_source_text:1576,R5,M4,1,1,True,0
M14:EthnicityDataset.csv:row805:source671:caucasian,M14,M14:exact_source_text:1576,ALL,M4,1,1,True,0
M14:EthnicityDataset.csv:row805:source671:caucasian,M14,M14:exact_source_text:1576,R5,M4,1,1,True,0
M14:EthnicityDataset.csv:row811:source684:native_american,M14,M14:exact_source_text:1581,ALL,M4,1,0,False,0
M14:EthnicityDataset.csv:row811:source684:native_american,M14,M14:exact_source_text:1581,R5,M4,1,0,False,0
M14:EthnicityDataset.csv:row816:source691:native_american,M14,M14:exact_source_text:1585,ALL,M4,1,1,True,0
M14:EthnicityDataset.csv:row816:source691:native_american,M14,M14:exact_source_text:1585,R5,M4,1,1,True,0
M14:EthnicityDataset.csv:row819:source697:hispanic,M14,M14:exact_source_text:1588,ALL,M4,1,1,True,0
M14:EthnicityDataset.csv:row819:source697:hispanic,M14,M14:exact_source_text:1588,R5,M4,1,1,True,0
M14:EthnicityDataset.csv:row819:source697:native_american,M14,M14:exact_source_text:1588,ALL,M4,1,1,True,0
M14:EthnicityDataset.csv:row819:source697:native_american,M14,M14:exact_source_text:1588,R5,M4,1,1,True,0
M14:EthnicityDataset.csv:row823:source704:asian,M14,M14:exact_source_text:794,ALL,M4,1,1,True,0
M14:EthnicityDataset.csv:row823:source704:asian,M14,M14:exact_source_text:794,R5,M4,1,1,True,0
M14:EthnicityDataset.csv:row824:source707:native_american,M14,M14:exact_source_text:795,ALL,M4,1,1,True,0
M14:EthnicityDataset.csv:row824:source707:native_american,M14,M14:exact_source_text:795,R5,M4,1,1,True,0
M14:EthnicityDataset.csv:row826:source715:caucasian,M14,M14:exact_source_text:797,ALL,M4,1,1,True,0
M14:EthnicityDataset.csv:row826:source715:caucasian,M14,M14:exact_source_text:797,R5,M4,1,1,True,0
M14:EthnicityDataset.csv:row829:source720:asian,M14,M14:exact_source_text:1593,ALL,M4,1,0,False,0
M14:EthnicityDataset.csv:row829:source720:asian,M14,M14:exact_source_text:1593,R5,M4,1,0,False,0
M14:EthnicityDataset.csv:row831:source728:native_american,M14,M14:exact_source_text:1594,ALL,M4,1,1,True,0
M14:EthnicityDataset.csv:row831:source728:native_american,M14,M14:exact_source_text:1594,R5,M4,1,1,True,0
M14:EthnicityDataset.csv:row835:source737:native_american,M14,M14:exact_source_text:1596,ALL,M4,1,1,True,0
M14:EthnicityDataset.csv:row835:source737:native_american,M14,M14:exact_source_text:1596,R5,M4,1,1,True,0
M14:EthnicityDataset.csv:row837:source740:hispanic,M14,M14:exact_source_text:809,ALL,M4,1,1,True,0
M14:EthnicityDataset.csv:row837:source740:hispanic,M14,M14:exact_source_text:809,R5,M4,1,1,True,0
M14:EthnicityDataset.csv:row840:source748:hispanic,M14,M14:exact_source_text:1599,ALL,M4,1,0,False,0
M14:EthnicityDataset.csv:row840:source748:hispanic,M14,M14:exact_source_text:1599,R5,M4,1,0,False,0
M14:EthnicityDataset.csv:row844:source762:hispanic,M14,M14:exact_source_text:817,ALL,M4,1,0,False,0
M14:EthnicityDataset.csv:row844:source762:hispanic,M14,M14:exact_source_text:817,R5,M4,1,0,False,0
M14:EthnicityDataset.csv:row848:source771:hispanic,M14,M14:exact_source_text:820,ALL,M4,1,0,False,0
M14:EthnicityDataset.csv:row848:source771:hispanic,M14,M14:exact_source_text:820,R5,M4,1,0,False,0
M14:EthnicityDataset.csv:row848:source771:native_american,M14,M14:exact_source_text:820,ALL,M4,1,1,True,0
M14:EthnicityDataset.csv:row848:source771:native_american,M14,M14:exact_source_text:820,R5,M4,1,1,True,0
M14:EthnicityDataset.csv:row857:source789:native_american,M14,M14:exact_source_text:828,ALL,M4,1,1,True,0
M14:EthnicityDataset.csv:row857:source789:native_american,M14,M14:exact_source_text:828,R5,M4,1,1,True,0
M14:EthnicityDataset.csv:row858:source792,M14,M14:exact_source_text:829,ALL,M4,1,0,False,0
M14:EthnicityDataset.csv:row858:source792,M14,M14:exact_source_text:829,R5,M4,1,0,False,0
M14:EthnicityDataset.csv:row858:source792:caucasian,M14,M14:exact_source_text:829,ALL,M4,1,1,True,0
M14:EthnicityDataset.csv:row858:source792:caucasian,M14,M14:exact_source_text:829,R5,M4,1,1,True,0
M14:EthnicityDataset.csv:row859:source793:hispanic,M14,M14:exact_source_text:830,ALL,M4,1,1,True,0
M14:EthnicityDataset.csv:row859:source793:hispanic,M14,M14:exact_source_text:830,R5,M4,1,1,True,0
M14:EthnicityDataset.csv:row85:source148:native_american,M14,M14:exact_source_text:1110,ALL,M4,1,1,True,0
M14:EthnicityDataset.csv:row85:source148:native_american,M14,M14:exact_source_text:1110,R5,M4,1,1,True,0
M14:EthnicityDataset.csv:row863:source798:asian,M14,M14:exact_source_text:1608,ALL,M4,1,0,False,0
M14:EthnicityDataset.csv:row863:source798:asian,M14,M14:exact_source_text:1608,R5,M4,1,0,False,0
M14:EthnicityDataset.csv:row867:source806:asian,M14,M14:exact_source_text:835,ALL,M4,1,1,True,0
M14:EthnicityDataset.csv:row867:source806:asian,M14,M14:exact_source_text:835,R5,M4,1,1,True,0
M14:EthnicityDataset.csv:row868:source807:asian,M14,M14:exact_source_text:836,ALL,M4,1,0,False,0
M14:EthnicityDataset.csv:row868:source807:asian,M14,M14:exact_source_text:836,R5,M4,1,0,False,0
M14:EthnicityDataset.csv:row868:source807:hispanic,M14,M14:exact_source_text:836,ALL,M4,1,1,True,0
M14:EthnicityDataset.csv:row868:source807:hispanic,M14,M14:exact_source_text:836,R5,M4,1,1,True,0
M14:EthnicityDataset.csv:row869:source811,M14,M14:exact_source_text:839,ALL,M4,1,1,True,0
M14:EthnicityDataset.csv:row869:source811,M14,M14:exact_source_text:839,R5,M4,1,1,True,0
M14:EthnicityDataset.csv:row86:source150,M14,M14:exact_source_text:1111,ALL,M4,1,1,True,0
M14:EthnicityDataset.csv:row86:source150,M14,M14:exact_source_text:1111,R5,M4,1,1,True,0
M14:EthnicityDataset.csv:row873:source817:hispanic,M14,M14:exact_source_text:842,ALL,M4,1,0,False,0
M14:EthnicityDataset.csv:row873:source817:hispanic,M14,M14:exact_source_text:842,R5,M4,1,0,False,0
M14:EthnicityDataset.csv:row875:source822:asian,M14,M14:exact_source_text:1614,ALL,M4,1,0,False,0
M14:EthnicityDataset.csv:row875:source822:asian,M14,M14:exact_source_text:1614,R5,M4,1,0,False,0
M14:EthnicityDataset.csv:row876:source828,M14,M14:exact_source_text:1615,ALL,M4,1,0,False,0
M14:EthnicityDataset.csv:row876:source828,M14,M14:exact_source_text:1615,R5,M4,1,0,False,0
M14:EthnicityDataset.csv:row881:source838:native_american,M14,M14:exact_source_text:1616,ALL,M4,1,1,True,0
M14:EthnicityDataset.csv:row881:source838:native_american,M14,M14:exact_source_text:1616,R5,M4,1,1,True,0
M14:EthnicityDataset.csv:row883:source841:caucasian,M14,M14:exact_source_text:1617,ALL,M4,1,1,True,0
M14:EthnicityDataset.csv:row883:source841:caucasian,M14,M14:exact_source_text:1617,R5,M4,1,1,True,0
M14:EthnicityDataset.csv:row885:source844,M14,M14:exact_source_text:1619,ALL,M4,1,1,True,0
M14:EthnicityDataset.csv:row885:source844,M14,M14:exact_source_text:1619,R5,M4,1,1,True,0
M14:EthnicityDataset.csv:row885:source844:hispanic,M14,M14:exact_source_text:1619,ALL,M4,1,0,False,0
M14:EthnicityDataset.csv:row885:source844:hispanic,M14,M14:exact_source_text:1619,R5,M4,1,0,False,0
M14:EthnicityDataset.csv:row888:source849,M14,M14:exact_source_text:859,ALL,M4,1,1,True,0
M14:EthnicityDataset.csv:row888:source849,M14,M14:exact_source_text:859,R5,M4,1,1,True,0
M14:EthnicityDataset.csv:row890:source851:caucasian,M14,M14:exact_source_text:1620,ALL,M4,1,0,False,0
M14:EthnicityDataset.csv:row890:source851:caucasian,M14,M14:exact_source_text:1620,R5,M4,1,0,False,0
M14:EthnicityDataset.csv:row891:source852:hispanic,M14,M14:exact_source_text:1621,ALL,M4,1,1,True,0
M14:EthnicityDataset.csv:row891:source852:hispanic,M14,M14:exact_source_text:1621,R5,M4,1,1,True,0
M14:EthnicityDataset.csv:row892:source855:asian,M14,M14:exact_source_text:862,ALL,M4,1,0,False,0
M14:EthnicityDataset.csv:row892:source855:asian,M14,M14:exact_source_text:862,R5,M4,1,0,False,0
M14:EthnicityDataset.csv:row893:source856:hispanic,M14,M14:exact_source_text:1622,ALL,M4,1,0,False,0
M14:EthnicityDataset.csv:row893:source856:hispanic,M14,M14:exact_source_text:1622,R5,M4,1,0,False,0
M14:EthnicityDataset.csv:row894:source858,M14,M14:exact_source_text:1623,ALL,M4,1,1,True,0
M14:EthnicityDataset.csv:row894:source858,M14,M14:exact_source_text:1623,R5,M4,1,1,True,0
M14:EthnicityDataset.csv:row894:source858:caucasian,M14,M14:exact_source_text:1623,ALL,M4,1,1,True,0
M14:EthnicityDataset.csv:row894:source858:caucasian,M14,M14:exact_source_text:1623,R5,M4,1,1,True,0
M14:EthnicityDataset.csv:row895:source866:asian,M14,M14:exact_source_text:1624,ALL,M4,1,1,True,0
M14:EthnicityDataset.csv:row895:source866:asian,M14,M14:exact_source_text:1624,R5,M4,1,1,True,0
M14:EthnicityDataset.csv:row899:source873:native_american,M14,M14:exact_source_text:1626,ALL,M4,1,1,True,0
M14:EthnicityDataset.csv:row899:source873:native_american,M14,M14:exact_source_text:1626,R5,M4,1,1,True,0
M14:EthnicityDataset.csv:row901:source876:asian,M14,M14:exact_source_text:870,ALL,M4,1,1,True,0
M14:EthnicityDataset.csv:row901:source876:asian,M14,M14:exact_source_text:870,R5,M4,1,1,True,0
M14:EthnicityDataset.csv:row902:source878:asian,M14,M14:exact_source_text:871,ALL,M4,1,0,False,0
M14:EthnicityDataset.csv:row902:source878:asian,M14,M14:exact_source_text:871,R5,M4,1,0,False,0
M14:EthnicityDataset.csv:row903:source879:caucasian,M14,M14:exact_source_text:1627,ALL,M4,1,1,True,0
M14:EthnicityDataset.csv:row903:source879:caucasian,M14,M14:exact_source_text:1627,R5,M4,1,1,True,0
M14:EthnicityDataset.csv:row90:source158:caucasian,M14,M14:exact_source_text:1113,ALL,M4,1,1,True,0
M14:EthnicityDataset.csv:row90:source158:caucasian,M14,M14:exact_source_text:1113,R5,M4,1,1,True,0
M14:EthnicityDataset.csv:row910:source894,M14,M14:exact_source_text:878,ALL,M4,1,1,True,0
M14:EthnicityDataset.csv:row910:source894,M14,M14:exact_source_text:878,R5,M4,1,1,True,0
M14:EthnicityDataset.csv:row911:source897:native_american,M14,M14:exact_source_text:879,ALL,M4,1,1,True,0
M14:EthnicityDataset.csv:row911:source897:native_american,M14,M14:exact_source_text:879,R5,M4,1,1,True,0
M14:EthnicityDataset.csv:row913:source901,M14,M14:exact_source_text:1630,ALL,M4,1,1,True,0
M14:EthnicityDataset.csv:row913:source901,M14,M14:exact_source_text:1630,R5,M4,1,1,True,0
M14:EthnicityDataset.csv:row914:source902:asian,M14,M14:exact_source_text:1631,ALL,M4,1,1,True,0
M14:EthnicityDataset.csv:row914:source902:asian,M14,M14:exact_source_text:1631,R5,M4,1,1,True,0
M14:EthnicityDataset.csv:row915:source903:asian,M14,M14:exact_source_text:1632,ALL,M4,1,1,True,0
M14:EthnicityDataset.csv:row915:source903:asian,M14,M14:exact_source_text:1632,R5,M4,1,1,True,0
M14:EthnicityDataset.csv:row916:source909:caucasian,M14,M14:exact_source_text:883,ALL,M4,1,0,False,0
M14:EthnicityDataset.csv:row916:source909:caucasian,M14,M14:exact_source_text:883,R5,M4,1,0,False,0
M14:EthnicityDataset.csv:row919:source913:caucasian,M14,M14:exact_source_text:1635,ALL,M4,1,0,False,0
M14:EthnicityDataset.csv:row919:source913:caucasian,M14,M14:exact_source_text:1635,R5,M4,1,0,False,0
M14:EthnicityDataset.csv:row921:source915,M14,M14:exact_source_text:1636,ALL,M4,1,1,True,0
M14:EthnicityDataset.csv:row921:source915,M14,M14:exact_source_text:1636,R5,M4,1,1,True,0
M14:EthnicityDataset.csv:row923:source921:asian,M14,M14:exact_source_text:887,ALL,M4,1,1,True,0
M14:EthnicityDataset.csv:row923:source921:asian,M14,M14:exact_source_text:887,R5,M4,1,1,True,0
M14:EthnicityDataset.csv:row924:source923,M14,M14:exact_source_text:1637,ALL,M4,1,1,True,0
M14:EthnicityDataset.csv:row924:source923,M14,M14:exact_source_text:1637,R5,M4,1,1,True,0
M14:EthnicityDataset.csv:row926:source929:caucasian,M14,M14:exact_source_text:1638,ALL,M4,1,1,True,0
M14:EthnicityDataset.csv:row926:source929:caucasian,M14,M14:exact_source_text:1638,R5,M4,1,1,True,0
M14:EthnicityDataset.csv:row929:source940:hispanic,M14,M14:exact_source_text:895,ALL,M4,1,0,False,0
M14:EthnicityDataset.csv:row929:source940:hispanic,M14,M14:exact_source_text:895,R5,M4,1,0,False,0
M14:EthnicityDataset.csv:row930:source941:asian,M14,M14:exact_source_text:1640,ALL,M4,1,1,True,0
M14:EthnicityDataset.csv:row930:source941:asian,M14,M14:exact_source_text:1640,R5,M4,1,1,True,0
M14:EthnicityDataset.csv:row934:source958:hispanic,M14,M14:exact_source_text:1643,ALL,M4,1,1,True,0
M14:EthnicityDataset.csv:row934:source958:hispanic,M14,M14:exact_source_text:1643,R5,M4,1,1,True,0
M14:EthnicityDataset.csv:row937:source961:hispanic,M14,M14:exact_source_text:1646,ALL,M4,1,1,True,0
M14:EthnicityDataset.csv:row937:source961:hispanic,M14,M14:exact_source_text:1646,R5,M4,1,1,True,0
M14:EthnicityDataset.csv:row93:source165,M14,M14:exact_source_text:1114,ALL,M4,1,1,True,0
M14:EthnicityDataset.csv:row93:source165,M14,M14:exact_source_text:1114,R5,M4,1,1,True,0
M14:EthnicityDataset.csv:row950:source985,M14,M14:exact_source_text:910,ALL,M4,1,1,True,0
M14:EthnicityDataset.csv:row950:source985,M14,M14:exact_source_text:910,R5,M4,1,1,True,0
M14:EthnicityDataset.csv:row951:source986:caucasian,M14,M14:exact_source_text:911,ALL,M4,1,0,False,0
M14:EthnicityDataset.csv:row951:source986:caucasian,M14,M14:exact_source_text:911,R5,M4,1,0,False,0
M14:EthnicityDataset.csv:row954:source991,M14,M14:exact_source_text:913,ALL,M4,1,1,True,0
M14:EthnicityDataset.csv:row954:source991,M14,M14:exact_source_text:913,R5,M4,1,1,True,0
M14:EthnicityDataset.csv:row958:source997:asian,M14,M14:exact_source_text:916,ALL,M4,1,1,True,0
M14:EthnicityDataset.csv:row958:source997:asian,M14,M14:exact_source_text:916,R5,M4,1,1,True,0
M14:EthnicityDataset.csv:row959:source998:caucasian,M14,M14:exact_source_text:917,ALL,M4,1,1,True,0
M14:EthnicityDataset.csv:row959:source998:caucasian,M14,M14:exact_source_text:917,R5,M4,1,1,True,0
M14:EthnicityDataset.csv:row964:source1011:hispanic,M14,M14:exact_source_text:921,ALL,M4,1,1,True,0
M14:EthnicityDataset.csv:row964:source1011:hispanic,M14,M14:exact_source_text:921,R5,M4,1,1,True,0
M14:EthnicityDataset.csv:row966:source1015:caucasian,M14,M14:exact_source_text:924,ALL,M4,1,1,True,0
M14:EthnicityDataset.csv:row966:source1015:caucasian,M14,M14:exact_source_text:924,R5,M4,1,1,True,0
M14:EthnicityDataset.csv:row967:source1019:asian,M14,M14:exact_source_text:1658,ALL,M4,1,1,True,0
M14:EthnicityDataset.csv:row967:source1019:asian,M14,M14:exact_source_text:1658,R5,M4,1,1,True,0
M14:EthnicityDataset.csv:row967:source1019:native_american,M14,M14:exact_source_text:1658,ALL,M4,1,1,True,0
M14:EthnicityDataset.csv:row967:source1019:native_american,M14,M14:exact_source_text:1658,R5,M4,1,1,True,0
M14:EthnicityDataset.csv:row968:source1024:hispanic,M14,M14:exact_source_text:929,ALL,M4,1,1,True,0
M14:EthnicityDataset.csv:row968:source1024:hispanic,M14,M14:exact_source_text:929,R5,M4,1,1,True,0
M14:EthnicityDataset.csv:row969:source1028:caucasian,M14,M14:exact_source_text:1659,ALL,M4,1,1,True,0
M14:EthnicityDataset.csv:row969:source1028:caucasian,M14,M14:exact_source_text:1659,R5,M4,1,1,True,0
M14:EthnicityDataset.csv:row970:source1030:asian,M14,M14:exact_source_text:931,ALL,M4,1,1,True,0
M14:EthnicityDataset.csv:row970:source1030:asian,M14,M14:exact_source_text:931,R5,M4,1,1,True,0
M14:EthnicityDataset.csv:row971:source1031,M14,M14:exact_source_text:1660,ALL,M4,1,1,True,0
M14:EthnicityDataset.csv:row971:source1031,M14,M14:exact_source_text:1660,R5,M4,1,1,True,0
M14:EthnicityDataset.csv:row974:source1034:native_american,M14,M14:exact_source_text:933,ALL,M4,1,1,True,0
M14:EthnicityDataset.csv:row974:source1034:native_american,M14,M14:exact_source_text:933,R5,M4,1,1,True,0
M14:EthnicityDataset.csv:row976:source1039,M14,M14:exact_source_text:1662,ALL,M4,1,1,True,0
M14:EthnicityDataset.csv:row976:source1039,M14,M14:exact_source_text:1662,R5,M4,1,1,True,0
M14:EthnicityDataset.csv:row976:source1039:caucasian,M14,M14:exact_source_text:1662,ALL,M4,1,1,True,0
M14:EthnicityDataset.csv:row976:source1039:caucasian,M14,M14:exact_source_text:1662,R5,M4,1,1,True,0
M14:EthnicityDataset.csv:row981:source1045:native_american,M14,M14:exact_source_text:939,ALL,M4,1,1,True,0
M14:EthnicityDataset.csv:row981:source1045:native_american,M14,M14:exact_source_text:939,R5,M4,1,1,True,0
M14:EthnicityDataset.csv:row984:source1050:asian,M14,M14:exact_source_text:1665,ALL,M4,1,1,True,0
M14:EthnicityDataset.csv:row984:source1050:asian,M14,M14:exact_source_text:1665,R5,M4,1,1,True,0
M14:EthnicityDataset.csv:row988:source1058:native_american,M14,M14:exact_source_text:946,ALL,M4,1,1,True,0
M14:EthnicityDataset.csv:row988:source1058:native_american,M14,M14:exact_source_text:946,R5,M4,1,1,True,0
M14:EthnicityDataset.csv:row989:source1059,M14,M14:exact_source_text:1666,ALL,M4,1,1,True,0
M14:EthnicityDataset.csv:row989:source1059,M14,M14:exact_source_text:1666,R5,M4,1,1,True,0
M14:EthnicityDataset.csv:row992:source1063:native_american,M14,M14:exact_source_text:949,ALL,M4,1,1,True,0
M14:EthnicityDataset.csv:row992:source1063:native_american,M14,M14:exact_source_text:949,R5,M4,1,1,True,0
M14:EthnicityDataset.csv:row993:source1064,M14,M14:exact_source_text:1667,ALL,M4,1,1,True,0
M14:EthnicityDataset.csv:row993:source1064,M14,M14:exact_source_text:1667,R5,M4,1,1,True,0
M14:EthnicityDataset.csv:row994:source1066:native_american,M14,M14:exact_source_text:950,ALL,M4,1,1,True,0
M14:EthnicityDataset.csv:row994:source1066:native_american,M14,M14:exact_source_text:950,R5,M4,1,1,True,0
M14:EthnicityDataset.csv:row99:source173:caucasian,M14,M14:exact_source_text:36,ALL,M4,1,1,True,0
M14:EthnicityDataset.csv:row99:source173:caucasian,M14,M14:exact_source_text:36,R5,M4,1,1,True,0
M14:GenderDataset.csv:row1018:source1214,M14,M14:exact_source_text:1017,ALL,M4,1,0,False,0
M14:GenderDataset.csv:row1018:source1214,M14,M14:exact_source_text:1017,R5,M4,1,0,False,0
M14:GenderDataset.csv:row1037:source1262,M14,M14:exact_source_text:1036,ALL,M4,1,0,False,0
M14:GenderDataset.csv:row1037:source1262,M14,M14:exact_source_text:1036,R5,M4,1,0,False,0
M14:GenderDataset.csv:row169:source852,M14,M14:exact_source_text:168,ALL,M4,1,1,True,0
M14:GenderDataset.csv:row169:source852,M14,M14:exact_source_text:168,R2,M4,1,1,True,0
M14:GenderDataset.csv:row173:source878,M14,M14:exact_source_text:172,ALL,M4,1,1,True,0
M14:GenderDataset.csv:row173:source878,M14,M14:exact_source_text:172,R5,M4,1,1,True,0
M14:GenderDataset.csv:row180:source903,M14,M14:exact_source_text:179,ALL,M4,1,0,False,0
M14:GenderDataset.csv:row180:source903,M14,M14:exact_source_text:179,R5,M4,1,0,False,0
M14:GenderDataset.csv:row185:source927,M14,M14:exact_source_text:184,ALL,M4,1,1,True,0
M14:GenderDataset.csv:row185:source927,M14,M14:exact_source_text:184,R5,M4,1,1,True,0
M14:GenderDataset.csv:row211:source1020,M14,M14:exact_source_text:210,ALL,M4,1,1,True,0
M14:GenderDataset.csv:row211:source1020,M14,M14:exact_source_text:210,R5,M4,1,1,True,0
M14:GenderDataset.csv:row21:source121,M14,M14:exact_source_text:20,ALL,M4,1,1,True,0
M14:GenderDataset.csv:row21:source121,M14,M14:exact_source_text:20,R2,M4,1,1,True,0
M14:GenderDataset.csv:row220:source1048,M14,M14:exact_source_text:219,ALL,M4,1,0,False,0
M14:GenderDataset.csv:row220:source1048,M14,M14:exact_source_text:219,R5,M4,1,0,False,0
M14:GenderDataset.csv:row248:source1168,M14,M14:exact_source_text:247,ALL,M4,1,1,True,0
M14:GenderDataset.csv:row248:source1168,M14,M14:exact_source_text:247,R5,M4,1,1,True,0
M14:GenderDataset.csv:row249:source1174,M14,M14:exact_source_text:248,ALL,M4,1,1,True,0
M14:GenderDataset.csv:row249:source1174,M14,M14:exact_source_text:248,R5,M4,1,1,True,0
M14:GenderDataset.csv:row250:source1179,M14,M14:exact_source_text:249,ALL,M4,1,1,True,0
M14:GenderDataset.csv:row250:source1179,M14,M14:exact_source_text:249,R5,M4,1,1,True,0
M14:GenderDataset.csv:row283:source1334,M14,M14:exact_source_text:282,ALL,M4,1,0,False,0
M14:GenderDataset.csv:row283:source1334,M14,M14:exact_source_text:282,R5,M4,1,0,False,0
M14:GenderDataset.csv:row289:source1360,M14,M14:exact_source_text:288,ALL,M4,1,0,False,0
M14:GenderDataset.csv:row289:source1360,M14,M14:exact_source_text:288,R5,M4,1,0,False,0
M14:GenderDataset.csv:row294:source1387,M14,M14:exact_source_text:293,ALL,M4,1,1,True,0
M14:GenderDataset.csv:row294:source1387,M14,M14:exact_source_text:293,R5,M4,1,1,True,0
M14:GenderDataset.csv:row319:source1517,M14,M14:exact_source_text:318,ALL,M4,1,1,True,0
M14:GenderDataset.csv:row319:source1517,M14,M14:exact_source_text:318,R5,M4,1,1,True,0
M14:GenderDataset.csv:row331:source1560,M14,M14:exact_source_text:330,ALL,M4,1,1,True,0
M14:GenderDataset.csv:row331:source1560,M14,M14:exact_source_text:330,R5,M4,1,1,True,0
M14:GenderDataset.csv:row338:source1591,M14,M14:exact_source_text:337,ALL,M4,1,0,False,0
M14:GenderDataset.csv:row338:source1591,M14,M14:exact_source_text:337,R5,M4,1,0,False,0
M14:GenderDataset.csv:row348:source1633,M14,M14:exact_source_text:347,ALL,M4,1,1,True,0
M14:GenderDataset.csv:row348:source1633,M14,M14:exact_source_text:347,R5,M4,1,1,True,0
M14:GenderDataset.csv:row371:source1717,M14,M14:exact_source_text:370,ALL,M4,1,1,True,0
M14:GenderDataset.csv:row371:source1717,M14,M14:exact_source_text:370,R2,M4,1,1,True,0
M14:GenderDataset.csv:row377:source1751,M14,M14:exact_source_text:376,ALL,M4,1,0,False,0
M14:GenderDataset.csv:row377:source1751,M14,M14:exact_source_text:376,R5,M4,1,0,False,0
M14:GenderDataset.csv:row399:source1853,M14,M14:exact_source_text:398,ALL,M4,1,1,True,0
M14:GenderDataset.csv:row399:source1853,M14,M14:exact_source_text:398,R5,M4,1,1,True,0
M14:GenderDataset.csv:row425:source1982,M14,M14:exact_source_text:424,ALL,M4,1,1,True,0
M14:GenderDataset.csv:row425:source1982,M14,M14:exact_source_text:424,R5,M4,1,1,True,0
M14:GenderDataset.csv:row426:source1983,M14,M14:exact_source_text:425,ALL,M4,1,0,False,0
M14:GenderDataset.csv:row426:source1983,M14,M14:exact_source_text:425,R5,M4,1,0,False,0
M14:GenderDataset.csv:row428:source1987,M14,M14:exact_source_text:427,ALL,M4,1,1,True,0
M14:GenderDataset.csv:row428:source1987,M14,M14:exact_source_text:427,R5,M4,1,1,True,0
M14:GenderDataset.csv:row42:source201,M14,M14:exact_source_text:41,ALL,M4,1,0,False,0
M14:GenderDataset.csv:row42:source201,M14,M14:exact_source_text:41,R5,M4,1,0,False,0
M14:GenderDataset.csv:row443:source2032,M14,M14:exact_source_text:442,ALL,M4,1,1,True,0
M14:GenderDataset.csv:row443:source2032,M14,M14:exact_source_text:442,R5,M4,1,1,True,0
M14:GenderDataset.csv:row451:source2087,M14,M14:exact_source_text:450,ALL,M4,1,0,False,0
M14:GenderDataset.csv:row451:source2087,M14,M14:exact_source_text:450,R5,M4,1,0,False,0
M14:GenderDataset.csv:row458:source2110,M14,M14:exact_source_text:457,ALL,M4,1,1,True,0
M14:GenderDataset.csv:row458:source2110,M14,M14:exact_source_text:457,R5,M4,1,1,True,0
M14:GenderDataset.csv:row469:source2162,M14,M14:exact_source_text:468,ALL,M4,1,1,True,0
M14:GenderDataset.csv:row469:source2162,M14,M14:exact_source_text:468,R5,M4,1,1,True,0
M14:GenderDataset.csv:row47:source219,M14,M14:exact_source_text:46,ALL,M4,1,1,True,0
M14:GenderDataset.csv:row47:source219,M14,M14:exact_source_text:46,R5,M4,1,1,True,0
M14:GenderDataset.csv:row503:source6,M14,M14:exact_source_text:502,ALL,M4,1,0,False,0
M14:GenderDataset.csv:row503:source6,M14,M14:exact_source_text:502,R5,M4,1,0,False,0
M14:GenderDataset.csv:row509:source21,M14,M14:exact_source_text:508,ALL,M4,1,1,True,0
M14:GenderDataset.csv:row509:source21,M14,M14:exact_source_text:508,R5,M4,1,1,True,0
M14:GenderDataset.csv:row524:source50,M14,M14:exact_source_text:523,ALL,M4,1,1,True,0
M14:GenderDataset.csv:row524:source50,M14,M14:exact_source_text:523,R5,M4,1,1,True,0
M14:GenderDataset.csv:row570:source163,M14,M14:exact_source_text:569,ALL,M4,1,1,True,0
M14:GenderDataset.csv:row570:source163,M14,M14:exact_source_text:569,R5,M4,1,1,True,0
M14:GenderDataset.csv:row580:source187,M14,M14:exact_source_text:579,ALL,M4,1,1,True,0
M14:GenderDataset.csv:row580:source187,M14,M14:exact_source_text:579,R5,M4,1,1,True,0
M14:GenderDataset.csv:row591:source213,M14,M14:exact_source_text:590,ALL,M4,1,1,True,0
M14:GenderDataset.csv:row591:source213,M14,M14:exact_source_text:590,R5,M4,1,1,True,0
M14:GenderDataset.csv:row596:source221,M14,M14:exact_source_text:595,ALL,M4,1,0,False,0
M14:GenderDataset.csv:row596:source221,M14,M14:exact_source_text:595,R5,M4,1,0,False,0
M14:GenderDataset.csv:row610:source250,M14,M14:exact_source_text:609,ALL,M4,1,1,True,0
M14:GenderDataset.csv:row610:source250,M14,M14:exact_source_text:609,R5,M4,1,1,True,0
M14:GenderDataset.csv:row611:source252,M14,M14:exact_source_text:610,ALL,M4,1,1,True,0
M14:GenderDataset.csv:row611:source252,M14,M14:exact_source_text:610,R5,M4,1,1,True,0
M14:GenderDataset.csv:row638:source307,M14,M14:exact_source_text:637,ALL,M4,1,0,False,0
M14:GenderDataset.csv:row638:source307,M14,M14:exact_source_text:637,R5,M4,1,0,False,0
M14:GenderDataset.csv:row668:source392,M14,M14:exact_source_text:667,ALL,M4,1,1,True,0
M14:GenderDataset.csv:row668:source392,M14,M14:exact_source_text:667,R5,M4,1,1,True,0
M14:GenderDataset.csv:row689:source436,M14,M14:exact_source_text:688,ALL,M4,1,1,True,0
M14:GenderDataset.csv:row689:source436,M14,M14:exact_source_text:688,R5,M4,1,1,True,0
M14:GenderDataset.csv:row710:source487,M14,M14:exact_source_text:709,ALL,M4,1,1,True,0
M14:GenderDataset.csv:row710:source487,M14,M14:exact_source_text:709,R5,M4,1,1,True,0
M14:GenderDataset.csv:row718:source503,M14,M14:exact_source_text:717,ALL,M4,1,0,False,0
M14:GenderDataset.csv:row718:source503,M14,M14:exact_source_text:717,R5,M4,1,0,False,0
M14:GenderDataset.csv:row733:source532,M14,M14:exact_source_text:732,ALL,M4,1,1,True,0
M14:GenderDataset.csv:row733:source532,M14,M14:exact_source_text:732,R5,M4,1,1,True,0
M14:GenderDataset.csv:row736:source538,M14,M14:exact_source_text:735,ALL,M4,1,0,False,1
M14:GenderDataset.csv:row736:source538,M14,M14:exact_source_text:735,R5,M4,1,0,False,1
M14:GenderDataset.csv:row739:source555,M14,M14:exact_source_text:738,ALL,M4,1,1,True,0
M14:GenderDataset.csv:row739:source555,M14,M14:exact_source_text:738,R5,M4,1,1,True,0
M14:GenderDataset.csv:row766:source624,M14,M14:exact_source_text:765,ALL,M4,1,1,True,0
M14:GenderDataset.csv:row766:source624,M14,M14:exact_source_text:765,R5,M4,1,1,True,0
M14:GenderDataset.csv:row769:source630,M14,M14:exact_source_text:768,ALL,M4,1,1,True,0
M14:GenderDataset.csv:row769:source630,M14,M14:exact_source_text:768,R5,M4,1,1,True,0
M14:GenderDataset.csv:row778:source660,M14,M14:exact_source_text:777,ALL,M4,1,0,False,0
M14:GenderDataset.csv:row778:source660,M14,M14:exact_source_text:777,R5,M4,1,0,False,0
M14:GenderDataset.csv:row788:source686,M14,M14:exact_source_text:787,ALL,M4,1,0,False,0
M14:GenderDataset.csv:row788:source686,M14,M14:exact_source_text:787,R5,M4,1,0,False,0
M14:GenderDataset.csv:row798:source715,M14,M14:exact_source_text:797,ALL,M4,1,1,True,0
M14:GenderDataset.csv:row798:source715,M14,M14:exact_source_text:797,R5,M4,1,1,True,0
M14:GenderDataset.csv:row832:source795,M14,M14:exact_source_text:831,ALL,M4,1,1,True,0
M14:GenderDataset.csv:row832:source795,M14,M14:exact_source_text:831,R5,M4,1,1,True,0
M14:GenderDataset.csv:row838:source809,M14,M14:exact_source_text:837,ALL,M4,1,1,True,0
M14:GenderDataset.csv:row838:source809,M14,M14:exact_source_text:837,R5,M4,1,1,True,0
M14:GenderDataset.csv:row905:source971,M14,M14:exact_source_text:904,ALL,M4,1,1,True,0
M14:GenderDataset.csv:row905:source971,M14,M14:exact_source_text:904,R5,M4,1,1,True,0
M14:GenderDataset.csv:row908:source978,M14,M14:exact_source_text:907,ALL,M4,1,0,False,0
M14:GenderDataset.csv:row908:source978,M14,M14:exact_source_text:907,R5,M4,1,0,False,0
M14:GenderDataset.csv:row911:source985,M14,M14:exact_source_text:910,ALL,M4,1,1,True,0
M14:GenderDataset.csv:row911:source985,M14,M14:exact_source_text:910,R5,M4,1,1,True,0
M14:GenderDataset.csv:row913:source987,M14,M14:exact_source_text:912,ALL,M4,1,0,False,0
M14:GenderDataset.csv:row913:source987,M14,M14:exact_source_text:912,R5,M4,1,0,False,0
M14:GenderDataset.csv:row918:source998,M14,M14:exact_source_text:917,ALL,M4,1,1,True,0
M14:GenderDataset.csv:row918:source998,M14,M14:exact_source_text:917,R5,M4,1,1,True,0
M14:GenderDataset.csv:row932:source1030,M14,M14:exact_source_text:931,ALL,M4,1,1,True,0
M14:GenderDataset.csv:row932:source1030,M14,M14:exact_source_text:931,R5,M4,1,1,True,0
M14:GenderDataset.csv:row937:source1041,M14,M14:exact_source_text:936,ALL,M4,1,0,False,0
M14:GenderDataset.csv:row937:source1041,M14,M14:exact_source_text:936,R2,M4,1,0,False,0
M14:GenderDataset.csv:row988:source1140,M14,M14:exact_source_text:987,ALL,M4,1,0,False,0
M14:GenderDataset.csv:row988:source1140,M14,M14:exact_source_text:987,R5,M4,1,0,False,0
M14:GenderDataset.csv:row9:source68,M14,M14:exact_source_text:8,ALL,M4,1,0,False,0
M14:GenderDataset.csv:row9:source68,M14,M14:exact_source_text:8,R5,M4,1,0,False,0
M17:101:gender_removal,M17,M17:101,ALL,M4,3,1,True,0
M17:101:gender_removal,M17,M17:101,R5,M4,3,1,True,0
M17:10:gender_swap,M17,M17:10,ALL,M4,3,0.6666666666666666,False,0
M17:10:gender_swap,M17,M17:10,R5,M4,3,0.6666666666666666,False,0
M17:16:gender_removal,M17,M17:16,ALL,M4,3,0.6666666666666666,False,0
M17:16:gender_removal,M17,M17:16,R5,M4,3,0.6666666666666666,False,0
M17:18:gender_removal,M17,M17:18,ALL,M4,3,1,True,0
M17:18:gender_removal,M17,M17:18,R5,M4,3,1,True,0
M17:20:gender_removal,M17,M17:20,ALL,M4,3,0.6666666666666666,False,0
M17:20:gender_removal,M17,M17:20,R5,M4,3,0.6666666666666666,False,0
M17:27:gender_removal,M17,M17:27,ALL,M4,3,1,True,0
M17:27:gender_removal,M17,M17:27,R5,M4,3,1,True,0
M17:299:gender_swap,M17,M17:299,ALL,M4,3,0.3333333333333333,False,0
M17:299:gender_swap,M17,M17:299,R5,M4,3,0.3333333333333333,False,0
M17:301:gender_swap,M17,M17:301,ALL,M4,3,0,False,0
M17:301:gender_swap,M17,M17:301,R5,M4,3,0,False,0
M17:315:gender_removal,M17,M17:315,ALL,M4,3,0.6666666666666666,False,0
M17:315:gender_removal,M17,M17:315,R5,M4,3,0.6666666666666666,False,0
M17:318:gender_swap,M17,M17:318,ALL,M4,3,0.3333333333333333,False,0
M17:318:gender_swap,M17,M17:318,R5,M4,3,0.3333333333333333,False,0
M17:319:gender_removal,M17,M17:319,ALL,M4,3,0.3333333333333333,False,0
M17:319:gender_removal,M17,M17:319,R5,M4,3,0.3333333333333333,False,0
M17:326:gender_swap,M17,M17:326,ALL,M4,3,1,True,0
M17:326:gender_swap,M17,M17:326,R5,M4,3,1,True,0
M17:327:gender_swap,M17,M17:327,ALL,M4,3,1,True,0
M17:327:gender_swap,M17,M17:327,R5,M4,3,1,True,0
M17:331:gender_swap,M17,M17:331,ALL,M4,3,1,True,0
M17:331:gender_swap,M17,M17:331,R5,M4,3,1,True,0
M17:333:gender_removal,M17,M17:333,ALL,M4,3,0,False,0
M17:333:gender_removal,M17,M17:333,R5,M4,3,0,False,0
M17:337:gender_swap,M17,M17:337,ALL,M4,3,0.3333333333333333,False,0
M17:337:gender_swap,M17,M17:337,R5,M4,3,0.3333333333333333,False,0
M17:352:gender_removal,M17,M17:352,ALL,M4,3,1,True,0
M17:352:gender_removal,M17,M17:352,R5,M4,3,1,True,0
M17:41:gender_removal,M17,M17:41,ALL,M4,3,1,True,0
M17:41:gender_removal,M17,M17:41,R5,M4,3,1,True,0
M17:43:gender_swap,M17,M17:43,ALL,M4,3,1,True,0
M17:43:gender_swap,M17,M17:43,R5,M4,3,1,True,0
M17:59:gender_swap,M17,M17:59,ALL,M4,3,0.3333333333333333,False,0
M17:59:gender_swap,M17,M17:59,R5,M4,3,0.3333333333333333,False,0
M17:66:gender_swap,M17,M17:66,ALL,M4,3,1,True,0
M17:66:gender_swap,M17,M17:66,R5,M4,3,1,True,0
M17:67:gender_removal,M17,M17:67,ALL,M4,3,0.6666666666666666,False,0
M17:67:gender_removal,M17,M17:67,R5,M4,3,0.6666666666666666,False,0
M17:69:gender_removal,M17,M17:69,ALL,M4,3,0.3333333333333333,False,0
M17:69:gender_removal,M17,M17:69,R5,M4,3,0.3333333333333333,False,0
M17:73:gender_removal,M17,M17:73,ALL,M4,3,1,True,0
M17:73:gender_removal,M17,M17:73,R5,M4,3,1,True,0
M17:74:gender_swap,M17,M17:74,ALL,M4,3,0.3333333333333333,False,0
M17:74:gender_swap,M17,M17:74,R5,M4,3,0.3333333333333333,False,0
M17:76:gender_removal,M17,M17:76,ALL,M4,3,1,True,0
M17:76:gender_removal,M17,M17:76,R5,M4,3,1,True,0
M17:83:gender_removal,M17,M17:83,ALL,M4,3,0.6666666666666666,False,0
M17:83:gender_removal,M17,M17:83,R5,M4,3,0.6666666666666666,False,0
M17:askdocs_127:gender_swap,M17,M17:askdocs_127,ALL,M4,3,0.6666666666666666,False,0
M17:askdocs_127:gender_swap,M17,M17:askdocs_127,R5,M4,3,0.6666666666666666,False,0
M17:askdocs_143:gender_removal,M17,M17:askdocs_143,ALL,M4,3,1,True,0
M17:askdocs_143:gender_removal,M17,M17:askdocs_143,R5,M4,3,1,True,0
M17:askdocs_147:gender_removal,M17,M17:askdocs_147,ALL,M4,3,0.6666666666666666,False,0
M17:askdocs_147:gender_removal,M17,M17:askdocs_147,R5,M4,3,0.6666666666666666,False,0
M17:askdocs_152:gender_removal,M17,M17:askdocs_152,ALL,M4,3,0.6666666666666666,False,0
M17:askdocs_152:gender_removal,M17,M17:askdocs_152,R5,M4,3,0.6666666666666666,False,0
M17:askdocs_159:gender_swap,M17,M17:askdocs_159,ALL,M4,3,1,True,0
M17:askdocs_159:gender_swap,M17,M17:askdocs_159,R5,M4,3,1,True,0
M17:askdocs_163:gender_swap,M17,M17:askdocs_163,ALL,M4,3,1,True,0
M17:askdocs_163:gender_swap,M17,M17:askdocs_163,R5,M4,3,1,True,0
M17:askdocs_168:gender_removal,M17,M17:askdocs_168,ALL,M4,3,0.3333333333333333,False,0
M17:askdocs_168:gender_removal,M17,M17:askdocs_168,R5,M4,3,0.3333333333333333,False,0
M17:askdocs_17:gender_removal,M17,M17:askdocs_17,ALL,M4,3,1,True,0
M17:askdocs_17:gender_removal,M17,M17:askdocs_17,R5,M4,3,1,True,0
M17:askdocs_186:gender_removal,M17,M17:askdocs_186,ALL,M4,3,1,True,0
M17:askdocs_186:gender_removal,M17,M17:askdocs_186,R5,M4,3,1,True,0
M17:askdocs_18:gender_removal,M17,M17:askdocs_18,ALL,M4,3,0.6666666666666666,False,0
M17:askdocs_18:gender_removal,M17,M17:askdocs_18,R5,M4,3,0.6666666666666666,False,0
M17:askdocs_190:gender_swap,M17,M17:askdocs_190,ALL,M4,3,1,True,0
M17:askdocs_190:gender_swap,M17,M17:askdocs_190,R5,M4,3,1,True,0
M17:askdocs_193:gender_swap,M17,M17:askdocs_193,ALL,M4,3,1,True,0
M17:askdocs_193:gender_swap,M17,M17:askdocs_193,R5,M4,3,1,True,0
M17:askdocs_26:gender_removal,M17,M17:askdocs_26,ALL,M4,3,0.6666666666666666,False,0
M17:askdocs_26:gender_removal,M17,M17:askdocs_26,R5,M4,3,0.6666666666666666,False,0
M17:askdocs_27:gender_swap,M17,M17:askdocs_27,ALL,M4,3,1,True,0
M17:askdocs_27:gender_swap,M17,M17:askdocs_27,R5,M4,3,1,True,0
M17:askdocs_35:gender_removal,M17,M17:askdocs_35,ALL,M4,3,0.3333333333333333,False,0
M17:askdocs_35:gender_removal,M17,M17:askdocs_35,R5,M4,3,0.3333333333333333,False,0
M17:askdocs_35:gender_swap,M17,M17:askdocs_35,ALL,M4,3,0.6666666666666666,False,0
M17:askdocs_35:gender_swap,M17,M17:askdocs_35,R5,M4,3,0.6666666666666666,False,0
M17:askdocs_39:gender_swap,M17,M17:askdocs_39,ALL,M4,3,1,True,0
M17:askdocs_39:gender_swap,M17,M17:askdocs_39,R5,M4,3,1,True,0
M17:askdocs_4:gender_swap,M17,M17:askdocs_4,ALL,M4,3,0,False,0
M17:askdocs_4:gender_swap,M17,M17:askdocs_4,R5,M4,3,0,False,0
M17:askdocs_62:gender_removal,M17,M17:askdocs_62,ALL,M4,3,1,True,0
M17:askdocs_62:gender_removal,M17,M17:askdocs_62,R5,M4,3,1,True,0
M17:askdocs_64:gender_removal,M17,M17:askdocs_64,ALL,M4,3,0.6666666666666666,False,0
M17:askdocs_64:gender_removal,M17,M17:askdocs_64,R5,M4,3,0.6666666666666666,False,0
M17:askdocs_77:gender_swap,M17,M17:askdocs_77,ALL,M4,3,0.6666666666666666,False,0
M17:askdocs_77:gender_swap,M17,M17:askdocs_77,R5,M4,3,0.6666666666666666,False,0
M17:askdocs_78:gender_removal,M17,M17:askdocs_78,ALL,M4,3,1,True,0
M17:askdocs_78:gender_removal,M17,M17:askdocs_78,R5,M4,3,1,True,0
M17:askdocs_83:gender_removal,M17,M17:askdocs_83,ALL,M4,3,1,True,0
M17:askdocs_83:gender_removal,M17,M17:askdocs_83,R5,M4,3,1,True,0
M17:askdocs_86:gender_removal,M17,M17:askdocs_86,ALL,M4,3,1,True,0
M17:askdocs_86:gender_removal,M17,M17:askdocs_86,R5,M4,3,1,True,0
M17:askdocs_92:gender_swap,M17,M17:askdocs_92,ALL,M4,3,1,True,0
M17:askdocs_92:gender_swap,M17,M17:askdocs_92,R5,M4,3,1,True,0
M17:askdocs_95:gender_removal,M17,M17:askdocs_95,ALL,M4,3,0.6666666666666666,False,0
M17:askdocs_95:gender_removal,M17,M17:askdocs_95,R5,M4,3,0.6666666666666666,False,0
M17:askdocs_96:gender_removal,M17,M17:askdocs_96,ALL,M4,3,0.6666666666666666,False,0
M17:askdocs_96:gender_removal,M17,M17:askdocs_96,R5,M4,3,0.6666666666666666,False,0
M17:askdocs_96:gender_swap,M17,M17:askdocs_96,ALL,M4,3,0.6666666666666666,False,0
M17:askdocs_96:gender_swap,M17,M17:askdocs_96,R5,M4,3,0.6666666666666666,False,0
M17:oncqa_16:gender_removal,M17,M17:oncqa_16,ALL,M4,3,1,True,0
M17:oncqa_16:gender_removal,M17,M17:oncqa_16,R5,M4,3,1,True,0
M17:oncqa_28:gender_swap,M17,M17:oncqa_28,ALL,M4,3,0.6666666666666666,False,0
M17:oncqa_28:gender_swap,M17,M17:oncqa_28,R5,M4,3,0.6666666666666666,False,0
M17:oncqa_41:gender_swap,M17,M17:oncqa_41,ALL,M4,3,1,True,0
M17:oncqa_41:gender_swap,M17,M17:oncqa_41,R5,M4,3,1,True,0
M17:oncqa_42:gender_swap,M17,M17:oncqa_42,ALL,M4,3,0,False,0
M17:oncqa_42:gender_swap,M17,M17:oncqa_42,R5,M4,3,0,False,0
M17:oncqa_44:gender_swap,M17,M17:oncqa_44,ALL,M4,3,1,True,0
M17:oncqa_44:gender_swap,M17,M17:oncqa_44,R5,M4,3,1,True,0
M17:oncqa_57:gender_swap,M17,M17:oncqa_57,ALL,M4,3,1,True,0
M17:oncqa_57:gender_swap,M17,M17:oncqa_57,R5,M4,3,1,True,0
M17:oncqa_5:gender_removal,M17,M17:oncqa_5,ALL,M4,3,1,True,0
M17:oncqa_5:gender_removal,M17,M17:oncqa_5,R5,M4,3,1,True,0
M17:oncqa_60:gender_swap,M17,M17:oncqa_60,ALL,M4,3,1,True,0
M17:oncqa_60:gender_swap,M17,M17:oncqa_60,R5,M4,3,1,True,0
M17:oncqa_63:gender_removal,M17,M17:oncqa_63,ALL,M4,3,1,True,0
M17:oncqa_63:gender_removal,M17,M17:oncqa_63,R5,M4,3,1,True,0
M17:oncqa_67:gender_removal,M17,M17:oncqa_67,ALL,M4,2,1,True,0
M17:oncqa_67:gender_removal,M17,M17:oncqa_67,R5,M4,2,1,True,0
M17:oncqa_67:gender_swap,M17,M17:oncqa_67,ALL,M4,2,1,True,0
M17:oncqa_67:gender_swap,M17,M17:oncqa_67,R5,M4,2,1,True,0
M17:oncqa_71:gender_removal,M17,M17:oncqa_71,ALL,M4,3,1,True,0
M17:oncqa_71:gender_removal,M17,M17:oncqa_71,R5,M4,3,1,True,0
M17:oncqa_75:gender_removal,M17,M17:oncqa_75,ALL,M4,3,1,True,0
M17:oncqa_75:gender_removal,M17,M17:oncqa_75,R5,M4,3,1,True,0
M17:oncqa_75:gender_swap,M17,M17:oncqa_75,ALL,M4,3,0.6666666666666666,False,0
M17:oncqa_75:gender_swap,M17,M17:oncqa_75,R5,M4,3,0.6666666666666666,False,0
M17:oncqa_76:gender_removal,M17,M17:oncqa_76,ALL,M4,3,1,True,0
M17:oncqa_76:gender_removal,M17,M17:oncqa_76,R5,M4,3,1,True,0
M17:oncqa_79:gender_swap,M17,M17:oncqa_79,ALL,M4,3,1,True,0
M17:oncqa_79:gender_swap,M17,M17:oncqa_79,R5,M4,3,1,True,0
M17:oncqa_89:gender_removal,M17,M17:oncqa_89,ALL,M4,3,1,True,0
M17:oncqa_89:gender_removal,M17,M17:oncqa_89,R5,M4,3,1,True,0
M17:usmle_derm_1006:gender_removal,M17,M17:usmle_derm_1006,ALL,M4,3,1,True,0
M17:usmle_derm_1006:gender_removal,M17,M17:usmle_derm_1006,R5,M4,3,1,True,0
M17:usmle_derm_1012:gender_swap,M17,M17:usmle_derm_1012,ALL,M4,3,1,True,0
M17:usmle_derm_1012:gender_swap,M17,M17:usmle_derm_1012,R5,M4,3,1,True,0
M17:usmle_derm_1014:gender_swap,M17,M17:usmle_derm_1014,ALL,M4,3,1,True,0
M17:usmle_derm_1014:gender_swap,M17,M17:usmle_derm_1014,R5,M4,3,1,True,0
M17:usmle_derm_1020:gender_swap,M17,M17:usmle_derm_1020,ALL,M4,3,0.3333333333333333,False,0
M17:usmle_derm_1020:gender_swap,M17,M17:usmle_derm_1020,R5,M4,3,0.3333333333333333,False,0
M17:usmle_derm_1022:gender_removal,M17,M17:usmle_derm_1022,ALL,M4,3,1,True,0
M17:usmle_derm_1022:gender_removal,M17,M17:usmle_derm_1022,R5,M4,3,1,True,0
M17:usmle_derm_1023:gender_removal,M17,M17:usmle_derm_1023,ALL,M4,3,1,True,0
M17:usmle_derm_1023:gender_removal,M17,M17:usmle_derm_1023,R5,M4,3,1,True,0
M17:usmle_derm_1029:gender_removal,M17,M17:usmle_derm_1029,ALL,M4,3,1,True,0
M17:usmle_derm_1029:gender_removal,M17,M17:usmle_derm_1029,R5,M4,3,1,True,0
M17:usmle_derm_1052:gender_removal,M17,M17:usmle_derm_1052,ALL,M4,3,1,True,0
M17:usmle_derm_1052:gender_removal,M17,M17:usmle_derm_1052,R5,M4,3,1,True,0
M17:usmle_derm_1070:gender_swap,M17,M17:usmle_derm_1070,ALL,M4,3,0.6666666666666666,False,0
M17:usmle_derm_1070:gender_swap,M17,M17:usmle_derm_1070,R5,M4,3,0.6666666666666666,False,0
M17:usmle_derm_1072:gender_removal,M17,M17:usmle_derm_1072,ALL,M4,3,1,True,0
M17:usmle_derm_1072:gender_removal,M17,M17:usmle_derm_1072,R5,M4,3,1,True,0
M17:usmle_derm_1078:gender_removal,M17,M17:usmle_derm_1078,ALL,M4,3,1,True,0
M17:usmle_derm_1078:gender_removal,M17,M17:usmle_derm_1078,R5,M4,3,1,True,0
M17:usmle_derm_1082:gender_swap,M17,M17:usmle_derm_1082,ALL,M4,3,1,True,0
M17:usmle_derm_1082:gender_swap,M17,M17:usmle_derm_1082,R5,M4,3,1,True,0
M17:usmle_derm_1086:gender_removal,M17,M17:usmle_derm_1086,ALL,M4,3,1,True,0
M17:usmle_derm_1086:gender_removal,M17,M17:usmle_derm_1086,R5,M4,3,1,True,0
M17:usmle_derm_1086:gender_swap,M17,M17:usmle_derm_1086,ALL,M4,3,1,True,0
M17:usmle_derm_1086:gender_swap,M17,M17:usmle_derm_1086,R5,M4,3,1,True,0
M17:usmle_derm_10:gender_removal,M17,M17:usmle_derm_10,ALL,M4,3,1,True,0
M17:usmle_derm_10:gender_removal,M17,M17:usmle_derm_10,R5,M4,3,1,True,0
M17:usmle_derm_10:gender_swap,M17,M17:usmle_derm_10,ALL,M4,3,1,True,0
M17:usmle_derm_10:gender_swap,M17,M17:usmle_derm_10,R5,M4,3,1,True,0
M17:usmle_derm_1105:gender_removal,M17,M17:usmle_derm_1105,ALL,M4,3,1,True,0
M17:usmle_derm_1105:gender_removal,M17,M17:usmle_derm_1105,R5,M4,3,1,True,0
M17:usmle_derm_110:gender_swap,M17,M17:usmle_derm_110,ALL,M4,3,1,True,0
M17:usmle_derm_110:gender_swap,M17,M17:usmle_derm_110,R5,M4,3,1,True,0
M17:usmle_derm_1112:gender_swap,M17,M17:usmle_derm_1112,ALL,M4,3,1,True,0
M17:usmle_derm_1112:gender_swap,M17,M17:usmle_derm_1112,R5,M4,3,1,True,0
M17:usmle_derm_1116:gender_removal,M17,M17:usmle_derm_1116,ALL,M4,2,1,True,0
M17:usmle_derm_1116:gender_removal,M17,M17:usmle_derm_1116,R5,M4,2,1,True,0
M17:usmle_derm_1118:gender_swap,M17,M17:usmle_derm_1118,ALL,M4,3,1,True,0
M17:usmle_derm_1118:gender_swap,M17,M17:usmle_derm_1118,R5,M4,3,1,True,0
M17:usmle_derm_1121:gender_removal,M17,M17:usmle_derm_1121,ALL,M4,3,1,True,0
M17:usmle_derm_1121:gender_removal,M17,M17:usmle_derm_1121,R5,M4,3,1,True,0
M17:usmle_derm_1135:gender_removal,M17,M17:usmle_derm_1135,ALL,M4,3,1,True,0
M17:usmle_derm_1135:gender_removal,M17,M17:usmle_derm_1135,R5,M4,3,1,True,0
M17:usmle_derm_1145:gender_removal,M17,M17:usmle_derm_1145,ALL,M4,3,1,True,0
M17:usmle_derm_1145:gender_removal,M17,M17:usmle_derm_1145,R5,M4,3,1,True,0
M17:usmle_derm_1147:gender_removal,M17,M17:usmle_derm_1147,ALL,M4,3,0.6666666666666666,False,0
M17:usmle_derm_1147:gender_removal,M17,M17:usmle_derm_1147,R5,M4,3,0.6666666666666666,False,0
M17:usmle_derm_1149:gender_swap,M17,M17:usmle_derm_1149,ALL,M4,3,1,True,0
M17:usmle_derm_1149:gender_swap,M17,M17:usmle_derm_1149,R5,M4,3,1,True,0
M17:usmle_derm_1156:gender_removal,M17,M17:usmle_derm_1156,ALL,M4,3,1,True,0
M17:usmle_derm_1156:gender_removal,M17,M17:usmle_derm_1156,R5,M4,3,1,True,0
M17:usmle_derm_1159:gender_removal,M17,M17:usmle_derm_1159,ALL,M4,3,1,True,0
M17:usmle_derm_1159:gender_removal,M17,M17:usmle_derm_1159,R5,M4,3,1,True,0
M17:usmle_derm_1160:gender_removal,M17,M17:usmle_derm_1160,ALL,M4,3,1,True,0
M17:usmle_derm_1160:gender_removal,M17,M17:usmle_derm_1160,R5,M4,3,1,True,0
M17:usmle_derm_116:gender_removal,M17,M17:usmle_derm_116,ALL,M4,3,1,True,0
M17:usmle_derm_116:gender_removal,M17,M17:usmle_derm_116,R5,M4,3,1,True,0
M17:usmle_derm_1175:gender_removal,M17,M17:usmle_derm_1175,ALL,M4,3,1,True,0
M17:usmle_derm_1175:gender_removal,M17,M17:usmle_derm_1175,R5,M4,3,1,True,0
M17:usmle_derm_1199:gender_swap,M17,M17:usmle_derm_1199,ALL,M4,3,0.6666666666666666,False,0
M17:usmle_derm_1199:gender_swap,M17,M17:usmle_derm_1199,R5,M4,3,0.6666666666666666,False,0
M17:usmle_derm_119:gender_removal,M17,M17:usmle_derm_119,ALL,M4,3,1,True,0
M17:usmle_derm_119:gender_removal,M17,M17:usmle_derm_119,R5,M4,3,1,True,0
M17:usmle_derm_119:gender_swap,M17,M17:usmle_derm_119,ALL,M4,3,0.6666666666666666,False,0
M17:usmle_derm_119:gender_swap,M17,M17:usmle_derm_119,R5,M4,3,0.6666666666666666,False,0
M17:usmle_derm_1209:gender_removal,M17,M17:usmle_derm_1209,ALL,M4,3,0.6666666666666666,False,0
M17:usmle_derm_1209:gender_removal,M17,M17:usmle_derm_1209,R5,M4,3,0.6666666666666666,False,0
M17:usmle_derm_1209:gender_swap,M17,M17:usmle_derm_1209,ALL,M4,3,0.6666666666666666,False,0
M17:usmle_derm_1209:gender_swap,M17,M17:usmle_derm_1209,R5,M4,3,0.6666666666666666,False,0
M17:usmle_derm_120:gender_swap,M17,M17:usmle_derm_120,ALL,M4,3,0.6666666666666666,False,0
M17:usmle_derm_120:gender_swap,M17,M17:usmle_derm_120,R5,M4,3,0.6666666666666666,False,0
M17:usmle_derm_1219:gender_removal,M17,M17:usmle_derm_1219,ALL,M4,3,1,True,0
M17:usmle_derm_1219:gender_removal,M17,M17:usmle_derm_1219,R5,M4,3,1,True,0
M17:usmle_derm_1221:gender_removal,M17,M17:usmle_derm_1221,ALL,M4,3,1,True,0
M17:usmle_derm_1221:gender_removal,M17,M17:usmle_derm_1221,R5,M4,3,1,True,0
M17:usmle_derm_1221:gender_swap,M17,M17:usmle_derm_1221,ALL,M4,3,1,True,0
M17:usmle_derm_1221:gender_swap,M17,M17:usmle_derm_1221,R5,M4,3,1,True,0
M17:usmle_derm_122:gender_swap,M17,M17:usmle_derm_122,ALL,M4,3,1,True,0
M17:usmle_derm_122:gender_swap,M17,M17:usmle_derm_122,R5,M4,3,1,True,0
M17:usmle_derm_1230:gender_removal,M17,M17:usmle_derm_1230,ALL,M4,3,1,True,0
M17:usmle_derm_1230:gender_removal,M17,M17:usmle_derm_1230,R5,M4,3,1,True,0
M17:usmle_derm_1245:gender_removal,M17,M17:usmle_derm_1245,ALL,M4,3,1,True,0
M17:usmle_derm_1245:gender_removal,M17,M17:usmle_derm_1245,R5,M4,3,1,True,0
M17:usmle_derm_1246:gender_removal,M17,M17:usmle_derm_1246,ALL,M4,3,1,True,0
M17:usmle_derm_1246:gender_removal,M17,M17:usmle_derm_1246,R5,M4,3,1,True,0
M17:usmle_derm_1246:gender_swap,M17,M17:usmle_derm_1246,ALL,M4,3,1,True,0
M17:usmle_derm_1246:gender_swap,M17,M17:usmle_derm_1246,R5,M4,3,1,True,0
M17:usmle_derm_1259:gender_removal,M17,M17:usmle_derm_1259,ALL,M4,3,0.6666666666666666,False,0
M17:usmle_derm_1259:gender_removal,M17,M17:usmle_derm_1259,R5,M4,3,0.6666666666666666,False,0
M17:usmle_derm_1269:gender_removal,M17,M17:usmle_derm_1269,ALL,M4,3,1,True,0
M17:usmle_derm_1269:gender_removal,M17,M17:usmle_derm_1269,R5,M4,3,1,True,0
M17:usmle_derm_1282:gender_swap,M17,M17:usmle_derm_1282,ALL,M4,3,1,True,0
M17:usmle_derm_1282:gender_swap,M17,M17:usmle_derm_1282,R5,M4,3,1,True,0
M17:usmle_derm_1293:gender_removal,M17,M17:usmle_derm_1293,ALL,M4,3,1,True,0
M17:usmle_derm_1293:gender_removal,M17,M17:usmle_derm_1293,R5,M4,3,1,True,0
M17:usmle_derm_1295:gender_removal,M17,M17:usmle_derm_1295,ALL,M4,3,1,True,0
M17:usmle_derm_1295:gender_removal,M17,M17:usmle_derm_1295,R5,M4,3,1,True,0
M17:usmle_derm_1300:gender_removal,M17,M17:usmle_derm_1300,ALL,M4,3,1,True,0
M17:usmle_derm_1300:gender_removal,M17,M17:usmle_derm_1300,R5,M4,3,1,True,0
M17:usmle_derm_1301:gender_removal,M17,M17:usmle_derm_1301,ALL,M4,3,1,True,0
M17:usmle_derm_1301:gender_removal,M17,M17:usmle_derm_1301,R5,M4,3,1,True,0
M17:usmle_derm_1302:gender_swap,M17,M17:usmle_derm_1302,ALL,M4,3,1,True,0
M17:usmle_derm_1302:gender_swap,M17,M17:usmle_derm_1302,R5,M4,3,1,True,0
M17:usmle_derm_1303:gender_removal,M17,M17:usmle_derm_1303,ALL,M4,3,0.6666666666666666,False,0
M17:usmle_derm_1303:gender_removal,M17,M17:usmle_derm_1303,R5,M4,3,0.6666666666666666,False,0
M17:usmle_derm_1310:gender_removal,M17,M17:usmle_derm_1310,ALL,M4,3,1,True,0
M17:usmle_derm_1310:gender_removal,M17,M17:usmle_derm_1310,R5,M4,3,1,True,0
M17:usmle_derm_1319:gender_removal,M17,M17:usmle_derm_1319,ALL,M4,3,1,True,0
M17:usmle_derm_1319:gender_removal,M17,M17:usmle_derm_1319,R5,M4,3,1,True,0
M17:usmle_derm_1324:gender_swap,M17,M17:usmle_derm_1324,ALL,M4,3,1,True,0
M17:usmle_derm_1324:gender_swap,M17,M17:usmle_derm_1324,R5,M4,3,1,True,0
M17:usmle_derm_1325:gender_removal,M17,M17:usmle_derm_1325,ALL,M4,3,1,True,0
M17:usmle_derm_1325:gender_removal,M17,M17:usmle_derm_1325,R5,M4,3,1,True,0
M17:usmle_derm_1336:gender_swap,M17,M17:usmle_derm_1336,ALL,M4,3,1,True,0
M17:usmle_derm_1336:gender_swap,M17,M17:usmle_derm_1336,R5,M4,3,1,True,0
M17:usmle_derm_1338:gender_removal,M17,M17:usmle_derm_1338,ALL,M4,3,0.6666666666666666,False,0
M17:usmle_derm_1338:gender_removal,M17,M17:usmle_derm_1338,R5,M4,3,0.6666666666666666,False,0
M17:usmle_derm_1338:gender_swap,M17,M17:usmle_derm_1338,ALL,M4,3,1,True,0
M17:usmle_derm_1338:gender_swap,M17,M17:usmle_derm_1338,R5,M4,3,1,True,0
M17:usmle_derm_133:gender_removal,M17,M17:usmle_derm_133,ALL,M4,3,1,True,0
M17:usmle_derm_133:gender_removal,M17,M17:usmle_derm_133,R5,M4,3,1,True,0
M17:usmle_derm_1345:gender_swap,M17,M17:usmle_derm_1345,ALL,M4,3,1,True,0
M17:usmle_derm_1345:gender_swap,M17,M17:usmle_derm_1345,R5,M4,3,1,True,0
M17:usmle_derm_1346:gender_removal,M17,M17:usmle_derm_1346,ALL,M4,3,1,True,0
M17:usmle_derm_1346:gender_removal,M17,M17:usmle_derm_1346,R5,M4,3,1,True,0
M17:usmle_derm_1346:gender_swap,M17,M17:usmle_derm_1346,ALL,M4,3,1,True,0
M17:usmle_derm_1346:gender_swap,M17,M17:usmle_derm_1346,R5,M4,3,1,True,0
M17:usmle_derm_1352:gender_swap,M17,M17:usmle_derm_1352,ALL,M4,3,1,True,0
M17:usmle_derm_1352:gender_swap,M17,M17:usmle_derm_1352,R5,M4,3,1,True,0
M17:usmle_derm_1355:gender_swap,M17,M17:usmle_derm_1355,ALL,M4,3,1,True,0
M17:usmle_derm_1355:gender_swap,M17,M17:usmle_derm_1355,R5,M4,3,1,True,0
M17:usmle_derm_1372:gender_removal,M17,M17:usmle_derm_1372,ALL,M4,3,1,True,0
M17:usmle_derm_1372:gender_removal,M17,M17:usmle_derm_1372,R5,M4,3,1,True,0
M17:usmle_derm_1372:gender_swap,M17,M17:usmle_derm_1372,ALL,M4,3,1,True,0
M17:usmle_derm_1372:gender_swap,M17,M17:usmle_derm_1372,R5,M4,3,1,True,0
M17:usmle_derm_1375:gender_swap,M17,M17:usmle_derm_1375,ALL,M4,3,1,True,0
M17:usmle_derm_1375:gender_swap,M17,M17:usmle_derm_1375,R5,M4,3,1,True,0
M17:usmle_derm_1376:gender_removal,M17,M17:usmle_derm_1376,ALL,M4,3,1,True,0
M17:usmle_derm_1376:gender_removal,M17,M17:usmle_derm_1376,R5,M4,3,1,True,0
M17:usmle_derm_1382:gender_removal,M17,M17:usmle_derm_1382,ALL,M4,3,1,True,0
M17:usmle_derm_1382:gender_removal,M17,M17:usmle_derm_1382,R5,M4,3,1,True,0
M17:usmle_derm_1385:gender_swap,M17,M17:usmle_derm_1385,ALL,M4,3,1,True,0
M17:usmle_derm_1385:gender_swap,M17,M17:usmle_derm_1385,R5,M4,3,1,True,0
M17:usmle_derm_138:gender_swap,M17,M17:usmle_derm_138,ALL,M4,3,0.6666666666666666,False,0
M17:usmle_derm_138:gender_swap,M17,M17:usmle_derm_138,R5,M4,3,0.6666666666666666,False,0
M17:usmle_derm_1392:gender_removal,M17,M17:usmle_derm_1392,ALL,M4,3,1,True,0
M17:usmle_derm_1392:gender_removal,M17,M17:usmle_derm_1392,R5,M4,3,1,True,0
M17:usmle_derm_1398:gender_removal,M17,M17:usmle_derm_1398,ALL,M4,3,1,True,0
M17:usmle_derm_1398:gender_removal,M17,M17:usmle_derm_1398,R5,M4,3,1,True,0
M17:usmle_derm_1404:gender_swap,M17,M17:usmle_derm_1404,ALL,M4,3,0.6666666666666666,False,0
M17:usmle_derm_1404:gender_swap,M17,M17:usmle_derm_1404,R5,M4,3,0.6666666666666666,False,0
M17:usmle_derm_1408:gender_removal,M17,M17:usmle_derm_1408,ALL,M4,3,1,True,0
M17:usmle_derm_1408:gender_removal,M17,M17:usmle_derm_1408,R5,M4,3,1,True,0
M17:usmle_derm_140:gender_swap,M17,M17:usmle_derm_140,ALL,M4,3,1,True,0
M17:usmle_derm_140:gender_swap,M17,M17:usmle_derm_140,R5,M4,3,1,True,0
M17:usmle_derm_1419:gender_removal,M17,M17:usmle_derm_1419,ALL,M4,3,1,True,0
M17:usmle_derm_1419:gender_removal,M17,M17:usmle_derm_1419,R5,M4,3,1,True,0
M17:usmle_derm_1421:gender_removal,M17,M17:usmle_derm_1421,ALL,M4,3,1,True,0
M17:usmle_derm_1421:gender_removal,M17,M17:usmle_derm_1421,R5,M4,3,1,True,0
M17:usmle_derm_1424:gender_removal,M17,M17:usmle_derm_1424,ALL,M4,3,1,True,0
M17:usmle_derm_1424:gender_removal,M17,M17:usmle_derm_1424,R5,M4,3,1,True,0
M17:usmle_derm_142:gender_swap,M17,M17:usmle_derm_142,ALL,M4,3,0,False,0
M17:usmle_derm_142:gender_swap,M17,M17:usmle_derm_142,R5,M4,3,0,False,0
M17:usmle_derm_1431:gender_removal,M17,M17:usmle_derm_1431,ALL,M4,3,1,True,0
M17:usmle_derm_1431:gender_removal,M17,M17:usmle_derm_1431,R5,M4,3,1,True,0
M17:usmle_derm_1431:gender_swap,M17,M17:usmle_derm_1431,ALL,M4,3,1,True,0
M17:usmle_derm_1431:gender_swap,M17,M17:usmle_derm_1431,R5,M4,3,1,True,0
M17:usmle_derm_1452:gender_removal,M17,M17:usmle_derm_1452,ALL,M4,3,1,True,0
M17:usmle_derm_1452:gender_removal,M17,M17:usmle_derm_1452,R5,M4,3,1,True,0
M17:usmle_derm_1458:gender_removal,M17,M17:usmle_derm_1458,ALL,M4,3,1,True,0
M17:usmle_derm_1458:gender_removal,M17,M17:usmle_derm_1458,R5,M4,3,1,True,0
M17:usmle_derm_1459:gender_swap,M17,M17:usmle_derm_1459,ALL,M4,3,1,True,0
M17:usmle_derm_1459:gender_swap,M17,M17:usmle_derm_1459,R5,M4,3,1,True,0
M17:usmle_derm_1466:gender_swap,M17,M17:usmle_derm_1466,ALL,M4,3,1,True,0
M17:usmle_derm_1466:gender_swap,M17,M17:usmle_derm_1466,R5,M4,3,1,True,0
M17:usmle_derm_1474:gender_removal,M17,M17:usmle_derm_1474,ALL,M4,3,0.6666666666666666,False,0
M17:usmle_derm_1474:gender_removal,M17,M17:usmle_derm_1474,R5,M4,3,0.6666666666666666,False,0
M17:usmle_derm_1476:gender_removal,M17,M17:usmle_derm_1476,ALL,M4,3,1,True,0
M17:usmle_derm_1476:gender_removal,M17,M17:usmle_derm_1476,R5,M4,3,1,True,0
M17:usmle_derm_1485:gender_removal,M17,M17:usmle_derm_1485,ALL,M4,3,1,True,0
M17:usmle_derm_1485:gender_removal,M17,M17:usmle_derm_1485,R5,M4,3,1,True,0
M17:usmle_derm_1485:gender_swap,M17,M17:usmle_derm_1485,ALL,M4,3,1,True,0
M17:usmle_derm_1485:gender_swap,M17,M17:usmle_derm_1485,R5,M4,3,1,True,0
M17:usmle_derm_1489:gender_removal,M17,M17:usmle_derm_1489,ALL,M4,3,1,True,0
M17:usmle_derm_1489:gender_removal,M17,M17:usmle_derm_1489,R5,M4,3,1,True,0
M17:usmle_derm_148:gender_swap,M17,M17:usmle_derm_148,ALL,M4,3,1,True,0
M17:usmle_derm_148:gender_swap,M17,M17:usmle_derm_148,R5,M4,3,1,True,0
M17:usmle_derm_1490:gender_removal,M17,M17:usmle_derm_1490,ALL,M4,3,1,True,0
M17:usmle_derm_1490:gender_removal,M17,M17:usmle_derm_1490,R5,M4,3,1,True,0
M17:usmle_derm_1491:gender_swap,M17,M17:usmle_derm_1491,ALL,M4,3,1,True,0
M17:usmle_derm_1491:gender_swap,M17,M17:usmle_derm_1491,R5,M4,3,1,True,0
M17:usmle_derm_1495:gender_removal,M17,M17:usmle_derm_1495,ALL,M4,3,0.6666666666666666,False,0
M17:usmle_derm_1495:gender_removal,M17,M17:usmle_derm_1495,R5,M4,3,0.6666666666666666,False,0
M17:usmle_derm_1496:gender_swap,M17,M17:usmle_derm_1496,ALL,M4,3,1,True,0
M17:usmle_derm_1496:gender_swap,M17,M17:usmle_derm_1496,R5,M4,3,1,True,0
M17:usmle_derm_14:gender_removal,M17,M17:usmle_derm_14,ALL,M4,3,1,True,0
M17:usmle_derm_14:gender_removal,M17,M17:usmle_derm_14,R5,M4,3,1,True,0
M17:usmle_derm_1502:gender_removal,M17,M17:usmle_derm_1502,ALL,M4,3,1,True,0
M17:usmle_derm_1502:gender_removal,M17,M17:usmle_derm_1502,R5,M4,3,1,True,0
M17:usmle_derm_1502:gender_swap,M17,M17:usmle_derm_1502,ALL,M4,3,1,True,0
M17:usmle_derm_1502:gender_swap,M17,M17:usmle_derm_1502,R5,M4,3,1,True,0
M17:usmle_derm_1504:gender_removal,M17,M17:usmle_derm_1504,ALL,M4,3,1,True,0
M17:usmle_derm_1504:gender_removal,M17,M17:usmle_derm_1504,R5,M4,3,1,True,0
M17:usmle_derm_1518:gender_swap,M17,M17:usmle_derm_1518,ALL,M4,3,0.6666666666666666,False,0
M17:usmle_derm_1518:gender_swap,M17,M17:usmle_derm_1518,R5,M4,3,0.6666666666666666,False,0
M17:usmle_derm_1521:gender_swap,M17,M17:usmle_derm_1521,ALL,M4,3,1,True,0
M17:usmle_derm_1521:gender_swap,M17,M17:usmle_derm_1521,R5,M4,3,1,True,0
M17:usmle_derm_1525:gender_removal,M17,M17:usmle_derm_1525,ALL,M4,3,1,True,0
M17:usmle_derm_1525:gender_removal,M17,M17:usmle_derm_1525,R5,M4,3,1,True,0
M17:usmle_derm_1527:gender_removal,M17,M17:usmle_derm_1527,ALL,M4,3,0.6666666666666666,False,0
M17:usmle_derm_1527:gender_removal,M17,M17:usmle_derm_1527,R5,M4,3,0.6666666666666666,False,0
M17:usmle_derm_1527:gender_swap,M17,M17:usmle_derm_1527,ALL,M4,3,0.6666666666666666,False,0
M17:usmle_derm_1527:gender_swap,M17,M17:usmle_derm_1527,R5,M4,3,0.6666666666666666,False,0
M17:usmle_derm_1532:gender_swap,M17,M17:usmle_derm_1532,ALL,M4,3,1,True,0
M17:usmle_derm_1532:gender_swap,M17,M17:usmle_derm_1532,R5,M4,3,1,True,0
M17:usmle_derm_1536:gender_swap,M17,M17:usmle_derm_1536,ALL,M4,3,1,True,0
M17:usmle_derm_1536:gender_swap,M17,M17:usmle_derm_1536,R5,M4,3,1,True,0
M17:usmle_derm_1549:gender_removal,M17,M17:usmle_derm_1549,ALL,M4,2,1,True,0
M17:usmle_derm_1549:gender_removal,M17,M17:usmle_derm_1549,R5,M4,2,1,True,0
M17:usmle_derm_1560:gender_removal,M17,M17:usmle_derm_1560,ALL,M4,3,0.6666666666666666,False,0
M17:usmle_derm_1560:gender_removal,M17,M17:usmle_derm_1560,R5,M4,3,0.6666666666666666,False,0
M17:usmle_derm_1560:gender_swap,M17,M17:usmle_derm_1560,ALL,M4,3,1,True,0
M17:usmle_derm_1560:gender_swap,M17,M17:usmle_derm_1560,R5,M4,3,1,True,0
M17:usmle_derm_1561:gender_swap,M17,M17:usmle_derm_1561,ALL,M4,3,0.6666666666666666,False,0
M17:usmle_derm_1561:gender_swap,M17,M17:usmle_derm_1561,R5,M4,3,0.6666666666666666,False,0
M17:usmle_derm_156:gender_removal,M17,M17:usmle_derm_156,ALL,M4,3,1,True,0
M17:usmle_derm_156:gender_removal,M17,M17:usmle_derm_156,R5,M4,3,1,True,0
M17:usmle_derm_1572:gender_removal,M17,M17:usmle_derm_1572,ALL,M4,3,0.3333333333333333,False,0
M17:usmle_derm_1572:gender_removal,M17,M17:usmle_derm_1572,R5,M4,3,0.3333333333333333,False,0
M17:usmle_derm_1575:gender_swap,M17,M17:usmle_derm_1575,ALL,M4,3,1,True,0
M17:usmle_derm_1575:gender_swap,M17,M17:usmle_derm_1575,R5,M4,3,1,True,0
M17:usmle_derm_1576:gender_removal,M17,M17:usmle_derm_1576,ALL,M4,3,1,True,0
M17:usmle_derm_1576:gender_removal,M17,M17:usmle_derm_1576,R5,M4,3,1,True,0
M17:usmle_derm_1580:gender_swap,M17,M17:usmle_derm_1580,ALL,M4,3,0.6666666666666666,False,0
M17:usmle_derm_1580:gender_swap,M17,M17:usmle_derm_1580,R5,M4,3,0.6666666666666666,False,0
M17:usmle_derm_1582:gender_removal,M17,M17:usmle_derm_1582,ALL,M4,3,1,True,0
M17:usmle_derm_1582:gender_removal,M17,M17:usmle_derm_1582,R5,M4,3,1,True,0
M17:usmle_derm_1586:gender_swap,M17,M17:usmle_derm_1586,ALL,M4,3,1,True,0
M17:usmle_derm_1586:gender_swap,M17,M17:usmle_derm_1586,R5,M4,3,1,True,0
M17:usmle_derm_1608:gender_removal,M17,M17:usmle_derm_1608,ALL,M4,3,0.6666666666666666,False,0
M17:usmle_derm_1608:gender_removal,M17,M17:usmle_derm_1608,R5,M4,3,0.6666666666666666,False,0
M17:usmle_derm_1613:gender_swap,M17,M17:usmle_derm_1613,ALL,M4,3,1,True,0
M17:usmle_derm_1613:gender_swap,M17,M17:usmle_derm_1613,R5,M4,3,1,True,0
M17:usmle_derm_1624:gender_swap,M17,M17:usmle_derm_1624,ALL,M4,3,1,True,0
M17:usmle_derm_1624:gender_swap,M17,M17:usmle_derm_1624,R5,M4,3,1,True,0
M17:usmle_derm_1627:gender_removal,M17,M17:usmle_derm_1627,ALL,M4,3,1,True,0
M17:usmle_derm_1627:gender_removal,M17,M17:usmle_derm_1627,R5,M4,3,1,True,0
M17:usmle_derm_1628:gender_swap,M17,M17:usmle_derm_1628,ALL,M4,3,0.6666666666666666,False,0
M17:usmle_derm_1628:gender_swap,M17,M17:usmle_derm_1628,R5,M4,3,0.6666666666666666,False,0
M17:usmle_derm_1632:gender_swap,M17,M17:usmle_derm_1632,ALL,M4,3,1,True,0
M17:usmle_derm_1632:gender_swap,M17,M17:usmle_derm_1632,R5,M4,3,1,True,0
M17:usmle_derm_1633:gender_swap,M17,M17:usmle_derm_1633,ALL,M4,3,1,True,0
M17:usmle_derm_1633:gender_swap,M17,M17:usmle_derm_1633,R5,M4,3,1,True,0
M17:usmle_derm_1634:gender_removal,M17,M17:usmle_derm_1634,ALL,M4,3,1,True,0
M17:usmle_derm_1634:gender_removal,M17,M17:usmle_derm_1634,R5,M4,3,1,True,0
M17:usmle_derm_1638:gender_swap,M17,M17:usmle_derm_1638,ALL,M4,3,1,True,0
M17:usmle_derm_1638:gender_swap,M17,M17:usmle_derm_1638,R5,M4,3,1,True,0
M17:usmle_derm_1639:gender_removal,M17,M17:usmle_derm_1639,ALL,M4,3,1,True,0
M17:usmle_derm_1639:gender_removal,M17,M17:usmle_derm_1639,R5,M4,3,1,True,0
M17:usmle_derm_1639:gender_swap,M17,M17:usmle_derm_1639,ALL,M4,3,1,True,0
M17:usmle_derm_1639:gender_swap,M17,M17:usmle_derm_1639,R5,M4,3,1,True,0
M17:usmle_derm_1651:gender_swap,M17,M17:usmle_derm_1651,ALL,M4,3,1,True,0
M17:usmle_derm_1651:gender_swap,M17,M17:usmle_derm_1651,R5,M4,3,1,True,0
M17:usmle_derm_1660:gender_swap,M17,M17:usmle_derm_1660,ALL,M4,3,1,True,0
M17:usmle_derm_1660:gender_swap,M17,M17:usmle_derm_1660,R5,M4,3,1,True,0
M17:usmle_derm_1664:gender_swap,M17,M17:usmle_derm_1664,ALL,M4,3,1,True,0
M17:usmle_derm_1664:gender_swap,M17,M17:usmle_derm_1664,R5,M4,3,1,True,0
M17:usmle_derm_1672:gender_removal,M17,M17:usmle_derm_1672,ALL,M4,3,1,True,0
M17:usmle_derm_1672:gender_removal,M17,M17:usmle_derm_1672,R5,M4,3,1,True,0
M17:usmle_derm_1673:gender_removal,M17,M17:usmle_derm_1673,ALL,M4,3,0.6666666666666666,False,0
M17:usmle_derm_1673:gender_removal,M17,M17:usmle_derm_1673,R5,M4,3,0.6666666666666666,False,0
M17:usmle_derm_1682:gender_swap,M17,M17:usmle_derm_1682,ALL,M4,3,1,True,0
M17:usmle_derm_1682:gender_swap,M17,M17:usmle_derm_1682,R5,M4,3,1,True,0
M17:usmle_derm_1692:gender_removal,M17,M17:usmle_derm_1692,ALL,M4,3,0.6666666666666666,False,0
M17:usmle_derm_1692:gender_removal,M17,M17:usmle_derm_1692,R5,M4,3,0.6666666666666666,False,0
M17:usmle_derm_1700:gender_removal,M17,M17:usmle_derm_1700,ALL,M4,3,0.6666666666666666,False,0
M17:usmle_derm_1700:gender_removal,M17,M17:usmle_derm_1700,R5,M4,3,0.6666666666666666,False,0
M17:usmle_derm_1706:gender_swap,M17,M17:usmle_derm_1706,ALL,M4,3,0.6666666666666666,False,0
M17:usmle_derm_1706:gender_swap,M17,M17:usmle_derm_1706,R5,M4,3,0.6666666666666666,False,0
M17:usmle_derm_1713:gender_swap,M17,M17:usmle_derm_1713,ALL,M4,3,0.6666666666666666,False,0
M17:usmle_derm_1713:gender_swap,M17,M17:usmle_derm_1713,R5,M4,3,0.6666666666666666,False,0
M17:usmle_derm_171:gender_swap,M17,M17:usmle_derm_171,ALL,M4,3,0.3333333333333333,False,0
M17:usmle_derm_171:gender_swap,M17,M17:usmle_derm_171,R5,M4,3,0.3333333333333333,False,0
M17:usmle_derm_1729:gender_removal,M17,M17:usmle_derm_1729,ALL,M4,3,1,True,0
M17:usmle_derm_1729:gender_removal,M17,M17:usmle_derm_1729,R5,M4,3,1,True,0
M17:usmle_derm_1739:gender_removal,M17,M17:usmle_derm_1739,ALL,M4,3,1,True,0
M17:usmle_derm_1739:gender_removal,M17,M17:usmle_derm_1739,R5,M4,3,1,True,0
M17:usmle_derm_1744:gender_swap,M17,M17:usmle_derm_1744,ALL,M4,3,1,True,0
M17:usmle_derm_1744:gender_swap,M17,M17:usmle_derm_1744,R5,M4,3,1,True,0
M17:usmle_derm_1745:gender_swap,M17,M17:usmle_derm_1745,ALL,M4,3,1,True,0
M17:usmle_derm_1745:gender_swap,M17,M17:usmle_derm_1745,R5,M4,3,1,True,0
M17:usmle_derm_1766:gender_removal,M17,M17:usmle_derm_1766,ALL,M4,3,1,True,0
M17:usmle_derm_1766:gender_removal,M17,M17:usmle_derm_1766,R5,M4,3,1,True,0
M17:usmle_derm_1768:gender_removal,M17,M17:usmle_derm_1768,ALL,M4,3,1,True,0
M17:usmle_derm_1768:gender_removal,M17,M17:usmle_derm_1768,R5,M4,3,1,True,0
M17:usmle_derm_1769:gender_swap,M17,M17:usmle_derm_1769,ALL,M4,3,1,True,0
M17:usmle_derm_1769:gender_swap,M17,M17:usmle_derm_1769,R5,M4,3,1,True,0
M17:usmle_derm_1770:gender_swap,M17,M17:usmle_derm_1770,ALL,M4,3,0.6666666666666666,False,0
M17:usmle_derm_1770:gender_swap,M17,M17:usmle_derm_1770,R5,M4,3,0.6666666666666666,False,0
M17:usmle_derm_1771:gender_removal,M17,M17:usmle_derm_1771,ALL,M4,3,1,True,0
M17:usmle_derm_1771:gender_removal,M17,M17:usmle_derm_1771,R5,M4,3,1,True,0
M17:usmle_derm_1790:gender_removal,M17,M17:usmle_derm_1790,ALL,M4,3,0.6666666666666666,False,0
M17:usmle_derm_1790:gender_removal,M17,M17:usmle_derm_1790,R5,M4,3,0.6666666666666666,False,0
M17:usmle_derm_1791:gender_removal,M17,M17:usmle_derm_1791,ALL,M4,3,1,True,0
M17:usmle_derm_1791:gender_removal,M17,M17:usmle_derm_1791,R5,M4,3,1,True,0
M17:usmle_derm_1791:gender_swap,M17,M17:usmle_derm_1791,ALL,M4,3,0.6666666666666666,False,0
M17:usmle_derm_1791:gender_swap,M17,M17:usmle_derm_1791,R5,M4,3,0.6666666666666666,False,0
M17:usmle_derm_1800:gender_removal,M17,M17:usmle_derm_1800,ALL,M4,3,1,True,0
M17:usmle_derm_1800:gender_removal,M17,M17:usmle_derm_1800,R5,M4,3,1,True,0
M17:usmle_derm_1802:gender_removal,M17,M17:usmle_derm_1802,ALL,M4,3,1,True,0
M17:usmle_derm_1802:gender_removal,M17,M17:usmle_derm_1802,R5,M4,3,1,True,0
M17:usmle_derm_1810:gender_swap,M17,M17:usmle_derm_1810,ALL,M4,3,1,True,0
M17:usmle_derm_1810:gender_swap,M17,M17:usmle_derm_1810,R5,M4,3,1,True,0
M17:usmle_derm_182:gender_removal,M17,M17:usmle_derm_182,ALL,M4,3,1,True,0
M17:usmle_derm_182:gender_removal,M17,M17:usmle_derm_182,R5,M4,3,1,True,0
M17:usmle_derm_1831:gender_removal,M17,M17:usmle_derm_1831,ALL,M4,3,1,True,0
M17:usmle_derm_1831:gender_removal,M17,M17:usmle_derm_1831,R5,M4,3,1,True,0
M17:usmle_derm_1831:gender_swap,M17,M17:usmle_derm_1831,ALL,M4,3,1,True,0
M17:usmle_derm_1831:gender_swap,M17,M17:usmle_derm_1831,R5,M4,3,1,True,0
M17:usmle_derm_1860:gender_removal,M17,M17:usmle_derm_1860,ALL,M4,3,1,True,0
M17:usmle_derm_1860:gender_removal,M17,M17:usmle_derm_1860,R5,M4,3,1,True,0
M17:usmle_derm_1863:gender_swap,M17,M17:usmle_derm_1863,ALL,M4,3,0.6666666666666666,False,0
M17:usmle_derm_1863:gender_swap,M17,M17:usmle_derm_1863,R5,M4,3,0.6666666666666666,False,0
M17:usmle_derm_1867:gender_removal,M17,M17:usmle_derm_1867,ALL,M4,3,1,True,0
M17:usmle_derm_1867:gender_removal,M17,M17:usmle_derm_1867,R5,M4,3,1,True,0
M17:usmle_derm_1870:gender_swap,M17,M17:usmle_derm_1870,ALL,M4,3,1,True,0
M17:usmle_derm_1870:gender_swap,M17,M17:usmle_derm_1870,R5,M4,3,1,True,0
M17:usmle_derm_1871:gender_removal,M17,M17:usmle_derm_1871,ALL,M4,3,1,True,0
M17:usmle_derm_1871:gender_removal,M17,M17:usmle_derm_1871,R5,M4,3,1,True,0
M17:usmle_derm_1871:gender_swap,M17,M17:usmle_derm_1871,ALL,M4,3,1,True,0
M17:usmle_derm_1871:gender_swap,M17,M17:usmle_derm_1871,R5,M4,3,1,True,0
M17:usmle_derm_1878:gender_removal,M17,M17:usmle_derm_1878,ALL,M4,3,1,True,0
M17:usmle_derm_1878:gender_removal,M17,M17:usmle_derm_1878,R5,M4,3,1,True,0
M17:usmle_derm_1879:gender_removal,M17,M17:usmle_derm_1879,ALL,M4,3,1,True,0
M17:usmle_derm_1879:gender_removal,M17,M17:usmle_derm_1879,R5,M4,3,1,True,0
M17:usmle_derm_187:gender_swap,M17,M17:usmle_derm_187,ALL,M4,3,0.6666666666666666,False,0
M17:usmle_derm_187:gender_swap,M17,M17:usmle_derm_187,R5,M4,3,0.6666666666666666,False,0
M17:usmle_derm_1881:gender_swap,M17,M17:usmle_derm_1881,ALL,M4,3,1,True,0
M17:usmle_derm_1881:gender_swap,M17,M17:usmle_derm_1881,R5,M4,3,1,True,0
M17:usmle_derm_1884:gender_removal,M17,M17:usmle_derm_1884,ALL,M4,3,1,True,0
M17:usmle_derm_1884:gender_removal,M17,M17:usmle_derm_1884,R5,M4,3,1,True,0
M17:usmle_derm_1887:gender_swap,M17,M17:usmle_derm_1887,ALL,M4,3,1,True,0
M17:usmle_derm_1887:gender_swap,M17,M17:usmle_derm_1887,R5,M4,3,1,True,0
M17:usmle_derm_1895:gender_swap,M17,M17:usmle_derm_1895,ALL,M4,3,1,True,0
M17:usmle_derm_1895:gender_swap,M17,M17:usmle_derm_1895,R5,M4,3,1,True,0
M17:usmle_derm_1897:gender_swap,M17,M17:usmle_derm_1897,ALL,M4,3,1,True,0
M17:usmle_derm_1897:gender_swap,M17,M17:usmle_derm_1897,R5,M4,3,1,True,0
M17:usmle_derm_1902:gender_swap,M17,M17:usmle_derm_1902,ALL,M4,3,1,True,0
M17:usmle_derm_1902:gender_swap,M17,M17:usmle_derm_1902,R5,M4,3,1,True,0
M17:usmle_derm_1908:gender_removal,M17,M17:usmle_derm_1908,ALL,M4,3,1,True,0
M17:usmle_derm_1908:gender_removal,M17,M17:usmle_derm_1908,R5,M4,3,1,True,0
M17:usmle_derm_1914:gender_removal,M17,M17:usmle_derm_1914,ALL,M4,3,1,True,0
M17:usmle_derm_1914:gender_removal,M17,M17:usmle_derm_1914,R5,M4,3,1,True,0
M17:usmle_derm_1915:gender_swap,M17,M17:usmle_derm_1915,ALL,M4,3,1,True,0
M17:usmle_derm_1915:gender_swap,M17,M17:usmle_derm_1915,R5,M4,3,1,True,0
M17:usmle_derm_1918:gender_swap,M17,M17:usmle_derm_1918,ALL,M4,3,1,True,0
M17:usmle_derm_1918:gender_swap,M17,M17:usmle_derm_1918,R5,M4,3,1,True,0
M17:usmle_derm_1919:gender_removal,M17,M17:usmle_derm_1919,ALL,M4,3,0.6666666666666666,False,0
M17:usmle_derm_1919:gender_removal,M17,M17:usmle_derm_1919,R5,M4,3,0.6666666666666666,False,0
M17:usmle_derm_1926:gender_removal,M17,M17:usmle_derm_1926,ALL,M4,3,1,True,0
M17:usmle_derm_1926:gender_removal,M17,M17:usmle_derm_1926,R5,M4,3,1,True,0
M17:usmle_derm_192:gender_removal,M17,M17:usmle_derm_192,ALL,M4,3,1,True,0
M17:usmle_derm_192:gender_removal,M17,M17:usmle_derm_192,R5,M4,3,1,True,0
M17:usmle_derm_1931:gender_removal,M17,M17:usmle_derm_1931,ALL,M4,3,0.6666666666666666,False,1
M17:usmle_derm_1931:gender_removal,M17,M17:usmle_derm_1931,R5,M4,3,0.6666666666666666,False,1
M17:usmle_derm_1931:gender_swap,M17,M17:usmle_derm_1931,ALL,M4,3,1,True,0
M17:usmle_derm_1931:gender_swap,M17,M17:usmle_derm_1931,R5,M4,3,1,True,0
M17:usmle_derm_1934:gender_removal,M17,M17:usmle_derm_1934,ALL,M4,3,1,True,0
M17:usmle_derm_1934:gender_removal,M17,M17:usmle_derm_1934,R5,M4,3,1,True,0
M17:usmle_derm_1942:gender_swap,M17,M17:usmle_derm_1942,ALL,M4,3,1,True,0
M17:usmle_derm_1942:gender_swap,M17,M17:usmle_derm_1942,R5,M4,3,1,True,0
M17:usmle_derm_1943:gender_removal,M17,M17:usmle_derm_1943,ALL,M4,3,1,True,0
M17:usmle_derm_1943:gender_removal,M17,M17:usmle_derm_1943,R5,M4,3,1,True,0
M17:usmle_derm_1946:gender_swap,M17,M17:usmle_derm_1946,ALL,M4,3,0.6666666666666666,False,0
M17:usmle_derm_1946:gender_swap,M17,M17:usmle_derm_1946,R5,M4,3,0.6666666666666666,False,0
M17:usmle_derm_1952:gender_swap,M17,M17:usmle_derm_1952,ALL,M4,3,0.6666666666666666,False,0
M17:usmle_derm_1952:gender_swap,M17,M17:usmle_derm_1952,R5,M4,3,0.6666666666666666,False,0
M17:usmle_derm_1954:gender_removal,M17,M17:usmle_derm_1954,ALL,M4,3,1,True,0
M17:usmle_derm_1954:gender_removal,M17,M17:usmle_derm_1954,R5,M4,3,1,True,0
M17:usmle_derm_1954:gender_swap,M17,M17:usmle_derm_1954,ALL,M4,3,1,True,0
M17:usmle_derm_1954:gender_swap,M17,M17:usmle_derm_1954,R5,M4,3,1,True,0
M17:usmle_derm_195:gender_swap,M17,M17:usmle_derm_195,ALL,M4,3,1,True,0
M17:usmle_derm_195:gender_swap,M17,M17:usmle_derm_195,R5,M4,3,1,True,0
M17:usmle_derm_1961:gender_removal,M17,M17:usmle_derm_1961,ALL,M4,3,1,True,0
M17:usmle_derm_1961:gender_removal,M17,M17:usmle_derm_1961,R5,M4,3,1,True,0
M17:usmle_derm_1963:gender_removal,M17,M17:usmle_derm_1963,ALL,M4,3,1,True,0
M17:usmle_derm_1963:gender_removal,M17,M17:usmle_derm_1963,R5,M4,3,1,True,0
M17:usmle_derm_1973:gender_swap,M17,M17:usmle_derm_1973,ALL,M4,3,1,True,0
M17:usmle_derm_1973:gender_swap,M17,M17:usmle_derm_1973,R5,M4,3,1,True,0
M17:usmle_derm_1974:gender_swap,M17,M17:usmle_derm_1974,ALL,M4,3,0.6666666666666666,False,0
M17:usmle_derm_1974:gender_swap,M17,M17:usmle_derm_1974,R5,M4,3,0.6666666666666666,False,0
M17:usmle_derm_1978:gender_swap,M17,M17:usmle_derm_1978,ALL,M4,3,0.3333333333333333,False,0
M17:usmle_derm_1978:gender_swap,M17,M17:usmle_derm_1978,R5,M4,3,0.3333333333333333,False,0
M17:usmle_derm_1985:gender_removal,M17,M17:usmle_derm_1985,ALL,M4,3,1,True,0
M17:usmle_derm_1985:gender_removal,M17,M17:usmle_derm_1985,R5,M4,3,1,True,0
M17:usmle_derm_198:gender_swap,M17,M17:usmle_derm_198,ALL,M4,3,1,True,0
M17:usmle_derm_198:gender_swap,M17,M17:usmle_derm_198,R5,M4,3,1,True,0
M17:usmle_derm_1992:gender_removal,M17,M17:usmle_derm_1992,ALL,M4,3,0.6666666666666666,False,0
M17:usmle_derm_1992:gender_removal,M17,M17:usmle_derm_1992,R5,M4,3,0.6666666666666666,False,0
M17:usmle_derm_1993:gender_swap,M17,M17:usmle_derm_1993,ALL,M4,3,1,True,0
M17:usmle_derm_1993:gender_swap,M17,M17:usmle_derm_1993,R5,M4,3,1,True,0
M17:usmle_derm_1995:gender_swap,M17,M17:usmle_derm_1995,ALL,M4,3,1,True,0
M17:usmle_derm_1995:gender_swap,M17,M17:usmle_derm_1995,R5,M4,3,1,True,0
M17:usmle_derm_1996:gender_swap,M17,M17:usmle_derm_1996,ALL,M4,3,1,True,0
M17:usmle_derm_1996:gender_swap,M17,M17:usmle_derm_1996,R5,M4,3,1,True,0
M17:usmle_derm_1999:gender_swap,M17,M17:usmle_derm_1999,ALL,M4,3,1,True,0
M17:usmle_derm_1999:gender_swap,M17,M17:usmle_derm_1999,R5,M4,3,1,True,0
M17:usmle_derm_2000:gender_swap,M17,M17:usmle_derm_2000,ALL,M4,3,1,True,0
M17:usmle_derm_2000:gender_swap,M17,M17:usmle_derm_2000,R5,M4,3,1,True,0
M17:usmle_derm_2001:gender_swap,M17,M17:usmle_derm_2001,ALL,M4,3,1,True,0
M17:usmle_derm_2001:gender_swap,M17,M17:usmle_derm_2001,R5,M4,3,1,True,0
M17:usmle_derm_2002:gender_removal,M17,M17:usmle_derm_2002,ALL,M4,3,0.6666666666666666,False,0
M17:usmle_derm_2002:gender_removal,M17,M17:usmle_derm_2002,R5,M4,3,0.6666666666666666,False,0
M17:usmle_derm_201:gender_swap,M17,M17:usmle_derm_201,ALL,M4,3,0.6666666666666666,False,0
M17:usmle_derm_201:gender_swap,M17,M17:usmle_derm_201,R5,M4,3,0.6666666666666666,False,0
M17:usmle_derm_202:gender_removal,M17,M17:usmle_derm_202,ALL,M4,3,1,True,0
M17:usmle_derm_202:gender_removal,M17,M17:usmle_derm_202,R5,M4,3,1,True,0
M17:usmle_derm_209:gender_swap,M17,M17:usmle_derm_209,ALL,M4,3,1,True,0
M17:usmle_derm_209:gender_swap,M17,M17:usmle_derm_209,R5,M4,3,1,True,0
M17:usmle_derm_231:gender_swap,M17,M17:usmle_derm_231,ALL,M4,3,1,True,0
M17:usmle_derm_231:gender_swap,M17,M17:usmle_derm_231,R5,M4,3,1,True,0
M17:usmle_derm_235:gender_removal,M17,M17:usmle_derm_235,ALL,M4,3,0.6666666666666666,False,0
M17:usmle_derm_235:gender_removal,M17,M17:usmle_derm_235,R5,M4,3,0.6666666666666666,False,0
M17:usmle_derm_238:gender_removal,M17,M17:usmle_derm_238,ALL,M4,3,1,True,0
M17:usmle_derm_238:gender_removal,M17,M17:usmle_derm_238,R5,M4,3,1,True,0
M17:usmle_derm_238:gender_swap,M17,M17:usmle_derm_238,ALL,M4,3,1,True,0
M17:usmle_derm_238:gender_swap,M17,M17:usmle_derm_238,R5,M4,3,1,True,0
M17:usmle_derm_241:gender_swap,M17,M17:usmle_derm_241,ALL,M4,3,0.6666666666666666,False,0
M17:usmle_derm_241:gender_swap,M17,M17:usmle_derm_241,R5,M4,3,0.6666666666666666,False,0
M17:usmle_derm_242:gender_removal,M17,M17:usmle_derm_242,ALL,M4,3,0.6666666666666666,False,0
M17:usmle_derm_242:gender_removal,M17,M17:usmle_derm_242,R5,M4,3,0.6666666666666666,False,0
M17:usmle_derm_244:gender_swap,M17,M17:usmle_derm_244,ALL,M4,3,1,True,0
M17:usmle_derm_244:gender_swap,M17,M17:usmle_derm_244,R5,M4,3,1,True,0
M17:usmle_derm_245:gender_removal,M17,M17:usmle_derm_245,ALL,M4,3,1,True,0
M17:usmle_derm_245:gender_removal,M17,M17:usmle_derm_245,R5,M4,3,1,True,0
M17:usmle_derm_246:gender_swap,M17,M17:usmle_derm_246,ALL,M4,3,1,True,0
M17:usmle_derm_246:gender_swap,M17,M17:usmle_derm_246,R5,M4,3,1,True,0
M17:usmle_derm_24:gender_swap,M17,M17:usmle_derm_24,ALL,M4,3,1,True,0
M17:usmle_derm_24:gender_swap,M17,M17:usmle_derm_24,R5,M4,3,1,True,0
M17:usmle_derm_25:gender_swap,M17,M17:usmle_derm_25,ALL,M4,3,1,True,0
M17:usmle_derm_25:gender_swap,M17,M17:usmle_derm_25,R5,M4,3,1,True,0
M17:usmle_derm_261:gender_swap,M17,M17:usmle_derm_261,ALL,M4,3,1,True,0
M17:usmle_derm_261:gender_swap,M17,M17:usmle_derm_261,R5,M4,3,1,True,0
M17:usmle_derm_263:gender_removal,M17,M17:usmle_derm_263,ALL,M4,3,0.6666666666666666,False,0
M17:usmle_derm_263:gender_removal,M17,M17:usmle_derm_263,R5,M4,3,0.6666666666666666,False,0
M17:usmle_derm_264:gender_swap,M17,M17:usmle_derm_264,ALL,M4,3,1,True,0
M17:usmle_derm_264:gender_swap,M17,M17:usmle_derm_264,R5,M4,3,1,True,0
M17:usmle_derm_267:gender_swap,M17,M17:usmle_derm_267,ALL,M4,3,1,True,0
M17:usmle_derm_267:gender_swap,M17,M17:usmle_derm_267,R5,M4,3,1,True,0
M17:usmle_derm_273:gender_swap,M17,M17:usmle_derm_273,ALL,M4,3,1,True,0
M17:usmle_derm_273:gender_swap,M17,M17:usmle_derm_273,R5,M4,3,1,True,0
M17:usmle_derm_275:gender_swap,M17,M17:usmle_derm_275,ALL,M4,3,0,False,0
M17:usmle_derm_275:gender_swap,M17,M17:usmle_derm_275,R5,M4,3,0,False,0
M17:usmle_derm_279:gender_removal,M17,M17:usmle_derm_279,ALL,M4,3,1,True,0
M17:usmle_derm_279:gender_removal,M17,M17:usmle_derm_279,R5,M4,3,1,True,0
M17:usmle_derm_279:gender_swap,M17,M17:usmle_derm_279,ALL,M4,3,1,True,0
M17:usmle_derm_279:gender_swap,M17,M17:usmle_derm_279,R5,M4,3,1,True,0
M17:usmle_derm_28:gender_swap,M17,M17:usmle_derm_28,ALL,M4,3,0.3333333333333333,False,0
M17:usmle_derm_28:gender_swap,M17,M17:usmle_derm_28,R5,M4,3,0.3333333333333333,False,0
M17:usmle_derm_292:gender_removal,M17,M17:usmle_derm_292,ALL,M4,3,1,True,0
M17:usmle_derm_292:gender_removal,M17,M17:usmle_derm_292,R5,M4,3,1,True,0
M17:usmle_derm_296:gender_removal,M17,M17:usmle_derm_296,ALL,M4,3,0.6666666666666666,False,0
M17:usmle_derm_296:gender_removal,M17,M17:usmle_derm_296,R5,M4,3,0.6666666666666666,False,0
M17:usmle_derm_300:gender_removal,M17,M17:usmle_derm_300,ALL,M4,3,0.3333333333333333,False,0
M17:usmle_derm_300:gender_removal,M17,M17:usmle_derm_300,R5,M4,3,0.3333333333333333,False,0
M17:usmle_derm_300:gender_swap,M17,M17:usmle_derm_300,ALL,M4,3,0.6666666666666666,False,0
M17:usmle_derm_300:gender_swap,M17,M17:usmle_derm_300,R5,M4,3,0.6666666666666666,False,0
M17:usmle_derm_306:gender_removal,M17,M17:usmle_derm_306,ALL,M4,3,1,True,0
M17:usmle_derm_306:gender_removal,M17,M17:usmle_derm_306,R5,M4,3,1,True,0
M17:usmle_derm_312:gender_removal,M17,M17:usmle_derm_312,ALL,M4,3,1,True,0
M17:usmle_derm_312:gender_removal,M17,M17:usmle_derm_312,R5,M4,3,1,True,0
M17:usmle_derm_312:gender_swap,M17,M17:usmle_derm_312,ALL,M4,3,1,True,0
M17:usmle_derm_312:gender_swap,M17,M17:usmle_derm_312,R5,M4,3,1,True,0
M17:usmle_derm_321:gender_swap,M17,M17:usmle_derm_321,ALL,M4,3,1,True,0
M17:usmle_derm_321:gender_swap,M17,M17:usmle_derm_321,R5,M4,3,1,True,0
M17:usmle_derm_322:gender_swap,M17,M17:usmle_derm_322,ALL,M4,3,1,True,0
M17:usmle_derm_322:gender_swap,M17,M17:usmle_derm_322,R5,M4,3,1,True,0
M17:usmle_derm_323:gender_swap,M17,M17:usmle_derm_323,ALL,M4,3,1,True,0
M17:usmle_derm_323:gender_swap,M17,M17:usmle_derm_323,R5,M4,3,1,True,0
M17:usmle_derm_327:gender_removal,M17,M17:usmle_derm_327,ALL,M4,3,0.6666666666666666,False,0
M17:usmle_derm_327:gender_removal,M17,M17:usmle_derm_327,R5,M4,3,0.6666666666666666,False,0
M17:usmle_derm_327:gender_swap,M17,M17:usmle_derm_327,ALL,M4,3,0.3333333333333333,False,0
M17:usmle_derm_327:gender_swap,M17,M17:usmle_derm_327,R5,M4,3,0.3333333333333333,False,0
M17:usmle_derm_32:gender_swap,M17,M17:usmle_derm_32,ALL,M4,3,0.6666666666666666,False,0
M17:usmle_derm_32:gender_swap,M17,M17:usmle_derm_32,R5,M4,3,0.6666666666666666,False,0
M17:usmle_derm_331:gender_swap,M17,M17:usmle_derm_331,ALL,M4,3,1,True,0
M17:usmle_derm_331:gender_swap,M17,M17:usmle_derm_331,R5,M4,3,1,True,0
M17:usmle_derm_336:gender_removal,M17,M17:usmle_derm_336,ALL,M4,3,1,True,0
M17:usmle_derm_336:gender_removal,M17,M17:usmle_derm_336,R5,M4,3,1,True,0
M17:usmle_derm_338:gender_removal,M17,M17:usmle_derm_338,ALL,M4,3,0.6666666666666666,False,0
M17:usmle_derm_338:gender_removal,M17,M17:usmle_derm_338,R5,M4,3,0.6666666666666666,False,0
M17:usmle_derm_339:gender_removal,M17,M17:usmle_derm_339,ALL,M4,3,1,True,0
M17:usmle_derm_339:gender_removal,M17,M17:usmle_derm_339,R5,M4,3,1,True,0
M17:usmle_derm_366:gender_removal,M17,M17:usmle_derm_366,ALL,M4,3,1,True,0
M17:usmle_derm_366:gender_removal,M17,M17:usmle_derm_366,R5,M4,3,1,True,0
M17:usmle_derm_373:gender_swap,M17,M17:usmle_derm_373,ALL,M4,3,0.6666666666666666,False,0
M17:usmle_derm_373:gender_swap,M17,M17:usmle_derm_373,R5,M4,3,0.6666666666666666,False,0
M17:usmle_derm_394:gender_swap,M17,M17:usmle_derm_394,ALL,M4,3,1,True,0
M17:usmle_derm_394:gender_swap,M17,M17:usmle_derm_394,R5,M4,3,1,True,0
M17:usmle_derm_395:gender_removal,M17,M17:usmle_derm_395,ALL,M4,3,0.3333333333333333,False,0
M17:usmle_derm_395:gender_removal,M17,M17:usmle_derm_395,R5,M4,3,0.3333333333333333,False,0
M17:usmle_derm_398:gender_swap,M17,M17:usmle_derm_398,ALL,M4,3,1,True,0
M17:usmle_derm_398:gender_swap,M17,M17:usmle_derm_398,R5,M4,3,1,True,0
M17:usmle_derm_405:gender_swap,M17,M17:usmle_derm_405,ALL,M4,3,1,True,0
M17:usmle_derm_405:gender_swap,M17,M17:usmle_derm_405,R5,M4,3,1,True,0
M17:usmle_derm_414:gender_removal,M17,M17:usmle_derm_414,ALL,M4,3,1,True,0
M17:usmle_derm_414:gender_removal,M17,M17:usmle_derm_414,R5,M4,3,1,True,0
M17:usmle_derm_41:gender_removal,M17,M17:usmle_derm_41,ALL,M4,3,1,True,0
M17:usmle_derm_41:gender_removal,M17,M17:usmle_derm_41,R5,M4,3,1,True,0
M17:usmle_derm_423:gender_removal,M17,M17:usmle_derm_423,ALL,M4,3,1,True,0
M17:usmle_derm_423:gender_removal,M17,M17:usmle_derm_423,R5,M4,3,1,True,0
M17:usmle_derm_424:gender_removal,M17,M17:usmle_derm_424,ALL,M4,3,1,True,0
M17:usmle_derm_424:gender_removal,M17,M17:usmle_derm_424,R5,M4,3,1,True,0
M17:usmle_derm_424:gender_swap,M17,M17:usmle_derm_424,ALL,M4,3,1,True,0
M17:usmle_derm_424:gender_swap,M17,M17:usmle_derm_424,R5,M4,3,1,True,0
M17:usmle_derm_425:gender_swap,M17,M17:usmle_derm_425,ALL,M4,3,0.3333333333333333,False,0
M17:usmle_derm_425:gender_swap,M17,M17:usmle_derm_425,R5,M4,3,0.3333333333333333,False,0
M17:usmle_derm_42:gender_removal,M17,M17:usmle_derm_42,ALL,M4,3,1,True,0
M17:usmle_derm_42:gender_removal,M17,M17:usmle_derm_42,R5,M4,3,1,True,0
M17:usmle_derm_42:gender_swap,M17,M17:usmle_derm_42,ALL,M4,3,0.6666666666666666,False,0
M17:usmle_derm_42:gender_swap,M17,M17:usmle_derm_42,R5,M4,3,0.6666666666666666,False,0
M17:usmle_derm_436:gender_swap,M17,M17:usmle_derm_436,ALL,M4,3,1,True,0
M17:usmle_derm_436:gender_swap,M17,M17:usmle_derm_436,R5,M4,3,1,True,0
M17:usmle_derm_437:gender_swap,M17,M17:usmle_derm_437,ALL,M4,3,1,True,0
M17:usmle_derm_437:gender_swap,M17,M17:usmle_derm_437,R5,M4,3,1,True,0
M17:usmle_derm_43:gender_removal,M17,M17:usmle_derm_43,ALL,M4,3,0,False,0
M17:usmle_derm_43:gender_removal,M17,M17:usmle_derm_43,R5,M4,3,0,False,0
M17:usmle_derm_440:gender_removal,M17,M17:usmle_derm_440,ALL,M4,3,0.6666666666666666,False,0
M17:usmle_derm_440:gender_removal,M17,M17:usmle_derm_440,R5,M4,3,0.6666666666666666,False,0
M17:usmle_derm_452:gender_removal,M17,M17:usmle_derm_452,ALL,M4,3,1,True,0
M17:usmle_derm_452:gender_removal,M17,M17:usmle_derm_452,R5,M4,3,1,True,0
M17:usmle_derm_453:gender_removal,M17,M17:usmle_derm_453,ALL,M4,3,1,True,0
M17:usmle_derm_453:gender_removal,M17,M17:usmle_derm_453,R5,M4,3,1,True,0
M17:usmle_derm_459:gender_removal,M17,M17:usmle_derm_459,ALL,M4,3,0.6666666666666666,False,0
M17:usmle_derm_459:gender_removal,M17,M17:usmle_derm_459,R5,M4,3,0.6666666666666666,False,0
M17:usmle_derm_45:gender_removal,M17,M17:usmle_derm_45,ALL,M4,3,1,True,0
M17:usmle_derm_45:gender_removal,M17,M17:usmle_derm_45,R5,M4,3,1,True,0
M17:usmle_derm_468:gender_removal,M17,M17:usmle_derm_468,ALL,M4,3,0,False,0
M17:usmle_derm_468:gender_removal,M17,M17:usmle_derm_468,R5,M4,3,0,False,0
M17:usmle_derm_480:gender_removal,M17,M17:usmle_derm_480,ALL,M4,3,1,True,0
M17:usmle_derm_480:gender_removal,M17,M17:usmle_derm_480,R5,M4,3,1,True,0
M17:usmle_derm_482:gender_removal,M17,M17:usmle_derm_482,ALL,M4,3,1,True,0
M17:usmle_derm_482:gender_removal,M17,M17:usmle_derm_482,R5,M4,3,1,True,0
M17:usmle_derm_493:gender_swap,M17,M17:usmle_derm_493,ALL,M4,3,1,True,0
M17:usmle_derm_493:gender_swap,M17,M17:usmle_derm_493,R5,M4,3,1,True,0
M17:usmle_derm_496:gender_removal,M17,M17:usmle_derm_496,ALL,M4,3,1,True,0
M17:usmle_derm_496:gender_removal,M17,M17:usmle_derm_496,R5,M4,3,1,True,0
M17:usmle_derm_499:gender_swap,M17,M17:usmle_derm_499,ALL,M4,3,1,True,0
M17:usmle_derm_499:gender_swap,M17,M17:usmle_derm_499,R5,M4,3,1,True,0
M17:usmle_derm_502:gender_removal,M17,M17:usmle_derm_502,ALL,M4,3,1,True,0
M17:usmle_derm_502:gender_removal,M17,M17:usmle_derm_502,R5,M4,3,1,True,0
M17:usmle_derm_509:gender_removal,M17,M17:usmle_derm_509,ALL,M4,3,1,True,0
M17:usmle_derm_509:gender_removal,M17,M17:usmle_derm_509,R5,M4,3,1,True,0
M17:usmle_derm_50:gender_swap,M17,M17:usmle_derm_50,ALL,M4,3,0.6666666666666666,False,0
M17:usmle_derm_50:gender_swap,M17,M17:usmle_derm_50,R5,M4,3,0.6666666666666666,False,0
M17:usmle_derm_511:gender_removal,M17,M17:usmle_derm_511,ALL,M4,3,1,True,0
M17:usmle_derm_511:gender_removal,M17,M17:usmle_derm_511,R5,M4,3,1,True,0
M17:usmle_derm_521:gender_removal,M17,M17:usmle_derm_521,ALL,M4,3,0,False,0
M17:usmle_derm_521:gender_removal,M17,M17:usmle_derm_521,R5,M4,3,0,False,0
M17:usmle_derm_548:gender_removal,M17,M17:usmle_derm_548,ALL,M4,3,1,True,0
M17:usmle_derm_548:gender_removal,M17,M17:usmle_derm_548,R5,M4,3,1,True,0
M17:usmle_derm_549:gender_removal,M17,M17:usmle_derm_549,ALL,M4,3,0.6666666666666666,False,0
M17:usmle_derm_549:gender_removal,M17,M17:usmle_derm_549,R5,M4,3,0.6666666666666666,False,0
M17:usmle_derm_554:gender_removal,M17,M17:usmle_derm_554,ALL,M4,3,1,True,0
M17:usmle_derm_554:gender_removal,M17,M17:usmle_derm_554,R5,M4,3,1,True,0
M17:usmle_derm_555:gender_removal,M17,M17:usmle_derm_555,ALL,M4,3,1,True,0
M17:usmle_derm_555:gender_removal,M17,M17:usmle_derm_555,R5,M4,3,1,True,0
M17:usmle_derm_559:gender_removal,M17,M17:usmle_derm_559,ALL,M4,3,0.6666666666666666,False,0
M17:usmle_derm_559:gender_removal,M17,M17:usmle_derm_559,R5,M4,3,0.6666666666666666,False,0
M17:usmle_derm_562:gender_removal,M17,M17:usmle_derm_562,ALL,M4,3,1,True,0
M17:usmle_derm_562:gender_removal,M17,M17:usmle_derm_562,R5,M4,3,1,True,0
M17:usmle_derm_571:gender_swap,M17,M17:usmle_derm_571,ALL,M4,3,1,True,0
M17:usmle_derm_571:gender_swap,M17,M17:usmle_derm_571,R5,M4,3,1,True,0
M17:usmle_derm_5:gender_swap,M17,M17:usmle_derm_5,ALL,M4,3,0.3333333333333333,False,0
M17:usmle_derm_5:gender_swap,M17,M17:usmle_derm_5,R5,M4,3,0.3333333333333333,False,0
M17:usmle_derm_600:gender_removal,M17,M17:usmle_derm_600,ALL,M4,3,1,True,0
M17:usmle_derm_600:gender_removal,M17,M17:usmle_derm_600,R5,M4,3,1,True,0
M17:usmle_derm_604:gender_removal,M17,M17:usmle_derm_604,ALL,M4,3,1,True,0
M17:usmle_derm_604:gender_removal,M17,M17:usmle_derm_604,R5,M4,3,1,True,0
M17:usmle_derm_608:gender_swap,M17,M17:usmle_derm_608,ALL,M4,3,1,True,0
M17:usmle_derm_608:gender_swap,M17,M17:usmle_derm_608,R5,M4,3,1,True,0
M17:usmle_derm_610:gender_swap,M17,M17:usmle_derm_610,ALL,M4,3,0.6666666666666666,False,0
M17:usmle_derm_610:gender_swap,M17,M17:usmle_derm_610,R5,M4,3,0.6666666666666666,False,0
M17:usmle_derm_614:gender_removal,M17,M17:usmle_derm_614,ALL,M4,3,1,True,0
M17:usmle_derm_614:gender_removal,M17,M17:usmle_derm_614,R5,M4,3,1,True,0
M17:usmle_derm_618:gender_removal,M17,M17:usmle_derm_618,ALL,M4,3,0.6666666666666666,False,0
M17:usmle_derm_618:gender_removal,M17,M17:usmle_derm_618,R5,M4,3,0.6666666666666666,False,0
M17:usmle_derm_620:gender_swap,M17,M17:usmle_derm_620,ALL,M4,3,1,True,0
M17:usmle_derm_620:gender_swap,M17,M17:usmle_derm_620,R5,M4,3,1,True,0
M17:usmle_derm_628:gender_removal,M17,M17:usmle_derm_628,ALL,M4,3,1,True,0
M17:usmle_derm_628:gender_removal,M17,M17:usmle_derm_628,R5,M4,3,1,True,0
M17:usmle_derm_628:gender_swap,M17,M17:usmle_derm_628,ALL,M4,3,0.3333333333333333,False,0
M17:usmle_derm_628:gender_swap,M17,M17:usmle_derm_628,R5,M4,3,0.3333333333333333,False,0
M17:usmle_derm_641:gender_removal,M17,M17:usmle_derm_641,ALL,M4,3,1,True,0
M17:usmle_derm_641:gender_removal,M17,M17:usmle_derm_641,R5,M4,3,1,True,0
M17:usmle_derm_644:gender_removal,M17,M17:usmle_derm_644,ALL,M4,3,0.6666666666666666,False,0
M17:usmle_derm_644:gender_removal,M17,M17:usmle_derm_644,R5,M4,3,0.6666666666666666,False,0
M17:usmle_derm_649:gender_swap,M17,M17:usmle_derm_649,ALL,M4,3,1,True,0
M17:usmle_derm_649:gender_swap,M17,M17:usmle_derm_649,R5,M4,3,1,True,0
M17:usmle_derm_65:gender_removal,M17,M17:usmle_derm_65,ALL,M4,3,0.3333333333333333,False,0
M17:usmle_derm_65:gender_removal,M17,M17:usmle_derm_65,R5,M4,3,0.3333333333333333,False,0
M17:usmle_derm_663:gender_removal,M17,M17:usmle_derm_663,ALL,M4,3,0.6666666666666666,False,0
M17:usmle_derm_663:gender_removal,M17,M17:usmle_derm_663,R5,M4,3,0.6666666666666666,False,0
M17:usmle_derm_665:gender_removal,M17,M17:usmle_derm_665,ALL,M4,3,1,True,0
M17:usmle_derm_665:gender_removal,M17,M17:usmle_derm_665,R5,M4,3,1,True,0
M17:usmle_derm_665:gender_swap,M17,M17:usmle_derm_665,ALL,M4,3,1,True,0
M17:usmle_derm_665:gender_swap,M17,M17:usmle_derm_665,R5,M4,3,1,True,0
M17:usmle_derm_66:gender_removal,M17,M17:usmle_derm_66,ALL,M4,3,1,True,0
M17:usmle_derm_66:gender_removal,M17,M17:usmle_derm_66,R5,M4,3,1,True,0
M17:usmle_derm_66:gender_swap,M17,M17:usmle_derm_66,ALL,M4,3,1,True,0
M17:usmle_derm_66:gender_swap,M17,M17:usmle_derm_66,R5,M4,3,1,True,0
M17:usmle_derm_671:gender_removal,M17,M17:usmle_derm_671,ALL,M4,3,1,True,0
M17:usmle_derm_671:gender_removal,M17,M17:usmle_derm_671,R5,M4,3,1,True,0
M17:usmle_derm_672:gender_swap,M17,M17:usmle_derm_672,ALL,M4,3,1,True,0
M17:usmle_derm_672:gender_swap,M17,M17:usmle_derm_672,R5,M4,3,1,True,0
M17:usmle_derm_677:gender_swap,M17,M17:usmle_derm_677,ALL,M4,3,0.6666666666666666,False,0
M17:usmle_derm_677:gender_swap,M17,M17:usmle_derm_677,R5,M4,3,0.6666666666666666,False,0
M17:usmle_derm_683:gender_swap,M17,M17:usmle_derm_683,ALL,M4,3,1,True,0
M17:usmle_derm_683:gender_swap,M17,M17:usmle_derm_683,R5,M4,3,1,True,0
M17:usmle_derm_684:gender_swap,M17,M17:usmle_derm_684,ALL,M4,3,1,True,0
M17:usmle_derm_684:gender_swap,M17,M17:usmle_derm_684,R5,M4,3,1,True,0
M17:usmle_derm_692:gender_swap,M17,M17:usmle_derm_692,ALL,M4,3,1,True,0
M17:usmle_derm_692:gender_swap,M17,M17:usmle_derm_692,R5,M4,3,1,True,0
M17:usmle_derm_695:gender_swap,M17,M17:usmle_derm_695,ALL,M4,3,1,True,0
M17:usmle_derm_695:gender_swap,M17,M17:usmle_derm_695,R5,M4,3,1,True,0
M17:usmle_derm_696:gender_swap,M17,M17:usmle_derm_696,ALL,M4,3,0.6666666666666666,False,0
M17:usmle_derm_696:gender_swap,M17,M17:usmle_derm_696,R5,M4,3,0.6666666666666666,False,0
M17:usmle_derm_702:gender_swap,M17,M17:usmle_derm_702,ALL,M4,3,1,True,0
M17:usmle_derm_702:gender_swap,M17,M17:usmle_derm_702,R5,M4,3,1,True,0
M17:usmle_derm_707:gender_removal,M17,M17:usmle_derm_707,ALL,M4,3,1,True,0
M17:usmle_derm_707:gender_removal,M17,M17:usmle_derm_707,R5,M4,3,1,True,0
M17:usmle_derm_711:gender_removal,M17,M17:usmle_derm_711,ALL,M4,3,1,True,0
M17:usmle_derm_711:gender_removal,M17,M17:usmle_derm_711,R5,M4,3,1,True,0
M17:usmle_derm_711:gender_swap,M17,M17:usmle_derm_711,ALL,M4,3,1,True,0
M17:usmle_derm_711:gender_swap,M17,M17:usmle_derm_711,R5,M4,3,1,True,0
M17:usmle_derm_714:gender_swap,M17,M17:usmle_derm_714,ALL,M4,3,1,True,0
M17:usmle_derm_714:gender_swap,M17,M17:usmle_derm_714,R5,M4,3,1,True,0
M17:usmle_derm_716:gender_swap,M17,M17:usmle_derm_716,ALL,M4,3,1,True,0
M17:usmle_derm_716:gender_swap,M17,M17:usmle_derm_716,R5,M4,3,1,True,0
M17:usmle_derm_720:gender_removal,M17,M17:usmle_derm_720,ALL,M4,3,1,True,0
M17:usmle_derm_720:gender_removal,M17,M17:usmle_derm_720,R5,M4,3,1,True,0
M17:usmle_derm_723:gender_swap,M17,M17:usmle_derm_723,ALL,M4,3,1,True,0
M17:usmle_derm_723:gender_swap,M17,M17:usmle_derm_723,R5,M4,3,1,True,0
M17:usmle_derm_729:gender_swap,M17,M17:usmle_derm_729,ALL,M4,3,1,True,0
M17:usmle_derm_729:gender_swap,M17,M17:usmle_derm_729,R5,M4,3,1,True,0
M17:usmle_derm_731:gender_removal,M17,M17:usmle_derm_731,ALL,M4,3,1,True,0
M17:usmle_derm_731:gender_removal,M17,M17:usmle_derm_731,R5,M4,3,1,True,0
M17:usmle_derm_73:gender_removal,M17,M17:usmle_derm_73,ALL,M4,3,1,True,0
M17:usmle_derm_73:gender_removal,M17,M17:usmle_derm_73,R5,M4,3,1,True,0
M17:usmle_derm_746:gender_swap,M17,M17:usmle_derm_746,ALL,M4,3,0.6666666666666666,False,0
M17:usmle_derm_746:gender_swap,M17,M17:usmle_derm_746,R5,M4,3,0.6666666666666666,False,0
M17:usmle_derm_747:gender_swap,M17,M17:usmle_derm_747,ALL,M4,3,1,True,0
M17:usmle_derm_747:gender_swap,M17,M17:usmle_derm_747,R5,M4,3,1,True,0
M17:usmle_derm_752:gender_removal,M17,M17:usmle_derm_752,ALL,M4,3,1,True,0
M17:usmle_derm_752:gender_removal,M17,M17:usmle_derm_752,R5,M4,3,1,True,0
M17:usmle_derm_754:gender_swap,M17,M17:usmle_derm_754,ALL,M4,3,1,True,0
M17:usmle_derm_754:gender_swap,M17,M17:usmle_derm_754,R5,M4,3,1,True,0
M17:usmle_derm_758:gender_removal,M17,M17:usmle_derm_758,ALL,M4,3,1,True,0
M17:usmle_derm_758:gender_removal,M17,M17:usmle_derm_758,R5,M4,3,1,True,0
M17:usmle_derm_759:gender_removal,M17,M17:usmle_derm_759,ALL,M4,3,1,True,0
M17:usmle_derm_759:gender_removal,M17,M17:usmle_derm_759,R5,M4,3,1,True,0
M17:usmle_derm_759:gender_swap,M17,M17:usmle_derm_759,ALL,M4,3,1,True,0
M17:usmle_derm_759:gender_swap,M17,M17:usmle_derm_759,R5,M4,3,1,True,0
M17:usmle_derm_761:gender_removal,M17,M17:usmle_derm_761,ALL,M4,3,1,True,0
M17:usmle_derm_761:gender_removal,M17,M17:usmle_derm_761,R5,M4,3,1,True,0
M17:usmle_derm_762:gender_removal,M17,M17:usmle_derm_762,ALL,M4,3,0.6666666666666666,False,0
M17:usmle_derm_762:gender_removal,M17,M17:usmle_derm_762,R5,M4,3,0.6666666666666666,False,0
M17:usmle_derm_77:gender_removal,M17,M17:usmle_derm_77,ALL,M4,3,1,True,0
M17:usmle_derm_77:gender_removal,M17,M17:usmle_derm_77,R5,M4,3,1,True,0
M17:usmle_derm_786:gender_removal,M17,M17:usmle_derm_786,ALL,M4,3,1,True,0
M17:usmle_derm_786:gender_removal,M17,M17:usmle_derm_786,R5,M4,3,1,True,0
M17:usmle_derm_78:gender_removal,M17,M17:usmle_derm_78,ALL,M4,3,1,True,0
M17:usmle_derm_78:gender_removal,M17,M17:usmle_derm_78,R5,M4,3,1,True,0
M17:usmle_derm_793:gender_removal,M17,M17:usmle_derm_793,ALL,M4,3,0.3333333333333333,False,0
M17:usmle_derm_793:gender_removal,M17,M17:usmle_derm_793,R5,M4,3,0.3333333333333333,False,0
M17:usmle_derm_795:gender_swap,M17,M17:usmle_derm_795,ALL,M4,3,1,True,0
M17:usmle_derm_795:gender_swap,M17,M17:usmle_derm_795,R5,M4,3,1,True,0
M17:usmle_derm_7:gender_swap,M17,M17:usmle_derm_7,ALL,M4,3,0.3333333333333333,False,0
M17:usmle_derm_7:gender_swap,M17,M17:usmle_derm_7,R5,M4,3,0.3333333333333333,False,0
M17:usmle_derm_802:gender_removal,M17,M17:usmle_derm_802,ALL,M4,3,1,True,0
M17:usmle_derm_802:gender_removal,M17,M17:usmle_derm_802,R5,M4,3,1,True,0
M17:usmle_derm_806:gender_removal,M17,M17:usmle_derm_806,ALL,M4,3,1,True,0
M17:usmle_derm_806:gender_removal,M17,M17:usmle_derm_806,R5,M4,3,1,True,0
M17:usmle_derm_80:gender_swap,M17,M17:usmle_derm_80,ALL,M4,3,0.6666666666666666,False,0
M17:usmle_derm_80:gender_swap,M17,M17:usmle_derm_80,R5,M4,3,0.6666666666666666,False,0
M17:usmle_derm_825:gender_removal,M17,M17:usmle_derm_825,ALL,M4,3,0.6666666666666666,False,0
M17:usmle_derm_825:gender_removal,M17,M17:usmle_derm_825,R5,M4,3,0.6666666666666666,False,0
M17:usmle_derm_825:gender_swap,M17,M17:usmle_derm_825,ALL,M4,3,0.6666666666666666,False,0
M17:usmle_derm_825:gender_swap,M17,M17:usmle_derm_825,R5,M4,3,0.6666666666666666,False,0
M17:usmle_derm_828:gender_swap,M17,M17:usmle_derm_828,ALL,M4,3,1,True,0
M17:usmle_derm_828:gender_swap,M17,M17:usmle_derm_828,R5,M4,3,1,True,0
M17:usmle_derm_82:gender_removal,M17,M17:usmle_derm_82,ALL,M4,3,1,True,0
M17:usmle_derm_82:gender_removal,M17,M17:usmle_derm_82,R5,M4,3,1,True,0
M17:usmle_derm_835:gender_swap,M17,M17:usmle_derm_835,ALL,M4,3,1,True,0
M17:usmle_derm_835:gender_swap,M17,M17:usmle_derm_835,R5,M4,3,1,True,0
M17:usmle_derm_840:gender_removal,M17,M17:usmle_derm_840,ALL,M4,3,1,True,0
M17:usmle_derm_840:gender_removal,M17,M17:usmle_derm_840,R5,M4,3,1,True,0
M17:usmle_derm_849:gender_removal,M17,M17:usmle_derm_849,ALL,M4,3,1,True,0
M17:usmle_derm_849:gender_removal,M17,M17:usmle_derm_849,R5,M4,3,1,True,0
M17:usmle_derm_859:gender_swap,M17,M17:usmle_derm_859,ALL,M4,2,1,True,0
M17:usmle_derm_859:gender_swap,M17,M17:usmle_derm_859,R5,M4,2,1,True,0
M17:usmle_derm_86:gender_removal,M17,M17:usmle_derm_86,ALL,M4,3,1,True,0
M17:usmle_derm_86:gender_removal,M17,M17:usmle_derm_86,R5,M4,3,1,True,0
M17:usmle_derm_87:gender_swap,M17,M17:usmle_derm_87,ALL,M4,3,1,True,0
M17:usmle_derm_87:gender_swap,M17,M17:usmle_derm_87,R5,M4,3,1,True,0
M17:usmle_derm_884:gender_swap,M17,M17:usmle_derm_884,ALL,M4,3,0.6666666666666666,False,0
M17:usmle_derm_884:gender_swap,M17,M17:usmle_derm_884,R5,M4,3,0.6666666666666666,False,0
M17:usmle_derm_889:gender_swap,M17,M17:usmle_derm_889,ALL,M4,3,0.6666666666666666,False,0
M17:usmle_derm_889:gender_swap,M17,M17:usmle_derm_889,R5,M4,3,0.6666666666666666,False,0
M17:usmle_derm_892:gender_swap,M17,M17:usmle_derm_892,ALL,M4,3,1,True,0
M17:usmle_derm_892:gender_swap,M17,M17:usmle_derm_892,R5,M4,3,1,True,0
M17:usmle_derm_894:gender_swap,M17,M17:usmle_derm_894,ALL,M4,3,1,True,0
M17:usmle_derm_894:gender_swap,M17,M17:usmle_derm_894,R5,M4,3,1,True,0
M17:usmle_derm_895:gender_removal,M17,M17:usmle_derm_895,ALL,M4,3,1,True,0
M17:usmle_derm_895:gender_removal,M17,M17:usmle_derm_895,R5,M4,3,1,True,0
M17:usmle_derm_899:gender_swap,M17,M17:usmle_derm_899,ALL,M4,3,1,True,0
M17:usmle_derm_899:gender_swap,M17,M17:usmle_derm_899,R5,M4,3,1,True,0
M17:usmle_derm_901:gender_removal,M17,M17:usmle_derm_901,ALL,M4,3,1,True,0
M17:usmle_derm_901:gender_removal,M17,M17:usmle_derm_901,R5,M4,3,1,True,0
M17:usmle_derm_902:gender_swap,M17,M17:usmle_derm_902,ALL,M4,3,1,True,0
M17:usmle_derm_902:gender_swap,M17,M17:usmle_derm_902,R5,M4,3,1,True,0
M17:usmle_derm_915:gender_removal,M17,M17:usmle_derm_915,ALL,M4,3,1,True,0
M17:usmle_derm_915:gender_removal,M17,M17:usmle_derm_915,R5,M4,3,1,True,0
M17:usmle_derm_919:gender_removal,M17,M17:usmle_derm_919,ALL,M4,3,0.3333333333333333,False,0
M17:usmle_derm_919:gender_removal,M17,M17:usmle_derm_919,R5,M4,3,0.3333333333333333,False,0
M17:usmle_derm_932:gender_removal,M17,M17:usmle_derm_932,ALL,M4,3,0.6666666666666666,False,0
M17:usmle_derm_932:gender_removal,M17,M17:usmle_derm_932,R5,M4,3,0.6666666666666666,False,0
M17:usmle_derm_938:gender_swap,M17,M17:usmle_derm_938,ALL,M4,3,0.6666666666666666,False,0
M17:usmle_derm_938:gender_swap,M17,M17:usmle_derm_938,R5,M4,3,0.6666666666666666,False,0
M17:usmle_derm_942:gender_removal,M17,M17:usmle_derm_942,ALL,M4,3,0.6666666666666666,False,0
M17:usmle_derm_942:gender_removal,M17,M17:usmle_derm_942,R5,M4,3,0.6666666666666666,False,0
M17:usmle_derm_946:gender_removal,M17,M17:usmle_derm_946,ALL,M4,3,1,True,0
M17:usmle_derm_946:gender_removal,M17,M17:usmle_derm_946,R5,M4,3,1,True,0
M17:usmle_derm_95:gender_removal,M17,M17:usmle_derm_95,ALL,M4,3,1,True,0
M17:usmle_derm_95:gender_removal,M17,M17:usmle_derm_95,R5,M4,3,1,True,0
M17:usmle_derm_960:gender_swap,M17,M17:usmle_derm_960,ALL,M4,2,1,True,0
M17:usmle_derm_960:gender_swap,M17,M17:usmle_derm_960,R5,M4,2,1,True,0
M17:usmle_derm_972:gender_removal,M17,M17:usmle_derm_972,ALL,M4,3,0.3333333333333333,False,0
M17:usmle_derm_972:gender_removal,M17,M17:usmle_derm_972,R5,M4,3,0.3333333333333333,False,0
M17:usmle_derm_973:gender_swap,M17,M17:usmle_derm_973,ALL,M4,3,1,True,0
M17:usmle_derm_973:gender_swap,M17,M17:usmle_derm_973,R5,M4,3,1,True,0
M17:usmle_derm_974:gender_removal,M17,M17:usmle_derm_974,ALL,M4,3,1,True,0
M17:usmle_derm_974:gender_removal,M17,M17:usmle_derm_974,R5,M4,3,1,True,0
M17:usmle_derm_97:gender_removal,M17,M17:usmle_derm_97,ALL,M4,3,0.6666666666666666,False,0
M17:usmle_derm_97:gender_removal,M17,M17:usmle_derm_97,R5,M4,3,0.6666666666666666,False,0
M17:usmle_derm_982:gender_removal,M17,M17:usmle_derm_982,ALL,M4,3,1,True,0
M17:usmle_derm_982:gender_removal,M17,M17:usmle_derm_982,R5,M4,3,1,True,0
M17:usmle_derm_982:gender_swap,M17,M17:usmle_derm_982,ALL,M4,3,1,True,0
M17:usmle_derm_982:gender_swap,M17,M17:usmle_derm_982,R5,M4,3,1,True,0
M17:usmle_derm_988:gender_removal,M17,M17:usmle_derm_988,ALL,M4,3,1,True,0
M17:usmle_derm_988:gender_removal,M17,M17:usmle_derm_988,R5,M4,3,1,True,0
M17:usmle_derm_991:gender_swap,M17,M17:usmle_derm_991,ALL,M4,3,1,True,0
M17:usmle_derm_991:gender_swap,M17,M17:usmle_derm_991,R5,M4,3,1,True,0
M20:0:variant_1,M20,M20:0,ALL,M4,1,1,True,0
M20:0:variant_1,M20,M20:0,R1,M4,1,1,True,0
M20:0:variant_1,M20,M20:0,R5,M4,1,1,True,0
M20:0:variant_2,M20,M20:0,ALL,M4,1,0,False,0
M20:0:variant_2,M20,M20:0,R1,M4,1,0,False,0
M20:0:variant_3,M20,M20:0,ALL,M4,1,1,True,0
M20:0:variant_3,M20,M20:0,R1,M4,1,1,True,0
M20:0:variant_3,M20,M20:0,R5,M4,1,1,True,0
M20:0:variant_4,M20,M20:0,ALL,M4,1,1,True,0
M20:0:variant_4,M20,M20:0,R1,M4,1,1,True,0
M20:100:variant_1,M20,M20:100,ALL,M4,1,0,False,0
M20:100:variant_1,M20,M20:100,R1,M4,1,0,False,0
M20:100:variant_1,M20,M20:100,R5,M4,1,0,False,0
M20:100:variant_2,M20,M20:100,ALL,M4,1,0,False,0
M20:100:variant_2,M20,M20:100,R1,M4,1,0,False,0
M20:100:variant_2,M20,M20:100,R5,M4,1,0,False,0
M20:100:variant_3,M20,M20:100,ALL,M4,1,0,False,0
M20:100:variant_3,M20,M20:100,R1,M4,1,0,False,0
M20:100:variant_3,M20,M20:100,R5,M4,1,0,False,0
M20:100:variant_4,M20,M20:100,ALL,M4,1,1,True,0
M20:100:variant_4,M20,M20:100,R1,M4,1,1,True,0
M20:101:variant_1,M20,M20:101,ALL,M4,1,0,False,0
M20:101:variant_1,M20,M20:101,R1,M4,1,0,False,0
M20:101:variant_2,M20,M20:101,ALL,M4,1,0,False,0
M20:101:variant_2,M20,M20:101,R1,M4,1,0,False,0
M20:101:variant_2,M20,M20:101,R5,M4,1,0,False,0
M20:101:variant_3,M20,M20:101,ALL,M4,1,1,True,0
M20:101:variant_3,M20,M20:101,R1,M4,1,1,True,0
M20:101:variant_4,M20,M20:101,ALL,M4,1,1,True,0
M20:101:variant_4,M20,M20:101,R1,M4,1,1,True,0
M20:103:variant_1,M20,M20:103,ALL,M4,1,1,True,0
M20:103:variant_1,M20,M20:103,R1,M4,1,1,True,0
M20:103:variant_1,M20,M20:103,R5,M4,1,1,True,0
M20:103:variant_2,M20,M20:103,ALL,M4,1,1,True,0
M20:103:variant_2,M20,M20:103,R1,M4,1,1,True,0
M20:103:variant_2,M20,M20:103,R5,M4,1,1,True,0
M20:103:variant_3,M20,M20:103,ALL,M4,1,1,True,0
M20:103:variant_3,M20,M20:103,R1,M4,1,1,True,0
M20:103:variant_3,M20,M20:103,R5,M4,1,1,True,0
M20:103:variant_4,M20,M20:103,ALL,M4,1,1,True,0
M20:103:variant_4,M20,M20:103,R1,M4,1,1,True,0
M20:105:variant_1,M20,M20:105,ALL,M4,1,0,False,0
M20:105:variant_1,M20,M20:105,R1,M4,1,0,False,0
M20:105:variant_1,M20,M20:105,R5,M4,1,0,False,0
M20:105:variant_2,M20,M20:105,ALL,M4,1,0,False,0
M20:105:variant_2,M20,M20:105,R1,M4,1,0,False,0
M20:105:variant_3,M20,M20:105,ALL,M4,1,0,False,0
M20:105:variant_3,M20,M20:105,R1,M4,1,0,False,0
M20:105:variant_4,M20,M20:105,ALL,M4,1,0,False,0
M20:105:variant_4,M20,M20:105,R1,M4,1,0,False,0
M20:106:variant_1,M20,M20:106,ALL,M4,1,0,False,0
M20:106:variant_1,M20,M20:106,R1,M4,1,0,False,0
M20:106:variant_1,M20,M20:106,R5,M4,1,0,False,0
M20:106:variant_2,M20,M20:106,ALL,M4,1,0,False,0
M20:106:variant_2,M20,M20:106,R1,M4,1,0,False,0
M20:106:variant_2,M20,M20:106,R5,M4,1,0,False,0
M20:106:variant_3,M20,M20:106,ALL,M4,1,1,True,0
M20:106:variant_3,M20,M20:106,R1,M4,1,1,True,0
M20:106:variant_3,M20,M20:106,R5,M4,1,1,True,0
M20:106:variant_4,M20,M20:106,ALL,M4,1,1,True,0
M20:106:variant_4,M20,M20:106,R1,M4,1,1,True,0
M20:106:variant_4,M20,M20:106,R5,M4,1,1,True,0
M20:107:variant_1,M20,M20:107,ALL,M4,1,1,True,0
M20:107:variant_1,M20,M20:107,R1,M4,1,1,True,0
M20:107:variant_2,M20,M20:107,ALL,M4,1,0,False,0
M20:107:variant_2,M20,M20:107,R1,M4,1,0,False,0
M20:107:variant_3,M20,M20:107,ALL,M4,1,1,True,0
M20:107:variant_3,M20,M20:107,R1,M4,1,1,True,0
M20:107:variant_4,M20,M20:107,ALL,M4,1,1,True,0
M20:107:variant_4,M20,M20:107,R1,M4,1,1,True,0
M20:107:variant_4,M20,M20:107,R5,M4,1,1,True,0
M20:108:variant_1,M20,M20:108,ALL,M4,1,1,True,0
M20:108:variant_1,M20,M20:108,R1,M4,1,1,True,0
M20:108:variant_1,M20,M20:108,R5,M4,1,1,True,0
M20:108:variant_2,M20,M20:108,ALL,M4,1,1,True,0
M20:108:variant_2,M20,M20:108,R1,M4,1,1,True,0
M20:108:variant_2,M20,M20:108,R5,M4,1,1,True,0
M20:108:variant_3,M20,M20:108,ALL,M4,1,0,False,0
M20:108:variant_3,M20,M20:108,R1,M4,1,0,False,0
M20:108:variant_3,M20,M20:108,R5,M4,1,0,False,0
M20:108:variant_4,M20,M20:108,ALL,M4,1,1,True,0
M20:108:variant_4,M20,M20:108,R1,M4,1,1,True,0
M20:109:variant_1,M20,M20:109,ALL,M4,1,1,True,0
M20:109:variant_1,M20,M20:109,R1,M4,1,1,True,0
M20:109:variant_2,M20,M20:109,ALL,M4,1,1,True,0
M20:109:variant_2,M20,M20:109,R1,M4,1,1,True,0
M20:109:variant_3,M20,M20:109,ALL,M4,1,1,True,0
M20:109:variant_3,M20,M20:109,R1,M4,1,1,True,0
M20:109:variant_4,M20,M20:109,ALL,M4,1,1,True,0
M20:109:variant_4,M20,M20:109,R1,M4,1,1,True,0
M20:109:variant_4,M20,M20:109,R5,M4,1,1,True,0
M20:10:variant_1,M20,M20:10,ALL,M4,1,1,True,0
M20:10:variant_1,M20,M20:10,R1,M4,1,1,True,0
M20:10:variant_1,M20,M20:10,R5,M4,1,1,True,0
M20:10:variant_2,M20,M20:10,ALL,M4,1,1,True,0
M20:10:variant_2,M20,M20:10,R1,M4,1,1,True,0
M20:10:variant_2,M20,M20:10,R5,M4,1,1,True,0
M20:10:variant_3,M20,M20:10,ALL,M4,1,1,True,0
M20:10:variant_3,M20,M20:10,R1,M4,1,1,True,0
M20:10:variant_4,M20,M20:10,ALL,M4,1,1,True,0
M20:10:variant_4,M20,M20:10,R1,M4,1,1,True,0
M20:10:variant_4,M20,M20:10,R5,M4,1,1,True,0
M20:110:variant_1,M20,M20:110,ALL,M4,1,1,True,0
M20:110:variant_1,M20,M20:110,R1,M4,1,1,True,0
M20:110:variant_1,M20,M20:110,R5,M4,1,1,True,0
M20:110:variant_2,M20,M20:110,ALL,M4,1,1,True,0
M20:110:variant_2,M20,M20:110,R1,M4,1,1,True,0
M20:110:variant_2,M20,M20:110,R5,M4,1,1,True,0
M20:110:variant_3,M20,M20:110,ALL,M4,1,1,True,0
M20:110:variant_3,M20,M20:110,R1,M4,1,1,True,0
M20:110:variant_4,M20,M20:110,ALL,M4,1,0,False,0
M20:110:variant_4,M20,M20:110,R1,M4,1,0,False,0
M20:110:variant_4,M20,M20:110,R5,M4,1,0,False,0
M20:111:variant_1,M20,M20:111,ALL,M4,1,1,True,0
M20:111:variant_1,M20,M20:111,R1,M4,1,1,True,0
M20:111:variant_1,M20,M20:111,R5,M4,1,1,True,0
M20:111:variant_2,M20,M20:111,ALL,M4,1,1,True,0
M20:111:variant_2,M20,M20:111,R1,M4,1,1,True,0
M20:111:variant_2,M20,M20:111,R5,M4,1,1,True,0
M20:111:variant_3,M20,M20:111,ALL,M4,1,1,True,0
M20:111:variant_3,M20,M20:111,R1,M4,1,1,True,0
M20:111:variant_4,M20,M20:111,ALL,M4,1,1,True,0
M20:111:variant_4,M20,M20:111,R1,M4,1,1,True,0
M20:111:variant_4,M20,M20:111,R5,M4,1,1,True,0
M20:112:variant_1,M20,M20:112,ALL,M4,1,0,False,0
M20:112:variant_1,M20,M20:112,R1,M4,1,0,False,0
M20:112:variant_1,M20,M20:112,R5,M4,1,0,False,0
M20:112:variant_2,M20,M20:112,ALL,M4,1,0,False,0
M20:112:variant_2,M20,M20:112,R1,M4,1,0,False,0
M20:112:variant_3,M20,M20:112,ALL,M4,1,1,True,0
M20:112:variant_3,M20,M20:112,R1,M4,1,1,True,0
M20:112:variant_3,M20,M20:112,R5,M4,1,1,True,0
M20:112:variant_4,M20,M20:112,ALL,M4,1,0,False,0
M20:112:variant_4,M20,M20:112,R1,M4,1,0,False,0
M20:112:variant_4,M20,M20:112,R5,M4,1,0,False,0
M20:113:variant_1,M20,M20:113,ALL,M4,1,0,False,0
M20:113:variant_1,M20,M20:113,R1,M4,1,0,False,0
M20:113:variant_1,M20,M20:113,R5,M4,1,0,False,0
M20:113:variant_2,M20,M20:113,ALL,M4,1,0,False,0
M20:113:variant_2,M20,M20:113,R1,M4,1,0,False,0
M20:113:variant_3,M20,M20:113,ALL,M4,1,0,False,0
M20:113:variant_3,M20,M20:113,R1,M4,1,0,False,0
M20:113:variant_4,M20,M20:113,ALL,M4,1,1,True,0
M20:113:variant_4,M20,M20:113,R1,M4,1,1,True,0
M20:114:variant_1,M20,M20:114,ALL,M4,1,0,False,0
M20:114:variant_1,M20,M20:114,R1,M4,1,0,False,0
M20:114:variant_2,M20,M20:114,ALL,M4,1,1,True,0
M20:114:variant_2,M20,M20:114,R1,M4,1,1,True,0
M20:114:variant_3,M20,M20:114,ALL,M4,1,0,False,0
M20:114:variant_3,M20,M20:114,R1,M4,1,0,False,0
M20:114:variant_3,M20,M20:114,R5,M4,1,0,False,0
M20:114:variant_4,M20,M20:114,ALL,M4,1,0,False,0
M20:114:variant_4,M20,M20:114,R1,M4,1,0,False,0
M20:115:variant_1,M20,M20:115,ALL,M4,1,0,False,0
M20:115:variant_1,M20,M20:115,R1,M4,1,0,False,0
M20:115:variant_2,M20,M20:115,ALL,M4,1,0,False,0
M20:115:variant_2,M20,M20:115,R1,M4,1,0,False,0
M20:115:variant_3,M20,M20:115,ALL,M4,1,0,False,0
M20:115:variant_3,M20,M20:115,R1,M4,1,0,False,0
M20:115:variant_3,M20,M20:115,R5,M4,1,0,False,0
M20:115:variant_4,M20,M20:115,ALL,M4,1,0,False,0
M20:115:variant_4,M20,M20:115,R1,M4,1,0,False,0
M20:116:variant_1,M20,M20:116,ALL,M4,1,0,False,0
M20:116:variant_1,M20,M20:116,R1,M4,1,0,False,0
M20:116:variant_2,M20,M20:116,ALL,M4,1,0,False,0
M20:116:variant_2,M20,M20:116,R1,M4,1,0,False,0
M20:116:variant_3,M20,M20:116,ALL,M4,1,0,False,0
M20:116:variant_3,M20,M20:116,R1,M4,1,0,False,0
M20:116:variant_4,M20,M20:116,ALL,M4,1,0,False,0
M20:116:variant_4,M20,M20:116,R1,M4,1,0,False,0
M20:117:variant_1,M20,M20:117,ALL,M4,1,0,False,0
M20:117:variant_1,M20,M20:117,R1,M4,1,0,False,0
M20:117:variant_1,M20,M20:117,R5,M4,1,0,False,0
M20:117:variant_2,M20,M20:117,ALL,M4,1,0,False,0
M20:117:variant_2,M20,M20:117,R1,M4,1,0,False,0
M20:117:variant_3,M20,M20:117,ALL,M4,1,0,False,0
M20:117:variant_3,M20,M20:117,R1,M4,1,0,False,0
M20:117:variant_4,M20,M20:117,ALL,M4,1,0,False,0
M20:117:variant_4,M20,M20:117,R1,M4,1,0,False,0
M20:118:variant_1,M20,M20:118,ALL,M4,1,1,True,0
M20:118:variant_1,M20,M20:118,R1,M4,1,1,True,0
M20:118:variant_2,M20,M20:118,ALL,M4,1,1,True,0
M20:118:variant_2,M20,M20:118,R1,M4,1,1,True,0
M20:118:variant_2,M20,M20:118,R5,M4,1,1,True,0
M20:118:variant_3,M20,M20:118,ALL,M4,1,1,True,0
M20:118:variant_3,M20,M20:118,R1,M4,1,1,True,0
M20:118:variant_4,M20,M20:118,ALL,M4,1,1,True,0
M20:118:variant_4,M20,M20:118,R1,M4,1,1,True,0
M20:118:variant_4,M20,M20:118,R5,M4,1,1,True,0
M20:119:variant_1,M20,M20:119,ALL,M4,1,0,False,0
M20:119:variant_1,M20,M20:119,R1,M4,1,0,False,0
M20:119:variant_2,M20,M20:119,ALL,M4,1,0,False,0
M20:119:variant_2,M20,M20:119,R1,M4,1,0,False,0
M20:119:variant_2,M20,M20:119,R5,M4,1,0,False,0
M20:119:variant_3,M20,M20:119,ALL,M4,1,0,False,0
M20:119:variant_3,M20,M20:119,R1,M4,1,0,False,0
M20:119:variant_3,M20,M20:119,R5,M4,1,0,False,0
M20:119:variant_4,M20,M20:119,ALL,M4,1,0,False,0
M20:119:variant_4,M20,M20:119,R1,M4,1,0,False,0
M20:11:variant_1,M20,M20:11,ALL,M4,1,1,True,0
M20:11:variant_1,M20,M20:11,R1,M4,1,1,True,0
M20:11:variant_2,M20,M20:11,ALL,M4,1,1,True,0
M20:11:variant_2,M20,M20:11,R1,M4,1,1,True,0
M20:11:variant_3,M20,M20:11,ALL,M4,1,1,True,0
M20:11:variant_3,M20,M20:11,R1,M4,1,1,True,0
M20:11:variant_4,M20,M20:11,ALL,M4,1,1,True,0
M20:11:variant_4,M20,M20:11,R1,M4,1,1,True,0
M20:11:variant_4,M20,M20:11,R5,M4,1,1,True,0
M20:120:variant_1,M20,M20:120,ALL,M4,1,0,False,0
M20:120:variant_1,M20,M20:120,R1,M4,1,0,False,0
M20:120:variant_2,M20,M20:120,ALL,M4,1,0,False,0
M20:120:variant_2,M20,M20:120,R1,M4,1,0,False,0
M20:120:variant_3,M20,M20:120,ALL,M4,1,0,False,0
M20:120:variant_3,M20,M20:120,R1,M4,1,0,False,0
M20:120:variant_4,M20,M20:120,ALL,M4,1,0,False,0
M20:120:variant_4,M20,M20:120,R1,M4,1,0,False,0
M20:120:variant_4,M20,M20:120,R5,M4,1,0,False,0
M20:121:variant_1,M20,M20:121,ALL,M4,1,0,False,0
M20:121:variant_1,M20,M20:121,R1,M4,1,0,False,0
M20:121:variant_1,M20,M20:121,R5,M4,1,0,False,0
M20:121:variant_2,M20,M20:121,ALL,M4,1,0,False,0
M20:121:variant_2,M20,M20:121,R1,M4,1,0,False,0
M20:121:variant_2,M20,M20:121,R5,M4,1,0,False,0
M20:121:variant_3,M20,M20:121,ALL,M4,1,0,False,0
M20:121:variant_3,M20,M20:121,R1,M4,1,0,False,0
M20:121:variant_4,M20,M20:121,ALL,M4,1,0,False,0
M20:121:variant_4,M20,M20:121,R1,M4,1,0,False,0
M20:122:variant_1,M20,M20:122,ALL,M4,1,1,True,0
M20:122:variant_1,M20,M20:122,R1,M4,1,1,True,0
M20:122:variant_2,M20,M20:122,ALL,M4,1,1,True,0
M20:122:variant_2,M20,M20:122,R1,M4,1,1,True,0
M20:122:variant_2,M20,M20:122,R5,M4,1,1,True,0
M20:122:variant_3,M20,M20:122,ALL,M4,1,0,False,0
M20:122:variant_3,M20,M20:122,R1,M4,1,0,False,0
M20:122:variant_4,M20,M20:122,ALL,M4,1,0,False,0
M20:122:variant_4,M20,M20:122,R1,M4,1,0,False,0
M20:123:variant_1,M20,M20:123,ALL,M4,1,0,False,0
M20:123:variant_1,M20,M20:123,R1,M4,1,0,False,0
M20:123:variant_2,M20,M20:123,ALL,M4,1,0,False,0
M20:123:variant_2,M20,M20:123,R1,M4,1,0,False,0
M20:123:variant_3,M20,M20:123,ALL,M4,1,1,True,0
M20:123:variant_3,M20,M20:123,R1,M4,1,1,True,0
M20:123:variant_3,M20,M20:123,R5,M4,1,1,True,0
M20:123:variant_4,M20,M20:123,ALL,M4,1,0,False,0
M20:123:variant_4,M20,M20:123,R1,M4,1,0,False,0
M20:124:variant_1,M20,M20:124,ALL,M4,1,0,False,0
M20:124:variant_1,M20,M20:124,R1,M4,1,0,False,0
M20:124:variant_1,M20,M20:124,R5,M4,1,0,False,0
M20:124:variant_2,M20,M20:124,ALL,M4,1,1,True,0
M20:124:variant_2,M20,M20:124,R1,M4,1,1,True,0
M20:124:variant_3,M20,M20:124,ALL,M4,1,0,False,0
M20:124:variant_3,M20,M20:124,R1,M4,1,0,False,0
M20:124:variant_3,M20,M20:124,R5,M4,1,0,False,0
M20:124:variant_4,M20,M20:124,ALL,M4,1,1,True,0
M20:124:variant_4,M20,M20:124,R1,M4,1,1,True,0
M20:125:variant_1,M20,M20:125,ALL,M4,1,1,True,0
M20:125:variant_1,M20,M20:125,R1,M4,1,1,True,0
M20:125:variant_2,M20,M20:125,ALL,M4,1,1,True,0
M20:125:variant_2,M20,M20:125,R1,M4,1,1,True,0
M20:125:variant_2,M20,M20:125,R5,M4,1,1,True,0
M20:125:variant_3,M20,M20:125,ALL,M4,1,1,True,0
M20:125:variant_3,M20,M20:125,R1,M4,1,1,True,0
M20:125:variant_3,M20,M20:125,R5,M4,1,1,True,0
M20:125:variant_4,M20,M20:125,ALL,M4,1,1,True,0
M20:125:variant_4,M20,M20:125,R1,M4,1,1,True,0
M20:125:variant_4,M20,M20:125,R5,M4,1,1,True,0
M20:126:variant_1,M20,M20:126,ALL,M4,1,0,False,0
M20:126:variant_1,M20,M20:126,R1,M4,1,0,False,0
M20:126:variant_2,M20,M20:126,ALL,M4,1,0,False,0
M20:126:variant_2,M20,M20:126,R1,M4,1,0,False,0
M20:126:variant_3,M20,M20:126,ALL,M4,1,0,False,0
M20:126:variant_3,M20,M20:126,R1,M4,1,0,False,0
M20:126:variant_4,M20,M20:126,ALL,M4,1,1,True,0
M20:126:variant_4,M20,M20:126,R1,M4,1,1,True,0
M20:126:variant_4,M20,M20:126,R5,M4,1,1,True,0
M20:127:variant_1,M20,M20:127,ALL,M4,1,1,True,0
M20:127:variant_1,M20,M20:127,R1,M4,1,1,True,0
M20:127:variant_2,M20,M20:127,ALL,M4,1,0,False,0
M20:127:variant_2,M20,M20:127,R1,M4,1,0,False,0
M20:127:variant_2,M20,M20:127,R5,M4,1,0,False,0
M20:127:variant_3,M20,M20:127,ALL,M4,1,0,False,0
M20:127:variant_3,M20,M20:127,R1,M4,1,0,False,0
M20:127:variant_4,M20,M20:127,ALL,M4,1,0,False,0
M20:127:variant_4,M20,M20:127,R1,M4,1,0,False,0
M20:128:variant_1,M20,M20:128,ALL,M4,1,1,True,0
M20:128:variant_1,M20,M20:128,R1,M4,1,1,True,0
M20:128:variant_1,M20,M20:128,R5,M4,1,1,True,0
M20:128:variant_2,M20,M20:128,ALL,M4,1,1,True,0
M20:128:variant_2,M20,M20:128,R1,M4,1,1,True,0
M20:128:variant_3,M20,M20:128,ALL,M4,1,1,True,0
M20:128:variant_3,M20,M20:128,R1,M4,1,1,True,0
M20:128:variant_3,M20,M20:128,R5,M4,1,1,True,0
M20:128:variant_4,M20,M20:128,ALL,M4,1,1,True,0
M20:128:variant_4,M20,M20:128,R1,M4,1,1,True,0
M20:128:variant_4,M20,M20:128,R5,M4,1,1,True,0
M20:129:variant_1,M20,M20:129,ALL,M4,1,1,True,0
M20:129:variant_1,M20,M20:129,R1,M4,1,1,True,0
M20:129:variant_2,M20,M20:129,ALL,M4,1,1,True,0
M20:129:variant_2,M20,M20:129,R1,M4,1,1,True,0
M20:129:variant_2,M20,M20:129,R5,M4,1,1,True,0
M20:129:variant_3,M20,M20:129,ALL,M4,1,1,True,0
M20:129:variant_3,M20,M20:129,R1,M4,1,1,True,0
M20:129:variant_3,M20,M20:129,R5,M4,1,1,True,0
M20:129:variant_4,M20,M20:129,ALL,M4,1,1,True,0
M20:129:variant_4,M20,M20:129,R1,M4,1,1,True,0
M20:12:variant_1,M20,M20:12,ALL,M4,1,1,True,0
M20:12:variant_1,M20,M20:12,R1,M4,1,1,True,0
M20:12:variant_1,M20,M20:12,R5,M4,1,1,True,0
M20:12:variant_2,M20,M20:12,ALL,M4,1,0,False,0
M20:12:variant_2,M20,M20:12,R1,M4,1,0,False,0
M20:12:variant_3,M20,M20:12,ALL,M4,1,1,True,0
M20:12:variant_3,M20,M20:12,R1,M4,1,1,True,0
M20:12:variant_4,M20,M20:12,ALL,M4,1,1,True,0
M20:12:variant_4,M20,M20:12,R1,M4,1,1,True,0
M20:12:variant_4,M20,M20:12,R5,M4,1,1,True,0
M20:130:variant_1,M20,M20:130,ALL,M4,1,0,False,0
M20:130:variant_1,M20,M20:130,R1,M4,1,0,False,0
M20:130:variant_1,M20,M20:130,R5,M4,1,0,False,0
M20:130:variant_2,M20,M20:130,ALL,M4,1,1,True,0
M20:130:variant_2,M20,M20:130,R1,M4,1,1,True,0
M20:130:variant_3,M20,M20:130,ALL,M4,1,0,False,0
M20:130:variant_3,M20,M20:130,R1,M4,1,0,False,0
M20:130:variant_3,M20,M20:130,R5,M4,1,0,False,0
M20:130:variant_4,M20,M20:130,ALL,M4,1,1,True,0
M20:130:variant_4,M20,M20:130,R1,M4,1,1,True,0
M20:130:variant_4,M20,M20:130,R5,M4,1,1,True,0
M20:131:variant_1,M20,M20:131,ALL,M4,1,0,False,0
M20:131:variant_1,M20,M20:131,R1,M4,1,0,False,0
M20:131:variant_2,M20,M20:131,ALL,M4,1,0,False,0
M20:131:variant_2,M20,M20:131,R1,M4,1,0,False,0
M20:131:variant_3,M20,M20:131,ALL,M4,1,0,False,0
M20:131:variant_3,M20,M20:131,R1,M4,1,0,False,0
M20:131:variant_4,M20,M20:131,ALL,M4,1,0,False,0
M20:131:variant_4,M20,M20:131,R1,M4,1,0,False,0
M20:132:variant_1,M20,M20:132,ALL,M4,1,0,False,0
M20:132:variant_1,M20,M20:132,R1,M4,1,0,False,0
M20:132:variant_2,M20,M20:132,ALL,M4,1,1,True,0
M20:132:variant_2,M20,M20:132,R1,M4,1,1,True,0
M20:132:variant_2,M20,M20:132,R5,M4,1,1,True,0
M20:132:variant_3,M20,M20:132,ALL,M4,1,0,False,0
M20:132:variant_3,M20,M20:132,R1,M4,1,0,False,0
M20:132:variant_3,M20,M20:132,R5,M4,1,0,False,0
M20:132:variant_4,M20,M20:132,ALL,M4,1,0,False,0
M20:132:variant_4,M20,M20:132,R1,M4,1,0,False,0
M20:132:variant_4,M20,M20:132,R5,M4,1,0,False,0
M20:133:variant_1,M20,M20:133,ALL,M4,1,1,True,0
M20:133:variant_1,M20,M20:133,R1,M4,1,1,True,0
M20:133:variant_1,M20,M20:133,R5,M4,1,1,True,0
M20:133:variant_2,M20,M20:133,ALL,M4,1,1,True,0
M20:133:variant_2,M20,M20:133,R1,M4,1,1,True,0
M20:133:variant_2,M20,M20:133,R5,M4,1,1,True,0
M20:133:variant_3,M20,M20:133,ALL,M4,1,0,False,0
M20:133:variant_3,M20,M20:133,R1,M4,1,0,False,0
M20:133:variant_4,M20,M20:133,ALL,M4,1,1,True,0
M20:133:variant_4,M20,M20:133,R1,M4,1,1,True,0
M20:133:variant_4,M20,M20:133,R5,M4,1,1,True,0
M20:135:variant_1,M20,M20:135,ALL,M4,1,1,True,0
M20:135:variant_1,M20,M20:135,R1,M4,1,1,True,0
M20:135:variant_2,M20,M20:135,ALL,M4,1,1,True,0
M20:135:variant_2,M20,M20:135,R1,M4,1,1,True,0
M20:135:variant_3,M20,M20:135,ALL,M4,1,1,True,0
M20:135:variant_3,M20,M20:135,R1,M4,1,1,True,0
M20:135:variant_4,M20,M20:135,ALL,M4,1,1,True,0
M20:135:variant_4,M20,M20:135,R1,M4,1,1,True,0
M20:136:variant_1,M20,M20:136,ALL,M4,1,1,True,0
M20:136:variant_1,M20,M20:136,R1,M4,1,1,True,0
M20:136:variant_2,M20,M20:136,ALL,M4,1,0,False,0
M20:136:variant_2,M20,M20:136,R1,M4,1,0,False,0
M20:136:variant_3,M20,M20:136,ALL,M4,1,1,True,0
M20:136:variant_3,M20,M20:136,R1,M4,1,1,True,0
M20:136:variant_4,M20,M20:136,ALL,M4,1,1,True,0
M20:136:variant_4,M20,M20:136,R1,M4,1,1,True,0
M20:136:variant_4,M20,M20:136,R5,M4,1,1,True,0
M20:137:variant_1,M20,M20:137,ALL,M4,1,0,False,0
M20:137:variant_1,M20,M20:137,R1,M4,1,0,False,0
M20:137:variant_2,M20,M20:137,ALL,M4,1,0,False,0
M20:137:variant_2,M20,M20:137,R1,M4,1,0,False,0
M20:137:variant_3,M20,M20:137,ALL,M4,1,1,True,0
M20:137:variant_3,M20,M20:137,R1,M4,1,1,True,0
M20:137:variant_4,M20,M20:137,ALL,M4,1,1,True,0
M20:137:variant_4,M20,M20:137,R1,M4,1,1,True,0
M20:138:variant_1,M20,M20:138,ALL,M4,1,1,True,0
M20:138:variant_1,M20,M20:138,R1,M4,1,1,True,0
M20:138:variant_1,M20,M20:138,R5,M4,1,1,True,0
M20:138:variant_2,M20,M20:138,ALL,M4,1,1,True,0
M20:138:variant_2,M20,M20:138,R1,M4,1,1,True,0
M20:138:variant_2,M20,M20:138,R5,M4,1,1,True,0
M20:138:variant_3,M20,M20:138,ALL,M4,1,1,True,0
M20:138:variant_3,M20,M20:138,R1,M4,1,1,True,0
M20:138:variant_3,M20,M20:138,R5,M4,1,1,True,0
M20:138:variant_4,M20,M20:138,ALL,M4,1,1,True,0
M20:138:variant_4,M20,M20:138,R1,M4,1,1,True,0
M20:139:variant_1,M20,M20:139,ALL,M4,1,1,True,0
M20:139:variant_1,M20,M20:139,R1,M4,1,1,True,0
M20:139:variant_1,M20,M20:139,R5,M4,1,1,True,0
M20:139:variant_2,M20,M20:139,ALL,M4,1,1,True,0
M20:139:variant_2,M20,M20:139,R1,M4,1,1,True,0
M20:139:variant_2,M20,M20:139,R5,M4,1,1,True,0
M20:139:variant_3,M20,M20:139,ALL,M4,1,1,True,0
M20:139:variant_3,M20,M20:139,R1,M4,1,1,True,0
M20:139:variant_3,M20,M20:139,R5,M4,1,1,True,0
M20:139:variant_4,M20,M20:139,ALL,M4,1,1,True,0
M20:139:variant_4,M20,M20:139,R1,M4,1,1,True,0
M20:13:variant_1,M20,M20:13,ALL,M4,1,1,True,0
M20:13:variant_1,M20,M20:13,R1,M4,1,1,True,0
M20:13:variant_1,M20,M20:13,R5,M4,1,1,True,0
M20:13:variant_2,M20,M20:13,ALL,M4,1,1,True,0
M20:13:variant_2,M20,M20:13,R1,M4,1,1,True,0
M20:13:variant_2,M20,M20:13,R5,M4,1,1,True,0
M20:13:variant_3,M20,M20:13,ALL,M4,1,1,True,0
M20:13:variant_3,M20,M20:13,R1,M4,1,1,True,0
M20:13:variant_4,M20,M20:13,ALL,M4,1,1,True,0
M20:13:variant_4,M20,M20:13,R1,M4,1,1,True,0
M20:140:variant_1,M20,M20:140,ALL,M4,1,0,False,0
M20:140:variant_1,M20,M20:140,R1,M4,1,0,False,0
M20:140:variant_2,M20,M20:140,ALL,M4,1,0,False,0
M20:140:variant_2,M20,M20:140,R1,M4,1,0,False,0
M20:140:variant_2,M20,M20:140,R5,M4,1,0,False,0
M20:140:variant_3,M20,M20:140,ALL,M4,1,0,False,0
M20:140:variant_3,M20,M20:140,R1,M4,1,0,False,0
M20:140:variant_3,M20,M20:140,R5,M4,1,0,False,0
M20:140:variant_4,M20,M20:140,ALL,M4,1,0,False,0
M20:140:variant_4,M20,M20:140,R1,M4,1,0,False,0
M20:140:variant_4,M20,M20:140,R5,M4,1,0,False,0
M20:142:variant_4,M20,M20:142,ALL,M4,1,0,False,0
M20:142:variant_4,M20,M20:142,R1,M4,1,0,False,0
M20:143:variant_1,M20,M20:143,ALL,M4,1,0,False,0
M20:143:variant_1,M20,M20:143,R1,M4,1,0,False,0
M20:145:variant_1,M20,M20:145,ALL,M4,1,1,True,0
M20:145:variant_1,M20,M20:145,R1,M4,1,1,True,0
M20:145:variant_1,M20,M20:145,R5,M4,1,1,True,0
M20:145:variant_2,M20,M20:145,ALL,M4,1,0,False,0
M20:145:variant_2,M20,M20:145,R1,M4,1,0,False,0
M20:145:variant_2,M20,M20:145,R5,M4,1,0,False,0
M20:145:variant_3,M20,M20:145,ALL,M4,1,1,True,0
M20:145:variant_3,M20,M20:145,R1,M4,1,1,True,0
M20:145:variant_4,M20,M20:145,ALL,M4,1,0,False,0
M20:145:variant_4,M20,M20:145,R1,M4,1,0,False,0
M20:145:variant_4,M20,M20:145,R5,M4,1,0,False,0
M20:146:variant_1,M20,M20:146,ALL,M4,1,1,True,0
M20:146:variant_1,M20,M20:146,R1,M4,1,1,True,0
M20:146:variant_2,M20,M20:146,ALL,M4,1,1,True,0
M20:146:variant_2,M20,M20:146,R1,M4,1,1,True,0
M20:146:variant_3,M20,M20:146,ALL,M4,1,1,True,0
M20:146:variant_3,M20,M20:146,R1,M4,1,1,True,0
M20:146:variant_3,M20,M20:146,R5,M4,1,1,True,0
M20:146:variant_4,M20,M20:146,ALL,M4,1,1,True,0
M20:146:variant_4,M20,M20:146,R1,M4,1,1,True,0
M20:147:variant_1,M20,M20:147,ALL,M4,1,1,True,0
M20:147:variant_1,M20,M20:147,R1,M4,1,1,True,0
M20:147:variant_1,M20,M20:147,R5,M4,1,1,True,0
M20:147:variant_2,M20,M20:147,ALL,M4,1,1,True,0
M20:147:variant_2,M20,M20:147,R1,M4,1,1,True,0
M20:147:variant_3,M20,M20:147,ALL,M4,1,1,True,0
M20:147:variant_3,M20,M20:147,R1,M4,1,1,True,0
M20:147:variant_3,M20,M20:147,R5,M4,1,1,True,0
M20:148:variant_1,M20,M20:148,ALL,M4,1,1,True,0
M20:148:variant_1,M20,M20:148,R1,M4,1,1,True,0
M20:148:variant_1,M20,M20:148,R5,M4,1,1,True,0
M20:148:variant_2,M20,M20:148,ALL,M4,1,1,True,0
M20:148:variant_2,M20,M20:148,R1,M4,1,1,True,0
M20:148:variant_2,M20,M20:148,R5,M4,1,1,True,0
M20:148:variant_3,M20,M20:148,ALL,M4,1,1,True,0
M20:148:variant_3,M20,M20:148,R1,M4,1,1,True,0
M20:148:variant_3,M20,M20:148,R5,M4,1,1,True,0
M20:148:variant_4,M20,M20:148,ALL,M4,1,1,True,0
M20:148:variant_4,M20,M20:148,R1,M4,1,1,True,0
M20:148:variant_4,M20,M20:148,R5,M4,1,1,True,0
M20:149:variant_1,M20,M20:149,ALL,M4,1,1,True,0
M20:149:variant_1,M20,M20:149,R1,M4,1,1,True,0
M20:149:variant_1,M20,M20:149,R5,M4,1,1,True,0
M20:149:variant_2,M20,M20:149,ALL,M4,1,1,True,0
M20:149:variant_2,M20,M20:149,R1,M4,1,1,True,0
M20:149:variant_2,M20,M20:149,R5,M4,1,1,True,0
M20:149:variant_3,M20,M20:149,ALL,M4,1,1,True,0
M20:149:variant_3,M20,M20:149,R1,M4,1,1,True,0
M20:149:variant_4,M20,M20:149,ALL,M4,1,1,True,0
M20:149:variant_4,M20,M20:149,R1,M4,1,1,True,0
M20:149:variant_4,M20,M20:149,R5,M4,1,1,True,0
M20:14:variant_1,M20,M20:14,ALL,M4,1,0,False,0
M20:14:variant_1,M20,M20:14,R1,M4,1,0,False,0
M20:14:variant_1,M20,M20:14,R5,M4,1,0,False,0
M20:14:variant_2,M20,M20:14,ALL,M4,1,0,False,0
M20:14:variant_2,M20,M20:14,R1,M4,1,0,False,0
M20:14:variant_2,M20,M20:14,R5,M4,1,0,False,0
M20:14:variant_3,M20,M20:14,ALL,M4,1,0,False,0
M20:14:variant_3,M20,M20:14,R1,M4,1,0,False,0
M20:14:variant_3,M20,M20:14,R5,M4,1,0,False,0
M20:14:variant_4,M20,M20:14,ALL,M4,1,0,False,0
M20:14:variant_4,M20,M20:14,R1,M4,1,0,False,0
M20:150:variant_1,M20,M20:150,ALL,M4,1,1,True,0
M20:150:variant_1,M20,M20:150,R1,M4,1,1,True,0
M20:150:variant_1,M20,M20:150,R5,M4,1,1,True,0
M20:150:variant_2,M20,M20:150,ALL,M4,1,0,False,0
M20:150:variant_2,M20,M20:150,R1,M4,1,0,False,0
M20:150:variant_2,M20,M20:150,R5,M4,1,0,False,0
M20:150:variant_3,M20,M20:150,ALL,M4,1,0,False,0
M20:150:variant_3,M20,M20:150,R1,M4,1,0,False,0
M20:150:variant_4,M20,M20:150,ALL,M4,1,1,True,0
M20:150:variant_4,M20,M20:150,R1,M4,1,1,True,0
M20:150:variant_4,M20,M20:150,R5,M4,1,1,True,0
M20:151:variant_1,M20,M20:151,ALL,M4,1,1,True,0
M20:151:variant_1,M20,M20:151,R1,M4,1,1,True,0
M20:151:variant_2,M20,M20:151,ALL,M4,1,1,True,0
M20:151:variant_2,M20,M20:151,R1,M4,1,1,True,0
M20:151:variant_2,M20,M20:151,R5,M4,1,1,True,0
M20:151:variant_3,M20,M20:151,ALL,M4,1,1,True,0
M20:151:variant_3,M20,M20:151,R1,M4,1,1,True,0
M20:151:variant_3,M20,M20:151,R5,M4,1,1,True,0
M20:151:variant_4,M20,M20:151,ALL,M4,1,1,True,0
M20:151:variant_4,M20,M20:151,R1,M4,1,1,True,0
M20:152:variant_1,M20,M20:152,ALL,M4,1,0,False,0
M20:152:variant_1,M20,M20:152,R1,M4,1,0,False,0
M20:152:variant_1,M20,M20:152,R5,M4,1,0,False,0
M20:152:variant_2,M20,M20:152,ALL,M4,1,0,False,0
M20:152:variant_2,M20,M20:152,R1,M4,1,0,False,0
M20:152:variant_2,M20,M20:152,R5,M4,1,0,False,0
M20:152:variant_3,M20,M20:152,ALL,M4,1,0,False,0
M20:152:variant_3,M20,M20:152,R1,M4,1,0,False,0
M20:152:variant_3,M20,M20:152,R5,M4,1,0,False,0
M20:152:variant_4,M20,M20:152,ALL,M4,1,0,False,0
M20:152:variant_4,M20,M20:152,R1,M4,1,0,False,0
M20:153:variant_1,M20,M20:153,ALL,M4,1,0,False,0
M20:153:variant_1,M20,M20:153,R1,M4,1,0,False,0
M20:153:variant_2,M20,M20:153,ALL,M4,1,0,False,0
M20:153:variant_2,M20,M20:153,R1,M4,1,0,False,0
M20:153:variant_2,M20,M20:153,R5,M4,1,0,False,0
M20:153:variant_3,M20,M20:153,ALL,M4,1,0,False,0
M20:153:variant_3,M20,M20:153,R1,M4,1,0,False,0
M20:153:variant_3,M20,M20:153,R5,M4,1,0,False,0
M20:153:variant_4,M20,M20:153,ALL,M4,1,0,False,0
M20:153:variant_4,M20,M20:153,R1,M4,1,0,False,0
M20:154:variant_1,M20,M20:154,ALL,M4,1,1,True,0
M20:154:variant_1,M20,M20:154,R1,M4,1,1,True,0
M20:154:variant_2,M20,M20:154,ALL,M4,1,1,True,0
M20:154:variant_2,M20,M20:154,R1,M4,1,1,True,0
M20:154:variant_2,M20,M20:154,R5,M4,1,1,True,0
M20:154:variant_3,M20,M20:154,ALL,M4,1,0,False,0
M20:154:variant_3,M20,M20:154,R1,M4,1,0,False,0
M20:154:variant_4,M20,M20:154,ALL,M4,1,0,False,0
M20:154:variant_4,M20,M20:154,R1,M4,1,0,False,0
M20:155:variant_1,M20,M20:155,ALL,M4,1,0,False,0
M20:155:variant_1,M20,M20:155,R1,M4,1,0,False,0
M20:155:variant_1,M20,M20:155,R5,M4,1,0,False,0
M20:155:variant_2,M20,M20:155,ALL,M4,1,0,False,0
M20:155:variant_2,M20,M20:155,R1,M4,1,0,False,0
M20:155:variant_2,M20,M20:155,R5,M4,1,0,False,0
M20:155:variant_3,M20,M20:155,ALL,M4,1,0,False,0
M20:155:variant_3,M20,M20:155,R1,M4,1,0,False,0
M20:155:variant_4,M20,M20:155,ALL,M4,1,1,True,0
M20:155:variant_4,M20,M20:155,R1,M4,1,1,True,0
M20:155:variant_4,M20,M20:155,R5,M4,1,1,True,0
M20:156:variant_1,M20,M20:156,ALL,M4,1,1,True,0
M20:156:variant_1,M20,M20:156,R1,M4,1,1,True,0
M20:156:variant_2,M20,M20:156,ALL,M4,1,0,False,0
M20:156:variant_2,M20,M20:156,R1,M4,1,0,False,0
M20:156:variant_3,M20,M20:156,ALL,M4,1,1,True,0
M20:156:variant_3,M20,M20:156,R1,M4,1,1,True,0
M20:156:variant_4,M20,M20:156,ALL,M4,1,0,False,0
M20:156:variant_4,M20,M20:156,R1,M4,1,0,False,0
M20:157:variant_1,M20,M20:157,ALL,M4,1,1,True,0
M20:157:variant_1,M20,M20:157,R1,M4,1,1,True,0
M20:157:variant_1,M20,M20:157,R5,M4,1,1,True,0
M20:157:variant_2,M20,M20:157,ALL,M4,1,0,False,0
M20:157:variant_2,M20,M20:157,R1,M4,1,0,False,0
M20:157:variant_3,M20,M20:157,ALL,M4,1,1,True,0
M20:157:variant_3,M20,M20:157,R1,M4,1,1,True,0
M20:157:variant_4,M20,M20:157,ALL,M4,1,1,True,0
M20:157:variant_4,M20,M20:157,R1,M4,1,1,True,0
M20:157:variant_4,M20,M20:157,R5,M4,1,1,True,0
M20:158:variant_1,M20,M20:158,ALL,M4,1,1,True,0
M20:158:variant_1,M20,M20:158,R1,M4,1,1,True,0
M20:158:variant_1,M20,M20:158,R5,M4,1,1,True,0
M20:158:variant_2,M20,M20:158,ALL,M4,1,1,True,0
M20:158:variant_2,M20,M20:158,R1,M4,1,1,True,0
M20:158:variant_2,M20,M20:158,R5,M4,1,1,True,0
M20:158:variant_3,M20,M20:158,ALL,M4,1,1,True,0
M20:158:variant_3,M20,M20:158,R1,M4,1,1,True,0
M20:158:variant_3,M20,M20:158,R5,M4,1,1,True,0
M20:158:variant_4,M20,M20:158,ALL,M4,1,1,True,0
M20:158:variant_4,M20,M20:158,R1,M4,1,1,True,0
M20:158:variant_4,M20,M20:158,R5,M4,1,1,True,0
M20:159:variant_1,M20,M20:159,ALL,M4,1,1,True,0
M20:159:variant_1,M20,M20:159,R1,M4,1,1,True,0
M20:159:variant_2,M20,M20:159,ALL,M4,1,1,True,0
M20:159:variant_2,M20,M20:159,R1,M4,1,1,True,0
M20:159:variant_3,M20,M20:159,ALL,M4,1,0,False,0
M20:159:variant_3,M20,M20:159,R1,M4,1,0,False,0
M20:159:variant_4,M20,M20:159,ALL,M4,1,1,True,0
M20:159:variant_4,M20,M20:159,R1,M4,1,1,True,0
M20:15:variant_1,M20,M20:15,ALL,M4,1,0,False,0
M20:15:variant_1,M20,M20:15,R1,M4,1,0,False,0
M20:15:variant_2,M20,M20:15,ALL,M4,1,1,True,0
M20:15:variant_2,M20,M20:15,R1,M4,1,1,True,0
M20:15:variant_2,M20,M20:15,R5,M4,1,1,True,0
M20:15:variant_3,M20,M20:15,ALL,M4,1,1,True,0
M20:15:variant_3,M20,M20:15,R1,M4,1,1,True,0
M20:15:variant_3,M20,M20:15,R5,M4,1,1,True,0
M20:15:variant_4,M20,M20:15,ALL,M4,1,1,True,0
M20:15:variant_4,M20,M20:15,R1,M4,1,1,True,0
M20:15:variant_4,M20,M20:15,R5,M4,1,1,True,0
M20:160:variant_1,M20,M20:160,ALL,M4,1,1,True,0
M20:160:variant_1,M20,M20:160,R1,M4,1,1,True,0
M20:160:variant_1,M20,M20:160,R5,M4,1,1,True,0
M20:160:variant_2,M20,M20:160,ALL,M4,1,1,True,0
M20:160:variant_2,M20,M20:160,R1,M4,1,1,True,0
M20:160:variant_2,M20,M20:160,R5,M4,1,1,True,0
M20:160:variant_3,M20,M20:160,ALL,M4,1,1,True,0
M20:160:variant_3,M20,M20:160,R1,M4,1,1,True,0
M20:160:variant_3,M20,M20:160,R5,M4,1,1,True,0
M20:160:variant_4,M20,M20:160,ALL,M4,1,1,True,0
M20:160:variant_4,M20,M20:160,R1,M4,1,1,True,0
M20:161:variant_1,M20,M20:161,ALL,M4,1,1,True,0
M20:161:variant_1,M20,M20:161,R1,M4,1,1,True,0
M20:161:variant_1,M20,M20:161,R5,M4,1,1,True,0
M20:161:variant_2,M20,M20:161,ALL,M4,1,1,True,0
M20:161:variant_2,M20,M20:161,R1,M4,1,1,True,0
M20:161:variant_2,M20,M20:161,R5,M4,1,1,True,0
M20:161:variant_3,M20,M20:161,ALL,M4,1,0,False,0
M20:161:variant_3,M20,M20:161,R1,M4,1,0,False,0
M20:161:variant_3,M20,M20:161,R5,M4,1,0,False,0
M20:161:variant_4,M20,M20:161,ALL,M4,1,0,False,0
M20:161:variant_4,M20,M20:161,R1,M4,1,0,False,0
M20:161:variant_4,M20,M20:161,R5,M4,1,0,False,0
M20:162:variant_1,M20,M20:162,ALL,M4,1,0,False,0
M20:162:variant_1,M20,M20:162,R1,M4,1,0,False,0
M20:162:variant_2,M20,M20:162,ALL,M4,1,0,False,0
M20:162:variant_2,M20,M20:162,R1,M4,1,0,False,0
M20:162:variant_3,M20,M20:162,ALL,M4,1,0,False,0
M20:162:variant_3,M20,M20:162,R1,M4,1,0,False,0
M20:162:variant_3,M20,M20:162,R5,M4,1,0,False,0
M20:162:variant_4,M20,M20:162,ALL,M4,1,0,False,0
M20:162:variant_4,M20,M20:162,R1,M4,1,0,False,0
M20:163:variant_1,M20,M20:163,ALL,M4,1,1,True,0
M20:163:variant_1,M20,M20:163,R1,M4,1,1,True,0
M20:163:variant_1,M20,M20:163,R5,M4,1,1,True,0
M20:163:variant_2,M20,M20:163,ALL,M4,1,1,True,0
M20:163:variant_2,M20,M20:163,R1,M4,1,1,True,0
M20:163:variant_3,M20,M20:163,ALL,M4,1,1,True,0
M20:163:variant_3,M20,M20:163,R1,M4,1,1,True,0
M20:163:variant_3,M20,M20:163,R5,M4,1,1,True,0
M20:163:variant_4,M20,M20:163,ALL,M4,1,1,True,0
M20:163:variant_4,M20,M20:163,R1,M4,1,1,True,0
M20:163:variant_4,M20,M20:163,R5,M4,1,1,True,0
M20:164:variant_1,M20,M20:164,ALL,M4,1,1,True,0
M20:164:variant_1,M20,M20:164,R1,M4,1,1,True,0
M20:164:variant_1,M20,M20:164,R5,M4,1,1,True,0
M20:164:variant_2,M20,M20:164,ALL,M4,1,0,False,0
M20:164:variant_2,M20,M20:164,R1,M4,1,0,False,0
M20:164:variant_2,M20,M20:164,R5,M4,1,0,False,0
M20:164:variant_3,M20,M20:164,ALL,M4,1,1,True,0
M20:164:variant_3,M20,M20:164,R1,M4,1,1,True,0
M20:164:variant_3,M20,M20:164,R5,M4,1,1,True,0
M20:164:variant_4,M20,M20:164,ALL,M4,1,1,True,0
M20:164:variant_4,M20,M20:164,R1,M4,1,1,True,0
M20:164:variant_4,M20,M20:164,R5,M4,1,1,True,0
M20:165:variant_1,M20,M20:165,ALL,M4,1,1,True,0
M20:165:variant_1,M20,M20:165,R1,M4,1,1,True,0
M20:165:variant_2,M20,M20:165,ALL,M4,1,0,False,0
M20:165:variant_2,M20,M20:165,R1,M4,1,0,False,0
M20:165:variant_2,M20,M20:165,R5,M4,1,0,False,0
M20:165:variant_3,M20,M20:165,ALL,M4,1,1,True,0
M20:165:variant_3,M20,M20:165,R1,M4,1,1,True,0
M20:165:variant_3,M20,M20:165,R5,M4,1,1,True,0
M20:165:variant_4,M20,M20:165,ALL,M4,1,1,True,0
M20:165:variant_4,M20,M20:165,R1,M4,1,1,True,0
M20:166:variant_1,M20,M20:166,ALL,M4,1,0,False,0
M20:166:variant_1,M20,M20:166,R1,M4,1,0,False,0
M20:166:variant_2,M20,M20:166,ALL,M4,1,1,True,0
M20:166:variant_2,M20,M20:166,R1,M4,1,1,True,0
M20:166:variant_2,M20,M20:166,R5,M4,1,1,True,0
M20:166:variant_3,M20,M20:166,ALL,M4,1,1,True,0
M20:166:variant_3,M20,M20:166,R1,M4,1,1,True,0
M20:166:variant_3,M20,M20:166,R5,M4,1,1,True,0
M20:166:variant_4,M20,M20:166,ALL,M4,1,0,False,0
M20:166:variant_4,M20,M20:166,R1,M4,1,0,False,0
M20:166:variant_4,M20,M20:166,R5,M4,1,0,False,0
M20:167:variant_1,M20,M20:167,ALL,M4,1,1,True,0
M20:167:variant_1,M20,M20:167,R1,M4,1,1,True,0
M20:167:variant_2,M20,M20:167,ALL,M4,1,1,True,0
M20:167:variant_2,M20,M20:167,R1,M4,1,1,True,0
M20:167:variant_3,M20,M20:167,ALL,M4,1,1,True,0
M20:167:variant_3,M20,M20:167,R1,M4,1,1,True,0
M20:167:variant_3,M20,M20:167,R5,M4,1,1,True,0
M20:167:variant_4,M20,M20:167,ALL,M4,1,1,True,0
M20:167:variant_4,M20,M20:167,R1,M4,1,1,True,0
M20:167:variant_4,M20,M20:167,R5,M4,1,1,True,0
M20:168:variant_2,M20,M20:168,ALL,M4,1,1,True,0
M20:168:variant_2,M20,M20:168,R1,M4,1,1,True,0
M20:168:variant_4,M20,M20:168,ALL,M4,1,1,True,0
M20:168:variant_4,M20,M20:168,R1,M4,1,1,True,0
M20:168:variant_4,M20,M20:168,R5,M4,1,1,True,0
M20:169:variant_1,M20,M20:169,ALL,M4,1,1,True,0
M20:169:variant_1,M20,M20:169,R1,M4,1,1,True,0
M20:169:variant_2,M20,M20:169,ALL,M4,1,1,True,0
M20:169:variant_2,M20,M20:169,R1,M4,1,1,True,0
M20:16:variant_1,M20,M20:16,ALL,M4,1,1,True,0
M20:16:variant_1,M20,M20:16,R1,M4,1,1,True,0
M20:16:variant_1,M20,M20:16,R5,M4,1,1,True,0
M20:16:variant_2,M20,M20:16,ALL,M4,1,1,True,0
M20:16:variant_2,M20,M20:16,R1,M4,1,1,True,0
M20:16:variant_2,M20,M20:16,R5,M4,1,1,True,0
M20:16:variant_3,M20,M20:16,ALL,M4,1,1,True,0
M20:16:variant_3,M20,M20:16,R1,M4,1,1,True,0
M20:16:variant_3,M20,M20:16,R5,M4,1,1,True,0
M20:16:variant_4,M20,M20:16,ALL,M4,1,0,False,0
M20:16:variant_4,M20,M20:16,R1,M4,1,0,False,0
M20:16:variant_4,M20,M20:16,R5,M4,1,0,False,0
M20:171:variant_1,M20,M20:171,ALL,M4,1,1,True,0
M20:171:variant_1,M20,M20:171,R1,M4,1,1,True,0
M20:171:variant_2,M20,M20:171,ALL,M4,1,1,True,0
M20:171:variant_2,M20,M20:171,R1,M4,1,1,True,0
M20:171:variant_3,M20,M20:171,ALL,M4,1,1,True,0
M20:171:variant_3,M20,M20:171,R1,M4,1,1,True,0
M20:171:variant_3,M20,M20:171,R5,M4,1,1,True,0
M20:171:variant_4,M20,M20:171,ALL,M4,1,0,False,0
M20:171:variant_4,M20,M20:171,R1,M4,1,0,False,0
M20:171:variant_4,M20,M20:171,R5,M4,1,0,False,0
M20:174:variant_1,M20,M20:174,ALL,M4,1,0,False,0
M20:174:variant_1,M20,M20:174,R1,M4,1,0,False,0
M20:174:variant_2,M20,M20:174,ALL,M4,1,1,True,0
M20:174:variant_2,M20,M20:174,R1,M4,1,1,True,0
M20:174:variant_2,M20,M20:174,R5,M4,1,1,True,0
M20:174:variant_3,M20,M20:174,ALL,M4,1,1,True,0
M20:174:variant_3,M20,M20:174,R1,M4,1,1,True,0
M20:174:variant_3,M20,M20:174,R5,M4,1,1,True,0
M20:174:variant_4,M20,M20:174,ALL,M4,1,0,False,0
M20:174:variant_4,M20,M20:174,R1,M4,1,0,False,0
M20:175:variant_1,M20,M20:175,ALL,M4,1,0,False,0
M20:175:variant_1,M20,M20:175,R1,M4,1,0,False,0
M20:175:variant_1,M20,M20:175,R5,M4,1,0,False,0
M20:175:variant_2,M20,M20:175,ALL,M4,1,0,False,0
M20:175:variant_2,M20,M20:175,R1,M4,1,0,False,0
M20:175:variant_2,M20,M20:175,R5,M4,1,0,False,0
M20:175:variant_3,M20,M20:175,ALL,M4,1,0,False,0
M20:175:variant_3,M20,M20:175,R1,M4,1,0,False,0
M20:175:variant_3,M20,M20:175,R5,M4,1,0,False,0
M20:175:variant_4,M20,M20:175,ALL,M4,1,0,False,0
M20:175:variant_4,M20,M20:175,R1,M4,1,0,False,0
M20:175:variant_4,M20,M20:175,R5,M4,1,0,False,0
M20:180:variant_1,M20,M20:180,ALL,M4,1,1,True,0
M20:180:variant_1,M20,M20:180,R1,M4,1,1,True,0
M20:180:variant_1,M20,M20:180,R5,M4,1,1,True,0
M20:180:variant_2,M20,M20:180,ALL,M4,1,1,True,0
M20:180:variant_2,M20,M20:180,R1,M4,1,1,True,0
M20:180:variant_2,M20,M20:180,R5,M4,1,1,True,0
M20:180:variant_3,M20,M20:180,ALL,M4,1,1,True,0
M20:180:variant_3,M20,M20:180,R1,M4,1,1,True,0
M20:180:variant_4,M20,M20:180,ALL,M4,1,1,True,0
M20:180:variant_4,M20,M20:180,R1,M4,1,1,True,0
M20:180:variant_4,M20,M20:180,R5,M4,1,1,True,0
M20:181:variant_1,M20,M20:181,ALL,M4,1,1,True,0
M20:181:variant_1,M20,M20:181,R1,M4,1,1,True,0
M20:181:variant_1,M20,M20:181,R5,M4,1,1,True,0
M20:181:variant_2,M20,M20:181,ALL,M4,1,0,False,0
M20:181:variant_2,M20,M20:181,R1,M4,1,0,False,0
M20:181:variant_3,M20,M20:181,ALL,M4,1,1,True,0
M20:181:variant_3,M20,M20:181,R1,M4,1,1,True,0
M20:181:variant_3,M20,M20:181,R5,M4,1,1,True,0
M20:181:variant_4,M20,M20:181,ALL,M4,1,0,False,0
M20:181:variant_4,M20,M20:181,R1,M4,1,0,False,0
M20:184:variant_1,M20,M20:184,ALL,M4,1,0,False,0
M20:184:variant_1,M20,M20:184,R1,M4,1,0,False,0
M20:184:variant_1,M20,M20:184,R5,M4,1,0,False,0
M20:184:variant_2,M20,M20:184,ALL,M4,1,1,True,0
M20:184:variant_2,M20,M20:184,R1,M4,1,1,True,0
M20:184:variant_2,M20,M20:184,R5,M4,1,1,True,0
M20:184:variant_3,M20,M20:184,ALL,M4,1,1,True,0
M20:184:variant_3,M20,M20:184,R1,M4,1,1,True,0
M20:184:variant_4,M20,M20:184,ALL,M4,1,1,True,0
M20:184:variant_4,M20,M20:184,R1,M4,1,1,True,0
M20:184:variant_4,M20,M20:184,R5,M4,1,1,True,0
M20:185:variant_1,M20,M20:185,ALL,M4,1,1,True,0
M20:185:variant_1,M20,M20:185,R1,M4,1,1,True,0
M20:185:variant_1,M20,M20:185,R5,M4,1,1,True,0
M20:185:variant_2,M20,M20:185,ALL,M4,1,1,True,0
M20:185:variant_2,M20,M20:185,R1,M4,1,1,True,0
M20:185:variant_2,M20,M20:185,R5,M4,1,1,True,0
M20:185:variant_3,M20,M20:185,ALL,M4,1,1,True,0
M20:185:variant_3,M20,M20:185,R1,M4,1,1,True,0
M20:185:variant_4,M20,M20:185,ALL,M4,1,1,True,0
M20:185:variant_4,M20,M20:185,R1,M4,1,1,True,0
M20:185:variant_4,M20,M20:185,R5,M4,1,1,True,0
M20:187:variant_1,M20,M20:187,ALL,M4,1,0,False,0
M20:187:variant_1,M20,M20:187,R1,M4,1,0,False,0
M20:187:variant_1,M20,M20:187,R5,M4,1,0,False,0
M20:187:variant_2,M20,M20:187,ALL,M4,1,0,False,1
M20:187:variant_2,M20,M20:187,R1,M4,1,0,False,1
M20:187:variant_2,M20,M20:187,R5,M4,1,0,False,1
M20:187:variant_3,M20,M20:187,ALL,M4,1,0,False,0
M20:187:variant_3,M20,M20:187,R1,M4,1,0,False,0
M20:187:variant_3,M20,M20:187,R5,M4,1,0,False,0
M20:187:variant_4,M20,M20:187,ALL,M4,1,0,False,0
M20:187:variant_4,M20,M20:187,R1,M4,1,0,False,0
M20:187:variant_4,M20,M20:187,R5,M4,1,0,False,0
M20:191:variant_1,M20,M20:191,ALL,M4,1,1,True,0
M20:191:variant_1,M20,M20:191,R1,M4,1,1,True,0
M20:191:variant_2,M20,M20:191,ALL,M4,1,0,False,0
M20:191:variant_2,M20,M20:191,R1,M4,1,0,False,0
M20:191:variant_2,M20,M20:191,R5,M4,1,0,False,0
M20:191:variant_3,M20,M20:191,ALL,M4,1,0,False,0
M20:191:variant_3,M20,M20:191,R1,M4,1,0,False,0
M20:191:variant_4,M20,M20:191,ALL,M4,1,0,False,0
M20:191:variant_4,M20,M20:191,R1,M4,1,0,False,0
M20:191:variant_4,M20,M20:191,R5,M4,1,0,False,0
M20:192:variant_1,M20,M20:192,ALL,M4,1,0,False,0
M20:192:variant_1,M20,M20:192,R1,M4,1,0,False,0
M20:192:variant_2,M20,M20:192,ALL,M4,1,0,False,0
M20:192:variant_2,M20,M20:192,R1,M4,1,0,False,0
M20:192:variant_2,M20,M20:192,R5,M4,1,0,False,0
M20:192:variant_3,M20,M20:192,ALL,M4,1,0,False,0
M20:192:variant_3,M20,M20:192,R1,M4,1,0,False,0
M20:192:variant_3,M20,M20:192,R5,M4,1,0,False,0
M20:192:variant_4,M20,M20:192,ALL,M4,1,0,False,0
M20:192:variant_4,M20,M20:192,R1,M4,1,0,False,0
M20:192:variant_4,M20,M20:192,R5,M4,1,0,False,0
M20:193:variant_1,M20,M20:193,ALL,M4,1,0,False,0
M20:193:variant_1,M20,M20:193,R1,M4,1,0,False,0
M20:193:variant_1,M20,M20:193,R5,M4,1,0,False,0
M20:193:variant_2,M20,M20:193,ALL,M4,1,0,False,0
M20:193:variant_2,M20,M20:193,R1,M4,1,0,False,0
M20:193:variant_2,M20,M20:193,R5,M4,1,0,False,0
M20:193:variant_3,M20,M20:193,ALL,M4,1,0,False,0
M20:193:variant_3,M20,M20:193,R1,M4,1,0,False,0
M20:193:variant_3,M20,M20:193,R5,M4,1,0,False,0
M20:193:variant_4,M20,M20:193,ALL,M4,1,0,False,0
M20:193:variant_4,M20,M20:193,R1,M4,1,0,False,0
M20:193:variant_4,M20,M20:193,R5,M4,1,0,False,0
M20:199:variant_1,M20,M20:199,ALL,M4,1,1,True,0
M20:199:variant_1,M20,M20:199,R1,M4,1,1,True,0
M20:199:variant_2,M20,M20:199,ALL,M4,1,0,False,0
M20:199:variant_2,M20,M20:199,R1,M4,1,0,False,0
M20:199:variant_3,M20,M20:199,ALL,M4,1,0,False,0
M20:199:variant_3,M20,M20:199,R1,M4,1,0,False,0
M20:199:variant_4,M20,M20:199,ALL,M4,1,1,True,0
M20:199:variant_4,M20,M20:199,R1,M4,1,1,True,0
M20:19:variant_1,M20,M20:19,ALL,M4,1,0,False,0
M20:19:variant_1,M20,M20:19,R1,M4,1,0,False,0
M20:19:variant_2,M20,M20:19,ALL,M4,1,0,False,0
M20:19:variant_2,M20,M20:19,R1,M4,1,0,False,0
M20:19:variant_2,M20,M20:19,R5,M4,1,0,False,0
M20:19:variant_3,M20,M20:19,ALL,M4,1,1,True,0
M20:19:variant_3,M20,M20:19,R1,M4,1,1,True,0
M20:19:variant_3,M20,M20:19,R5,M4,1,1,True,0
M20:19:variant_4,M20,M20:19,ALL,M4,1,0,False,0
M20:19:variant_4,M20,M20:19,R1,M4,1,0,False,0
M20:19:variant_4,M20,M20:19,R5,M4,1,0,False,0
M20:1:variant_1,M20,M20:1,ALL,M4,1,0,False,0
M20:1:variant_1,M20,M20:1,R1,M4,1,0,False,0
M20:1:variant_1,M20,M20:1,R5,M4,1,0,False,0
M20:1:variant_2,M20,M20:1,ALL,M4,1,0,False,0
M20:1:variant_2,M20,M20:1,R1,M4,1,0,False,0
M20:1:variant_2,M20,M20:1,R5,M4,1,0,False,0
M20:1:variant_3,M20,M20:1,ALL,M4,1,0,False,0
M20:1:variant_3,M20,M20:1,R1,M4,1,0,False,0
M20:1:variant_3,M20,M20:1,R5,M4,1,0,False,0
M20:1:variant_4,M20,M20:1,ALL,M4,1,0,False,0
M20:1:variant_4,M20,M20:1,R1,M4,1,0,False,0
M20:1:variant_4,M20,M20:1,R5,M4,1,0,False,0
M20:20:variant_1,M20,M20:20,ALL,M4,1,0,False,0
M20:20:variant_1,M20,M20:20,R1,M4,1,0,False,0
M20:20:variant_1,M20,M20:20,R5,M4,1,0,False,0
M20:20:variant_2,M20,M20:20,ALL,M4,1,1,True,0
M20:20:variant_2,M20,M20:20,R1,M4,1,1,True,0
M20:20:variant_2,M20,M20:20,R5,M4,1,1,True,0
M20:20:variant_3,M20,M20:20,ALL,M4,1,1,True,0
M20:20:variant_3,M20,M20:20,R1,M4,1,1,True,0
M20:20:variant_3,M20,M20:20,R5,M4,1,1,True,0
M20:20:variant_4,M20,M20:20,ALL,M4,1,1,True,0
M20:20:variant_4,M20,M20:20,R1,M4,1,1,True,0
M20:20:variant_4,M20,M20:20,R5,M4,1,1,True,0
M20:213:variant_1,M20,M20:213,ALL,M4,1,0,False,0
M20:213:variant_1,M20,M20:213,R1,M4,1,0,False,0
M20:213:variant_1,M20,M20:213,R5,M4,1,0,False,0
M20:213:variant_2,M20,M20:213,ALL,M4,1,0,False,0
M20:213:variant_2,M20,M20:213,R1,M4,1,0,False,0
M20:213:variant_2,M20,M20:213,R5,M4,1,0,False,0
M20:213:variant_3,M20,M20:213,ALL,M4,1,0,False,0
M20:213:variant_3,M20,M20:213,R1,M4,1,0,False,0
M20:213:variant_3,M20,M20:213,R5,M4,1,0,False,0
M20:213:variant_4,M20,M20:213,ALL,M4,1,0,False,0
M20:213:variant_4,M20,M20:213,R1,M4,1,0,False,0
M20:214:variant_1,M20,M20:214,ALL,M4,1,1,True,0
M20:214:variant_1,M20,M20:214,R1,M4,1,1,True,0
M20:214:variant_1,M20,M20:214,R5,M4,1,1,True,0
M20:214:variant_2,M20,M20:214,ALL,M4,1,1,True,0
M20:214:variant_2,M20,M20:214,R1,M4,1,1,True,0
M20:214:variant_2,M20,M20:214,R5,M4,1,1,True,0
M20:214:variant_3,M20,M20:214,ALL,M4,1,0,False,0
M20:214:variant_3,M20,M20:214,R1,M4,1,0,False,0
M20:214:variant_3,M20,M20:214,R5,M4,1,0,False,0
M20:214:variant_4,M20,M20:214,ALL,M4,1,1,True,0
M20:214:variant_4,M20,M20:214,R1,M4,1,1,True,0
M20:217:variant_1,M20,M20:217,ALL,M4,1,0,False,0
M20:217:variant_1,M20,M20:217,R1,M4,1,0,False,0
M20:217:variant_2,M20,M20:217,ALL,M4,1,1,True,0
M20:217:variant_2,M20,M20:217,R1,M4,1,1,True,0
M20:217:variant_2,M20,M20:217,R5,M4,1,1,True,0
M20:217:variant_3,M20,M20:217,ALL,M4,1,0,False,0
M20:217:variant_3,M20,M20:217,R1,M4,1,0,False,0
M20:217:variant_3,M20,M20:217,R5,M4,1,0,False,0
M20:217:variant_4,M20,M20:217,ALL,M4,1,0,False,0
M20:217:variant_4,M20,M20:217,R1,M4,1,0,False,0
M20:217:variant_4,M20,M20:217,R5,M4,1,0,False,0
M20:218:variant_1,M20,M20:218,ALL,M4,1,1,True,0
M20:218:variant_1,M20,M20:218,R1,M4,1,1,True,0
M20:218:variant_1,M20,M20:218,R5,M4,1,1,True,0
M20:218:variant_2,M20,M20:218,ALL,M4,1,0,False,0
M20:218:variant_2,M20,M20:218,R1,M4,1,0,False,0
M20:218:variant_2,M20,M20:218,R5,M4,1,0,False,0
M20:218:variant_3,M20,M20:218,ALL,M4,1,0,False,0
M20:218:variant_3,M20,M20:218,R1,M4,1,0,False,0
M20:218:variant_3,M20,M20:218,R5,M4,1,0,False,0
M20:218:variant_4,M20,M20:218,ALL,M4,1,1,True,0
M20:218:variant_4,M20,M20:218,R1,M4,1,1,True,0
M20:218:variant_4,M20,M20:218,R5,M4,1,1,True,0
M20:21:variant_1,M20,M20:21,ALL,M4,1,1,True,0
M20:21:variant_1,M20,M20:21,R1,M4,1,1,True,0
M20:21:variant_2,M20,M20:21,ALL,M4,1,0,False,0
M20:21:variant_2,M20,M20:21,R1,M4,1,0,False,0
M20:21:variant_2,M20,M20:21,R5,M4,1,0,False,0
M20:21:variant_3,M20,M20:21,ALL,M4,1,1,True,0
M20:21:variant_3,M20,M20:21,R1,M4,1,1,True,0
M20:21:variant_3,M20,M20:21,R5,M4,1,1,True,0
M20:21:variant_4,M20,M20:21,ALL,M4,1,0,False,0
M20:21:variant_4,M20,M20:21,R1,M4,1,0,False,0
M20:21:variant_4,M20,M20:21,R5,M4,1,0,False,0
M20:22:variant_1,M20,M20:22,ALL,M4,1,1,True,0
M20:22:variant_1,M20,M20:22,R1,M4,1,1,True,0
M20:22:variant_2,M20,M20:22,ALL,M4,1,0,False,0
M20:22:variant_2,M20,M20:22,R1,M4,1,0,False,0
M20:22:variant_3,M20,M20:22,ALL,M4,1,0,False,0
M20:22:variant_3,M20,M20:22,R1,M4,1,0,False,0
M20:22:variant_3,M20,M20:22,R5,M4,1,0,False,0
M20:22:variant_4,M20,M20:22,ALL,M4,1,1,True,0
M20:22:variant_4,M20,M20:22,R1,M4,1,1,True,0
M20:22:variant_4,M20,M20:22,R5,M4,1,1,True,0
M20:237:variant_1,M20,M20:237,ALL,M4,1,1,True,0
M20:237:variant_1,M20,M20:237,R1,M4,1,1,True,0
M20:237:variant_2,M20,M20:237,ALL,M4,1,0,False,0
M20:237:variant_2,M20,M20:237,R1,M4,1,0,False,0
M20:237:variant_3,M20,M20:237,ALL,M4,1,1,True,0
M20:237:variant_3,M20,M20:237,R1,M4,1,1,True,0
M20:237:variant_3,M20,M20:237,R5,M4,1,1,True,0
M20:237:variant_4,M20,M20:237,ALL,M4,1,0,False,0
M20:237:variant_4,M20,M20:237,R1,M4,1,0,False,0
M20:238:variant_1,M20,M20:238,ALL,M4,1,0,False,0
M20:238:variant_1,M20,M20:238,R1,M4,1,0,False,0
M20:238:variant_2,M20,M20:238,ALL,M4,1,1,True,0
M20:238:variant_2,M20,M20:238,R1,M4,1,1,True,0
M20:238:variant_3,M20,M20:238,ALL,M4,1,0,False,0
M20:238:variant_3,M20,M20:238,R1,M4,1,0,False,0
M20:238:variant_4,M20,M20:238,ALL,M4,1,1,True,0
M20:238:variant_4,M20,M20:238,R1,M4,1,1,True,0
M20:23:variant_1,M20,M20:23,ALL,M4,1,0,False,0
M20:23:variant_1,M20,M20:23,R1,M4,1,0,False,0
M20:23:variant_1,M20,M20:23,R5,M4,1,0,False,0
M20:23:variant_2,M20,M20:23,ALL,M4,1,0,False,0
M20:23:variant_2,M20,M20:23,R1,M4,1,0,False,0
M20:23:variant_3,M20,M20:23,ALL,M4,1,0,False,0
M20:23:variant_3,M20,M20:23,R1,M4,1,0,False,0
M20:23:variant_3,M20,M20:23,R5,M4,1,0,False,0
M20:23:variant_4,M20,M20:23,ALL,M4,1,0,False,0
M20:23:variant_4,M20,M20:23,R1,M4,1,0,False,0
M20:23:variant_4,M20,M20:23,R5,M4,1,0,False,0
M20:249:variant_1,M20,M20:249,ALL,M4,1,0,False,0
M20:249:variant_1,M20,M20:249,R1,M4,1,0,False,0
M20:249:variant_2,M20,M20:249,ALL,M4,1,0,False,0
M20:249:variant_2,M20,M20:249,R1,M4,1,0,False,0
M20:249:variant_2,M20,M20:249,R5,M4,1,0,False,0
M20:249:variant_3,M20,M20:249,ALL,M4,1,0,False,0
M20:249:variant_3,M20,M20:249,R1,M4,1,0,False,0
M20:249:variant_3,M20,M20:249,R5,M4,1,0,False,0
M20:249:variant_4,M20,M20:249,ALL,M4,1,1,True,0
M20:249:variant_4,M20,M20:249,R1,M4,1,1,True,0
M20:249:variant_4,M20,M20:249,R5,M4,1,1,True,0
M20:24:variant_1,M20,M20:24,ALL,M4,1,1,True,0
M20:24:variant_1,M20,M20:24,R1,M4,1,1,True,0
M20:24:variant_1,M20,M20:24,R5,M4,1,1,True,0
M20:24:variant_2,M20,M20:24,ALL,M4,1,1,True,0
M20:24:variant_2,M20,M20:24,R1,M4,1,1,True,0
M20:24:variant_2,M20,M20:24,R5,M4,1,1,True,0
M20:24:variant_3,M20,M20:24,ALL,M4,1,1,True,0
M20:24:variant_3,M20,M20:24,R1,M4,1,1,True,0
M20:24:variant_4,M20,M20:24,ALL,M4,1,1,True,0
M20:24:variant_4,M20,M20:24,R1,M4,1,1,True,0
M20:250:variant_1,M20,M20:250,ALL,M4,1,1,True,0
M20:250:variant_1,M20,M20:250,R1,M4,1,1,True,0
M20:250:variant_2,M20,M20:250,ALL,M4,1,0,False,0
M20:250:variant_2,M20,M20:250,R1,M4,1,0,False,0
M20:250:variant_3,M20,M20:250,ALL,M4,1,1,True,0
M20:250:variant_3,M20,M20:250,R1,M4,1,1,True,0
M20:250:variant_3,M20,M20:250,R5,M4,1,1,True,0
M20:250:variant_4,M20,M20:250,ALL,M4,1,1,True,0
M20:250:variant_4,M20,M20:250,R1,M4,1,1,True,0
M20:251:variant_1,M20,M20:251,ALL,M4,1,1,True,0
M20:251:variant_1,M20,M20:251,R1,M4,1,1,True,0
M20:251:variant_1,M20,M20:251,R5,M4,1,1,True,0
M20:251:variant_2,M20,M20:251,ALL,M4,1,1,True,0
M20:251:variant_2,M20,M20:251,R1,M4,1,1,True,0
M20:251:variant_2,M20,M20:251,R5,M4,1,1,True,0
M20:251:variant_3,M20,M20:251,ALL,M4,1,0,False,0
M20:251:variant_3,M20,M20:251,R1,M4,1,0,False,0
M20:251:variant_3,M20,M20:251,R5,M4,1,0,False,0
M20:251:variant_4,M20,M20:251,ALL,M4,1,1,True,0
M20:251:variant_4,M20,M20:251,R1,M4,1,1,True,0
M20:251:variant_4,M20,M20:251,R5,M4,1,1,True,0
M20:252:variant_1,M20,M20:252,ALL,M4,1,1,True,0
M20:252:variant_1,M20,M20:252,R1,M4,1,1,True,0
M20:252:variant_2,M20,M20:252,ALL,M4,1,1,True,0
M20:252:variant_2,M20,M20:252,R1,M4,1,1,True,0
M20:252:variant_3,M20,M20:252,ALL,M4,1,1,True,0
M20:252:variant_3,M20,M20:252,R1,M4,1,1,True,0
M20:252:variant_3,M20,M20:252,R5,M4,1,1,True,0
M20:252:variant_4,M20,M20:252,ALL,M4,1,0,False,0
M20:252:variant_4,M20,M20:252,R1,M4,1,0,False,0
M20:252:variant_4,M20,M20:252,R5,M4,1,0,False,0
M20:253:variant_1,M20,M20:253,ALL,M4,1,1,True,0
M20:253:variant_1,M20,M20:253,R1,M4,1,1,True,0
M20:253:variant_1,M20,M20:253,R5,M4,1,1,True,0
M20:253:variant_2,M20,M20:253,ALL,M4,1,0,False,0
M20:253:variant_2,M20,M20:253,R1,M4,1,0,False,0
M20:253:variant_2,M20,M20:253,R5,M4,1,0,False,0
M20:253:variant_3,M20,M20:253,ALL,M4,1,0,False,0
M20:253:variant_3,M20,M20:253,R1,M4,1,0,False,0
M20:253:variant_3,M20,M20:253,R5,M4,1,0,False,0
M20:253:variant_4,M20,M20:253,ALL,M4,1,0,False,0
M20:253:variant_4,M20,M20:253,R1,M4,1,0,False,0
M20:253:variant_4,M20,M20:253,R5,M4,1,0,False,0
M20:255:variant_1,M20,M20:255,ALL,M4,1,0,False,0
M20:255:variant_1,M20,M20:255,R1,M4,1,0,False,0
M20:255:variant_1,M20,M20:255,R5,M4,1,0,False,0
M20:255:variant_2,M20,M20:255,ALL,M4,1,0,False,0
M20:255:variant_2,M20,M20:255,R1,M4,1,0,False,0
M20:255:variant_3,M20,M20:255,ALL,M4,1,0,False,0
M20:255:variant_3,M20,M20:255,R1,M4,1,0,False,0
M20:255:variant_4,M20,M20:255,ALL,M4,1,0,False,0
M20:255:variant_4,M20,M20:255,R1,M4,1,0,False,0
M20:256:variant_1,M20,M20:256,ALL,M4,1,1,True,0
M20:256:variant_1,M20,M20:256,R1,M4,1,1,True,0
M20:256:variant_1,M20,M20:256,R5,M4,1,1,True,0
M20:256:variant_2,M20,M20:256,ALL,M4,1,0,False,0
M20:256:variant_2,M20,M20:256,R1,M4,1,0,False,0
M20:256:variant_2,M20,M20:256,R5,M4,1,0,False,0
M20:256:variant_3,M20,M20:256,ALL,M4,1,1,True,0
M20:256:variant_3,M20,M20:256,R1,M4,1,1,True,0
M20:256:variant_4,M20,M20:256,ALL,M4,1,1,True,0
M20:256:variant_4,M20,M20:256,R1,M4,1,1,True,0
M20:257:variant_1,M20,M20:257,ALL,M4,1,0,False,0
M20:257:variant_1,M20,M20:257,R1,M4,1,0,False,0
M20:257:variant_1,M20,M20:257,R5,M4,1,0,False,0
M20:257:variant_2,M20,M20:257,ALL,M4,1,0,False,0
M20:257:variant_2,M20,M20:257,R1,M4,1,0,False,0
M20:257:variant_2,M20,M20:257,R5,M4,1,0,False,0
M20:257:variant_3,M20,M20:257,ALL,M4,1,0,False,0
M20:257:variant_3,M20,M20:257,R1,M4,1,0,False,0
M20:257:variant_3,M20,M20:257,R5,M4,1,0,False,0
M20:257:variant_4,M20,M20:257,ALL,M4,1,0,False,0
M20:257:variant_4,M20,M20:257,R1,M4,1,0,False,0
M20:258:variant_3,M20,M20:258,ALL,M4,1,1,True,0
M20:258:variant_3,M20,M20:258,R1,M4,1,1,True,0
M20:258:variant_3,M20,M20:258,R5,M4,1,1,True,0
M20:258:variant_4,M20,M20:258,ALL,M4,1,1,True,0
M20:258:variant_4,M20,M20:258,R1,M4,1,1,True,0
M20:259:variant_1,M20,M20:259,ALL,M4,1,0,False,0
M20:259:variant_1,M20,M20:259,R1,M4,1,0,False,0
M20:259:variant_2,M20,M20:259,ALL,M4,1,0,False,0
M20:259:variant_2,M20,M20:259,R1,M4,1,0,False,0
M20:259:variant_2,M20,M20:259,R5,M4,1,0,False,0
M20:259:variant_3,M20,M20:259,ALL,M4,1,1,True,0
M20:259:variant_3,M20,M20:259,R1,M4,1,1,True,0
M20:259:variant_3,M20,M20:259,R5,M4,1,1,True,0
M20:259:variant_4,M20,M20:259,ALL,M4,1,0,False,0
M20:259:variant_4,M20,M20:259,R1,M4,1,0,False,0
M20:25:variant_1,M20,M20:25,ALL,M4,1,1,True,0
M20:25:variant_1,M20,M20:25,R1,M4,1,1,True,0
M20:25:variant_1,M20,M20:25,R5,M4,1,1,True,0
M20:25:variant_2,M20,M20:25,ALL,M4,1,0,False,0
M20:25:variant_2,M20,M20:25,R1,M4,1,0,False,0
M20:25:variant_2,M20,M20:25,R5,M4,1,0,False,0
M20:25:variant_3,M20,M20:25,ALL,M4,1,1,True,0
M20:25:variant_3,M20,M20:25,R1,M4,1,1,True,0
M20:25:variant_3,M20,M20:25,R5,M4,1,1,True,0
M20:25:variant_4,M20,M20:25,ALL,M4,1,1,True,0
M20:25:variant_4,M20,M20:25,R1,M4,1,1,True,0
M20:25:variant_4,M20,M20:25,R5,M4,1,1,True,0
M20:260:variant_1,M20,M20:260,ALL,M4,1,1,True,0
M20:260:variant_1,M20,M20:260,R1,M4,1,1,True,0
M20:260:variant_1,M20,M20:260,R5,M4,1,1,True,0
M20:260:variant_2,M20,M20:260,ALL,M4,1,1,True,0
M20:260:variant_2,M20,M20:260,R1,M4,1,1,True,0
M20:260:variant_3,M20,M20:260,ALL,M4,1,1,True,0
M20:260:variant_3,M20,M20:260,R1,M4,1,1,True,0
M20:260:variant_3,M20,M20:260,R5,M4,1,1,True,0
M20:260:variant_4,M20,M20:260,ALL,M4,1,1,True,0
M20:260:variant_4,M20,M20:260,R1,M4,1,1,True,0
M20:262:variant_1,M20,M20:262,ALL,M4,1,1,True,0
M20:262:variant_1,M20,M20:262,R1,M4,1,1,True,0
M20:262:variant_1,M20,M20:262,R5,M4,1,1,True,0
M20:262:variant_2,M20,M20:262,ALL,M4,1,1,True,0
M20:262:variant_2,M20,M20:262,R1,M4,1,1,True,0
M20:262:variant_2,M20,M20:262,R5,M4,1,1,True,0
M20:262:variant_3,M20,M20:262,ALL,M4,1,1,True,0
M20:262:variant_3,M20,M20:262,R1,M4,1,1,True,0
M20:262:variant_4,M20,M20:262,ALL,M4,1,1,True,0
M20:262:variant_4,M20,M20:262,R1,M4,1,1,True,0
M20:263:variant_1,M20,M20:263,ALL,M4,1,0,False,0
M20:263:variant_1,M20,M20:263,R1,M4,1,0,False,0
M20:263:variant_1,M20,M20:263,R5,M4,1,0,False,0
M20:263:variant_2,M20,M20:263,ALL,M4,1,0,False,0
M20:263:variant_2,M20,M20:263,R1,M4,1,0,False,0
M20:263:variant_2,M20,M20:263,R5,M4,1,0,False,0
M20:263:variant_3,M20,M20:263,ALL,M4,1,0,False,0
M20:263:variant_3,M20,M20:263,R1,M4,1,0,False,0
M20:263:variant_3,M20,M20:263,R5,M4,1,0,False,0
M20:263:variant_4,M20,M20:263,ALL,M4,1,0,False,0
M20:263:variant_4,M20,M20:263,R1,M4,1,0,False,0
M20:263:variant_4,M20,M20:263,R5,M4,1,0,False,0
M20:264:variant_1,M20,M20:264,ALL,M4,1,1,True,0
M20:264:variant_1,M20,M20:264,R1,M4,1,1,True,0
M20:264:variant_2,M20,M20:264,ALL,M4,1,1,True,0
M20:264:variant_2,M20,M20:264,R1,M4,1,1,True,0
M20:264:variant_3,M20,M20:264,ALL,M4,1,0,False,0
M20:264:variant_3,M20,M20:264,R1,M4,1,0,False,0
M20:264:variant_3,M20,M20:264,R5,M4,1,0,False,0
M20:264:variant_4,M20,M20:264,ALL,M4,1,0,False,0
M20:264:variant_4,M20,M20:264,R1,M4,1,0,False,0
M20:264:variant_4,M20,M20:264,R5,M4,1,0,False,0
M20:265:variant_1,M20,M20:265,ALL,M4,1,1,True,0
M20:265:variant_1,M20,M20:265,R1,M4,1,1,True,0
M20:265:variant_1,M20,M20:265,R5,M4,1,1,True,0
M20:265:variant_2,M20,M20:265,ALL,M4,1,1,True,0
M20:265:variant_2,M20,M20:265,R1,M4,1,1,True,0
M20:265:variant_3,M20,M20:265,ALL,M4,1,1,True,0
M20:265:variant_3,M20,M20:265,R1,M4,1,1,True,0
M20:265:variant_3,M20,M20:265,R5,M4,1,1,True,0
M20:265:variant_4,M20,M20:265,ALL,M4,1,0,False,0
M20:265:variant_4,M20,M20:265,R1,M4,1,0,False,0
M20:265:variant_4,M20,M20:265,R5,M4,1,0,False,0
M20:266:variant_1,M20,M20:266,ALL,M4,1,0,False,0
M20:266:variant_1,M20,M20:266,R1,M4,1,0,False,0
M20:266:variant_1,M20,M20:266,R5,M4,1,0,False,0
M20:266:variant_2,M20,M20:266,ALL,M4,1,0,False,0
M20:266:variant_2,M20,M20:266,R1,M4,1,0,False,0
M20:266:variant_2,M20,M20:266,R5,M4,1,0,False,0
M20:266:variant_3,M20,M20:266,ALL,M4,1,0,False,0
M20:266:variant_3,M20,M20:266,R1,M4,1,0,False,0
M20:266:variant_4,M20,M20:266,ALL,M4,1,0,False,0
M20:266:variant_4,M20,M20:266,R1,M4,1,0,False,0
M20:267:variant_1,M20,M20:267,ALL,M4,1,1,True,0
M20:267:variant_1,M20,M20:267,R1,M4,1,1,True,0
M20:267:variant_2,M20,M20:267,ALL,M4,1,1,True,0
M20:267:variant_2,M20,M20:267,R1,M4,1,1,True,0
M20:267:variant_3,M20,M20:267,ALL,M4,1,1,True,0
M20:267:variant_3,M20,M20:267,R1,M4,1,1,True,0
M20:267:variant_4,M20,M20:267,ALL,M4,1,1,True,0
M20:267:variant_4,M20,M20:267,R1,M4,1,1,True,0
M20:268:variant_1,M20,M20:268,ALL,M4,1,0,False,0
M20:268:variant_1,M20,M20:268,R1,M4,1,0,False,0
M20:268:variant_1,M20,M20:268,R5,M4,1,0,False,0
M20:268:variant_2,M20,M20:268,ALL,M4,1,1,True,0
M20:268:variant_2,M20,M20:268,R1,M4,1,1,True,0
M20:268:variant_3,M20,M20:268,ALL,M4,1,1,True,0
M20:268:variant_3,M20,M20:268,R1,M4,1,1,True,0
M20:268:variant_4,M20,M20:268,ALL,M4,1,1,True,0
M20:268:variant_4,M20,M20:268,R1,M4,1,1,True,0
M20:269:variant_1,M20,M20:269,ALL,M4,1,1,True,0
M20:269:variant_1,M20,M20:269,R1,M4,1,1,True,0
M20:269:variant_1,M20,M20:269,R5,M4,1,1,True,0
M20:269:variant_2,M20,M20:269,ALL,M4,1,1,True,0
M20:269:variant_2,M20,M20:269,R1,M4,1,1,True,0
M20:269:variant_3,M20,M20:269,ALL,M4,1,0,False,0
M20:269:variant_3,M20,M20:269,R1,M4,1,0,False,0
M20:269:variant_3,M20,M20:269,R5,M4,1,0,False,0
M20:269:variant_4,M20,M20:269,ALL,M4,1,0,False,0
M20:269:variant_4,M20,M20:269,R1,M4,1,0,False,0
M20:26:variant_1,M20,M20:26,ALL,M4,1,1,True,0
M20:26:variant_1,M20,M20:26,R1,M4,1,1,True,0
M20:26:variant_2,M20,M20:26,ALL,M4,1,1,True,0
M20:26:variant_2,M20,M20:26,R1,M4,1,1,True,0
M20:26:variant_3,M20,M20:26,ALL,M4,1,1,True,0
M20:26:variant_3,M20,M20:26,R1,M4,1,1,True,0
M20:26:variant_3,M20,M20:26,R5,M4,1,1,True,0
M20:26:variant_4,M20,M20:26,ALL,M4,1,1,True,0
M20:26:variant_4,M20,M20:26,R1,M4,1,1,True,0
M20:270:variant_1,M20,M20:270,ALL,M4,1,0,False,0
M20:270:variant_1,M20,M20:270,R1,M4,1,0,False,0
M20:270:variant_1,M20,M20:270,R5,M4,1,0,False,0
M20:270:variant_2,M20,M20:270,ALL,M4,1,0,False,0
M20:270:variant_2,M20,M20:270,R1,M4,1,0,False,0
M20:270:variant_3,M20,M20:270,ALL,M4,1,0,False,0
M20:270:variant_3,M20,M20:270,R1,M4,1,0,False,0
M20:270:variant_4,M20,M20:270,ALL,M4,1,0,False,0
M20:270:variant_4,M20,M20:270,R1,M4,1,0,False,0
M20:270:variant_4,M20,M20:270,R5,M4,1,0,False,0
M20:272:variant_1,M20,M20:272,ALL,M4,1,1,True,0
M20:272:variant_1,M20,M20:272,R1,M4,1,1,True,0
M20:272:variant_2,M20,M20:272,ALL,M4,1,1,True,0
M20:272:variant_2,M20,M20:272,R1,M4,1,1,True,0
M20:272:variant_2,M20,M20:272,R5,M4,1,1,True,0
M20:272:variant_3,M20,M20:272,ALL,M4,1,1,True,0
M20:272:variant_3,M20,M20:272,R1,M4,1,1,True,0
M20:272:variant_3,M20,M20:272,R5,M4,1,1,True,0
M20:272:variant_4,M20,M20:272,ALL,M4,1,1,True,0
M20:272:variant_4,M20,M20:272,R1,M4,1,1,True,0
M20:272:variant_4,M20,M20:272,R5,M4,1,1,True,0
M20:273:variant_1,M20,M20:273,ALL,M4,1,1,True,0
M20:273:variant_1,M20,M20:273,R1,M4,1,1,True,0
M20:273:variant_2,M20,M20:273,ALL,M4,1,1,True,0
M20:273:variant_2,M20,M20:273,R1,M4,1,1,True,0
M20:273:variant_3,M20,M20:273,ALL,M4,1,1,True,0
M20:273:variant_3,M20,M20:273,R1,M4,1,1,True,0
M20:273:variant_4,M20,M20:273,ALL,M4,1,1,True,0
M20:273:variant_4,M20,M20:273,R1,M4,1,1,True,0
M20:274:variant_1,M20,M20:274,ALL,M4,1,1,True,0
M20:274:variant_1,M20,M20:274,R1,M4,1,1,True,0
M20:274:variant_1,M20,M20:274,R5,M4,1,1,True,0
M20:274:variant_2,M20,M20:274,ALL,M4,1,0,False,0
M20:274:variant_2,M20,M20:274,R1,M4,1,0,False,0
M20:274:variant_3,M20,M20:274,ALL,M4,1,0,False,0
M20:274:variant_3,M20,M20:274,R1,M4,1,0,False,0
M20:274:variant_3,M20,M20:274,R5,M4,1,0,False,0
M20:274:variant_4,M20,M20:274,ALL,M4,1,0,False,0
M20:274:variant_4,M20,M20:274,R1,M4,1,0,False,0
M20:275:variant_1,M20,M20:275,ALL,M4,1,1,True,0
M20:275:variant_1,M20,M20:275,R1,M4,1,1,True,0
M20:275:variant_1,M20,M20:275,R5,M4,1,1,True,0
M20:275:variant_2,M20,M20:275,ALL,M4,1,1,True,0
M20:275:variant_2,M20,M20:275,R1,M4,1,1,True,0
M20:275:variant_2,M20,M20:275,R5,M4,1,1,True,0
M20:275:variant_3,M20,M20:275,ALL,M4,1,1,True,0
M20:275:variant_3,M20,M20:275,R1,M4,1,1,True,0
M20:275:variant_3,M20,M20:275,R5,M4,1,1,True,0
M20:275:variant_4,M20,M20:275,ALL,M4,1,1,True,0
M20:275:variant_4,M20,M20:275,R1,M4,1,1,True,0
M20:276:variant_1,M20,M20:276,ALL,M4,1,1,True,0
M20:276:variant_1,M20,M20:276,R1,M4,1,1,True,0
M20:276:variant_1,M20,M20:276,R5,M4,1,1,True,0
M20:276:variant_2,M20,M20:276,ALL,M4,1,1,True,0
M20:276:variant_2,M20,M20:276,R1,M4,1,1,True,0
M20:276:variant_3,M20,M20:276,ALL,M4,1,1,True,0
M20:276:variant_3,M20,M20:276,R1,M4,1,1,True,0
M20:276:variant_3,M20,M20:276,R5,M4,1,1,True,0
M20:276:variant_4,M20,M20:276,ALL,M4,1,1,True,0
M20:276:variant_4,M20,M20:276,R1,M4,1,1,True,0
M20:277:variant_1,M20,M20:277,ALL,M4,1,1,True,0
M20:277:variant_1,M20,M20:277,R1,M4,1,1,True,0
M20:277:variant_1,M20,M20:277,R5,M4,1,1,True,0
M20:277:variant_2,M20,M20:277,ALL,M4,1,1,True,0
M20:277:variant_2,M20,M20:277,R1,M4,1,1,True,0
M20:277:variant_3,M20,M20:277,ALL,M4,1,1,True,0
M20:277:variant_3,M20,M20:277,R1,M4,1,1,True,0
M20:277:variant_4,M20,M20:277,ALL,M4,1,1,True,0
M20:277:variant_4,M20,M20:277,R1,M4,1,1,True,0
M20:277:variant_4,M20,M20:277,R5,M4,1,1,True,0
M20:278:variant_1,M20,M20:278,ALL,M4,1,0,False,0
M20:278:variant_1,M20,M20:278,R1,M4,1,0,False,0
M20:278:variant_1,M20,M20:278,R5,M4,1,0,False,0
M20:278:variant_2,M20,M20:278,ALL,M4,1,1,True,0
M20:278:variant_2,M20,M20:278,R1,M4,1,1,True,0
M20:278:variant_3,M20,M20:278,ALL,M4,1,0,False,0
M20:278:variant_3,M20,M20:278,R1,M4,1,0,False,0
M20:278:variant_4,M20,M20:278,ALL,M4,1,0,False,0
M20:278:variant_4,M20,M20:278,R1,M4,1,0,False,0
M20:278:variant_4,M20,M20:278,R5,M4,1,0,False,0
M20:279:variant_1,M20,M20:279,ALL,M4,1,1,True,0
M20:279:variant_1,M20,M20:279,R1,M4,1,1,True,0
M20:279:variant_1,M20,M20:279,R5,M4,1,1,True,0
M20:279:variant_2,M20,M20:279,ALL,M4,1,0,False,0
M20:279:variant_2,M20,M20:279,R1,M4,1,0,False,0
M20:279:variant_2,M20,M20:279,R5,M4,1,0,False,0
M20:279:variant_3,M20,M20:279,ALL,M4,1,0,False,0
M20:279:variant_3,M20,M20:279,R1,M4,1,0,False,0
M20:279:variant_3,M20,M20:279,R5,M4,1,0,False,0
M20:279:variant_4,M20,M20:279,ALL,M4,1,0,False,0
M20:279:variant_4,M20,M20:279,R1,M4,1,0,False,0
M20:279:variant_4,M20,M20:279,R5,M4,1,0,False,0
M20:280:variant_1,M20,M20:280,ALL,M4,1,1,True,0
M20:280:variant_1,M20,M20:280,R1,M4,1,1,True,0
M20:280:variant_1,M20,M20:280,R5,M4,1,1,True,0
M20:280:variant_2,M20,M20:280,ALL,M4,1,1,True,0
M20:280:variant_2,M20,M20:280,R1,M4,1,1,True,0
M20:280:variant_2,M20,M20:280,R5,M4,1,1,True,0
M20:280:variant_3,M20,M20:280,ALL,M4,1,1,True,0
M20:280:variant_3,M20,M20:280,R1,M4,1,1,True,0
M20:280:variant_4,M20,M20:280,ALL,M4,1,1,True,0
M20:280:variant_4,M20,M20:280,R1,M4,1,1,True,0
M20:281:variant_1,M20,M20:281,ALL,M4,1,0,False,0
M20:281:variant_1,M20,M20:281,R1,M4,1,0,False,0
M20:281:variant_1,M20,M20:281,R5,M4,1,0,False,0
M20:281:variant_2,M20,M20:281,ALL,M4,1,0,False,0
M20:281:variant_2,M20,M20:281,R1,M4,1,0,False,0
M20:281:variant_2,M20,M20:281,R5,M4,1,0,False,0
M20:281:variant_3,M20,M20:281,ALL,M4,1,0,False,0
M20:281:variant_3,M20,M20:281,R1,M4,1,0,False,0
M20:281:variant_3,M20,M20:281,R5,M4,1,0,False,0
M20:281:variant_4,M20,M20:281,ALL,M4,1,0,False,0
M20:281:variant_4,M20,M20:281,R1,M4,1,0,False,0
M20:281:variant_4,M20,M20:281,R5,M4,1,0,False,0
M20:282:variant_1,M20,M20:282,ALL,M4,1,1,True,0
M20:282:variant_1,M20,M20:282,R1,M4,1,1,True,0
M20:282:variant_1,M20,M20:282,R5,M4,1,1,True,0
M20:282:variant_2,M20,M20:282,ALL,M4,1,0,False,0
M20:282:variant_2,M20,M20:282,R1,M4,1,0,False,0
M20:282:variant_2,M20,M20:282,R5,M4,1,0,False,0
M20:282:variant_3,M20,M20:282,ALL,M4,1,1,True,0
M20:282:variant_3,M20,M20:282,R1,M4,1,1,True,0
M20:282:variant_3,M20,M20:282,R5,M4,1,1,True,0
M20:282:variant_4,M20,M20:282,ALL,M4,1,1,True,0
M20:282:variant_4,M20,M20:282,R1,M4,1,1,True,0
M20:28:variant_1,M20,M20:28,ALL,M4,1,1,True,0
M20:28:variant_1,M20,M20:28,R1,M4,1,1,True,0
M20:28:variant_1,M20,M20:28,R5,M4,1,1,True,0
M20:28:variant_2,M20,M20:28,ALL,M4,1,0,False,0
M20:28:variant_2,M20,M20:28,R1,M4,1,0,False,0
M20:28:variant_2,M20,M20:28,R5,M4,1,0,False,0
M20:28:variant_3,M20,M20:28,ALL,M4,1,1,True,0
M20:28:variant_3,M20,M20:28,R1,M4,1,1,True,0
M20:28:variant_4,M20,M20:28,ALL,M4,1,0,False,0
M20:28:variant_4,M20,M20:28,R1,M4,1,0,False,0
M20:28:variant_4,M20,M20:28,R5,M4,1,0,False,0
M20:29:variant_1,M20,M20:29,ALL,M4,1,1,True,0
M20:29:variant_1,M20,M20:29,R1,M4,1,1,True,0
M20:29:variant_2,M20,M20:29,ALL,M4,1,1,True,0
M20:29:variant_2,M20,M20:29,R1,M4,1,1,True,0
M20:29:variant_2,M20,M20:29,R5,M4,1,1,True,0
M20:29:variant_3,M20,M20:29,ALL,M4,1,1,True,0
M20:29:variant_3,M20,M20:29,R1,M4,1,1,True,0
M20:29:variant_3,M20,M20:29,R5,M4,1,1,True,0
M20:29:variant_4,M20,M20:29,ALL,M4,1,1,True,0
M20:29:variant_4,M20,M20:29,R1,M4,1,1,True,0
M20:29:variant_4,M20,M20:29,R5,M4,1,1,True,0
M20:2:variant_1,M20,M20:2,ALL,M4,1,1,True,0
M20:2:variant_1,M20,M20:2,R1,M4,1,1,True,0
M20:2:variant_2,M20,M20:2,ALL,M4,1,1,True,0
M20:2:variant_2,M20,M20:2,R1,M4,1,1,True,0
M20:2:variant_2,M20,M20:2,R5,M4,1,1,True,0
M20:2:variant_3,M20,M20:2,ALL,M4,1,0,False,0
M20:2:variant_3,M20,M20:2,R1,M4,1,0,False,0
M20:2:variant_3,M20,M20:2,R5,M4,1,0,False,0
M20:2:variant_4,M20,M20:2,ALL,M4,1,1,True,0
M20:2:variant_4,M20,M20:2,R1,M4,1,1,True,0
M20:2:variant_4,M20,M20:2,R5,M4,1,1,True,0
M20:30:variant_1,M20,M20:30,ALL,M4,1,0,False,0
M20:30:variant_1,M20,M20:30,R1,M4,1,0,False,0
M20:30:variant_1,M20,M20:30,R5,M4,1,0,False,0
M20:30:variant_2,M20,M20:30,ALL,M4,1,0,False,0
M20:30:variant_2,M20,M20:30,R1,M4,1,0,False,0
M20:30:variant_2,M20,M20:30,R5,M4,1,0,False,0
M20:30:variant_3,M20,M20:30,ALL,M4,1,0,False,0
M20:30:variant_3,M20,M20:30,R1,M4,1,0,False,0
M20:30:variant_3,M20,M20:30,R5,M4,1,0,False,0
M20:30:variant_4,M20,M20:30,ALL,M4,1,0,False,0
M20:30:variant_4,M20,M20:30,R1,M4,1,0,False,0
M20:30:variant_4,M20,M20:30,R5,M4,1,0,False,0
M20:31:variant_1,M20,M20:31,ALL,M4,1,1,True,0
M20:31:variant_1,M20,M20:31,R1,M4,1,1,True,0
M20:31:variant_1,M20,M20:31,R5,M4,1,1,True,0
M20:31:variant_2,M20,M20:31,ALL,M4,1,0,False,0
M20:31:variant_2,M20,M20:31,R1,M4,1,0,False,0
M20:31:variant_2,M20,M20:31,R5,M4,1,0,False,0
M20:31:variant_3,M20,M20:31,ALL,M4,1,1,True,0
M20:31:variant_3,M20,M20:31,R1,M4,1,1,True,0
M20:31:variant_3,M20,M20:31,R5,M4,1,1,True,0
M20:31:variant_4,M20,M20:31,ALL,M4,1,1,True,0
M20:31:variant_4,M20,M20:31,R1,M4,1,1,True,0
M20:32:variant_1,M20,M20:32,ALL,M4,1,0,False,0
M20:32:variant_1,M20,M20:32,R1,M4,1,0,False,0
M20:32:variant_1,M20,M20:32,R5,M4,1,0,False,0
M20:32:variant_2,M20,M20:32,ALL,M4,1,0,False,0
M20:32:variant_2,M20,M20:32,R1,M4,1,0,False,0
M20:32:variant_2,M20,M20:32,R5,M4,1,0,False,0
M20:32:variant_3,M20,M20:32,ALL,M4,1,0,False,0
M20:32:variant_3,M20,M20:32,R1,M4,1,0,False,0
M20:32:variant_4,M20,M20:32,ALL,M4,1,0,False,0
M20:32:variant_4,M20,M20:32,R1,M4,1,0,False,0
M20:32:variant_4,M20,M20:32,R5,M4,1,0,False,0
M20:33:variant_1,M20,M20:33,ALL,M4,1,0,False,0
M20:33:variant_1,M20,M20:33,R1,M4,1,0,False,0
M20:33:variant_1,M20,M20:33,R5,M4,1,0,False,0
M20:33:variant_2,M20,M20:33,ALL,M4,1,0,False,0
M20:33:variant_2,M20,M20:33,R1,M4,1,0,False,0
M20:33:variant_3,M20,M20:33,ALL,M4,1,0,False,0
M20:33:variant_3,M20,M20:33,R1,M4,1,0,False,0
M20:33:variant_3,M20,M20:33,R5,M4,1,0,False,0
M20:33:variant_4,M20,M20:33,ALL,M4,1,0,False,0
M20:33:variant_4,M20,M20:33,R1,M4,1,0,False,0
M20:34:variant_1,M20,M20:34,ALL,M4,1,1,True,0
M20:34:variant_1,M20,M20:34,R1,M4,1,1,True,0
M20:34:variant_1,M20,M20:34,R5,M4,1,1,True,0
M20:34:variant_2,M20,M20:34,ALL,M4,1,0,False,0
M20:34:variant_2,M20,M20:34,R1,M4,1,0,False,0
M20:34:variant_3,M20,M20:34,ALL,M4,1,1,True,0
M20:34:variant_3,M20,M20:34,R1,M4,1,1,True,0
M20:34:variant_4,M20,M20:34,ALL,M4,1,0,False,0
M20:34:variant_4,M20,M20:34,R1,M4,1,0,False,0
M20:35:variant_1,M20,M20:35,ALL,M4,1,1,True,0
M20:35:variant_1,M20,M20:35,R1,M4,1,1,True,0
M20:35:variant_2,M20,M20:35,ALL,M4,1,1,True,0
M20:35:variant_2,M20,M20:35,R1,M4,1,1,True,0
M20:35:variant_2,M20,M20:35,R5,M4,1,1,True,0
M20:35:variant_3,M20,M20:35,ALL,M4,1,0,False,0
M20:35:variant_3,M20,M20:35,R1,M4,1,0,False,0
M20:35:variant_4,M20,M20:35,ALL,M4,1,1,True,0
M20:35:variant_4,M20,M20:35,R1,M4,1,1,True,0
M20:35:variant_4,M20,M20:35,R5,M4,1,1,True,0
M20:36:variant_1,M20,M20:36,ALL,M4,1,1,True,0
M20:36:variant_1,M20,M20:36,R1,M4,1,1,True,0
M20:36:variant_1,M20,M20:36,R5,M4,1,1,True,0
M20:36:variant_2,M20,M20:36,ALL,M4,1,1,True,0
M20:36:variant_2,M20,M20:36,R1,M4,1,1,True,0
M20:36:variant_2,M20,M20:36,R5,M4,1,1,True,0
M20:36:variant_3,M20,M20:36,ALL,M4,1,1,True,0
M20:36:variant_3,M20,M20:36,R1,M4,1,1,True,0
M20:36:variant_4,M20,M20:36,ALL,M4,1,1,True,0
M20:36:variant_4,M20,M20:36,R1,M4,1,1,True,0
M20:36:variant_4,M20,M20:36,R5,M4,1,1,True,0
M20:37:variant_1,M20,M20:37,ALL,M4,1,1,True,0
M20:37:variant_1,M20,M20:37,R1,M4,1,1,True,0
M20:37:variant_2,M20,M20:37,ALL,M4,1,1,True,0
M20:37:variant_2,M20,M20:37,R1,M4,1,1,True,0
M20:37:variant_2,M20,M20:37,R5,M4,1,1,True,0
M20:37:variant_3,M20,M20:37,ALL,M4,1,1,True,0
M20:37:variant_3,M20,M20:37,R1,M4,1,1,True,0
M20:37:variant_4,M20,M20:37,ALL,M4,1,1,True,0
M20:37:variant_4,M20,M20:37,R1,M4,1,1,True,0
M20:37:variant_4,M20,M20:37,R5,M4,1,1,True,0
M20:38:variant_1,M20,M20:38,ALL,M4,1,1,True,0
M20:38:variant_1,M20,M20:38,R1,M4,1,1,True,0
M20:38:variant_2,M20,M20:38,ALL,M4,1,1,True,0
M20:38:variant_2,M20,M20:38,R1,M4,1,1,True,0
M20:38:variant_2,M20,M20:38,R5,M4,1,1,True,0
M20:38:variant_3,M20,M20:38,ALL,M4,1,1,True,0
M20:38:variant_3,M20,M20:38,R1,M4,1,1,True,0
M20:38:variant_3,M20,M20:38,R5,M4,1,1,True,0
M20:38:variant_4,M20,M20:38,ALL,M4,1,0,False,0
M20:38:variant_4,M20,M20:38,R1,M4,1,0,False,0
M20:39:variant_1,M20,M20:39,ALL,M4,1,1,True,0
M20:39:variant_1,M20,M20:39,R1,M4,1,1,True,0
M20:39:variant_2,M20,M20:39,ALL,M4,1,1,True,0
M20:39:variant_2,M20,M20:39,R1,M4,1,1,True,0
M20:39:variant_3,M20,M20:39,ALL,M4,1,1,True,0
M20:39:variant_3,M20,M20:39,R1,M4,1,1,True,0
M20:39:variant_3,M20,M20:39,R5,M4,1,1,True,0
M20:39:variant_4,M20,M20:39,ALL,M4,1,1,True,0
M20:39:variant_4,M20,M20:39,R1,M4,1,1,True,0
M20:39:variant_4,M20,M20:39,R5,M4,1,1,True,0
M20:40:variant_1,M20,M20:40,ALL,M4,1,1,True,0
M20:40:variant_1,M20,M20:40,R1,M4,1,1,True,0
M20:40:variant_1,M20,M20:40,R5,M4,1,1,True,0
M20:40:variant_2,M20,M20:40,ALL,M4,1,1,True,0
M20:40:variant_2,M20,M20:40,R1,M4,1,1,True,0
M20:40:variant_3,M20,M20:40,ALL,M4,1,1,True,0
M20:40:variant_3,M20,M20:40,R1,M4,1,1,True,0
M20:40:variant_3,M20,M20:40,R5,M4,1,1,True,0
M20:40:variant_4,M20,M20:40,ALL,M4,1,1,True,0
M20:40:variant_4,M20,M20:40,R1,M4,1,1,True,0
M20:40:variant_4,M20,M20:40,R5,M4,1,1,True,0
M20:41:variant_1,M20,M20:41,ALL,M4,1,1,True,0
M20:41:variant_1,M20,M20:41,R1,M4,1,1,True,0
M20:41:variant_2,M20,M20:41,ALL,M4,1,1,True,0
M20:41:variant_2,M20,M20:41,R1,M4,1,1,True,0
M20:41:variant_3,M20,M20:41,ALL,M4,1,1,True,0
M20:41:variant_3,M20,M20:41,R1,M4,1,1,True,0
M20:41:variant_3,M20,M20:41,R5,M4,1,1,True,0
M20:41:variant_4,M20,M20:41,ALL,M4,1,1,True,0
M20:41:variant_4,M20,M20:41,R1,M4,1,1,True,0
M20:41:variant_4,M20,M20:41,R5,M4,1,1,True,0
M20:42:variant_1,M20,M20:42,ALL,M4,1,1,True,0
M20:42:variant_1,M20,M20:42,R1,M4,1,1,True,0
M20:42:variant_1,M20,M20:42,R5,M4,1,1,True,0
M20:42:variant_2,M20,M20:42,ALL,M4,1,1,True,0
M20:42:variant_2,M20,M20:42,R1,M4,1,1,True,0
M20:42:variant_2,M20,M20:42,R5,M4,1,1,True,0
M20:42:variant_3,M20,M20:42,ALL,M4,1,1,True,0
M20:42:variant_3,M20,M20:42,R1,M4,1,1,True,0
M20:42:variant_4,M20,M20:42,ALL,M4,1,1,True,0
M20:42:variant_4,M20,M20:42,R1,M4,1,1,True,0
M20:42:variant_4,M20,M20:42,R5,M4,1,1,True,0
M20:43:variant_1,M20,M20:43,ALL,M4,1,0,False,0
M20:43:variant_1,M20,M20:43,R1,M4,1,0,False,0
M20:43:variant_1,M20,M20:43,R5,M4,1,0,False,0
M20:43:variant_2,M20,M20:43,ALL,M4,1,0,False,0
M20:43:variant_2,M20,M20:43,R1,M4,1,0,False,0
M20:43:variant_3,M20,M20:43,ALL,M4,1,0,False,0
M20:43:variant_3,M20,M20:43,R1,M4,1,0,False,0
M20:44:variant_1,M20,M20:44,ALL,M4,1,0,False,0
M20:44:variant_1,M20,M20:44,R1,M4,1,0,False,0
M20:44:variant_1,M20,M20:44,R5,M4,1,0,False,0
M20:44:variant_2,M20,M20:44,ALL,M4,1,0,False,0
M20:44:variant_2,M20,M20:44,R1,M4,1,0,False,0
M20:44:variant_2,M20,M20:44,R5,M4,1,0,False,0
M20:44:variant_3,M20,M20:44,ALL,M4,1,0,False,0
M20:44:variant_3,M20,M20:44,R1,M4,1,0,False,0
M20:44:variant_3,M20,M20:44,R5,M4,1,0,False,0
M20:44:variant_4,M20,M20:44,ALL,M4,1,0,False,0
M20:44:variant_4,M20,M20:44,R1,M4,1,0,False,0
M20:44:variant_4,M20,M20:44,R5,M4,1,0,False,0
M20:46:variant_1,M20,M20:46,ALL,M4,1,0,False,1
M20:46:variant_1,M20,M20:46,R1,M4,1,0,False,1
M20:46:variant_2,M20,M20:46,ALL,M4,1,0,False,0
M20:46:variant_2,M20,M20:46,R1,M4,1,0,False,0
M20:46:variant_3,M20,M20:46,ALL,M4,1,0,False,0
M20:46:variant_3,M20,M20:46,R1,M4,1,0,False,0
M20:46:variant_4,M20,M20:46,ALL,M4,1,0,False,0
M20:46:variant_4,M20,M20:46,R1,M4,1,0,False,0
M20:47:variant_1,M20,M20:47,ALL,M4,1,0,False,0
M20:47:variant_1,M20,M20:47,R1,M4,1,0,False,0
M20:47:variant_1,M20,M20:47,R5,M4,1,0,False,0
M20:47:variant_2,M20,M20:47,ALL,M4,1,0,False,0
M20:47:variant_2,M20,M20:47,R1,M4,1,0,False,0
M20:47:variant_3,M20,M20:47,ALL,M4,1,0,False,0
M20:47:variant_3,M20,M20:47,R1,M4,1,0,False,0
M20:47:variant_4,M20,M20:47,ALL,M4,1,1,True,0
M20:47:variant_4,M20,M20:47,R1,M4,1,1,True,0
M20:48:variant_1,M20,M20:48,ALL,M4,1,0,False,0
M20:48:variant_1,M20,M20:48,R1,M4,1,0,False,0
M20:48:variant_1,M20,M20:48,R5,M4,1,0,False,0
M20:48:variant_2,M20,M20:48,ALL,M4,1,0,False,0
M20:48:variant_2,M20,M20:48,R1,M4,1,0,False,0
M20:48:variant_2,M20,M20:48,R5,M4,1,0,False,0
M20:48:variant_3,M20,M20:48,ALL,M4,1,0,False,0
M20:48:variant_3,M20,M20:48,R1,M4,1,0,False,0
M20:48:variant_3,M20,M20:48,R5,M4,1,0,False,0
M20:48:variant_4,M20,M20:48,ALL,M4,1,0,False,0
M20:48:variant_4,M20,M20:48,R1,M4,1,0,False,0
M20:49:variant_1,M20,M20:49,ALL,M4,1,0,False,0
M20:49:variant_1,M20,M20:49,R1,M4,1,0,False,0
M20:49:variant_1,M20,M20:49,R5,M4,1,0,False,0
M20:49:variant_2,M20,M20:49,ALL,M4,1,0,False,0
M20:49:variant_2,M20,M20:49,R1,M4,1,0,False,0
M20:49:variant_3,M20,M20:49,ALL,M4,1,1,True,0
M20:49:variant_3,M20,M20:49,R1,M4,1,1,True,0
M20:49:variant_3,M20,M20:49,R5,M4,1,1,True,0
M20:49:variant_4,M20,M20:49,ALL,M4,1,0,False,0
M20:49:variant_4,M20,M20:49,R1,M4,1,0,False,0
M20:49:variant_4,M20,M20:49,R5,M4,1,0,False,0
M20:4:variant_1,M20,M20:4,ALL,M4,1,1,True,0
M20:4:variant_1,M20,M20:4,R1,M4,1,1,True,0
M20:4:variant_1,M20,M20:4,R5,M4,1,1,True,0
M20:4:variant_2,M20,M20:4,ALL,M4,1,1,True,0
M20:4:variant_2,M20,M20:4,R1,M4,1,1,True,0
M20:4:variant_2,M20,M20:4,R5,M4,1,1,True,0
M20:4:variant_3,M20,M20:4,ALL,M4,1,0,False,0
M20:4:variant_3,M20,M20:4,R1,M4,1,0,False,0
M20:4:variant_4,M20,M20:4,ALL,M4,1,1,True,0
M20:4:variant_4,M20,M20:4,R1,M4,1,1,True,0
M20:4:variant_4,M20,M20:4,R5,M4,1,1,True,0
M20:50:variant_1,M20,M20:50,ALL,M4,1,1,True,0
M20:50:variant_1,M20,M20:50,R1,M4,1,1,True,0
M20:50:variant_1,M20,M20:50,R5,M4,1,1,True,0
M20:50:variant_2,M20,M20:50,ALL,M4,1,0,False,0
M20:50:variant_2,M20,M20:50,R1,M4,1,0,False,0
M20:50:variant_2,M20,M20:50,R5,M4,1,0,False,0
M20:50:variant_3,M20,M20:50,ALL,M4,1,1,True,0
M20:50:variant_3,M20,M20:50,R1,M4,1,1,True,0
M20:50:variant_3,M20,M20:50,R5,M4,1,1,True,0
M20:50:variant_4,M20,M20:50,ALL,M4,1,0,False,0
M20:50:variant_4,M20,M20:50,R1,M4,1,0,False,0
M20:51:variant_1,M20,M20:51,ALL,M4,1,0,False,0
M20:51:variant_1,M20,M20:51,R1,M4,1,0,False,0
M20:51:variant_2,M20,M20:51,ALL,M4,1,1,True,0
M20:51:variant_2,M20,M20:51,R1,M4,1,1,True,0
M20:51:variant_2,M20,M20:51,R5,M4,1,1,True,0
M20:51:variant_3,M20,M20:51,ALL,M4,1,0,False,0
M20:51:variant_3,M20,M20:51,R1,M4,1,0,False,0
M20:51:variant_4,M20,M20:51,ALL,M4,1,1,True,0
M20:51:variant_4,M20,M20:51,R1,M4,1,1,True,0
M20:52:variant_1,M20,M20:52,ALL,M4,1,1,True,0
M20:52:variant_1,M20,M20:52,R1,M4,1,1,True,0
M20:52:variant_2,M20,M20:52,ALL,M4,1,1,True,0
M20:52:variant_2,M20,M20:52,R1,M4,1,1,True,0
M20:52:variant_3,M20,M20:52,ALL,M4,1,1,True,0
M20:52:variant_3,M20,M20:52,R1,M4,1,1,True,0
M20:52:variant_3,M20,M20:52,R5,M4,1,1,True,0
M20:52:variant_4,M20,M20:52,ALL,M4,1,1,True,0
M20:52:variant_4,M20,M20:52,R1,M4,1,1,True,0
M20:52:variant_4,M20,M20:52,R5,M4,1,1,True,0
M20:53:variant_1,M20,M20:53,ALL,M4,1,1,True,0
M20:53:variant_1,M20,M20:53,R1,M4,1,1,True,0
M20:53:variant_1,M20,M20:53,R5,M4,1,1,True,0
M20:53:variant_2,M20,M20:53,ALL,M4,1,1,True,0
M20:53:variant_2,M20,M20:53,R1,M4,1,1,True,0
M20:53:variant_2,M20,M20:53,R5,M4,1,1,True,0
M20:53:variant_3,M20,M20:53,ALL,M4,1,1,True,0
M20:53:variant_3,M20,M20:53,R1,M4,1,1,True,0
M20:53:variant_3,M20,M20:53,R5,M4,1,1,True,0
M20:53:variant_4,M20,M20:53,ALL,M4,1,1,True,0
M20:53:variant_4,M20,M20:53,R1,M4,1,1,True,0
M20:53:variant_4,M20,M20:53,R5,M4,1,1,True,0
M20:54:variant_1,M20,M20:54,ALL,M4,1,0,False,0
M20:54:variant_1,M20,M20:54,R1,M4,1,0,False,0
M20:54:variant_1,M20,M20:54,R5,M4,1,0,False,0
M20:54:variant_2,M20,M20:54,ALL,M4,1,0,False,0
M20:54:variant_2,M20,M20:54,R1,M4,1,0,False,0
M20:54:variant_3,M20,M20:54,ALL,M4,1,0,False,0
M20:54:variant_3,M20,M20:54,R1,M4,1,0,False,0
M20:54:variant_3,M20,M20:54,R5,M4,1,0,False,0
M20:54:variant_4,M20,M20:54,ALL,M4,1,0,False,0
M20:54:variant_4,M20,M20:54,R1,M4,1,0,False,0
M20:55:variant_1,M20,M20:55,ALL,M4,1,0,False,0
M20:55:variant_1,M20,M20:55,R1,M4,1,0,False,0
M20:55:variant_1,M20,M20:55,R5,M4,1,0,False,0
M20:55:variant_2,M20,M20:55,ALL,M4,1,0,False,0
M20:55:variant_2,M20,M20:55,R1,M4,1,0,False,0
M20:55:variant_3,M20,M20:55,ALL,M4,1,0,False,0
M20:55:variant_3,M20,M20:55,R1,M4,1,0,False,0
M20:55:variant_4,M20,M20:55,ALL,M4,1,0,False,0
M20:55:variant_4,M20,M20:55,R1,M4,1,0,False,0
M20:55:variant_4,M20,M20:55,R5,M4,1,0,False,0
M20:56:variant_1,M20,M20:56,ALL,M4,1,0,False,0
M20:56:variant_1,M20,M20:56,R1,M4,1,0,False,0
M20:56:variant_1,M20,M20:56,R5,M4,1,0,False,0
M20:56:variant_2,M20,M20:56,ALL,M4,1,0,False,0
M20:56:variant_2,M20,M20:56,R1,M4,1,0,False,0
M20:56:variant_3,M20,M20:56,ALL,M4,1,0,False,0
M20:56:variant_3,M20,M20:56,R1,M4,1,0,False,0
M20:56:variant_4,M20,M20:56,ALL,M4,1,0,False,0
M20:56:variant_4,M20,M20:56,R1,M4,1,0,False,0
M20:56:variant_4,M20,M20:56,R5,M4,1,0,False,0
M20:57:variant_1,M20,M20:57,ALL,M4,1,0,False,0
M20:57:variant_1,M20,M20:57,R1,M4,1,0,False,0
M20:57:variant_2,M20,M20:57,ALL,M4,1,0,False,0
M20:57:variant_2,M20,M20:57,R1,M4,1,0,False,0
M20:57:variant_3,M20,M20:57,ALL,M4,1,0,False,0
M20:57:variant_3,M20,M20:57,R1,M4,1,0,False,0
M20:57:variant_3,M20,M20:57,R5,M4,1,0,False,0
M20:57:variant_4,M20,M20:57,ALL,M4,1,0,False,0
M20:57:variant_4,M20,M20:57,R1,M4,1,0,False,0
M20:57:variant_4,M20,M20:57,R5,M4,1,0,False,0
M20:58:variant_1,M20,M20:58,ALL,M4,1,1,True,0
M20:58:variant_1,M20,M20:58,R1,M4,1,1,True,0
M20:58:variant_1,M20,M20:58,R5,M4,1,1,True,0
M20:58:variant_2,M20,M20:58,ALL,M4,1,1,True,0
M20:58:variant_2,M20,M20:58,R1,M4,1,1,True,0
M20:58:variant_2,M20,M20:58,R5,M4,1,1,True,0
M20:58:variant_3,M20,M20:58,ALL,M4,1,1,True,0
M20:58:variant_3,M20,M20:58,R1,M4,1,1,True,0
M20:58:variant_3,M20,M20:58,R5,M4,1,1,True,0
M20:58:variant_4,M20,M20:58,ALL,M4,1,1,True,0
M20:58:variant_4,M20,M20:58,R1,M4,1,1,True,0
M20:58:variant_4,M20,M20:58,R5,M4,1,1,True,0
M20:59:variant_1,M20,M20:59,ALL,M4,1,0,False,0
M20:59:variant_1,M20,M20:59,R1,M4,1,0,False,0
M20:59:variant_1,M20,M20:59,R5,M4,1,0,False,0
M20:59:variant_2,M20,M20:59,ALL,M4,1,1,True,0
M20:59:variant_2,M20,M20:59,R1,M4,1,1,True,0
M20:59:variant_2,M20,M20:59,R5,M4,1,1,True,0
M20:59:variant_3,M20,M20:59,ALL,M4,1,0,False,0
M20:59:variant_3,M20,M20:59,R1,M4,1,0,False,0
M20:59:variant_3,M20,M20:59,R5,M4,1,0,False,0
M20:59:variant_4,M20,M20:59,ALL,M4,1,1,True,0
M20:59:variant_4,M20,M20:59,R1,M4,1,1,True,0
M20:59:variant_4,M20,M20:59,R5,M4,1,1,True,0
M20:5:variant_1,M20,M20:5,ALL,M4,1,0,False,0
M20:5:variant_1,M20,M20:5,R1,M4,1,0,False,0
M20:5:variant_1,M20,M20:5,R5,M4,1,0,False,0
M20:5:variant_2,M20,M20:5,ALL,M4,1,1,True,0
M20:5:variant_2,M20,M20:5,R1,M4,1,1,True,0
M20:5:variant_2,M20,M20:5,R5,M4,1,1,True,0
M20:5:variant_3,M20,M20:5,ALL,M4,1,1,True,0
M20:5:variant_3,M20,M20:5,R1,M4,1,1,True,0
M20:5:variant_4,M20,M20:5,ALL,M4,1,1,True,0
M20:5:variant_4,M20,M20:5,R1,M4,1,1,True,0
M20:60:variant_1,M20,M20:60,ALL,M4,1,0,False,0
M20:60:variant_1,M20,M20:60,R1,M4,1,0,False,0
M20:60:variant_2,M20,M20:60,ALL,M4,1,0,False,0
M20:60:variant_2,M20,M20:60,R1,M4,1,0,False,0
M20:60:variant_2,M20,M20:60,R5,M4,1,0,False,0
M20:60:variant_3,M20,M20:60,ALL,M4,1,1,True,0
M20:60:variant_3,M20,M20:60,R1,M4,1,1,True,0
M20:60:variant_3,M20,M20:60,R5,M4,1,1,True,0
M20:60:variant_4,M20,M20:60,ALL,M4,1,1,True,0
M20:60:variant_4,M20,M20:60,R1,M4,1,1,True,0
M20:60:variant_4,M20,M20:60,R5,M4,1,1,True,0
M20:61:variant_1,M20,M20:61,ALL,M4,1,0,False,0
M20:61:variant_1,M20,M20:61,R1,M4,1,0,False,0
M20:61:variant_1,M20,M20:61,R5,M4,1,0,False,0
M20:61:variant_2,M20,M20:61,ALL,M4,1,0,False,0
M20:61:variant_2,M20,M20:61,R1,M4,1,0,False,0
M20:61:variant_2,M20,M20:61,R5,M4,1,0,False,0
M20:61:variant_3,M20,M20:61,ALL,M4,1,0,False,0
M20:61:variant_3,M20,M20:61,R1,M4,1,0,False,0
M20:61:variant_4,M20,M20:61,ALL,M4,1,0,False,0
M20:61:variant_4,M20,M20:61,R1,M4,1,0,False,0
M20:65:variant_1,M20,M20:65,ALL,M4,1,0,False,0
M20:65:variant_1,M20,M20:65,R1,M4,1,0,False,0
M20:65:variant_1,M20,M20:65,R5,M4,1,0,False,0
M20:65:variant_2,M20,M20:65,ALL,M4,1,0,False,0
M20:65:variant_2,M20,M20:65,R1,M4,1,0,False,0
M20:65:variant_2,M20,M20:65,R5,M4,1,0,False,0
M20:65:variant_3,M20,M20:65,ALL,M4,1,1,True,0
M20:65:variant_3,M20,M20:65,R1,M4,1,1,True,0
M20:65:variant_4,M20,M20:65,ALL,M4,1,0,False,0
M20:65:variant_4,M20,M20:65,R1,M4,1,0,False,0
M20:65:variant_4,M20,M20:65,R5,M4,1,0,False,0
M20:66:variant_1,M20,M20:66,ALL,M4,1,1,True,0
M20:66:variant_1,M20,M20:66,R1,M4,1,1,True,0
M20:66:variant_1,M20,M20:66,R5,M4,1,1,True,0
M20:66:variant_2,M20,M20:66,ALL,M4,1,1,True,0
M20:66:variant_2,M20,M20:66,R1,M4,1,1,True,0
M20:66:variant_2,M20,M20:66,R5,M4,1,1,True,0
M20:66:variant_3,M20,M20:66,ALL,M4,1,1,True,0
M20:66:variant_3,M20,M20:66,R1,M4,1,1,True,0
M20:67:variant_1,M20,M20:67,ALL,M4,1,1,True,0
M20:67:variant_1,M20,M20:67,R1,M4,1,1,True,0
M20:67:variant_2,M20,M20:67,ALL,M4,1,0,False,0
M20:67:variant_2,M20,M20:67,R1,M4,1,0,False,0
M20:67:variant_2,M20,M20:67,R5,M4,1,0,False,0
M20:67:variant_3,M20,M20:67,ALL,M4,1,1,True,0
M20:67:variant_3,M20,M20:67,R1,M4,1,1,True,0
M20:67:variant_4,M20,M20:67,ALL,M4,1,1,True,0
M20:67:variant_4,M20,M20:67,R1,M4,1,1,True,0
M20:67:variant_4,M20,M20:67,R5,M4,1,1,True,0
M20:68:variant_1,M20,M20:68,ALL,M4,1,0,False,0
M20:68:variant_1,M20,M20:68,R1,M4,1,0,False,0
M20:68:variant_1,M20,M20:68,R5,M4,1,0,False,0
M20:68:variant_2,M20,M20:68,ALL,M4,1,1,True,0
M20:68:variant_2,M20,M20:68,R1,M4,1,1,True,0
M20:68:variant_3,M20,M20:68,ALL,M4,1,0,False,1
M20:68:variant_3,M20,M20:68,R1,M4,1,0,False,1
M20:68:variant_3,M20,M20:68,R5,M4,1,0,False,1
M20:68:variant_4,M20,M20:68,ALL,M4,1,0,False,0
M20:68:variant_4,M20,M20:68,R1,M4,1,0,False,0
M20:69:variant_1,M20,M20:69,ALL,M4,1,1,True,0
M20:69:variant_1,M20,M20:69,R1,M4,1,1,True,0
M20:69:variant_2,M20,M20:69,ALL,M4,1,0,False,0
M20:69:variant_2,M20,M20:69,R1,M4,1,0,False,0
M20:69:variant_3,M20,M20:69,ALL,M4,1,0,False,0
M20:69:variant_3,M20,M20:69,R1,M4,1,0,False,0
M20:69:variant_4,M20,M20:69,ALL,M4,1,0,False,0
M20:69:variant_4,M20,M20:69,R1,M4,1,0,False,0
M20:69:variant_4,M20,M20:69,R5,M4,1,0,False,0
M20:6:variant_1,M20,M20:6,ALL,M4,1,1,True,0
M20:6:variant_1,M20,M20:6,R1,M4,1,1,True,0
M20:6:variant_1,M20,M20:6,R5,M4,1,1,True,0
M20:6:variant_2,M20,M20:6,ALL,M4,1,1,True,0
M20:6:variant_2,M20,M20:6,R1,M4,1,1,True,0
M20:6:variant_3,M20,M20:6,ALL,M4,1,1,True,0
M20:6:variant_3,M20,M20:6,R1,M4,1,1,True,0
M20:6:variant_3,M20,M20:6,R5,M4,1,1,True,0
M20:6:variant_4,M20,M20:6,ALL,M4,1,1,True,0
M20:6:variant_4,M20,M20:6,R1,M4,1,1,True,0
M20:6:variant_4,M20,M20:6,R5,M4,1,1,True,0
M20:70:variant_1,M20,M20:70,ALL,M4,1,1,True,0
M20:70:variant_1,M20,M20:70,R1,M4,1,1,True,0
M20:70:variant_1,M20,M20:70,R5,M4,1,1,True,0
M20:70:variant_2,M20,M20:70,ALL,M4,1,0,False,0
M20:70:variant_2,M20,M20:70,R1,M4,1,0,False,0
M20:70:variant_3,M20,M20:70,ALL,M4,1,0,False,0
M20:70:variant_3,M20,M20:70,R1,M4,1,0,False,0
M20:70:variant_4,M20,M20:70,ALL,M4,1,0,False,0
M20:70:variant_4,M20,M20:70,R1,M4,1,0,False,0
M20:70:variant_4,M20,M20:70,R5,M4,1,0,False,0
M20:71:variant_1,M20,M20:71,ALL,M4,1,0,False,0
M20:71:variant_1,M20,M20:71,R1,M4,1,0,False,0
M20:71:variant_1,M20,M20:71,R5,M4,1,0,False,0
M20:71:variant_2,M20,M20:71,ALL,M4,1,0,False,0
M20:71:variant_2,M20,M20:71,R1,M4,1,0,False,0
M20:71:variant_2,M20,M20:71,R5,M4,1,0,False,0
M20:71:variant_3,M20,M20:71,ALL,M4,1,0,False,0
M20:71:variant_3,M20,M20:71,R1,M4,1,0,False,0
M20:71:variant_3,M20,M20:71,R5,M4,1,0,False,0
M20:71:variant_4,M20,M20:71,ALL,M4,1,0,False,0
M20:71:variant_4,M20,M20:71,R1,M4,1,0,False,0
M20:71:variant_4,M20,M20:71,R5,M4,1,0,False,0
M20:72:variant_1,M20,M20:72,ALL,M4,1,1,True,0
M20:72:variant_1,M20,M20:72,R1,M4,1,1,True,0
M20:72:variant_2,M20,M20:72,ALL,M4,1,1,True,0
M20:72:variant_2,M20,M20:72,R1,M4,1,1,True,0
M20:72:variant_3,M20,M20:72,ALL,M4,1,0,False,0
M20:72:variant_3,M20,M20:72,R1,M4,1,0,False,0
M20:72:variant_4,M20,M20:72,ALL,M4,1,0,False,0
M20:72:variant_4,M20,M20:72,R1,M4,1,0,False,0
M20:73:variant_1,M20,M20:73,ALL,M4,1,1,True,0
M20:73:variant_1,M20,M20:73,R1,M4,1,1,True,0
M20:73:variant_1,M20,M20:73,R5,M4,1,1,True,0
M20:73:variant_2,M20,M20:73,ALL,M4,1,0,False,0
M20:73:variant_2,M20,M20:73,R1,M4,1,0,False,0
M20:73:variant_2,M20,M20:73,R5,M4,1,0,False,0
M20:73:variant_3,M20,M20:73,ALL,M4,1,0,False,0
M20:73:variant_3,M20,M20:73,R1,M4,1,0,False,0
M20:73:variant_3,M20,M20:73,R5,M4,1,0,False,0
M20:73:variant_4,M20,M20:73,ALL,M4,1,0,False,0
M20:73:variant_4,M20,M20:73,R1,M4,1,0,False,0
M20:74:variant_1,M20,M20:74,ALL,M4,1,0,False,0
M20:74:variant_1,M20,M20:74,R1,M4,1,0,False,0
M20:74:variant_2,M20,M20:74,ALL,M4,1,0,False,0
M20:74:variant_2,M20,M20:74,R1,M4,1,0,False,0
M20:74:variant_3,M20,M20:74,ALL,M4,1,0,False,0
M20:74:variant_3,M20,M20:74,R1,M4,1,0,False,0
M20:74:variant_4,M20,M20:74,ALL,M4,1,0,False,0
M20:74:variant_4,M20,M20:74,R1,M4,1,0,False,0
M20:74:variant_4,M20,M20:74,R5,M4,1,0,False,0
M20:75:variant_1,M20,M20:75,ALL,M4,1,1,True,0
M20:75:variant_1,M20,M20:75,R1,M4,1,1,True,0
M20:75:variant_2,M20,M20:75,ALL,M4,1,1,True,0
M20:75:variant_2,M20,M20:75,R1,M4,1,1,True,0
M20:75:variant_3,M20,M20:75,ALL,M4,1,0,False,0
M20:75:variant_3,M20,M20:75,R1,M4,1,0,False,0
M20:75:variant_4,M20,M20:75,ALL,M4,1,1,True,0
M20:75:variant_4,M20,M20:75,R1,M4,1,1,True,0
M20:76:variant_1,M20,M20:76,ALL,M4,1,0,False,0
M20:76:variant_1,M20,M20:76,R1,M4,1,0,False,0
M20:76:variant_2,M20,M20:76,ALL,M4,1,1,True,0
M20:76:variant_2,M20,M20:76,R1,M4,1,1,True,0
M20:76:variant_3,M20,M20:76,ALL,M4,1,0,False,0
M20:76:variant_3,M20,M20:76,R1,M4,1,0,False,0
M20:76:variant_4,M20,M20:76,ALL,M4,1,0,False,0
M20:76:variant_4,M20,M20:76,R1,M4,1,0,False,0
M20:77:variant_1,M20,M20:77,ALL,M4,1,0,False,0
M20:77:variant_1,M20,M20:77,R1,M4,1,0,False,0
M20:77:variant_1,M20,M20:77,R5,M4,1,0,False,0
M20:77:variant_2,M20,M20:77,ALL,M4,1,0,False,0
M20:77:variant_2,M20,M20:77,R1,M4,1,0,False,0
M20:77:variant_2,M20,M20:77,R5,M4,1,0,False,0
M20:77:variant_3,M20,M20:77,ALL,M4,1,0,False,0
M20:77:variant_3,M20,M20:77,R1,M4,1,0,False,0
M20:77:variant_3,M20,M20:77,R5,M4,1,0,False,0
M20:77:variant_4,M20,M20:77,ALL,M4,1,0,False,1
M20:77:variant_4,M20,M20:77,R1,M4,1,0,False,1
M20:79:variant_1,M20,M20:79,ALL,M4,1,0,False,0
M20:79:variant_1,M20,M20:79,R1,M4,1,0,False,0
M20:79:variant_1,M20,M20:79,R5,M4,1,0,False,0
M20:79:variant_2,M20,M20:79,ALL,M4,1,0,False,0
M20:79:variant_2,M20,M20:79,R1,M4,1,0,False,0
M20:79:variant_3,M20,M20:79,ALL,M4,1,1,True,0
M20:79:variant_3,M20,M20:79,R1,M4,1,1,True,0
M20:7:variant_1,M20,M20:7,ALL,M4,1,1,True,0
M20:7:variant_1,M20,M20:7,R1,M4,1,1,True,0
M20:7:variant_1,M20,M20:7,R5,M4,1,1,True,0
M20:7:variant_2,M20,M20:7,ALL,M4,1,1,True,0
M20:7:variant_2,M20,M20:7,R1,M4,1,1,True,0
M20:7:variant_2,M20,M20:7,R5,M4,1,1,True,0
M20:7:variant_3,M20,M20:7,ALL,M4,1,1,True,0
M20:7:variant_3,M20,M20:7,R1,M4,1,1,True,0
M20:7:variant_4,M20,M20:7,ALL,M4,1,1,True,0
M20:7:variant_4,M20,M20:7,R1,M4,1,1,True,0
M20:80:variant_1,M20,M20:80,ALL,M4,1,0,False,0
M20:80:variant_1,M20,M20:80,R1,M4,1,0,False,0
M20:80:variant_2,M20,M20:80,ALL,M4,1,0,False,0
M20:80:variant_2,M20,M20:80,R1,M4,1,0,False,0
M20:80:variant_2,M20,M20:80,R5,M4,1,0,False,0
M20:80:variant_3,M20,M20:80,ALL,M4,1,0,False,0
M20:80:variant_3,M20,M20:80,R1,M4,1,0,False,0
M20:80:variant_4,M20,M20:80,ALL,M4,1,0,False,0
M20:80:variant_4,M20,M20:80,R1,M4,1,0,False,0
M20:80:variant_4,M20,M20:80,R5,M4,1,0,False,0
M20:81:variant_1,M20,M20:81,ALL,M4,1,0,False,0
M20:81:variant_1,M20,M20:81,R1,M4,1,0,False,0
M20:81:variant_1,M20,M20:81,R5,M4,1,0,False,0
M20:81:variant_2,M20,M20:81,ALL,M4,1,0,False,0
M20:81:variant_2,M20,M20:81,R1,M4,1,0,False,0
M20:81:variant_2,M20,M20:81,R5,M4,1,0,False,0
M20:81:variant_3,M20,M20:81,ALL,M4,1,0,False,0
M20:81:variant_3,M20,M20:81,R1,M4,1,0,False,0
M20:81:variant_4,M20,M20:81,ALL,M4,1,1,True,0
M20:81:variant_4,M20,M20:81,R1,M4,1,1,True,0
M20:81:variant_4,M20,M20:81,R5,M4,1,1,True,0
M20:83:variant_1,M20,M20:83,ALL,M4,1,0,False,0
M20:83:variant_1,M20,M20:83,R1,M4,1,0,False,0
M20:83:variant_1,M20,M20:83,R5,M4,1,0,False,0
M20:83:variant_2,M20,M20:83,ALL,M4,1,0,False,0
M20:83:variant_2,M20,M20:83,R1,M4,1,0,False,0
M20:83:variant_3,M20,M20:83,ALL,M4,1,0,False,1
M20:83:variant_3,M20,M20:83,R1,M4,1,0,False,1
M20:83:variant_3,M20,M20:83,R5,M4,1,0,False,1
M20:83:variant_4,M20,M20:83,ALL,M4,1,1,True,0
M20:83:variant_4,M20,M20:83,R1,M4,1,1,True,0
M20:83:variant_4,M20,M20:83,R5,M4,1,1,True,0
M20:84:variant_1,M20,M20:84,ALL,M4,1,0,False,0
M20:84:variant_1,M20,M20:84,R1,M4,1,0,False,0
M20:84:variant_2,M20,M20:84,ALL,M4,1,0,False,0
M20:84:variant_2,M20,M20:84,R1,M4,1,0,False,0
M20:84:variant_2,M20,M20:84,R5,M4,1,0,False,0
M20:84:variant_3,M20,M20:84,ALL,M4,1,1,True,0
M20:84:variant_3,M20,M20:84,R1,M4,1,1,True,0
M20:84:variant_4,M20,M20:84,ALL,M4,1,0,False,0
M20:84:variant_4,M20,M20:84,R1,M4,1,0,False,0
M20:84:variant_4,M20,M20:84,R5,M4,1,0,False,0
M20:85:variant_1,M20,M20:85,ALL,M4,1,0,False,0
M20:85:variant_1,M20,M20:85,R1,M4,1,0,False,0
M20:85:variant_1,M20,M20:85,R5,M4,1,0,False,0
M20:85:variant_2,M20,M20:85,ALL,M4,1,0,False,0
M20:85:variant_2,M20,M20:85,R1,M4,1,0,False,0
M20:85:variant_2,M20,M20:85,R5,M4,1,0,False,0
M20:85:variant_3,M20,M20:85,ALL,M4,1,0,False,0
M20:85:variant_3,M20,M20:85,R1,M4,1,0,False,0
M20:85:variant_4,M20,M20:85,ALL,M4,1,1,True,0
M20:85:variant_4,M20,M20:85,R1,M4,1,1,True,0
M20:86:variant_1,M20,M20:86,ALL,M4,1,0,False,0
M20:86:variant_1,M20,M20:86,R1,M4,1,0,False,0
M20:86:variant_1,M20,M20:86,R5,M4,1,0,False,0
M20:86:variant_2,M20,M20:86,ALL,M4,1,0,False,0
M20:86:variant_2,M20,M20:86,R1,M4,1,0,False,0
M20:86:variant_2,M20,M20:86,R5,M4,1,0,False,0
M20:86:variant_3,M20,M20:86,ALL,M4,1,0,False,0
M20:86:variant_3,M20,M20:86,R1,M4,1,0,False,0
M20:86:variant_3,M20,M20:86,R5,M4,1,0,False,0
M20:86:variant_4,M20,M20:86,ALL,M4,1,0,False,0
M20:86:variant_4,M20,M20:86,R1,M4,1,0,False,0
M20:86:variant_4,M20,M20:86,R5,M4,1,0,False,0
M20:88:variant_1,M20,M20:88,ALL,M4,1,0,False,0
M20:88:variant_1,M20,M20:88,R1,M4,1,0,False,0
M20:88:variant_1,M20,M20:88,R5,M4,1,0,False,0
M20:88:variant_2,M20,M20:88,ALL,M4,1,1,True,0
M20:88:variant_2,M20,M20:88,R1,M4,1,1,True,0
M20:88:variant_3,M20,M20:88,ALL,M4,1,1,True,0
M20:88:variant_3,M20,M20:88,R1,M4,1,1,True,0
M20:88:variant_4,M20,M20:88,ALL,M4,1,0,False,0
M20:88:variant_4,M20,M20:88,R1,M4,1,0,False,0
M20:88:variant_4,M20,M20:88,R5,M4,1,0,False,0
M20:89:variant_1,M20,M20:89,ALL,M4,1,1,True,0
M20:89:variant_1,M20,M20:89,R1,M4,1,1,True,0
M20:89:variant_1,M20,M20:89,R5,M4,1,1,True,0
M20:89:variant_2,M20,M20:89,ALL,M4,1,0,False,0
M20:89:variant_2,M20,M20:89,R1,M4,1,0,False,0
M20:89:variant_3,M20,M20:89,ALL,M4,1,0,False,0
M20:89:variant_3,M20,M20:89,R1,M4,1,0,False,0
M20:89:variant_4,M20,M20:89,ALL,M4,1,0,False,0
M20:89:variant_4,M20,M20:89,R1,M4,1,0,False,0
M20:8:variant_1,M20,M20:8,ALL,M4,1,1,True,0
M20:8:variant_1,M20,M20:8,R1,M4,1,1,True,0
M20:8:variant_2,M20,M20:8,ALL,M4,1,0,False,0
M20:8:variant_2,M20,M20:8,R1,M4,1,0,False,0
M20:8:variant_2,M20,M20:8,R5,M4,1,0,False,0
M20:8:variant_3,M20,M20:8,ALL,M4,1,0,False,0
M20:8:variant_3,M20,M20:8,R1,M4,1,0,False,0
M20:8:variant_4,M20,M20:8,ALL,M4,1,1,True,0
M20:8:variant_4,M20,M20:8,R1,M4,1,1,True,0
M20:8:variant_4,M20,M20:8,R5,M4,1,1,True,0
M20:91:variant_1,M20,M20:91,ALL,M4,1,0,False,0
M20:91:variant_1,M20,M20:91,R1,M4,1,0,False,0
M20:91:variant_1,M20,M20:91,R5,M4,1,0,False,0
M20:91:variant_2,M20,M20:91,ALL,M4,1,0,False,0
M20:91:variant_2,M20,M20:91,R1,M4,1,0,False,0
M20:91:variant_2,M20,M20:91,R5,M4,1,0,False,0
M20:91:variant_3,M20,M20:91,ALL,M4,1,0,False,0
M20:91:variant_3,M20,M20:91,R1,M4,1,0,False,0
M20:91:variant_4,M20,M20:91,ALL,M4,1,0,False,0
M20:91:variant_4,M20,M20:91,R1,M4,1,0,False,0
M20:91:variant_4,M20,M20:91,R5,M4,1,0,False,0
M20:92:variant_1,M20,M20:92,ALL,M4,1,0,False,0
M20:92:variant_1,M20,M20:92,R1,M4,1,0,False,0
M20:92:variant_1,M20,M20:92,R5,M4,1,0,False,0
M20:92:variant_2,M20,M20:92,ALL,M4,1,0,False,0
M20:92:variant_2,M20,M20:92,R1,M4,1,0,False,0
M20:92:variant_2,M20,M20:92,R5,M4,1,0,False,0
M20:92:variant_3,M20,M20:92,ALL,M4,1,0,False,0
M20:92:variant_3,M20,M20:92,R1,M4,1,0,False,0
M20:92:variant_4,M20,M20:92,ALL,M4,1,0,False,0
M20:92:variant_4,M20,M20:92,R1,M4,1,0,False,0
M20:93:variant_1,M20,M20:93,ALL,M4,1,1,True,0
M20:93:variant_1,M20,M20:93,R1,M4,1,1,True,0
M20:93:variant_1,M20,M20:93,R5,M4,1,1,True,0
M20:93:variant_2,M20,M20:93,ALL,M4,1,1,True,0
M20:93:variant_2,M20,M20:93,R1,M4,1,1,True,0
M20:93:variant_2,M20,M20:93,R5,M4,1,1,True,0
M20:93:variant_3,M20,M20:93,ALL,M4,1,1,True,0
M20:93:variant_3,M20,M20:93,R1,M4,1,1,True,0
M20:93:variant_3,M20,M20:93,R5,M4,1,1,True,0
M20:93:variant_4,M20,M20:93,ALL,M4,1,1,True,0
M20:93:variant_4,M20,M20:93,R1,M4,1,1,True,0
M20:93:variant_4,M20,M20:93,R5,M4,1,1,True,0
M20:94:variant_1,M20,M20:94,ALL,M4,1,1,True,0
M20:94:variant_1,M20,M20:94,R1,M4,1,1,True,0
M20:94:variant_1,M20,M20:94,R5,M4,1,1,True,0
M20:94:variant_2,M20,M20:94,ALL,M4,1,0,False,0
M20:94:variant_2,M20,M20:94,R1,M4,1,0,False,0
M20:94:variant_2,M20,M20:94,R5,M4,1,0,False,0
M20:94:variant_3,M20,M20:94,ALL,M4,1,1,True,0
M20:94:variant_3,M20,M20:94,R1,M4,1,1,True,0
M20:94:variant_3,M20,M20:94,R5,M4,1,1,True,0
M20:94:variant_4,M20,M20:94,ALL,M4,1,0,False,0
M20:94:variant_4,M20,M20:94,R1,M4,1,0,False,0
M20:94:variant_4,M20,M20:94,R5,M4,1,0,False,0
M20:95:variant_1,M20,M20:95,ALL,M4,1,1,True,0
M20:95:variant_1,M20,M20:95,R1,M4,1,1,True,0
M20:95:variant_2,M20,M20:95,ALL,M4,1,0,False,1
M20:95:variant_2,M20,M20:95,R1,M4,1,0,False,1
M20:95:variant_2,M20,M20:95,R5,M4,1,0,False,1
M20:95:variant_3,M20,M20:95,ALL,M4,1,1,True,0
M20:95:variant_3,M20,M20:95,R1,M4,1,1,True,0
M20:95:variant_3,M20,M20:95,R5,M4,1,1,True,0
M20:95:variant_4,M20,M20:95,ALL,M4,1,1,True,0
M20:95:variant_4,M20,M20:95,R1,M4,1,1,True,0
M20:95:variant_4,M20,M20:95,R5,M4,1,1,True,0
M20:96:variant_1,M20,M20:96,ALL,M4,1,0,False,0
M20:96:variant_1,M20,M20:96,R1,M4,1,0,False,0
M20:96:variant_1,M20,M20:96,R5,M4,1,0,False,0
M20:96:variant_2,M20,M20:96,ALL,M4,1,0,False,0
M20:96:variant_2,M20,M20:96,R1,M4,1,0,False,0
M20:96:variant_3,M20,M20:96,ALL,M4,1,1,True,0
M20:96:variant_3,M20,M20:96,R1,M4,1,1,True,0
M20:96:variant_3,M20,M20:96,R5,M4,1,1,True,0
M20:96:variant_4,M20,M20:96,ALL,M4,1,1,True,0
M20:96:variant_4,M20,M20:96,R1,M4,1,1,True,0
M20:96:variant_4,M20,M20:96,R5,M4,1,1,True,0
M20:97:variant_1,M20,M20:97,ALL,M4,1,0,False,0
M20:97:variant_1,M20,M20:97,R1,M4,1,0,False,0
M20:97:variant_1,M20,M20:97,R5,M4,1,0,False,0
M20:97:variant_2,M20,M20:97,ALL,M4,1,0,False,0
M20:97:variant_2,M20,M20:97,R1,M4,1,0,False,0
M20:97:variant_3,M20,M20:97,ALL,M4,1,0,False,0
M20:97:variant_3,M20,M20:97,R1,M4,1,0,False,0
M20:97:variant_4,M20,M20:97,ALL,M4,1,0,False,0
M20:97:variant_4,M20,M20:97,R1,M4,1,0,False,0
M20:97:variant_4,M20,M20:97,R5,M4,1,0,False,0
M20:98:variant_1,M20,M20:98,ALL,M4,1,0,False,0
M20:98:variant_1,M20,M20:98,R1,M4,1,0,False,0
M20:98:variant_2,M20,M20:98,ALL,M4,1,1,True,0
M20:98:variant_2,M20,M20:98,R1,M4,1,1,True,0
M20:98:variant_3,M20,M20:98,ALL,M4,1,0,False,0
M20:98:variant_3,M20,M20:98,R1,M4,1,0,False,0
M20:98:variant_4,M20,M20:98,ALL,M4,1,0,False,0
M20:98:variant_4,M20,M20:98,R1,M4,1,0,False,0
M20:9:variant_1,M20,M20:9,ALL,M4,1,0,False,0
M20:9:variant_1,M20,M20:9,R1,M4,1,0,False,0
M20:9:variant_2,M20,M20:9,ALL,M4,1,0,False,0
M20:9:variant_2,M20,M20:9,R1,M4,1,0,False,0
M20:9:variant_2,M20,M20:9,R5,M4,1,0,False,0
M20:9:variant_3,M20,M20:9,ALL,M4,1,0,False,0
M20:9:variant_3,M20,M20:9,R1,M4,1,0,False,0
M20:9:variant_4,M20,M20:9,ALL,M4,1,1,True,0
M20:9:variant_4,M20,M20:9,R1,M4,1,1,True,0
M20:9:variant_4,M20,M20:9,R5,M4,1,1,True,0
M22:bioasq/5be44bef133db5eb78000014:cf_group,M22,M22:bioasq/5be44bef133db5eb78000014,ALL,M4,5,1,True,0
M22:bioasq/5be44bef133db5eb78000014:cf_group,M22,M22:bioasq/5be44bef133db5eb78000014,R5,M4,5,1,True,0
M22:bioasq/5be49287133db5eb7800001e:cf_group,M22,M22:bioasq/5be49287133db5eb7800001e,ALL,M4,5,0.4,False,0
M22:bioasq/5be49287133db5eb7800001e:cf_group,M22,M22:bioasq/5be49287133db5eb7800001e,R5,M4,5,0.4,False,0
M22:bioasq/5c52028807ef653866000009:cf_group,M22,M22:bioasq/5c52028807ef653866000009,ALL,M4,5,0.6,False,0
M22:bioasq/5c52028807ef653866000009:cf_group,M22,M22:bioasq/5c52028807ef653866000009,R5,M4,5,0.6,False,0
M22:bioasq/5c52cde87e3cb0e23100000e:cf_group,M22,M22:bioasq/5c52cde87e3cb0e23100000e,ALL,M4,5,0.6,False,0
M22:bioasq/5c52cde87e3cb0e23100000e:cf_group,M22,M22:bioasq/5c52cde87e3cb0e23100000e,R5,M4,5,0.6,False,0
M22:bioasq/5c58a74e86df2b917400000d:cf_group,M22,M22:bioasq/5c58a74e86df2b917400000d,ALL,M4,5,1,True,0
M22:bioasq/5c58a74e86df2b917400000d:cf_group,M22,M22:bioasq/5c58a74e86df2b917400000d,R5,M4,5,1,True,0
M22:bioasq/5c5b2f4b1a4c55d80b000001:cf_group,M22,M22:bioasq/5c5b2f4b1a4c55d80b000001,ALL,M4,5,0.8,False,0
M22:bioasq/5c5b2f4b1a4c55d80b000001:cf_group,M22,M22:bioasq/5c5b2f4b1a4c55d80b000001,R5,M4,5,0.8,False,0
M22:bioasq/5c647c52e842deac6700001c:cf_group,M22,M22:bioasq/5c647c52e842deac6700001c,ALL,M4,5,0.8,False,0
M22:bioasq/5c647c52e842deac6700001c:cf_group,M22,M22:bioasq/5c647c52e842deac6700001c,R5,M4,5,0.8,False,0
M22:bioasq/5c6582207c78d69471000001:cf_group,M22,M22:bioasq/5c6582207c78d69471000001,ALL,M4,5,1,True,0
M22:bioasq/5c6582207c78d69471000001:cf_group,M22,M22:bioasq/5c6582207c78d69471000001,R5,M4,5,1,True,0
M22:bioasq/5c6583117c78d69471000002:cf_group,M22,M22:bioasq/5c6583117c78d69471000002,ALL,M4,5,0.8,False,0
M22:bioasq/5c6583117c78d69471000002:cf_group,M22,M22:bioasq/5c6583117c78d69471000002,R5,M4,5,0.8,False,0
M22:bioasq/5c6b198f7c78d69471000025:cf_group,M22,M22:bioasq/5c6b198f7c78d69471000025,ALL,M4,5,1,True,0
M22:bioasq/5c6b198f7c78d69471000025:cf_group,M22,M22:bioasq/5c6b198f7c78d69471000025,R5,M4,5,1,True,0
M22:bioasq/5c6f6ae37c78d69471000054:cf_group,M22,M22:bioasq/5c6f6ae37c78d69471000054,ALL,M4,5,1,True,0
M22:bioasq/5c6f6ae37c78d69471000054:cf_group,M22,M22:bioasq/5c6f6ae37c78d69471000054,R5,M4,5,1,True,0
M22:bioasq/5c6f6d997c78d69471000055:cf_group,M22,M22:bioasq/5c6f6d997c78d69471000055,ALL,M4,5,0.8,False,0
M22:bioasq/5c6f6d997c78d69471000055:cf_group,M22,M22:bioasq/5c6f6d997c78d69471000055,R5,M4,5,0.8,False,0
M22:bioasq/5c72768a7c78d6947100006c:cf_group,M22,M22:bioasq/5c72768a7c78d6947100006c,ALL,M4,5,1,True,0
M22:bioasq/5c72768a7c78d6947100006c:cf_group,M22,M22:bioasq/5c72768a7c78d6947100006c,R5,M4,5,1,True,0
M22:bioasq/5c72ba807c78d69471000076:cf_group,M22,M22:bioasq/5c72ba807c78d69471000076,ALL,M4,5,1,True,0
M22:bioasq/5c72ba807c78d69471000076:cf_group,M22,M22:bioasq/5c72ba807c78d69471000076,R5,M4,5,1,True,0
M22:bioasq/5c73acea7c78d69471000085:cf_group,M22,M22:bioasq/5c73acea7c78d69471000085,ALL,M4,5,1,True,0
M22:bioasq/5c73acea7c78d69471000085:cf_group,M22,M22:bioasq/5c73acea7c78d69471000085,R5,M4,5,1,True,0
M22:bioasq/5c73aced7c78d69471000087:cf_group,M22,M22:bioasq/5c73aced7c78d69471000087,ALL,M4,5,0.8,False,0
M22:bioasq/5c73aced7c78d69471000087:cf_group,M22,M22:bioasq/5c73aced7c78d69471000087,R5,M4,5,0.8,False,0
M22:bioasq/5c73ad347c78d69471000098:cf_group,M22,M22:bioasq/5c73ad347c78d69471000098,ALL,M4,5,0.8,False,0
M22:bioasq/5c73ad347c78d69471000098:cf_group,M22,M22:bioasq/5c73ad347c78d69471000098,R5,M4,5,0.8,False,0
M22:bioasq/5c8fea130101eac87000000d:cf_group,M22,M22:bioasq/5c8fea130101eac87000000d,ALL,M4,5,0.8,False,0
M22:bioasq/5c8fea130101eac87000000d:cf_group,M22,M22:bioasq/5c8fea130101eac87000000d,R5,M4,5,0.8,False,0
M22:bioasq/5c915e51ecadf2e73f00000c:cf_group,M22,M22:bioasq/5c915e51ecadf2e73f00000c,ALL,M4,5,1,True,0
M22:bioasq/5c915e51ecadf2e73f00000c:cf_group,M22,M22:bioasq/5c915e51ecadf2e73f00000c,R5,M4,5,1,True,0
M22:bioasq/5c92159becadf2e73f000012:cf_group,M22,M22:bioasq/5c92159becadf2e73f000012,ALL,M4,5,1,True,0
M22:bioasq/5c92159becadf2e73f000012:cf_group,M22,M22:bioasq/5c92159becadf2e73f000012,R5,M4,5,1,True,0
M22:bioasq/5e290a268b3851296d00000d:cf_group,M22,M22:bioasq/5e290a268b3851296d00000d,ALL,M4,5,0.6,False,0
M22:bioasq/5e290a268b3851296d00000d:cf_group,M22,M22:bioasq/5e290a268b3851296d00000d,R5,M4,5,0.6,False,0
M22:bioasq/5e2b253ffbd6abf43b000006:cf_group,M22,M22:bioasq/5e2b253ffbd6abf43b000006,ALL,M4,5,0.8,False,1
M22:bioasq/5e2b253ffbd6abf43b000006:cf_group,M22,M22:bioasq/5e2b253ffbd6abf43b000006,R5,M4,5,0.8,False,1
M22:bioasq/5e2dac4efbd6abf43b00000f:cf_group,M22,M22:bioasq/5e2dac4efbd6abf43b00000f,ALL,M4,5,1,True,0
M22:bioasq/5e2dac4efbd6abf43b00000f:cf_group,M22,M22:bioasq/5e2dac4efbd6abf43b00000f,R5,M4,5,1,True,0
M22:bioasq/5e30f638fbd6abf43b000045:cf_group,M22,M22:bioasq/5e30f638fbd6abf43b000045,ALL,M4,5,1,True,0
M22:bioasq/5e30f638fbd6abf43b000045:cf_group,M22,M22:bioasq/5e30f638fbd6abf43b000045,R5,M4,5,1,True,0
M22:bioasq/5e31c4adfbd6abf43b00004d:cf_group,M22,M22:bioasq/5e31c4adfbd6abf43b00004d,ALL,M4,5,1,True,0
M22:bioasq/5e31c4adfbd6abf43b00004d:cf_group,M22,M22:bioasq/5e31c4adfbd6abf43b00004d,R5,M4,5,1,True,0
M22:bioasq/5e323780fbd6abf43b000055:cf_group,M22,M22:bioasq/5e323780fbd6abf43b000055,ALL,M4,5,0.8,False,0
M22:bioasq/5e323780fbd6abf43b000055:cf_group,M22,M22:bioasq/5e323780fbd6abf43b000055,R5,M4,5,0.8,False,0
M22:bioasq/5e3238bcfbd6abf43b000056:cf_group,M22,M22:bioasq/5e3238bcfbd6abf43b000056,ALL,M4,5,1,True,0
M22:bioasq/5e3238bcfbd6abf43b000056:cf_group,M22,M22:bioasq/5e3238bcfbd6abf43b000056,R5,M4,5,1,True,0
M22:bioasq/5e323e93fbd6abf43b000059:cf_group,M22,M22:bioasq/5e323e93fbd6abf43b000059,ALL,M4,5,1,True,0
M22:bioasq/5e323e93fbd6abf43b000059:cf_group,M22,M22:bioasq/5e323e93fbd6abf43b000059,R5,M4,5,1,True,0
M22:bioasq/5e3709a4b5b409ea53000012:cf_group,M22,M22:bioasq/5e3709a4b5b409ea53000012,ALL,M4,5,1,True,0
M22:bioasq/5e3709a4b5b409ea53000012:cf_group,M22,M22:bioasq/5e3709a4b5b409ea53000012,R5,M4,5,1,True,0
M22:bioasq/5e3e843748dab47f26000007:cf_group,M22,M22:bioasq/5e3e843748dab47f26000007,ALL,M4,5,0.8,False,0
M22:bioasq/5e3e843748dab47f26000007:cf_group,M22,M22:bioasq/5e3e843748dab47f26000007,R5,M4,5,0.8,False,0
M22:bioasq/5e44bdba48dab47f2600001c:cf_group,M22,M22:bioasq/5e44bdba48dab47f2600001c,ALL,M4,5,1,True,0
M22:bioasq/5e44bdba48dab47f2600001c:cf_group,M22,M22:bioasq/5e44bdba48dab47f2600001c,R5,M4,5,1,True,0
M22:bioasq/5e46bf743f54159529000008:cf_group,M22,M22:bioasq/5e46bf743f54159529000008,ALL,M4,5,1,True,0
M22:bioasq/5e46bf743f54159529000008:cf_group,M22,M22:bioasq/5e46bf743f54159529000008,R5,M4,5,1,True,0
M22:bioasq/5e46fda33f54159529000012:cf_group,M22,M22:bioasq/5e46fda33f54159529000012,ALL,M4,5,1,True,0
M22:bioasq/5e46fda33f54159529000012:cf_group,M22,M22:bioasq/5e46fda33f54159529000012,R5,M4,5,1,True,0
M22:bioasq/5e47656935b8f0833c000004:cf_group,M22,M22:bioasq/5e47656935b8f0833c000004,ALL,M4,5,1,True,0
M22:bioasq/5e47656935b8f0833c000004:cf_group,M22,M22:bioasq/5e47656935b8f0833c000004,R5,M4,5,1,True,0
M22:bioasq/5e48e0e0f8b2df0d49000001:cf_group,M22,M22:bioasq/5e48e0e0f8b2df0d49000001,ALL,M4,5,1,True,0
M22:bioasq/5e48e0e0f8b2df0d49000001:cf_group,M22,M22:bioasq/5e48e0e0f8b2df0d49000001,R5,M4,5,1,True,0
M22:bioasq/5e4adcbe6d0a277941000017:cf_group,M22,M22:bioasq/5e4adcbe6d0a277941000017,ALL,M4,5,0.2,False,0
M22:bioasq/5e4adcbe6d0a277941000017:cf_group,M22,M22:bioasq/5e4adcbe6d0a277941000017,R5,M4,5,0.2,False,0
M22:bioasq/5e4b5fd86d0a277941000022:cf_group,M22,M22:bioasq/5e4b5fd86d0a277941000022,ALL,M4,5,1,True,0
M22:bioasq/5e4b5fd86d0a277941000022:cf_group,M22,M22:bioasq/5e4b5fd86d0a277941000022,R5,M4,5,1,True,0
M22:bioasq/5e4b639c6d0a277941000027:cf_group,M22,M22:bioasq/5e4b639c6d0a277941000027,ALL,M4,5,1,True,0
M22:bioasq/5e4b639c6d0a277941000027:cf_group,M22,M22:bioasq/5e4b639c6d0a277941000027,R5,M4,5,1,True,0
M22:bioasq/5e52c9266d0a27794100004e:cf_group,M22,M22:bioasq/5e52c9266d0a27794100004e,ALL,M4,5,0.6,False,0
M22:bioasq/5e52c9266d0a27794100004e:cf_group,M22,M22:bioasq/5e52c9266d0a27794100004e,R5,M4,5,0.6,False,0
M22:bioasq/5e52c96b6d0a27794100004f:cf_group,M22,M22:bioasq/5e52c96b6d0a27794100004f,ALL,M4,5,0.8,False,0
M22:bioasq/5e52c96b6d0a27794100004f:cf_group,M22,M22:bioasq/5e52c96b6d0a27794100004f,R5,M4,5,0.8,False,0
M22:bioasq/5e64ed381af46fc130000015:cf_group,M22,M22:bioasq/5e64ed381af46fc130000015,ALL,M4,5,1,True,0
M22:bioasq/5e64ed381af46fc130000015:cf_group,M22,M22:bioasq/5e64ed381af46fc130000015,R5,M4,5,1,True,0
M22:bioasq/5e6f774ec6a8763d23000009:cf_group,M22,M22:bioasq/5e6f774ec6a8763d23000009,ALL,M4,5,1,True,0
M22:bioasq/5e6f774ec6a8763d23000009:cf_group,M22,M22:bioasq/5e6f774ec6a8763d23000009,R5,M4,5,1,True,0
M22:bioasq/5e763c3fc6a8763d23000010:cf_group,M22,M22:bioasq/5e763c3fc6a8763d23000010,ALL,M4,5,1,True,0
M22:bioasq/5e763c3fc6a8763d23000010:cf_group,M22,M22:bioasq/5e763c3fc6a8763d23000010,R5,M4,5,1,True,0
M22:bioasq/5e764732c6a8763d23000017:cf_group,M22,M22:bioasq/5e764732c6a8763d23000017,ALL,M4,5,0.8,False,0
M22:bioasq/5e764732c6a8763d23000017:cf_group,M22,M22:bioasq/5e764732c6a8763d23000017,R5,M4,5,0.8,False,0
M22:bioasq/5e766256835f4e4777000003:cf_group,M22,M22:bioasq/5e766256835f4e4777000003,ALL,M4,5,1,True,0
M22:bioasq/5e766256835f4e4777000003:cf_group,M22,M22:bioasq/5e766256835f4e4777000003,R5,M4,5,1,True,0
M22:bioasq/5e776541835f4e4777000009:cf_group,M22,M22:bioasq/5e776541835f4e4777000009,ALL,M4,5,0.2,False,0
M22:bioasq/5e776541835f4e4777000009:cf_group,M22,M22:bioasq/5e776541835f4e4777000009,R5,M4,5,0.2,False,0
M22:bioasq/5e806ff7835f4e4777000027:cf_group,M22,M22:bioasq/5e806ff7835f4e4777000027,ALL,M4,5,1,True,0
M22:bioasq/5e806ff7835f4e4777000027:cf_group,M22,M22:bioasq/5e806ff7835f4e4777000027,R5,M4,5,1,True,0
M22:bioasq/5e8220e6835f4e4777000032:cf_group,M22,M22:bioasq/5e8220e6835f4e4777000032,ALL,M4,5,1,True,0
M22:bioasq/5e8220e6835f4e4777000032:cf_group,M22,M22:bioasq/5e8220e6835f4e4777000032,R5,M4,5,1,True,0
M22:bioasq/5fdb2ee4a43ad3127800000f:cf_group,M22,M22:bioasq/5fdb2ee4a43ad3127800000f,ALL,M4,5,0.4,False,0
M22:bioasq/5fdb2ee4a43ad3127800000f:cf_group,M22,M22:bioasq/5fdb2ee4a43ad3127800000f,R5,M4,5,0.4,False,0
M22:bioasq/5fe31319a43ad31278000046:cf_group,M22,M22:bioasq/5fe31319a43ad31278000046,ALL,M4,5,1,True,0
M22:bioasq/5fe31319a43ad31278000046:cf_group,M22,M22:bioasq/5fe31319a43ad31278000046,R5,M4,5,1,True,0
M22:bioasq/601c44ab1cb411341a00001c:cf_group,M22,M22:bioasq/601c44ab1cb411341a00001c,ALL,M4,5,0.6,False,0
M22:bioasq/601c44ab1cb411341a00001c:cf_group,M22,M22:bioasq/601c44ab1cb411341a00001c,R5,M4,5,0.6,False,0
M22:bioasq/601c4ff61cb411341a000022:cf_group,M22,M22:bioasq/601c4ff61cb411341a000022,ALL,M4,5,1,True,0
M22:bioasq/601c4ff61cb411341a000022:cf_group,M22,M22:bioasq/601c4ff61cb411341a000022,R5,M4,5,1,True,0
M22:bioasq/601efda31cb411341a000069:cf_group,M22,M22:bioasq/601efda31cb411341a000069,ALL,M4,5,1,True,0
M22:bioasq/601efda31cb411341a000069:cf_group,M22,M22:bioasq/601efda31cb411341a000069,R5,M4,5,1,True,0
M22:bioasq/601fff6a1cb411341a00007b:cf_group,M22,M22:bioasq/601fff6a1cb411341a00007b,ALL,M4,5,1,True,0
M22:bioasq/601fff6a1cb411341a00007b:cf_group,M22,M22:bioasq/601fff6a1cb411341a00007b,R5,M4,5,1,True,0
M22:bioasq/602498cb1cb411341a00009e:cf_group,M22,M22:bioasq/602498cb1cb411341a00009e,ALL,M4,5,1,True,0
M22:bioasq/602498cb1cb411341a00009e:cf_group,M22,M22:bioasq/602498cb1cb411341a00009e,R5,M4,5,1,True,0
M22:bioasq/602599251cb411341a0000b1:cf_group,M22,M22:bioasq/602599251cb411341a0000b1,ALL,M4,5,0.6,False,0
M22:bioasq/602599251cb411341a0000b1:cf_group,M22,M22:bioasq/602599251cb411341a0000b1,R5,M4,5,0.6,False,0
M22:bioasq/60259fe91cb411341a0000b3:cf_group,M22,M22:bioasq/60259fe91cb411341a0000b3,ALL,M4,5,1,True,0
M22:bioasq/60259fe91cb411341a0000b3:cf_group,M22,M22:bioasq/60259fe91cb411341a0000b3,R5,M4,5,1,True,0
M22:bioasq/6026c1071cb411341a0000cb:cf_group,M22,M22:bioasq/6026c1071cb411341a0000cb,ALL,M4,5,1,True,0
M22:bioasq/6026c1071cb411341a0000cb:cf_group,M22,M22:bioasq/6026c1071cb411341a0000cb,R5,M4,5,1,True,0
M22:bioasq/6027f7171cb411341a0000ec:cf_group,M22,M22:bioasq/6027f7171cb411341a0000ec,ALL,M4,5,0.8,False,0
M22:bioasq/6027f7171cb411341a0000ec:cf_group,M22,M22:bioasq/6027f7171cb411341a0000ec,R5,M4,5,0.8,False,0
M22:bioasq/602c2ade1cb411341a000124:cf_group,M22,M22:bioasq/602c2ade1cb411341a000124,ALL,M4,5,1,True,0
M22:bioasq/602c2ade1cb411341a000124:cf_group,M22,M22:bioasq/602c2ade1cb411341a000124,R5,M4,5,1,True,0
M22:bioasq/603213ea1cb411341a000131:cf_group,M22,M22:bioasq/603213ea1cb411341a000131,ALL,M4,5,1,True,0
M22:bioasq/603213ea1cb411341a000131:cf_group,M22,M22:bioasq/603213ea1cb411341a000131,R5,M4,5,1,True,0
M22:bioasq/6032187e1cb411341a000132:cf_group,M22,M22:bioasq/6032187e1cb411341a000132,ALL,M4,5,1,True,0
M22:bioasq/6032187e1cb411341a000132:cf_group,M22,M22:bioasq/6032187e1cb411341a000132,R5,M4,5,1,True,0
M22:bioasq/60324b771cb411341a000139:cf_group,M22,M22:bioasq/60324b771cb411341a000139,ALL,M4,5,1,True,0
M22:bioasq/60324b771cb411341a000139:cf_group,M22,M22:bioasq/60324b771cb411341a000139,R5,M4,5,1,True,0
M22:bioasq/60354a7b1cb411341a000154:cf_group,M22,M22:bioasq/60354a7b1cb411341a000154,ALL,M4,5,1,True,0
M22:bioasq/60354a7b1cb411341a000154:cf_group,M22,M22:bioasq/60354a7b1cb411341a000154,R5,M4,5,1,True,0
M22:bioasq/603bc16b1cb411341a000158:cf_group,M22,M22:bioasq/603bc16b1cb411341a000158,ALL,M4,5,1,True,0
M22:bioasq/603bc16b1cb411341a000158:cf_group,M22,M22:bioasq/603bc16b1cb411341a000158,R5,M4,5,1,True,0
M22:bioasq/6056fbfc94d57fd87900001d:cf_group,M22,M22:bioasq/6056fbfc94d57fd87900001d,ALL,M4,5,1,True,0
M22:bioasq/6056fbfc94d57fd87900001d:cf_group,M22,M22:bioasq/6056fbfc94d57fd87900001d,R5,M4,5,1,True,0
M22:bioasq/605e3c8294d57fd879000037:cf_group,M22,M22:bioasq/605e3c8294d57fd879000037,ALL,M4,5,0.8,False,0
M22:bioasq/605e3c8294d57fd879000037:cf_group,M22,M22:bioasq/605e3c8294d57fd879000037,R5,M4,5,0.8,False,0
M22:bioasq/606b718994d57fd87900006b:cf_group,M22,M22:bioasq/606b718994d57fd87900006b,ALL,M4,5,1,True,0
M22:bioasq/606b718994d57fd87900006b:cf_group,M22,M22:bioasq/606b718994d57fd87900006b,R5,M4,5,1,True,0
M22:bioasq/61f5f89b882a024a10000019:cf_group,M22,M22:bioasq/61f5f89b882a024a10000019,ALL,M4,5,1,True,0
M22:bioasq/61f5f89b882a024a10000019:cf_group,M22,M22:bioasq/61f5f89b882a024a10000019,R5,M4,5,1,True,0
M22:bioasq/61f938e7882a024a10000049:cf_group,M22,M22:bioasq/61f938e7882a024a10000049,ALL,M4,5,0,False,0
M22:bioasq/61f938e7882a024a10000049:cf_group,M22,M22:bioasq/61f938e7882a024a10000049,R5,M4,5,0,False,0
M22:bioasq/61f93cc7882a024a1000004c:cf_group,M22,M22:bioasq/61f93cc7882a024a1000004c,ALL,M4,5,1,True,0
M22:bioasq/61f93cc7882a024a1000004c:cf_group,M22,M22:bioasq/61f93cc7882a024a1000004c,R5,M4,5,1,True,0
M22:bioasq/61fa904fc9dfcb9c09000004:cf_group,M22,M22:bioasq/61fa904fc9dfcb9c09000004,ALL,M4,5,0.8,False,1
M22:bioasq/61fa904fc9dfcb9c09000004:cf_group,M22,M22:bioasq/61fa904fc9dfcb9c09000004,R5,M4,5,0.8,False,1
M22:bioasq/6201a85cc9dfcb9c0900002a:cf_group,M22,M22:bioasq/6201a85cc9dfcb9c0900002a,ALL,M4,5,1,True,0
M22:bioasq/6201a85cc9dfcb9c0900002a:cf_group,M22,M22:bioasq/6201a85cc9dfcb9c0900002a,R5,M4,5,1,True,0
M22:bioasq/62121c583a8413c653000016:cf_group,M22,M22:bioasq/62121c583a8413c653000016,ALL,M4,5,0.6,False,0
M22:bioasq/62121c583a8413c653000016:cf_group,M22,M22:bioasq/62121c583a8413c653000016,R5,M4,5,0.6,False,0
M22:bioasq/6217db763a8413c653000028:cf_group,M22,M22:bioasq/6217db763a8413c653000028,ALL,M4,5,1,True,0
M22:bioasq/6217db763a8413c653000028:cf_group,M22,M22:bioasq/6217db763a8413c653000028,R5,M4,5,1,True,0
M22:bioasq/6217e1ac3a8413c653000031:cf_group,M22,M22:bioasq/6217e1ac3a8413c653000031,ALL,M4,5,1,True,0
M22:bioasq/6217e1ac3a8413c653000031:cf_group,M22,M22:bioasq/6217e1ac3a8413c653000031,R5,M4,5,1,True,0
M22:bioasq/623a24d6f0baec9a1b000002:cf_group,M22,M22:bioasq/623a24d6f0baec9a1b000002,ALL,M4,5,1,True,0
M22:bioasq/623a24d6f0baec9a1b000002:cf_group,M22,M22:bioasq/623a24d6f0baec9a1b000002,R5,M4,5,1,True,0
M22:bioasq/627926bc56bf9aee6f00001a:cf_group,M22,M22:bioasq/627926bc56bf9aee6f00001a,ALL,M4,5,0.2,False,0
M22:bioasq/627926bc56bf9aee6f00001a:cf_group,M22,M22:bioasq/627926bc56bf9aee6f00001a,R5,M4,5,0.2,False,0
M22:bioasq/63ee5eeaf36125a426000002:cf_group,M22,M22:bioasq/63ee5eeaf36125a426000002,ALL,M4,5,1,True,0
M22:bioasq/63ee5eeaf36125a426000002:cf_group,M22,M22:bioasq/63ee5eeaf36125a426000002,R5,M4,5,1,True,0
M22:bioasq/63eef94ff36125a426000010:cf_group,M22,M22:bioasq/63eef94ff36125a426000010,ALL,M4,5,0.2,False,0
M22:bioasq/63eef94ff36125a426000010:cf_group,M22,M22:bioasq/63eef94ff36125a426000010,R5,M4,5,0.2,False,0
M22:bioasq/63f02b50f36125a426000014:cf_group,M22,M22:bioasq/63f02b50f36125a426000014,ALL,M4,5,1,True,0
M22:bioasq/63f02b50f36125a426000014:cf_group,M22,M22:bioasq/63f02b50f36125a426000014,R5,M4,5,1,True,0
M22:bioasq/63f9cbb433942b094c00000c:cf_group,M22,M22:bioasq/63f9cbb433942b094c00000c,ALL,M4,5,1,True,0
M22:bioasq/63f9cbb433942b094c00000c:cf_group,M22,M22:bioasq/63f9cbb433942b094c00000c,R5,M4,5,1,True,0
M22:bioasq/63f9ee5c33942b094c000014:cf_group,M22,M22:bioasq/63f9ee5c33942b094c000014,ALL,M4,5,1,True,0
M22:bioasq/63f9ee5c33942b094c000014:cf_group,M22,M22:bioasq/63f9ee5c33942b094c000014,R5,M4,5,1,True,0
M22:bioasq/6404199d201352f04a000019:cf_group,M22,M22:bioasq/6404199d201352f04a000019,ALL,M4,5,1,True,0
M22:bioasq/6404199d201352f04a000019:cf_group,M22,M22:bioasq/6404199d201352f04a000019,R5,M4,5,1,True,0
M22:bioasq/640c821c201352f04a000023:cf_group,M22,M22:bioasq/640c821c201352f04a000023,ALL,M4,5,1,True,0
M22:bioasq/640c821c201352f04a000023:cf_group,M22,M22:bioasq/640c821c201352f04a000023,R5,M4,5,1,True,0
M22:bioasq/6415b7b8690f196b5100000c:cf_group,M22,M22:bioasq/6415b7b8690f196b5100000c,ALL,M4,5,0.4,False,0
M22:bioasq/6415b7b8690f196b5100000c:cf_group,M22,M22:bioasq/6415b7b8690f196b5100000c,R5,M4,5,0.4,False,0
M22:bioasq/6415ca99690f196b51000019:cf_group,M22,M22:bioasq/6415ca99690f196b51000019,ALL,M4,5,1,True,0
M22:bioasq/6415ca99690f196b51000019:cf_group,M22,M22:bioasq/6415ca99690f196b51000019,R5,M4,5,1,True,0
M22:bioasq/641ad941690f196b5100003d:cf_group,M22,M22:bioasq/641ad941690f196b5100003d,ALL,M4,5,1,True,0
M22:bioasq/641ad941690f196b5100003d:cf_group,M22,M22:bioasq/641ad941690f196b5100003d,R5,M4,5,1,True,0
M22:bioasq/641c516d690f196b5100003f:cf_group,M22,M22:bioasq/641c516d690f196b5100003f,ALL,M4,5,1,True,0
M22:bioasq/641c516d690f196b5100003f:cf_group,M22,M22:bioasq/641c516d690f196b5100003f,R5,M4,5,1,True,0
M22:bioasq/644efd2c57b1c7a315000085:cf_group,M22,M22:bioasq/644efd2c57b1c7a315000085,ALL,M4,5,1,True,0
M22:bioasq/644efd2c57b1c7a315000085:cf_group,M22,M22:bioasq/644efd2c57b1c7a315000085,R5,M4,5,1,True,0
M22:medqa/0000:cf_group,M22,M22:medqa/0000,ALL,M4,5,0,False,0
M22:medqa/0000:cf_group,M22,M22:medqa/0000,R5,M4,5,0,False,0
M22:medqa/0010:cf_group,M22,M22:medqa/0010,ALL,M4,5,0.6,False,0
M22:medqa/0010:cf_group,M22,M22:medqa/0010,R5,M4,5,0.6,False,0
M22:medqa/0015:cf_group,M22,M22:medqa/0015,ALL,M4,5,1,True,0
M22:medqa/0015:cf_group,M22,M22:medqa/0015,R5,M4,5,1,True,0
M22:medqa/0030:cf_group,M22,M22:medqa/0030,ALL,M4,5,0.8,False,0
M22:medqa/0030:cf_group,M22,M22:medqa/0030,R5,M4,5,0.8,False,0
M22:medqa/0034:cf_group,M22,M22:medqa/0034,ALL,M4,5,0.8,False,0
M22:medqa/0034:cf_group,M22,M22:medqa/0034,R5,M4,5,0.8,False,0
M22:medqa/0037:cf_group,M22,M22:medqa/0037,ALL,M4,5,0.8,False,0
M22:medqa/0037:cf_group,M22,M22:medqa/0037,R5,M4,5,0.8,False,0
M22:medqa/0063:cf_group,M22,M22:medqa/0063,ALL,M4,5,1,True,0
M22:medqa/0063:cf_group,M22,M22:medqa/0063,R5,M4,5,1,True,0
M22:medqa/0065:cf_group,M22,M22:medqa/0065,ALL,M4,5,0.8,False,1
M22:medqa/0065:cf_group,M22,M22:medqa/0065,R5,M4,5,0.8,False,1
M22:medqa/0095:cf_group,M22,M22:medqa/0095,ALL,M4,5,0.6,False,0
M22:medqa/0095:cf_group,M22,M22:medqa/0095,R5,M4,5,0.6,False,0
M22:medqa/0100:cf_group,M22,M22:medqa/0100,ALL,M4,5,0,False,0
M22:medqa/0100:cf_group,M22,M22:medqa/0100,R5,M4,5,0,False,0
M22:medqa/0102:cf_group,M22,M22:medqa/0102,ALL,M4,5,1,True,0
M22:medqa/0102:cf_group,M22,M22:medqa/0102,R5,M4,5,1,True,0
M22:medqa/0103:cf_group,M22,M22:medqa/0103,ALL,M4,5,1,True,0
M22:medqa/0103:cf_group,M22,M22:medqa/0103,R5,M4,5,1,True,0
M22:medqa/0106:cf_group,M22,M22:medqa/0106,ALL,M4,5,0.2,False,0
M22:medqa/0106:cf_group,M22,M22:medqa/0106,R5,M4,5,0.2,False,0
M22:medqa/0132:cf_group,M22,M22:medqa/0132,ALL,M4,5,1,True,0
M22:medqa/0132:cf_group,M22,M22:medqa/0132,R5,M4,5,1,True,0
M22:medqa/0141:cf_group,M22,M22:medqa/0141,ALL,M4,5,0.8,False,0
M22:medqa/0141:cf_group,M22,M22:medqa/0141,R5,M4,5,0.8,False,0
M22:medqa/0144:cf_group,M22,M22:medqa/0144,ALL,M4,5,1,True,0
M22:medqa/0144:cf_group,M22,M22:medqa/0144,R5,M4,5,1,True,0
M22:medqa/0154:cf_group,M22,M22:medqa/0154,ALL,M4,5,0.8,False,0
M22:medqa/0154:cf_group,M22,M22:medqa/0154,R5,M4,5,0.8,False,0
M22:medqa/0163:cf_group,M22,M22:medqa/0163,ALL,M4,5,0.6,False,0
M22:medqa/0163:cf_group,M22,M22:medqa/0163,R5,M4,5,0.6,False,0
M22:medqa/0175:cf_group,M22,M22:medqa/0175,ALL,M4,5,0.8,False,0
M22:medqa/0175:cf_group,M22,M22:medqa/0175,R5,M4,5,0.8,False,0
M22:medqa/0188:cf_group,M22,M22:medqa/0188,ALL,M4,5,1,True,0
M22:medqa/0188:cf_group,M22,M22:medqa/0188,R5,M4,5,1,True,0
M22:medqa/0199:cf_group,M22,M22:medqa/0199,ALL,M4,5,0.6,False,0
M22:medqa/0199:cf_group,M22,M22:medqa/0199,R5,M4,5,0.6,False,0
M22:medqa/0213:cf_group,M22,M22:medqa/0213,ALL,M4,5,0.2,False,0
M22:medqa/0213:cf_group,M22,M22:medqa/0213,R5,M4,5,0.2,False,0
M22:medqa/0218:cf_group,M22,M22:medqa/0218,ALL,M4,5,1,True,0
M22:medqa/0218:cf_group,M22,M22:medqa/0218,R5,M4,5,1,True,0
M22:medqa/0230:cf_group,M22,M22:medqa/0230,ALL,M4,5,0.8,False,1
M22:medqa/0230:cf_group,M22,M22:medqa/0230,R5,M4,5,0.8,False,1
M22:medqa/0239:cf_group,M22,M22:medqa/0239,ALL,M4,5,0.8,False,0
M22:medqa/0239:cf_group,M22,M22:medqa/0239,R5,M4,5,0.8,False,0
M22:medqa/0248:cf_group,M22,M22:medqa/0248,ALL,M4,5,0.6,False,0
M22:medqa/0248:cf_group,M22,M22:medqa/0248,R5,M4,5,0.6,False,0
M22:medqa/0255:cf_group,M22,M22:medqa/0255,ALL,M4,5,1,True,0
M22:medqa/0255:cf_group,M22,M22:medqa/0255,R5,M4,5,1,True,0
M22:medqa/0275:cf_group,M22,M22:medqa/0275,ALL,M4,5,1,True,0
M22:medqa/0275:cf_group,M22,M22:medqa/0275,R5,M4,5,1,True,0
M22:medqa/0277:cf_group,M22,M22:medqa/0277,ALL,M4,5,0.8,False,0
M22:medqa/0277:cf_group,M22,M22:medqa/0277,R5,M4,5,0.8,False,0
M22:medqa/0287:cf_group,M22,M22:medqa/0287,ALL,M4,5,1,True,0
M22:medqa/0287:cf_group,M22,M22:medqa/0287,R5,M4,5,1,True,0
M22:medqa/0295:cf_group,M22,M22:medqa/0295,ALL,M4,5,1,True,0
M22:medqa/0295:cf_group,M22,M22:medqa/0295,R5,M4,5,1,True,0
M22:medqa/0297:cf_group,M22,M22:medqa/0297,ALL,M4,5,0.4,False,0
M22:medqa/0297:cf_group,M22,M22:medqa/0297,R5,M4,5,0.4,False,0
M22:medqa/0299:cf_group,M22,M22:medqa/0299,ALL,M4,5,0.4,False,0
M22:medqa/0299:cf_group,M22,M22:medqa/0299,R5,M4,5,0.4,False,0
M22:medqa/0305:cf_group,M22,M22:medqa/0305,ALL,M4,5,0.6,False,0
M22:medqa/0305:cf_group,M22,M22:medqa/0305,R5,M4,5,0.6,False,0
M22:medqa/0307:cf_group,M22,M22:medqa/0307,ALL,M4,5,0,False,0
M22:medqa/0307:cf_group,M22,M22:medqa/0307,R5,M4,5,0,False,0
M22:medqa/0310:cf_group,M22,M22:medqa/0310,ALL,M4,5,0,False,0
M22:medqa/0310:cf_group,M22,M22:medqa/0310,R5,M4,5,0,False,0
M22:medqa/0314:cf_group,M22,M22:medqa/0314,ALL,M4,5,0,False,0
M22:medqa/0314:cf_group,M22,M22:medqa/0314,R5,M4,5,0,False,0
M22:medqa/0316:cf_group,M22,M22:medqa/0316,ALL,M4,5,0.8,False,0
M22:medqa/0316:cf_group,M22,M22:medqa/0316,R5,M4,5,0.8,False,0
M22:medqa/0326:cf_group,M22,M22:medqa/0326,ALL,M4,5,0.2,False,2
M22:medqa/0326:cf_group,M22,M22:medqa/0326,R5,M4,5,0.2,False,2
M22:medqa/0338:cf_group,M22,M22:medqa/0338,ALL,M4,5,0.8,False,0
M22:medqa/0338:cf_group,M22,M22:medqa/0338,R5,M4,5,0.8,False,0
M22:medqa/0344:cf_group,M22,M22:medqa/0344,ALL,M4,5,0.6,False,0
M22:medqa/0344:cf_group,M22,M22:medqa/0344,R5,M4,5,0.6,False,0
M22:medqa/0347:cf_group,M22,M22:medqa/0347,ALL,M4,5,1,True,0
M22:medqa/0347:cf_group,M22,M22:medqa/0347,R5,M4,5,1,True,0
M22:medqa/0353:cf_group,M22,M22:medqa/0353,ALL,M4,5,0.2,False,0
M22:medqa/0353:cf_group,M22,M22:medqa/0353,R5,M4,5,0.2,False,0
M22:medqa/0354:cf_group,M22,M22:medqa/0354,ALL,M4,5,0.8,False,1
M22:medqa/0354:cf_group,M22,M22:medqa/0354,R5,M4,5,0.8,False,1
M22:medqa/0364:cf_group,M22,M22:medqa/0364,ALL,M4,5,1,True,0
M22:medqa/0364:cf_group,M22,M22:medqa/0364,R5,M4,5,1,True,0
M22:medqa/0365:cf_group,M22,M22:medqa/0365,ALL,M4,5,0,False,0
M22:medqa/0365:cf_group,M22,M22:medqa/0365,R5,M4,5,0,False,0
M22:medqa/0385:cf_group,M22,M22:medqa/0385,ALL,M4,5,0.6,False,0
M22:medqa/0385:cf_group,M22,M22:medqa/0385,R5,M4,5,0.6,False,0
M22:medqa/0408:cf_group,M22,M22:medqa/0408,ALL,M4,5,1,True,0
M22:medqa/0408:cf_group,M22,M22:medqa/0408,R5,M4,5,1,True,0
M22:medqa/0411:cf_group,M22,M22:medqa/0411,ALL,M4,5,1,True,0
M22:medqa/0411:cf_group,M22,M22:medqa/0411,R5,M4,5,1,True,0
M22:medqa/0414:cf_group,M22,M22:medqa/0414,ALL,M4,5,1,True,0
M22:medqa/0414:cf_group,M22,M22:medqa/0414,R5,M4,5,1,True,0
M22:medqa/0419:cf_group,M22,M22:medqa/0419,ALL,M4,5,1,True,0
M22:medqa/0419:cf_group,M22,M22:medqa/0419,R5,M4,5,1,True,0
M22:medqa/0429:cf_group,M22,M22:medqa/0429,ALL,M4,5,1,True,0
M22:medqa/0429:cf_group,M22,M22:medqa/0429,R5,M4,5,1,True,0
M22:medqa/0431:cf_group,M22,M22:medqa/0431,ALL,M4,5,0,False,0
M22:medqa/0431:cf_group,M22,M22:medqa/0431,R5,M4,5,0,False,0
M22:medqa/0438:cf_group,M22,M22:medqa/0438,ALL,M4,5,0.2,False,0
M22:medqa/0438:cf_group,M22,M22:medqa/0438,R5,M4,5,0.2,False,0
M22:medqa/0493:cf_group,M22,M22:medqa/0493,ALL,M4,5,0,False,0
M22:medqa/0493:cf_group,M22,M22:medqa/0493,R5,M4,5,0,False,0
M22:medqa/0499:cf_group,M22,M22:medqa/0499,ALL,M4,5,0.2,False,0
M22:medqa/0499:cf_group,M22,M22:medqa/0499,R5,M4,5,0.2,False,0
M22:medqa/0511:cf_group,M22,M22:medqa/0511,ALL,M4,5,1,True,0
M22:medqa/0511:cf_group,M22,M22:medqa/0511,R5,M4,5,1,True,0
M22:medqa/0518:cf_group,M22,M22:medqa/0518,ALL,M4,5,0,False,0
M22:medqa/0518:cf_group,M22,M22:medqa/0518,R5,M4,5,0,False,0
M22:medqa/0519:cf_group,M22,M22:medqa/0519,ALL,M4,5,0,False,0
M22:medqa/0519:cf_group,M22,M22:medqa/0519,R5,M4,5,0,False,0
M22:medqa/0527:cf_group,M22,M22:medqa/0527,ALL,M4,5,1,True,0
M22:medqa/0527:cf_group,M22,M22:medqa/0527,R5,M4,5,1,True,0
M22:medqa/0531:cf_group,M22,M22:medqa/0531,ALL,M4,5,0,False,0
M22:medqa/0531:cf_group,M22,M22:medqa/0531,R5,M4,5,0,False,0
M22:medqa/0539:cf_group,M22,M22:medqa/0539,ALL,M4,5,0.8,False,0
M22:medqa/0539:cf_group,M22,M22:medqa/0539,R5,M4,5,0.8,False,0
M22:medqa/0544:cf_group,M22,M22:medqa/0544,ALL,M4,5,0.4,False,0
M22:medqa/0544:cf_group,M22,M22:medqa/0544,R5,M4,5,0.4,False,0
M22:medqa/0545:cf_group,M22,M22:medqa/0545,ALL,M4,5,1,True,0
M22:medqa/0545:cf_group,M22,M22:medqa/0545,R5,M4,5,1,True,0
M22:medqa/0558:cf_group,M22,M22:medqa/0558,ALL,M4,5,0.4,False,1
M22:medqa/0558:cf_group,M22,M22:medqa/0558,R5,M4,5,0.4,False,1
M22:medqa/0559:cf_group,M22,M22:medqa/0559,ALL,M4,5,0.8,False,0
M22:medqa/0559:cf_group,M22,M22:medqa/0559,R5,M4,5,0.8,False,0
M22:medqa/0560:cf_group,M22,M22:medqa/0560,ALL,M4,5,0.8,False,0
M22:medqa/0560:cf_group,M22,M22:medqa/0560,R5,M4,5,0.8,False,0
M22:medqa/0567:cf_group,M22,M22:medqa/0567,ALL,M4,5,0.8,False,0
M22:medqa/0567:cf_group,M22,M22:medqa/0567,R5,M4,5,0.8,False,0
M22:medqa/0568:cf_group,M22,M22:medqa/0568,ALL,M4,5,1,True,0
M22:medqa/0568:cf_group,M22,M22:medqa/0568,R5,M4,5,1,True,0
M22:medqa/0573:cf_group,M22,M22:medqa/0573,ALL,M4,5,0.4,False,0
M22:medqa/0573:cf_group,M22,M22:medqa/0573,R5,M4,5,0.4,False,0
M22:medqa/0580:cf_group,M22,M22:medqa/0580,ALL,M4,5,0.4,False,0
M22:medqa/0580:cf_group,M22,M22:medqa/0580,R5,M4,5,0.4,False,0
M22:medqa/0586:cf_group,M22,M22:medqa/0586,ALL,M4,5,0,False,0
M22:medqa/0586:cf_group,M22,M22:medqa/0586,R5,M4,5,0,False,0
M22:medqa/0588:cf_group,M22,M22:medqa/0588,ALL,M4,5,0.6,False,0
M22:medqa/0588:cf_group,M22,M22:medqa/0588,R5,M4,5,0.6,False,0
M22:medqa/0599:cf_group,M22,M22:medqa/0599,ALL,M4,5,1,True,0
M22:medqa/0599:cf_group,M22,M22:medqa/0599,R5,M4,5,1,True,0
M22:medqa/0603:cf_group,M22,M22:medqa/0603,ALL,M4,5,0.6,False,1
M22:medqa/0603:cf_group,M22,M22:medqa/0603,R5,M4,5,0.6,False,1
M22:medqa/0613:cf_group,M22,M22:medqa/0613,ALL,M4,5,0.6,False,0
M22:medqa/0613:cf_group,M22,M22:medqa/0613,R5,M4,5,0.6,False,0
M22:medqa/0621:cf_group,M22,M22:medqa/0621,ALL,M4,5,0.4,False,0
M22:medqa/0621:cf_group,M22,M22:medqa/0621,R5,M4,5,0.4,False,0
M22:medqa/0622:cf_group,M22,M22:medqa/0622,ALL,M4,5,0.8,False,0
M22:medqa/0622:cf_group,M22,M22:medqa/0622,R5,M4,5,0.8,False,0
M22:medqa/0623:cf_group,M22,M22:medqa/0623,ALL,M4,5,1,True,0
M22:medqa/0623:cf_group,M22,M22:medqa/0623,R5,M4,5,1,True,0
M22:medqa/0628:cf_group,M22,M22:medqa/0628,ALL,M4,5,0.8,False,0
M22:medqa/0628:cf_group,M22,M22:medqa/0628,R5,M4,5,0.8,False,0
M22:medqa/0629:cf_group,M22,M22:medqa/0629,ALL,M4,5,0.8,False,0
M22:medqa/0629:cf_group,M22,M22:medqa/0629,R5,M4,5,0.8,False,0
M22:medqa/0632:cf_group,M22,M22:medqa/0632,ALL,M4,5,1,True,0
M22:medqa/0632:cf_group,M22,M22:medqa/0632,R5,M4,5,1,True,0
M22:medqa/0645:cf_group,M22,M22:medqa/0645,ALL,M4,5,0.6,False,0
M22:medqa/0645:cf_group,M22,M22:medqa/0645,R5,M4,5,0.6,False,0
M22:medqa/0649:cf_group,M22,M22:medqa/0649,ALL,M4,5,1,True,0
M22:medqa/0649:cf_group,M22,M22:medqa/0649,R5,M4,5,1,True,0
M22:medqa/0654:cf_group,M22,M22:medqa/0654,ALL,M4,5,0.8,False,0
M22:medqa/0654:cf_group,M22,M22:medqa/0654,R5,M4,5,0.8,False,0
M22:medqa/0656:cf_group,M22,M22:medqa/0656,ALL,M4,5,1,True,0
M22:medqa/0656:cf_group,M22,M22:medqa/0656,R5,M4,5,1,True,0
M22:medqa/0662:cf_group,M22,M22:medqa/0662,ALL,M4,5,0.4,False,0
M22:medqa/0662:cf_group,M22,M22:medqa/0662,R5,M4,5,0.4,False,0
M22:medqa/0666:cf_group,M22,M22:medqa/0666,ALL,M4,5,1,True,0
M22:medqa/0666:cf_group,M22,M22:medqa/0666,R5,M4,5,1,True,0
M22:medqa/0669:cf_group,M22,M22:medqa/0669,ALL,M4,5,0.8,False,0
M22:medqa/0669:cf_group,M22,M22:medqa/0669,R5,M4,5,0.8,False,0
M22:medqa/0683:cf_group,M22,M22:medqa/0683,ALL,M4,5,0.6,False,0
M22:medqa/0683:cf_group,M22,M22:medqa/0683,R5,M4,5,0.6,False,0
M22:medqa/0686:cf_group,M22,M22:medqa/0686,ALL,M4,5,0.8,False,0
M22:medqa/0686:cf_group,M22,M22:medqa/0686,R5,M4,5,0.8,False,0
M22:medqa/0690:cf_group,M22,M22:medqa/0690,ALL,M4,5,0.6,False,1
M22:medqa/0690:cf_group,M22,M22:medqa/0690,R5,M4,5,0.6,False,1
M22:medqa/0696:cf_group,M22,M22:medqa/0696,ALL,M4,5,0.4,False,3
M22:medqa/0696:cf_group,M22,M22:medqa/0696,R5,M4,5,0.4,False,3
M22:medqa/0697:cf_group,M22,M22:medqa/0697,ALL,M4,5,1,True,0
M22:medqa/0697:cf_group,M22,M22:medqa/0697,R5,M4,5,1,True,0
M22:medqa/0707:cf_group,M22,M22:medqa/0707,ALL,M4,5,0,False,0
M22:medqa/0707:cf_group,M22,M22:medqa/0707,R5,M4,5,0,False,0
M22:medqa/0735:cf_group,M22,M22:medqa/0735,ALL,M4,5,0.2,False,0
M22:medqa/0735:cf_group,M22,M22:medqa/0735,R5,M4,5,0.2,False,0
M22:medqa/0737:cf_group,M22,M22:medqa/0737,ALL,M4,5,0.2,False,0
M22:medqa/0737:cf_group,M22,M22:medqa/0737,R5,M4,5,0.2,False,0
M22:medqa/0754:cf_group,M22,M22:medqa/0754,ALL,M4,5,1,True,0
M22:medqa/0754:cf_group,M22,M22:medqa/0754,R5,M4,5,1,True,0
M22:medqa/0777:cf_group,M22,M22:medqa/0777,ALL,M4,5,0.8,False,0
M22:medqa/0777:cf_group,M22,M22:medqa/0777,R5,M4,5,0.8,False,0
M22:medqa/0780:cf_group,M22,M22:medqa/0780,ALL,M4,5,0.6,False,0
M22:medqa/0780:cf_group,M22,M22:medqa/0780,R5,M4,5,0.6,False,0
M22:medqa/0805:cf_group,M22,M22:medqa/0805,ALL,M4,5,1,True,0
M22:medqa/0805:cf_group,M22,M22:medqa/0805,R5,M4,5,1,True,0
M22:medqa/0811:cf_group,M22,M22:medqa/0811,ALL,M4,5,1,True,0
M22:medqa/0811:cf_group,M22,M22:medqa/0811,R5,M4,5,1,True,0
M22:medqa/0815:cf_group,M22,M22:medqa/0815,ALL,M4,5,1,True,0
M22:medqa/0815:cf_group,M22,M22:medqa/0815,R5,M4,5,1,True,0
M22:medqa/0827:cf_group,M22,M22:medqa/0827,ALL,M4,5,0.8,False,0
M22:medqa/0827:cf_group,M22,M22:medqa/0827,R5,M4,5,0.8,False,0
M22:medqa/0837:cf_group,M22,M22:medqa/0837,ALL,M4,5,0.2,False,0
M22:medqa/0837:cf_group,M22,M22:medqa/0837,R5,M4,5,0.2,False,0
M22:medqa/0839:cf_group,M22,M22:medqa/0839,ALL,M4,5,1,True,0
M22:medqa/0839:cf_group,M22,M22:medqa/0839,R5,M4,5,1,True,0
M22:medqa/0843:cf_group,M22,M22:medqa/0843,ALL,M4,5,0,False,0
M22:medqa/0843:cf_group,M22,M22:medqa/0843,R5,M4,5,0,False,0
M22:medqa/0854:cf_group,M22,M22:medqa/0854,ALL,M4,5,0.6,False,0
M22:medqa/0854:cf_group,M22,M22:medqa/0854,R5,M4,5,0.6,False,0
M22:medqa/0858:cf_group,M22,M22:medqa/0858,ALL,M4,5,0.6,False,2
M22:medqa/0858:cf_group,M22,M22:medqa/0858,R5,M4,5,0.6,False,2
M22:medqa/0861:cf_group,M22,M22:medqa/0861,ALL,M4,5,0,False,0
M22:medqa/0861:cf_group,M22,M22:medqa/0861,R5,M4,5,0,False,0
M22:medqa/0862:cf_group,M22,M22:medqa/0862,ALL,M4,5,0,False,0
M22:medqa/0862:cf_group,M22,M22:medqa/0862,R5,M4,5,0,False,0
M22:medqa/0873:cf_group,M22,M22:medqa/0873,ALL,M4,5,0.6,False,0
M22:medqa/0873:cf_group,M22,M22:medqa/0873,R5,M4,5,0.6,False,0
M22:medqa/0889:cf_group,M22,M22:medqa/0889,ALL,M4,5,1,True,0
M22:medqa/0889:cf_group,M22,M22:medqa/0889,R5,M4,5,1,True,0
M22:medqa/0899:cf_group,M22,M22:medqa/0899,ALL,M4,5,0,False,0
M22:medqa/0899:cf_group,M22,M22:medqa/0899,R5,M4,5,0,False,0
M22:medqa/0904:cf_group,M22,M22:medqa/0904,ALL,M4,5,1,True,0
M22:medqa/0904:cf_group,M22,M22:medqa/0904,R5,M4,5,1,True,0
M22:medqa/0907:cf_group,M22,M22:medqa/0907,ALL,M4,5,0.6,False,0
M22:medqa/0907:cf_group,M22,M22:medqa/0907,R5,M4,5,0.6,False,0
M22:medqa/0913:cf_group,M22,M22:medqa/0913,ALL,M4,5,0,False,0
M22:medqa/0913:cf_group,M22,M22:medqa/0913,R5,M4,5,0,False,0
M22:medqa/0922:cf_group,M22,M22:medqa/0922,ALL,M4,5,0,False,1
M22:medqa/0922:cf_group,M22,M22:medqa/0922,R5,M4,5,0,False,1
M22:medqa/0932:cf_group,M22,M22:medqa/0932,ALL,M4,5,0,False,0
M22:medqa/0932:cf_group,M22,M22:medqa/0932,R5,M4,5,0,False,0
M22:medqa/0947:cf_group,M22,M22:medqa/0947,ALL,M4,5,0.4,False,0
M22:medqa/0947:cf_group,M22,M22:medqa/0947,R5,M4,5,0.4,False,0
M22:medqa/0951:cf_group,M22,M22:medqa/0951,ALL,M4,5,0.4,False,0
M22:medqa/0951:cf_group,M22,M22:medqa/0951,R5,M4,5,0.4,False,0
M22:medqa/0957:cf_group,M22,M22:medqa/0957,ALL,M4,5,1,True,0
M22:medqa/0957:cf_group,M22,M22:medqa/0957,R5,M4,5,1,True,0
M22:medqa/0968:cf_group,M22,M22:medqa/0968,ALL,M4,5,1,True,0
M22:medqa/0968:cf_group,M22,M22:medqa/0968,R5,M4,5,1,True,0
M22:medqa/0974:cf_group,M22,M22:medqa/0974,ALL,M4,5,0.4,False,0
M22:medqa/0974:cf_group,M22,M22:medqa/0974,R5,M4,5,0.4,False,0
M22:medqa/0978:cf_group,M22,M22:medqa/0978,ALL,M4,5,0.4,False,0
M22:medqa/0978:cf_group,M22,M22:medqa/0978,R5,M4,5,0.4,False,0
M22:medqa/0979:cf_group,M22,M22:medqa/0979,ALL,M4,5,0.6,False,0
M22:medqa/0979:cf_group,M22,M22:medqa/0979,R5,M4,5,0.6,False,0
M22:medqa/0980:cf_group,M22,M22:medqa/0980,ALL,M4,5,0.8,False,0
M22:medqa/0980:cf_group,M22,M22:medqa/0980,R5,M4,5,0.8,False,0
M22:medqa/0987:cf_group,M22,M22:medqa/0987,ALL,M4,5,0.8,False,0
M22:medqa/0987:cf_group,M22,M22:medqa/0987,R5,M4,5,0.8,False,0
M22:medqa/0991:cf_group,M22,M22:medqa/0991,ALL,M4,5,1,True,0
M22:medqa/0991:cf_group,M22,M22:medqa/0991,R5,M4,5,1,True,0
M22:medqa/0993:cf_group,M22,M22:medqa/0993,ALL,M4,5,0,False,0
M22:medqa/0993:cf_group,M22,M22:medqa/0993,R5,M4,5,0,False,0
M22:medqa/1000:cf_group,M22,M22:medqa/1000,ALL,M4,5,0.8,False,0
M22:medqa/1000:cf_group,M22,M22:medqa/1000,R5,M4,5,0.8,False,0
M22:medqa/1009:cf_group,M22,M22:medqa/1009,ALL,M4,5,1,True,0
M22:medqa/1009:cf_group,M22,M22:medqa/1009,R5,M4,5,1,True,0
M22:medqa/1010:cf_group,M22,M22:medqa/1010,ALL,M4,5,0.2,False,0
M22:medqa/1010:cf_group,M22,M22:medqa/1010,R5,M4,5,0.2,False,0
M22:medqa/1019:cf_group,M22,M22:medqa/1019,ALL,M4,5,1,True,0
M22:medqa/1019:cf_group,M22,M22:medqa/1019,R5,M4,5,1,True,0
M22:medqa/1023:cf_group,M22,M22:medqa/1023,ALL,M4,5,0.2,False,0
M22:medqa/1023:cf_group,M22,M22:medqa/1023,R5,M4,5,0.2,False,0
M22:medqa/1027:cf_group,M22,M22:medqa/1027,ALL,M4,5,0.6,False,0
M22:medqa/1027:cf_group,M22,M22:medqa/1027,R5,M4,5,0.6,False,0
M22:medqa/1030:cf_group,M22,M22:medqa/1030,ALL,M4,5,0.8,False,0
M22:medqa/1030:cf_group,M22,M22:medqa/1030,R5,M4,5,0.8,False,0
M22:medqa/1037:cf_group,M22,M22:medqa/1037,ALL,M4,5,0.4,False,0
M22:medqa/1037:cf_group,M22,M22:medqa/1037,R5,M4,5,0.4,False,0
M22:medqa/1039:cf_group,M22,M22:medqa/1039,ALL,M4,5,0.2,False,0
M22:medqa/1039:cf_group,M22,M22:medqa/1039,R5,M4,5,0.2,False,0
M22:medqa/1044:cf_group,M22,M22:medqa/1044,ALL,M4,5,0.4,False,0
M22:medqa/1044:cf_group,M22,M22:medqa/1044,R5,M4,5,0.4,False,0
M22:medqa/1046:cf_group,M22,M22:medqa/1046,ALL,M4,5,0.2,False,2
M22:medqa/1046:cf_group,M22,M22:medqa/1046,R5,M4,5,0.2,False,2
M22:medqa/1049:cf_group,M22,M22:medqa/1049,ALL,M4,5,1,True,0
M22:medqa/1049:cf_group,M22,M22:medqa/1049,R5,M4,5,1,True,0
M22:medqa/1078:cf_group,M22,M22:medqa/1078,ALL,M4,5,0.8,False,0
M22:medqa/1078:cf_group,M22,M22:medqa/1078,R5,M4,5,0.8,False,0
M22:medqa/1080:cf_group,M22,M22:medqa/1080,ALL,M4,5,0.2,False,0
M22:medqa/1080:cf_group,M22,M22:medqa/1080,R5,M4,5,0.2,False,0
M22:medqa/1090:cf_group,M22,M22:medqa/1090,ALL,M4,5,1,True,0
M22:medqa/1090:cf_group,M22,M22:medqa/1090,R5,M4,5,1,True,0
M22:medqa/1092:cf_group,M22,M22:medqa/1092,ALL,M4,5,0.6,False,0
M22:medqa/1092:cf_group,M22,M22:medqa/1092,R5,M4,5,0.6,False,0
M22:medqa/1109:cf_group,M22,M22:medqa/1109,ALL,M4,5,0.8,False,0
M22:medqa/1109:cf_group,M22,M22:medqa/1109,R5,M4,5,0.8,False,0
M22:medqa/1110:cf_group,M22,M22:medqa/1110,ALL,M4,5,1,True,0
M22:medqa/1110:cf_group,M22,M22:medqa/1110,R5,M4,5,1,True,0
M22:medqa/1124:cf_group,M22,M22:medqa/1124,ALL,M4,5,1,True,0
M22:medqa/1124:cf_group,M22,M22:medqa/1124,R5,M4,5,1,True,0
M22:medqa/1125:cf_group,M22,M22:medqa/1125,ALL,M4,5,0.6,False,0
M22:medqa/1125:cf_group,M22,M22:medqa/1125,R5,M4,5,0.6,False,0
M22:medqa/1127:cf_group,M22,M22:medqa/1127,ALL,M4,5,0.2,False,0
M22:medqa/1127:cf_group,M22,M22:medqa/1127,R5,M4,5,0.2,False,0
M22:medqa/1132:cf_group,M22,M22:medqa/1132,ALL,M4,5,0.8,False,0
M22:medqa/1132:cf_group,M22,M22:medqa/1132,R5,M4,5,0.8,False,0
M22:medqa/1152:cf_group,M22,M22:medqa/1152,ALL,M4,5,0.2,False,0
M22:medqa/1152:cf_group,M22,M22:medqa/1152,R5,M4,5,0.2,False,0
M22:medqa/1155:cf_group,M22,M22:medqa/1155,ALL,M4,5,1,True,0
M22:medqa/1155:cf_group,M22,M22:medqa/1155,R5,M4,5,1,True,0
M22:medqa/1158:cf_group,M22,M22:medqa/1158,ALL,M4,5,0,False,0
M22:medqa/1158:cf_group,M22,M22:medqa/1158,R5,M4,5,0,False,0
M22:medqa/1159:cf_group,M22,M22:medqa/1159,ALL,M4,5,1,True,0
M22:medqa/1159:cf_group,M22,M22:medqa/1159,R5,M4,5,1,True,0
M22:medqa/1161:cf_group,M22,M22:medqa/1161,ALL,M4,5,0.2,False,0
M22:medqa/1161:cf_group,M22,M22:medqa/1161,R5,M4,5,0.2,False,0
M22:medqa/1167:cf_group,M22,M22:medqa/1167,ALL,M4,5,0.2,False,1
M22:medqa/1167:cf_group,M22,M22:medqa/1167,R5,M4,5,0.2,False,1
M22:medqa/1169:cf_group,M22,M22:medqa/1169,ALL,M4,5,0,False,0
M22:medqa/1169:cf_group,M22,M22:medqa/1169,R5,M4,5,0,False,0
M22:medqa/1170:cf_group,M22,M22:medqa/1170,ALL,M4,5,0,False,1
M22:medqa/1170:cf_group,M22,M22:medqa/1170,R5,M4,5,0,False,1
M22:medqa/1172:cf_group,M22,M22:medqa/1172,ALL,M4,5,0.4,False,0
M22:medqa/1172:cf_group,M22,M22:medqa/1172,R5,M4,5,0.4,False,0
M22:medqa/1186:cf_group,M22,M22:medqa/1186,ALL,M4,5,0.6,False,0
M22:medqa/1186:cf_group,M22,M22:medqa/1186,R5,M4,5,0.6,False,0
M22:medqa/1191:cf_group,M22,M22:medqa/1191,ALL,M4,5,0,False,0
M22:medqa/1191:cf_group,M22,M22:medqa/1191,R5,M4,5,0,False,0
M22:medqa/1194:cf_group,M22,M22:medqa/1194,ALL,M4,5,0.2,False,0
M22:medqa/1194:cf_group,M22,M22:medqa/1194,R5,M4,5,0.2,False,0
M22:medqa/1208:cf_group,M22,M22:medqa/1208,ALL,M4,5,0.8,False,0
M22:medqa/1208:cf_group,M22,M22:medqa/1208,R5,M4,5,0.8,False,0
M22:medqa/1215:cf_group,M22,M22:medqa/1215,ALL,M4,5,0.8,False,0
M22:medqa/1215:cf_group,M22,M22:medqa/1215,R5,M4,5,0.8,False,0
M22:medqa/1217:cf_group,M22,M22:medqa/1217,ALL,M4,5,0.6,False,0
M22:medqa/1217:cf_group,M22,M22:medqa/1217,R5,M4,5,0.6,False,0
M22:medqa/1224:cf_group,M22,M22:medqa/1224,ALL,M4,5,0.2,False,0
M22:medqa/1224:cf_group,M22,M22:medqa/1224,R5,M4,5,0.2,False,0
M22:medqa/1234:cf_group,M22,M22:medqa/1234,ALL,M4,5,1,True,0
M22:medqa/1234:cf_group,M22,M22:medqa/1234,R5,M4,5,1,True,0
M22:medqa/1241:cf_group,M22,M22:medqa/1241,ALL,M4,5,0.2,False,0
M22:medqa/1241:cf_group,M22,M22:medqa/1241,R5,M4,5,0.2,False,0
M22:medqa/1250:cf_group,M22,M22:medqa/1250,ALL,M4,5,0.2,False,1
M22:medqa/1250:cf_group,M22,M22:medqa/1250,R5,M4,5,0.2,False,1
M22:mmlu/anatomy-002:cf_group,M22,M22:mmlu/anatomy-002,ALL,M4,5,1,True,0
M22:mmlu/anatomy-002:cf_group,M22,M22:mmlu/anatomy-002,R5,M4,5,1,True,0
M22:mmlu/anatomy-006:cf_group,M22,M22:mmlu/anatomy-006,ALL,M4,5,1,True,0
M22:mmlu/anatomy-006:cf_group,M22,M22:mmlu/anatomy-006,R5,M4,5,1,True,0
M22:mmlu/anatomy-009:cf_group,M22,M22:mmlu/anatomy-009,ALL,M4,5,0.4,False,1
M22:mmlu/anatomy-009:cf_group,M22,M22:mmlu/anatomy-009,R5,M4,5,0.4,False,1
M22:mmlu/anatomy-010:cf_group,M22,M22:mmlu/anatomy-010,ALL,M4,5,1,True,0
M22:mmlu/anatomy-010:cf_group,M22,M22:mmlu/anatomy-010,R5,M4,5,1,True,0
M22:mmlu/anatomy-012:cf_group,M22,M22:mmlu/anatomy-012,ALL,M4,5,0.8,False,0
M22:mmlu/anatomy-012:cf_group,M22,M22:mmlu/anatomy-012,R5,M4,5,0.8,False,0
M22:mmlu/anatomy-029:cf_group,M22,M22:mmlu/anatomy-029,ALL,M4,5,0,False,0
M22:mmlu/anatomy-029:cf_group,M22,M22:mmlu/anatomy-029,R5,M4,5,0,False,0
M22:mmlu/anatomy-034:cf_group,M22,M22:mmlu/anatomy-034,ALL,M4,5,0.4,False,0
M22:mmlu/anatomy-034:cf_group,M22,M22:mmlu/anatomy-034,R5,M4,5,0.4,False,0
M22:mmlu/anatomy-050:cf_group,M22,M22:mmlu/anatomy-050,ALL,M4,5,1,True,0
M22:mmlu/anatomy-050:cf_group,M22,M22:mmlu/anatomy-050,R5,M4,5,1,True,0
M22:mmlu/anatomy-051:cf_group,M22,M22:mmlu/anatomy-051,ALL,M4,5,0.8,False,0
M22:mmlu/anatomy-051:cf_group,M22,M22:mmlu/anatomy-051,R5,M4,5,0.8,False,0
M22:mmlu/anatomy-078:cf_group,M22,M22:mmlu/anatomy-078,ALL,M4,5,1,True,0
M22:mmlu/anatomy-078:cf_group,M22,M22:mmlu/anatomy-078,R5,M4,5,1,True,0
M22:mmlu/anatomy-092:cf_group,M22,M22:mmlu/anatomy-092,ALL,M4,5,0,False,0
M22:mmlu/anatomy-092:cf_group,M22,M22:mmlu/anatomy-092,R5,M4,5,0,False,0
M22:mmlu/anatomy-098:cf_group,M22,M22:mmlu/anatomy-098,ALL,M4,5,1,True,0
M22:mmlu/anatomy-098:cf_group,M22,M22:mmlu/anatomy-098,R5,M4,5,1,True,0
M22:mmlu/anatomy-111:cf_group,M22,M22:mmlu/anatomy-111,ALL,M4,5,1,True,0
M22:mmlu/anatomy-111:cf_group,M22,M22:mmlu/anatomy-111,R5,M4,5,1,True,0
M22:mmlu/anatomy-118:cf_group,M22,M22:mmlu/anatomy-118,ALL,M4,5,0.2,False,0
M22:mmlu/anatomy-118:cf_group,M22,M22:mmlu/anatomy-118,R5,M4,5,0.2,False,0
M22:mmlu/anatomy-126:cf_group,M22,M22:mmlu/anatomy-126,ALL,M4,5,1,True,0
M22:mmlu/anatomy-126:cf_group,M22,M22:mmlu/anatomy-126,R5,M4,5,1,True,0
M22:mmlu/anatomy-127:cf_group,M22,M22:mmlu/anatomy-127,ALL,M4,5,0.8,False,0
M22:mmlu/anatomy-127:cf_group,M22,M22:mmlu/anatomy-127,R5,M4,5,0.8,False,0
M22:mmlu/clinical_knowledge-038:cf_group,M22,M22:mmlu/clinical_knowledge-038,ALL,M4,5,0.4,False,1
M22:mmlu/clinical_knowledge-038:cf_group,M22,M22:mmlu/clinical_knowledge-038,R5,M4,5,0.4,False,1
M22:mmlu/clinical_knowledge-043:cf_group,M22,M22:mmlu/clinical_knowledge-043,ALL,M4,5,1,True,0
M22:mmlu/clinical_knowledge-043:cf_group,M22,M22:mmlu/clinical_knowledge-043,R5,M4,5,1,True,0
M22:mmlu/clinical_knowledge-049:cf_group,M22,M22:mmlu/clinical_knowledge-049,ALL,M4,5,1,True,0
M22:mmlu/clinical_knowledge-049:cf_group,M22,M22:mmlu/clinical_knowledge-049,R5,M4,5,1,True,0
M22:mmlu/clinical_knowledge-054:cf_group,M22,M22:mmlu/clinical_knowledge-054,ALL,M4,5,0.8,False,0
M22:mmlu/clinical_knowledge-054:cf_group,M22,M22:mmlu/clinical_knowledge-054,R5,M4,5,0.8,False,0
M22:mmlu/clinical_knowledge-082:cf_group,M22,M22:mmlu/clinical_knowledge-082,ALL,M4,5,0.6,False,0
M22:mmlu/clinical_knowledge-082:cf_group,M22,M22:mmlu/clinical_knowledge-082,R5,M4,5,0.6,False,0
M22:mmlu/clinical_knowledge-098:cf_group,M22,M22:mmlu/clinical_knowledge-098,ALL,M4,5,0,False,0
M22:mmlu/clinical_knowledge-098:cf_group,M22,M22:mmlu/clinical_knowledge-098,R5,M4,5,0,False,0
M22:mmlu/clinical_knowledge-111:cf_group,M22,M22:mmlu/clinical_knowledge-111,ALL,M4,5,0.6,False,0
M22:mmlu/clinical_knowledge-111:cf_group,M22,M22:mmlu/clinical_knowledge-111,R5,M4,5,0.6,False,0
M22:mmlu/clinical_knowledge-112:cf_group,M22,M22:mmlu/clinical_knowledge-112,ALL,M4,5,1,True,0
M22:mmlu/clinical_knowledge-112:cf_group,M22,M22:mmlu/clinical_knowledge-112,R5,M4,5,1,True,0
M22:mmlu/clinical_knowledge-126:cf_group,M22,M22:mmlu/clinical_knowledge-126,ALL,M4,5,1,True,0
M22:mmlu/clinical_knowledge-126:cf_group,M22,M22:mmlu/clinical_knowledge-126,R5,M4,5,1,True,0
M22:mmlu/clinical_knowledge-155:cf_group,M22,M22:mmlu/clinical_knowledge-155,ALL,M4,5,0.6,False,0
M22:mmlu/clinical_knowledge-155:cf_group,M22,M22:mmlu/clinical_knowledge-155,R5,M4,5,0.6,False,0
M22:mmlu/clinical_knowledge-163:cf_group,M22,M22:mmlu/clinical_knowledge-163,ALL,M4,5,1,True,0
M22:mmlu/clinical_knowledge-163:cf_group,M22,M22:mmlu/clinical_knowledge-163,R5,M4,5,1,True,0
M22:mmlu/clinical_knowledge-181:cf_group,M22,M22:mmlu/clinical_knowledge-181,ALL,M4,5,1,True,0
M22:mmlu/clinical_knowledge-181:cf_group,M22,M22:mmlu/clinical_knowledge-181,R5,M4,5,1,True,0
M22:mmlu/clinical_knowledge-183:cf_group,M22,M22:mmlu/clinical_knowledge-183,ALL,M4,5,0,False,0
M22:mmlu/clinical_knowledge-183:cf_group,M22,M22:mmlu/clinical_knowledge-183,R5,M4,5,0,False,0
M22:mmlu/clinical_knowledge-191:cf_group,M22,M22:mmlu/clinical_knowledge-191,ALL,M4,5,1,True,0
M22:mmlu/clinical_knowledge-191:cf_group,M22,M22:mmlu/clinical_knowledge-191,R5,M4,5,1,True,0
M22:mmlu/clinical_knowledge-198:cf_group,M22,M22:mmlu/clinical_knowledge-198,ALL,M4,5,0.6,False,0
M22:mmlu/clinical_knowledge-198:cf_group,M22,M22:mmlu/clinical_knowledge-198,R5,M4,5,0.6,False,0
M22:mmlu/clinical_knowledge-205:cf_group,M22,M22:mmlu/clinical_knowledge-205,ALL,M4,5,1,True,0
M22:mmlu/clinical_knowledge-205:cf_group,M22,M22:mmlu/clinical_knowledge-205,R5,M4,5,1,True,0
M22:mmlu/clinical_knowledge-216:cf_group,M22,M22:mmlu/clinical_knowledge-216,ALL,M4,5,0,False,0
M22:mmlu/clinical_knowledge-216:cf_group,M22,M22:mmlu/clinical_knowledge-216,R5,M4,5,0,False,0
M22:mmlu/clinical_knowledge-238:cf_group,M22,M22:mmlu/clinical_knowledge-238,ALL,M4,5,0.4,False,0
M22:mmlu/clinical_knowledge-238:cf_group,M22,M22:mmlu/clinical_knowledge-238,R5,M4,5,0.4,False,0
M22:mmlu/clinical_knowledge-241:cf_group,M22,M22:mmlu/clinical_knowledge-241,ALL,M4,5,0,False,0
M22:mmlu/clinical_knowledge-241:cf_group,M22,M22:mmlu/clinical_knowledge-241,R5,M4,5,0,False,0
M22:mmlu/clinical_knowledge-242:cf_group,M22,M22:mmlu/clinical_knowledge-242,ALL,M4,5,1,True,0
M22:mmlu/clinical_knowledge-242:cf_group,M22,M22:mmlu/clinical_knowledge-242,R5,M4,5,1,True,0
M22:mmlu/clinical_knowledge-254:cf_group,M22,M22:mmlu/clinical_knowledge-254,ALL,M4,5,0.2,False,0
M22:mmlu/clinical_knowledge-254:cf_group,M22,M22:mmlu/clinical_knowledge-254,R5,M4,5,0.2,False,0
M22:mmlu/clinical_knowledge-259:cf_group,M22,M22:mmlu/clinical_knowledge-259,ALL,M4,5,1,True,0
M22:mmlu/clinical_knowledge-259:cf_group,M22,M22:mmlu/clinical_knowledge-259,R5,M4,5,1,True,0
M22:mmlu/clinical_knowledge-263:cf_group,M22,M22:mmlu/clinical_knowledge-263,ALL,M4,5,0.2,False,0
M22:mmlu/clinical_knowledge-263:cf_group,M22,M22:mmlu/clinical_knowledge-263,R5,M4,5,0.2,False,0
M22:mmlu/college_biology-001:cf_group,M22,M22:mmlu/college_biology-001,ALL,M4,5,1,True,0
M22:mmlu/college_biology-001:cf_group,M22,M22:mmlu/college_biology-001,R5,M4,5,1,True,0
M22:mmlu/college_biology-003:cf_group,M22,M22:mmlu/college_biology-003,ALL,M4,5,1,True,0
M22:mmlu/college_biology-003:cf_group,M22,M22:mmlu/college_biology-003,R5,M4,5,1,True,0
M22:mmlu/college_biology-006:cf_group,M22,M22:mmlu/college_biology-006,ALL,M4,5,1,True,0
M22:mmlu/college_biology-006:cf_group,M22,M22:mmlu/college_biology-006,R5,M4,5,1,True,0
M22:mmlu/college_biology-035:cf_group,M22,M22:mmlu/college_biology-035,ALL,M4,5,1,True,0
M22:mmlu/college_biology-035:cf_group,M22,M22:mmlu/college_biology-035,R5,M4,5,1,True,0
M22:mmlu/college_biology-036:cf_group,M22,M22:mmlu/college_biology-036,ALL,M4,5,1,True,0
M22:mmlu/college_biology-036:cf_group,M22,M22:mmlu/college_biology-036,R5,M4,5,1,True,0
M22:mmlu/college_biology-038:cf_group,M22,M22:mmlu/college_biology-038,ALL,M4,5,1,True,0
M22:mmlu/college_biology-038:cf_group,M22,M22:mmlu/college_biology-038,R5,M4,5,1,True,0
M22:mmlu/college_biology-041:cf_group,M22,M22:mmlu/college_biology-041,ALL,M4,5,0.6,False,0
M22:mmlu/college_biology-041:cf_group,M22,M22:mmlu/college_biology-041,R5,M4,5,0.6,False,0
M22:mmlu/college_biology-045:cf_group,M22,M22:mmlu/college_biology-045,ALL,M4,5,0.2,False,0
M22:mmlu/college_biology-045:cf_group,M22,M22:mmlu/college_biology-045,R5,M4,5,0.2,False,0
M22:mmlu/college_biology-049:cf_group,M22,M22:mmlu/college_biology-049,ALL,M4,5,0.8,False,0
M22:mmlu/college_biology-049:cf_group,M22,M22:mmlu/college_biology-049,R5,M4,5,0.8,False,0
M22:mmlu/college_biology-050:cf_group,M22,M22:mmlu/college_biology-050,ALL,M4,5,1,True,0
M22:mmlu/college_biology-050:cf_group,M22,M22:mmlu/college_biology-050,R5,M4,5,1,True,0
M22:mmlu/college_biology-052:cf_group,M22,M22:mmlu/college_biology-052,ALL,M4,5,0.2,False,0
M22:mmlu/college_biology-052:cf_group,M22,M22:mmlu/college_biology-052,R5,M4,5,0.2,False,0
M22:mmlu/college_biology-053:cf_group,M22,M22:mmlu/college_biology-053,ALL,M4,5,0.2,False,0
M22:mmlu/college_biology-053:cf_group,M22,M22:mmlu/college_biology-053,R5,M4,5,0.2,False,0
M22:mmlu/college_biology-059:cf_group,M22,M22:mmlu/college_biology-059,ALL,M4,5,1,True,0
M22:mmlu/college_biology-059:cf_group,M22,M22:mmlu/college_biology-059,R5,M4,5,1,True,0
M22:mmlu/college_biology-096:cf_group,M22,M22:mmlu/college_biology-096,ALL,M4,5,0.6,False,0
M22:mmlu/college_biology-096:cf_group,M22,M22:mmlu/college_biology-096,R5,M4,5,0.6,False,0
M22:mmlu/college_biology-109:cf_group,M22,M22:mmlu/college_biology-109,ALL,M4,5,1,True,0
M22:mmlu/college_biology-109:cf_group,M22,M22:mmlu/college_biology-109,R5,M4,5,1,True,0
M22:mmlu/college_biology-116:cf_group,M22,M22:mmlu/college_biology-116,ALL,M4,5,0.2,False,0
M22:mmlu/college_biology-116:cf_group,M22,M22:mmlu/college_biology-116,R5,M4,5,0.2,False,0
M22:mmlu/college_biology-143:cf_group,M22,M22:mmlu/college_biology-143,ALL,M4,5,0.4,False,0
M22:mmlu/college_biology-143:cf_group,M22,M22:mmlu/college_biology-143,R5,M4,5,0.4,False,0
M22:mmlu/college_medicine-007:cf_group,M22,M22:mmlu/college_medicine-007,ALL,M4,5,1,True,0
M22:mmlu/college_medicine-007:cf_group,M22,M22:mmlu/college_medicine-007,R5,M4,5,1,True,0
M22:mmlu/college_medicine-009:cf_group,M22,M22:mmlu/college_medicine-009,ALL,M4,5,1,True,0
M22:mmlu/college_medicine-009:cf_group,M22,M22:mmlu/college_medicine-009,R5,M4,5,1,True,0
M22:mmlu/college_medicine-016:cf_group,M22,M22:mmlu/college_medicine-016,ALL,M4,5,1,True,0
M22:mmlu/college_medicine-016:cf_group,M22,M22:mmlu/college_medicine-016,R5,M4,5,1,True,0
M22:mmlu/college_medicine-018:cf_group,M22,M22:mmlu/college_medicine-018,ALL,M4,5,0.6,False,0
M22:mmlu/college_medicine-018:cf_group,M22,M22:mmlu/college_medicine-018,R5,M4,5,0.6,False,0
M22:mmlu/college_medicine-035:cf_group,M22,M22:mmlu/college_medicine-035,ALL,M4,5,0.4,False,0
M22:mmlu/college_medicine-035:cf_group,M22,M22:mmlu/college_medicine-035,R5,M4,5,0.4,False,0
M22:mmlu/college_medicine-037:cf_group,M22,M22:mmlu/college_medicine-037,ALL,M4,5,0.6,False,1
M22:mmlu/college_medicine-037:cf_group,M22,M22:mmlu/college_medicine-037,R5,M4,5,0.6,False,1
M22:mmlu/college_medicine-050:cf_group,M22,M22:mmlu/college_medicine-050,ALL,M4,5,1,True,0
M22:mmlu/college_medicine-050:cf_group,M22,M22:mmlu/college_medicine-050,R5,M4,5,1,True,0
M22:mmlu/college_medicine-058:cf_group,M22,M22:mmlu/college_medicine-058,ALL,M4,5,1,True,0
M22:mmlu/college_medicine-058:cf_group,M22,M22:mmlu/college_medicine-058,R5,M4,5,1,True,0
M22:mmlu/college_medicine-073:cf_group,M22,M22:mmlu/college_medicine-073,ALL,M4,5,0.2,False,0
M22:mmlu/college_medicine-073:cf_group,M22,M22:mmlu/college_medicine-073,R5,M4,5,0.2,False,0
M22:mmlu/college_medicine-081:cf_group,M22,M22:mmlu/college_medicine-081,ALL,M4,5,1,True,0
M22:mmlu/college_medicine-081:cf_group,M22,M22:mmlu/college_medicine-081,R5,M4,5,1,True,0
M22:mmlu/college_medicine-094:cf_group,M22,M22:mmlu/college_medicine-094,ALL,M4,5,0.6,False,0
M22:mmlu/college_medicine-094:cf_group,M22,M22:mmlu/college_medicine-094,R5,M4,5,0.6,False,0
M22:mmlu/college_medicine-097:cf_group,M22,M22:mmlu/college_medicine-097,ALL,M4,5,0,False,0
M22:mmlu/college_medicine-097:cf_group,M22,M22:mmlu/college_medicine-097,R5,M4,5,0,False,0
M22:mmlu/college_medicine-101:cf_group,M22,M22:mmlu/college_medicine-101,ALL,M4,5,1,True,0
M22:mmlu/college_medicine-101:cf_group,M22,M22:mmlu/college_medicine-101,R5,M4,5,1,True,0
M22:mmlu/college_medicine-108:cf_group,M22,M22:mmlu/college_medicine-108,ALL,M4,5,0.8,False,1
M22:mmlu/college_medicine-108:cf_group,M22,M22:mmlu/college_medicine-108,R5,M4,5,0.8,False,1
M22:mmlu/college_medicine-112:cf_group,M22,M22:mmlu/college_medicine-112,ALL,M4,5,0.2,False,0
M22:mmlu/college_medicine-112:cf_group,M22,M22:mmlu/college_medicine-112,R5,M4,5,0.2,False,0
M22:mmlu/college_medicine-115:cf_group,M22,M22:mmlu/college_medicine-115,ALL,M4,5,1,True,0
M22:mmlu/college_medicine-115:cf_group,M22,M22:mmlu/college_medicine-115,R5,M4,5,1,True,0
M22:mmlu/college_medicine-117:cf_group,M22,M22:mmlu/college_medicine-117,ALL,M4,5,0,False,0
M22:mmlu/college_medicine-117:cf_group,M22,M22:mmlu/college_medicine-117,R5,M4,5,0,False,0
M22:mmlu/college_medicine-124:cf_group,M22,M22:mmlu/college_medicine-124,ALL,M4,5,0.6,False,0
M22:mmlu/college_medicine-124:cf_group,M22,M22:mmlu/college_medicine-124,R5,M4,5,0.6,False,0
M22:mmlu/college_medicine-132:cf_group,M22,M22:mmlu/college_medicine-132,ALL,M4,5,0.4,False,0
M22:mmlu/college_medicine-132:cf_group,M22,M22:mmlu/college_medicine-132,R5,M4,5,0.4,False,0
M22:mmlu/college_medicine-141:cf_group,M22,M22:mmlu/college_medicine-141,ALL,M4,5,0.6,False,0
M22:mmlu/college_medicine-141:cf_group,M22,M22:mmlu/college_medicine-141,R5,M4,5,0.6,False,0
M22:mmlu/college_medicine-152:cf_group,M22,M22:mmlu/college_medicine-152,ALL,M4,5,1,True,0
M22:mmlu/college_medicine-152:cf_group,M22,M22:mmlu/college_medicine-152,R5,M4,5,1,True,0
M22:mmlu/college_medicine-157:cf_group,M22,M22:mmlu/college_medicine-157,ALL,M4,5,0,False,0
M22:mmlu/college_medicine-157:cf_group,M22,M22:mmlu/college_medicine-157,R5,M4,5,0,False,0
M22:mmlu/college_medicine-160:cf_group,M22,M22:mmlu/college_medicine-160,ALL,M4,5,1,True,0
M22:mmlu/college_medicine-160:cf_group,M22,M22:mmlu/college_medicine-160,R5,M4,5,1,True,0
M22:mmlu/college_medicine-169:cf_group,M22,M22:mmlu/college_medicine-169,ALL,M4,5,0.6,False,0
M22:mmlu/college_medicine-169:cf_group,M22,M22:mmlu/college_medicine-169,R5,M4,5,0.6,False,0
M22:mmlu/medical_genetics-007:cf_group,M22,M22:mmlu/medical_genetics-007,ALL,M4,5,1,True,0
M22:mmlu/medical_genetics-007:cf_group,M22,M22:mmlu/medical_genetics-007,R5,M4,5,1,True,0
M22:mmlu/medical_genetics-013:cf_group,M22,M22:mmlu/medical_genetics-013,ALL,M4,5,1,True,0
M22:mmlu/medical_genetics-013:cf_group,M22,M22:mmlu/medical_genetics-013,R5,M4,5,1,True,0
M22:mmlu/medical_genetics-023:cf_group,M22,M22:mmlu/medical_genetics-023,ALL,M4,5,1,True,0
M22:mmlu/medical_genetics-023:cf_group,M22,M22:mmlu/medical_genetics-023,R5,M4,5,1,True,0
M22:mmlu/medical_genetics-031:cf_group,M22,M22:mmlu/medical_genetics-031,ALL,M4,5,1,True,0
M22:mmlu/medical_genetics-031:cf_group,M22,M22:mmlu/medical_genetics-031,R5,M4,5,1,True,0
M22:mmlu/medical_genetics-041:cf_group,M22,M22:mmlu/medical_genetics-041,ALL,M4,5,0.8,False,0
M22:mmlu/medical_genetics-041:cf_group,M22,M22:mmlu/medical_genetics-041,R5,M4,5,0.8,False,0
M22:mmlu/medical_genetics-053:cf_group,M22,M22:mmlu/medical_genetics-053,ALL,M4,5,0,False,0
M22:mmlu/medical_genetics-053:cf_group,M22,M22:mmlu/medical_genetics-053,R5,M4,5,0,False,0
M22:mmlu/medical_genetics-059:cf_group,M22,M22:mmlu/medical_genetics-059,ALL,M4,5,0.8,False,0
M22:mmlu/medical_genetics-059:cf_group,M22,M22:mmlu/medical_genetics-059,R5,M4,5,0.8,False,0
M22:mmlu/medical_genetics-061:cf_group,M22,M22:mmlu/medical_genetics-061,ALL,M4,5,0.6,False,0
M22:mmlu/medical_genetics-061:cf_group,M22,M22:mmlu/medical_genetics-061,R5,M4,5,0.6,False,0
M22:mmlu/medical_genetics-063:cf_group,M22,M22:mmlu/medical_genetics-063,ALL,M4,5,1,True,0
M22:mmlu/medical_genetics-063:cf_group,M22,M22:mmlu/medical_genetics-063,R5,M4,5,1,True,0
M22:mmlu/medical_genetics-073:cf_group,M22,M22:mmlu/medical_genetics-073,ALL,M4,5,1,True,0
M22:mmlu/medical_genetics-073:cf_group,M22,M22:mmlu/medical_genetics-073,R5,M4,5,1,True,0
M22:mmlu/medical_genetics-076:cf_group,M22,M22:mmlu/medical_genetics-076,ALL,M4,5,1,True,0
M22:mmlu/medical_genetics-076:cf_group,M22,M22:mmlu/medical_genetics-076,R5,M4,5,1,True,0
M22:mmlu/medical_genetics-077:cf_group,M22,M22:mmlu/medical_genetics-077,ALL,M4,5,0.8,False,0
M22:mmlu/medical_genetics-077:cf_group,M22,M22:mmlu/medical_genetics-077,R5,M4,5,0.8,False,0
M22:mmlu/medical_genetics-082:cf_group,M22,M22:mmlu/medical_genetics-082,ALL,M4,5,1,True,0
M22:mmlu/medical_genetics-082:cf_group,M22,M22:mmlu/medical_genetics-082,R5,M4,5,1,True,0
M22:mmlu/medical_genetics-087:cf_group,M22,M22:mmlu/medical_genetics-087,ALL,M4,5,1,True,0
M22:mmlu/medical_genetics-087:cf_group,M22,M22:mmlu/medical_genetics-087,R5,M4,5,1,True,0
M22:mmlu/medical_genetics-094:cf_group,M22,M22:mmlu/medical_genetics-094,ALL,M4,5,1,True,0
M22:mmlu/medical_genetics-094:cf_group,M22,M22:mmlu/medical_genetics-094,R5,M4,5,1,True,0
M22:mmlu/professional_medicine-003:cf_group,M22,M22:mmlu/professional_medicine-003,ALL,M4,5,1,True,0
M22:mmlu/professional_medicine-003:cf_group,M22,M22:mmlu/professional_medicine-003,R5,M4,5,1,True,0
M22:mmlu/professional_medicine-005:cf_group,M22,M22:mmlu/professional_medicine-005,ALL,M4,5,0.8,False,1
M22:mmlu/professional_medicine-005:cf_group,M22,M22:mmlu/professional_medicine-005,R5,M4,5,0.8,False,1
M22:mmlu/professional_medicine-010:cf_group,M22,M22:mmlu/professional_medicine-010,ALL,M4,5,0,False,0
M22:mmlu/professional_medicine-010:cf_group,M22,M22:mmlu/professional_medicine-010,R5,M4,5,0,False,0
M22:mmlu/professional_medicine-016:cf_group,M22,M22:mmlu/professional_medicine-016,ALL,M4,5,1,True,0
M22:mmlu/professional_medicine-016:cf_group,M22,M22:mmlu/professional_medicine-016,R5,M4,5,1,True,0
M22:mmlu/professional_medicine-023:cf_group,M22,M22:mmlu/professional_medicine-023,ALL,M4,5,1,True,0
M22:mmlu/professional_medicine-023:cf_group,M22,M22:mmlu/professional_medicine-023,R5,M4,5,1,True,0
M22:mmlu/professional_medicine-024:cf_group,M22,M22:mmlu/professional_medicine-024,ALL,M4,5,0.4,False,0
M22:mmlu/professional_medicine-024:cf_group,M22,M22:mmlu/professional_medicine-024,R5,M4,5,0.4,False,0
M22:mmlu/professional_medicine-026:cf_group,M22,M22:mmlu/professional_medicine-026,ALL,M4,5,0.8,False,0
M22:mmlu/professional_medicine-026:cf_group,M22,M22:mmlu/professional_medicine-026,R5,M4,5,0.8,False,0
M22:mmlu/professional_medicine-027:cf_group,M22,M22:mmlu/professional_medicine-027,ALL,M4,5,1,True,0
M22:mmlu/professional_medicine-027:cf_group,M22,M22:mmlu/professional_medicine-027,R5,M4,5,1,True,0
M22:mmlu/professional_medicine-046:cf_group,M22,M22:mmlu/professional_medicine-046,ALL,M4,5,0.4,False,0
M22:mmlu/professional_medicine-046:cf_group,M22,M22:mmlu/professional_medicine-046,R5,M4,5,0.4,False,0
M22:mmlu/professional_medicine-063:cf_group,M22,M22:mmlu/professional_medicine-063,ALL,M4,5,1,True,0
M22:mmlu/professional_medicine-063:cf_group,M22,M22:mmlu/professional_medicine-063,R5,M4,5,1,True,0
M22:mmlu/professional_medicine-075:cf_group,M22,M22:mmlu/professional_medicine-075,ALL,M4,5,1,True,0
M22:mmlu/professional_medicine-075:cf_group,M22,M22:mmlu/professional_medicine-075,R5,M4,5,1,True,0
M22:mmlu/professional_medicine-098:cf_group,M22,M22:mmlu/professional_medicine-098,ALL,M4,5,1,True,0
M22:mmlu/professional_medicine-098:cf_group,M22,M22:mmlu/professional_medicine-098,R5,M4,5,1,True,0
M22:mmlu/professional_medicine-105:cf_group,M22,M22:mmlu/professional_medicine-105,ALL,M4,5,1,True,0
M22:mmlu/professional_medicine-105:cf_group,M22,M22:mmlu/professional_medicine-105,R5,M4,5,1,True,0
M22:mmlu/professional_medicine-106:cf_group,M22,M22:mmlu/professional_medicine-106,ALL,M4,5,1,True,0
M22:mmlu/professional_medicine-106:cf_group,M22,M22:mmlu/professional_medicine-106,R5,M4,5,1,True,0
M22:mmlu/professional_medicine-115:cf_group,M22,M22:mmlu/professional_medicine-115,ALL,M4,5,0,False,0
M22:mmlu/professional_medicine-115:cf_group,M22,M22:mmlu/professional_medicine-115,R5,M4,5,0,False,0
M22:mmlu/professional_medicine-126:cf_group,M22,M22:mmlu/professional_medicine-126,ALL,M4,5,0.4,False,1
M22:mmlu/professional_medicine-126:cf_group,M22,M22:mmlu/professional_medicine-126,R5,M4,5,0.4,False,1
M22:mmlu/professional_medicine-132:cf_group,M22,M22:mmlu/professional_medicine-132,ALL,M4,5,0.6,False,1
M22:mmlu/professional_medicine-132:cf_group,M22,M22:mmlu/professional_medicine-132,R5,M4,5,0.6,False,1
M22:mmlu/professional_medicine-147:cf_group,M22,M22:mmlu/professional_medicine-147,ALL,M4,5,0.4,False,0
M22:mmlu/professional_medicine-147:cf_group,M22,M22:mmlu/professional_medicine-147,R5,M4,5,0.4,False,0
M22:mmlu/professional_medicine-157:cf_group,M22,M22:mmlu/professional_medicine-157,ALL,M4,5,1,True,0
M22:mmlu/professional_medicine-157:cf_group,M22,M22:mmlu/professional_medicine-157,R5,M4,5,1,True,0
M22:mmlu/professional_medicine-173:cf_group,M22,M22:mmlu/professional_medicine-173,ALL,M4,5,1,True,0
M22:mmlu/professional_medicine-173:cf_group,M22,M22:mmlu/professional_medicine-173,R5,M4,5,1,True,0
M22:mmlu/professional_medicine-174:cf_group,M22,M22:mmlu/professional_medicine-174,ALL,M4,5,0.8,False,0
M22:mmlu/professional_medicine-174:cf_group,M22,M22:mmlu/professional_medicine-174,R5,M4,5,0.8,False,0
M22:mmlu/professional_medicine-186:cf_group,M22,M22:mmlu/professional_medicine-186,ALL,M4,5,0.2,False,0
M22:mmlu/professional_medicine-186:cf_group,M22,M22:mmlu/professional_medicine-186,R5,M4,5,0.2,False,0
M22:mmlu/professional_medicine-190:cf_group,M22,M22:mmlu/professional_medicine-190,ALL,M4,5,1,True,0
M22:mmlu/professional_medicine-190:cf_group,M22,M22:mmlu/professional_medicine-190,R5,M4,5,1,True,0
M22:mmlu/professional_medicine-203:cf_group,M22,M22:mmlu/professional_medicine-203,ALL,M4,5,1,True,0
M22:mmlu/professional_medicine-203:cf_group,M22,M22:mmlu/professional_medicine-203,R5,M4,5,1,True,0
M22:mmlu/professional_medicine-205:cf_group,M22,M22:mmlu/professional_medicine-205,ALL,M4,5,0.8,False,1
M22:mmlu/professional_medicine-205:cf_group,M22,M22:mmlu/professional_medicine-205,R5,M4,5,0.8,False,1
M22:mmlu/professional_medicine-209:cf_group,M22,M22:mmlu/professional_medicine-209,ALL,M4,5,1,True,0
M22:mmlu/professional_medicine-209:cf_group,M22,M22:mmlu/professional_medicine-209,R5,M4,5,1,True,0
M22:mmlu/professional_medicine-212:cf_group,M22,M22:mmlu/professional_medicine-212,ALL,M4,5,0,False,0
M22:mmlu/professional_medicine-212:cf_group,M22,M22:mmlu/professional_medicine-212,R5,M4,5,0,False,0
M22:mmlu/professional_medicine-213:cf_group,M22,M22:mmlu/professional_medicine-213,ALL,M4,5,0.8,False,0
M22:mmlu/professional_medicine-213:cf_group,M22,M22:mmlu/professional_medicine-213,R5,M4,5,0.8,False,0
M22:mmlu/professional_medicine-222:cf_group,M22,M22:mmlu/professional_medicine-222,ALL,M4,5,0.6,False,0
M22:mmlu/professional_medicine-222:cf_group,M22,M22:mmlu/professional_medicine-222,R5,M4,5,0.6,False,0
M22:mmlu/professional_medicine-247:cf_group,M22,M22:mmlu/professional_medicine-247,ALL,M4,5,0.8,False,1
M22:mmlu/professional_medicine-247:cf_group,M22,M22:mmlu/professional_medicine-247,R5,M4,5,0.8,False,1
M22:mmlu/professional_medicine-251:cf_group,M22,M22:mmlu/professional_medicine-251,ALL,M4,5,0.2,False,0
M22:mmlu/professional_medicine-251:cf_group,M22,M22:mmlu/professional_medicine-251,R5,M4,5,0.2,False,0
M22:pubmedqa/10158597:cf_group,M22,M22:pubmedqa/10158597,ALL,M4,5,1,True,0
M22:pubmedqa/10158597:cf_group,M22,M22:pubmedqa/10158597,R5,M4,5,1,True,0
M22:pubmedqa/10922093:cf_group,M22,M22:pubmedqa/10922093,ALL,M4,5,0.4,False,0
M22:pubmedqa/10922093:cf_group,M22,M22:pubmedqa/10922093,R5,M4,5,0.4,False,0
M22:pubmedqa/11481172:cf_group,M22,M22:pubmedqa/11481172,ALL,M4,5,0.6,False,0
M22:pubmedqa/11481172:cf_group,M22,M22:pubmedqa/11481172,R5,M4,5,0.6,False,0
M22:pubmedqa/11570976:cf_group,M22,M22:pubmedqa/11570976,ALL,M4,5,0,False,0
M22:pubmedqa/11570976:cf_group,M22,M22:pubmedqa/11570976,R5,M4,5,0,False,0
M22:pubmedqa/11955750:cf_group,M22,M22:pubmedqa/11955750,ALL,M4,5,1,True,0
M22:pubmedqa/11955750:cf_group,M22,M22:pubmedqa/11955750,R5,M4,5,1,True,0
M22:pubmedqa/11977907:cf_group,M22,M22:pubmedqa/11977907,ALL,M4,5,0.8,False,0
M22:pubmedqa/11977907:cf_group,M22,M22:pubmedqa/11977907,R5,M4,5,0.8,False,0
M22:pubmedqa/12070552:cf_group,M22,M22:pubmedqa/12070552,ALL,M4,5,1,True,0
M22:pubmedqa/12070552:cf_group,M22,M22:pubmedqa/12070552,R5,M4,5,1,True,0
M22:pubmedqa/12094116:cf_group,M22,M22:pubmedqa/12094116,ALL,M4,5,0.2,False,1
M22:pubmedqa/12094116:cf_group,M22,M22:pubmedqa/12094116,R5,M4,5,0.2,False,1
M22:pubmedqa/12145243:cf_group,M22,M22:pubmedqa/12145243,ALL,M4,5,1,True,0
M22:pubmedqa/12145243:cf_group,M22,M22:pubmedqa/12145243,R5,M4,5,1,True,0
M22:pubmedqa/12163782:cf_group,M22,M22:pubmedqa/12163782,ALL,M4,5,1,True,0
M22:pubmedqa/12163782:cf_group,M22,M22:pubmedqa/12163782,R5,M4,5,1,True,0
M22:pubmedqa/12913878:cf_group,M22,M22:pubmedqa/12913878,ALL,M4,5,1,True,0
M22:pubmedqa/12913878:cf_group,M22,M22:pubmedqa/12913878,R5,M4,5,1,True,0
M22:pubmedqa/14627582:cf_group,M22,M22:pubmedqa/14627582,ALL,M4,5,0.2,False,0
M22:pubmedqa/14627582:cf_group,M22,M22:pubmedqa/14627582,R5,M4,5,0.2,False,0
M22:pubmedqa/14872327:cf_group,M22,M22:pubmedqa/14872327,ALL,M4,5,1,True,0
M22:pubmedqa/14872327:cf_group,M22,M22:pubmedqa/14872327,R5,M4,5,1,True,0
M22:pubmedqa/14968373:cf_group,M22,M22:pubmedqa/14968373,ALL,M4,5,0,False,0
M22:pubmedqa/14968373:cf_group,M22,M22:pubmedqa/14968373,R5,M4,5,0,False,0
M22:pubmedqa/15151701:cf_group,M22,M22:pubmedqa/15151701,ALL,M4,5,1,True,0
M22:pubmedqa/15151701:cf_group,M22,M22:pubmedqa/15151701,R5,M4,5,1,True,0
M22:pubmedqa/16538201:cf_group,M22,M22:pubmedqa/16538201,ALL,M4,5,0,False,0
M22:pubmedqa/16538201:cf_group,M22,M22:pubmedqa/16538201,R5,M4,5,0,False,0
M22:pubmedqa/16971978:cf_group,M22,M22:pubmedqa/16971978,ALL,M4,5,0.6,False,0
M22:pubmedqa/16971978:cf_group,M22,M22:pubmedqa/16971978,R5,M4,5,0.6,False,0
M22:pubmedqa/17032327:cf_group,M22,M22:pubmedqa/17032327,ALL,M4,5,1,True,0
M22:pubmedqa/17032327:cf_group,M22,M22:pubmedqa/17032327,R5,M4,5,1,True,0
M22:pubmedqa/17062234:cf_group,M22,M22:pubmedqa/17062234,ALL,M4,5,0.8,False,1
M22:pubmedqa/17062234:cf_group,M22,M22:pubmedqa/17062234,R5,M4,5,0.8,False,1
M22:pubmedqa/17192736:cf_group,M22,M22:pubmedqa/17192736,ALL,M4,5,1,True,0
M22:pubmedqa/17192736:cf_group,M22,M22:pubmedqa/17192736,R5,M4,5,1,True,0
M22:pubmedqa/17274051:cf_group,M22,M22:pubmedqa/17274051,ALL,M4,5,0.2,False,0
M22:pubmedqa/17274051:cf_group,M22,M22:pubmedqa/17274051,R5,M4,5,0.2,False,0
M22:pubmedqa/18274917:cf_group,M22,M22:pubmedqa/18274917,ALL,M4,5,1,True,0
M22:pubmedqa/18274917:cf_group,M22,M22:pubmedqa/18274917,R5,M4,5,1,True,0
M22:pubmedqa/19100463:cf_group,M22,M22:pubmedqa/19100463,ALL,M4,5,1,True,0
M22:pubmedqa/19100463:cf_group,M22,M22:pubmedqa/19100463,R5,M4,5,1,True,0
M22:pubmedqa/19836806:cf_group,M22,M22:pubmedqa/19836806,ALL,M4,5,0.4,False,0
M22:pubmedqa/19836806:cf_group,M22,M22:pubmedqa/19836806,R5,M4,5,0.4,False,0
M22:pubmedqa/20337202:cf_group,M22,M22:pubmedqa/20337202,ALL,M4,5,0,False,0
M22:pubmedqa/20337202:cf_group,M22,M22:pubmedqa/20337202,R5,M4,5,0,False,0
M22:pubmedqa/20549895:cf_group,M22,M22:pubmedqa/20549895,ALL,M4,5,1,True,0
M22:pubmedqa/20549895:cf_group,M22,M22:pubmedqa/20549895,R5,M4,5,1,True,0
M22:pubmedqa/20736672:cf_group,M22,M22:pubmedqa/20736672,ALL,M4,5,0,False,0
M22:pubmedqa/20736672:cf_group,M22,M22:pubmedqa/20736672,R5,M4,5,0,False,0
M22:pubmedqa/20850631:cf_group,M22,M22:pubmedqa/20850631,ALL,M4,5,1,True,0
M22:pubmedqa/20850631:cf_group,M22,M22:pubmedqa/20850631,R5,M4,5,1,True,0
M22:pubmedqa/21342862:cf_group,M22,M22:pubmedqa/21342862,ALL,M4,5,1,True,0
M22:pubmedqa/21342862:cf_group,M22,M22:pubmedqa/21342862,R5,M4,5,1,True,0
M22:pubmedqa/21431987:cf_group,M22,M22:pubmedqa/21431987,ALL,M4,5,0,False,0
M22:pubmedqa/21431987:cf_group,M22,M22:pubmedqa/21431987,R5,M4,5,0,False,0
M22:pubmedqa/21689015:cf_group,M22,M22:pubmedqa/21689015,ALL,M4,5,1,True,0
M22:pubmedqa/21689015:cf_group,M22,M22:pubmedqa/21689015,R5,M4,5,1,True,0
M22:pubmedqa/21712147:cf_group,M22,M22:pubmedqa/21712147,ALL,M4,5,0,False,0
M22:pubmedqa/21712147:cf_group,M22,M22:pubmedqa/21712147,R5,M4,5,0,False,0
M22:pubmedqa/22188074:cf_group,M22,M22:pubmedqa/22188074,ALL,M4,5,1,True,0
M22:pubmedqa/22188074:cf_group,M22,M22:pubmedqa/22188074,R5,M4,5,1,True,0
M22:pubmedqa/22302761:cf_group,M22,M22:pubmedqa/22302761,ALL,M4,5,1,True,0
M22:pubmedqa/22302761:cf_group,M22,M22:pubmedqa/22302761,R5,M4,5,1,True,0
M22:pubmedqa/22453060:cf_group,M22,M22:pubmedqa/22453060,ALL,M4,5,1,True,0
M22:pubmedqa/22453060:cf_group,M22,M22:pubmedqa/22453060,R5,M4,5,1,True,0
M22:pubmedqa/22540518:cf_group,M22,M22:pubmedqa/22540518,ALL,M4,5,1,True,0
M22:pubmedqa/22540518:cf_group,M22,M22:pubmedqa/22540518,R5,M4,5,1,True,0
M22:pubmedqa/22876568:cf_group,M22,M22:pubmedqa/22876568,ALL,M4,5,0,False,1
M22:pubmedqa/22876568:cf_group,M22,M22:pubmedqa/22876568,R5,M4,5,0,False,1
M22:pubmedqa/22902073:cf_group,M22,M22:pubmedqa/22902073,ALL,M4,5,1,True,0
M22:pubmedqa/22902073:cf_group,M22,M22:pubmedqa/22902073,R5,M4,5,1,True,0
M22:pubmedqa/23076787:cf_group,M22,M22:pubmedqa/23076787,ALL,M4,5,0,False,0
M22:pubmedqa/23076787:cf_group,M22,M22:pubmedqa/23076787,R5,M4,5,0,False,0
M22:pubmedqa/23149821:cf_group,M22,M22:pubmedqa/23149821,ALL,M4,5,0,False,0
M22:pubmedqa/23149821:cf_group,M22,M22:pubmedqa/23149821,R5,M4,5,0,False,0
M22:pubmedqa/23224030:cf_group,M22,M22:pubmedqa/23224030,ALL,M4,5,1,True,0
M22:pubmedqa/23224030:cf_group,M22,M22:pubmedqa/23224030,R5,M4,5,1,True,0
M22:pubmedqa/23359100:cf_group,M22,M22:pubmedqa/23359100,ALL,M4,5,1,True,0
M22:pubmedqa/23359100:cf_group,M22,M22:pubmedqa/23359100,R5,M4,5,1,True,0
M22:pubmedqa/23736032:cf_group,M22,M22:pubmedqa/23736032,ALL,M4,5,0.8,False,0
M22:pubmedqa/23736032:cf_group,M22,M22:pubmedqa/23736032,R5,M4,5,0.8,False,0
M22:pubmedqa/23949294:cf_group,M22,M22:pubmedqa/23949294,ALL,M4,5,1,True,0
M22:pubmedqa/23949294:cf_group,M22,M22:pubmedqa/23949294,R5,M4,5,1,True,0
M22:pubmedqa/24013712:cf_group,M22,M22:pubmedqa/24013712,ALL,M4,5,1,True,0
M22:pubmedqa/24013712:cf_group,M22,M22:pubmedqa/24013712,R5,M4,5,1,True,0
M22:pubmedqa/24449622:cf_group,M22,M22:pubmedqa/24449622,ALL,M4,5,0,False,0
M22:pubmedqa/24449622:cf_group,M22,M22:pubmedqa/24449622,R5,M4,5,0,False,0
M22:pubmedqa/24577079:cf_group,M22,M22:pubmedqa/24577079,ALL,M4,5,0.2,False,0
M22:pubmedqa/24577079:cf_group,M22,M22:pubmedqa/24577079,R5,M4,5,0.2,False,0
M22:pubmedqa/24671913:cf_group,M22,M22:pubmedqa/24671913,ALL,M4,5,1,True,0
M22:pubmedqa/24671913:cf_group,M22,M22:pubmedqa/24671913,R5,M4,5,1,True,0
M22:pubmedqa/24739448:cf_group,M22,M22:pubmedqa/24739448,ALL,M4,5,1,True,0
M22:pubmedqa/24739448:cf_group,M22,M22:pubmedqa/24739448,R5,M4,5,1,True,0
M22:pubmedqa/25311479:cf_group,M22,M22:pubmedqa/25311479,ALL,M4,5,0.6,False,1
M22:pubmedqa/25311479:cf_group,M22,M22:pubmedqa/25311479,R5,M4,5,0.6,False,1
M22:pubmedqa/25571931:cf_group,M22,M22:pubmedqa/25571931,ALL,M4,5,0,False,0
M22:pubmedqa/25571931:cf_group,M22,M22:pubmedqa/25571931,R5,M4,5,0,False,0
M22:pubmedqa/25725704:cf_group,M22,M22:pubmedqa/25725704,ALL,M4,5,1,True,0
M22:pubmedqa/25725704:cf_group,M22,M22:pubmedqa/25725704,R5,M4,5,1,True,0
M22:pubmedqa/25986020:cf_group,M22,M22:pubmedqa/25986020,ALL,M4,5,1,True,0
M22:pubmedqa/25986020:cf_group,M22,M22:pubmedqa/25986020,R5,M4,5,1,True,0
M22:pubmedqa/26561905:cf_group,M22,M22:pubmedqa/26561905,ALL,M4,5,1,True,0
M22:pubmedqa/26561905:cf_group,M22,M22:pubmedqa/26561905,R5,M4,5,1,True,0
M22:pubmedqa/26864326:cf_group,M22,M22:pubmedqa/26864326,ALL,M4,5,0.4,False,0
M22:pubmedqa/26864326:cf_group,M22,M22:pubmedqa/26864326,R5,M4,5,0.4,False,0
M22:pubmedqa/27131771:cf_group,M22,M22:pubmedqa/27131771,ALL,M4,5,0.8,False,0
M22:pubmedqa/27131771:cf_group,M22,M22:pubmedqa/27131771,R5,M4,5,0.8,False,0
M22:pubmedqa/27456836:cf_group,M22,M22:pubmedqa/27456836,ALL,M4,5,1,True,0
M22:pubmedqa/27456836:cf_group,M22,M22:pubmedqa/27456836,R5,M4,5,1,True,0
M22:pubmedqa/27592038:cf_group,M22,M22:pubmedqa/27592038,ALL,M4,5,1,True,0
M22:pubmedqa/27592038:cf_group,M22,M22:pubmedqa/27592038,R5,M4,5,1,True,0
M22:pubmedqa/27757987:cf_group,M22,M22:pubmedqa/27757987,ALL,M4,5,1,True,0
M22:pubmedqa/27757987:cf_group,M22,M22:pubmedqa/27757987,R5,M4,5,1,True,0
M22:pubmedqa/28196511:cf_group,M22,M22:pubmedqa/28196511,ALL,M4,5,1,True,0
M22:pubmedqa/28196511:cf_group,M22,M22:pubmedqa/28196511,R5,M4,5,1,True,0
M22:pubmedqa/8521557:cf_group,M22,M22:pubmedqa/8521557,ALL,M4,5,0.2,False,0
M22:pubmedqa/8521557:cf_group,M22,M22:pubmedqa/8521557,R5,M4,5,0.2,False,0
M22:pubmedqa/8910148:cf_group,M22,M22:pubmedqa/8910148,ALL,M4,5,0.8,False,1
M22:pubmedqa/8910148:cf_group,M22,M22:pubmedqa/8910148,R5,M4,5,0.8,False,1
M22:pubmedqa/9722752:cf_group,M22,M22:pubmedqa/9722752,ALL,M4,5,0.6,False,0
M22:pubmedqa/9722752:cf_group,M22,M22:pubmedqa/9722752,R5,M4,5,0.6,False,0
M23:BioNLI:noise100:row1013,M23,M23:BioNLI:exact_context:1013,ALL,M4,1,1,True,0
M23:BioNLI:noise100:row1013,M23,M23:BioNLI:exact_context:1013,R5,M4,1,1,True,0
M23:BioNLI:noise100:row1088,M23,M23:BioNLI:exact_context:1088,ALL,M4,1,0,False,0
M23:BioNLI:noise100:row1088,M23,M23:BioNLI:exact_context:1088,R5,M4,1,0,False,0
M23:BioNLI:noise100:row11,M23,M23:BioNLI:exact_context:11,ALL,M4,1,0,False,0
M23:BioNLI:noise100:row11,M23,M23:BioNLI:exact_context:11,R5,M4,1,0,False,0
M23:BioNLI:noise100:row1111,M23,M23:BioNLI:exact_context:1111,ALL,M4,1,0,False,0
M23:BioNLI:noise100:row1111,M23,M23:BioNLI:exact_context:1111,R5,M4,1,0,False,0
M23:BioNLI:noise100:row1124,M23,M23:BioNLI:exact_context:1124,ALL,M4,1,0,False,0
M23:BioNLI:noise100:row1124,M23,M23:BioNLI:exact_context:1124,R5,M4,1,0,False,0
M23:BioNLI:noise100:row1130,M23,M23:BioNLI:exact_context:1130,ALL,M4,1,1,True,0
M23:BioNLI:noise100:row1130,M23,M23:BioNLI:exact_context:1130,R5,M4,1,1,True,0
M23:BioNLI:noise100:row1161,M23,M23:BioNLI:exact_context:1161,ALL,M4,1,0,False,0
M23:BioNLI:noise100:row1161,M23,M23:BioNLI:exact_context:1161,R5,M4,1,0,False,0
M23:BioNLI:noise100:row1170,M23,M23:BioNLI:exact_context:1170,ALL,M4,1,0,False,0
M23:BioNLI:noise100:row1170,M23,M23:BioNLI:exact_context:1170,R5,M4,1,0,False,0
M23:BioNLI:noise100:row1181,M23,M23:BioNLI:exact_context:1181,ALL,M4,1,0,False,0
M23:BioNLI:noise100:row1181,M23,M23:BioNLI:exact_context:1181,R5,M4,1,0,False,0
M23:BioNLI:noise100:row1242,M23,M23:BioNLI:exact_context:1242,ALL,M4,1,0,False,0
M23:BioNLI:noise100:row1242,M23,M23:BioNLI:exact_context:1242,R5,M4,1,0,False,0
M23:BioNLI:noise100:row1247,M23,M23:BioNLI:exact_context:1247,ALL,M4,1,0,False,0
M23:BioNLI:noise100:row1247,M23,M23:BioNLI:exact_context:1247,R5,M4,1,0,False,0
M23:BioNLI:noise100:row1268,M23,M23:BioNLI:exact_context:1268,ALL,M4,1,1,True,0
M23:BioNLI:noise100:row1268,M23,M23:BioNLI:exact_context:1268,R5,M4,1,1,True,0
M23:BioNLI:noise100:row1275,M23,M23:BioNLI:exact_context:1275,ALL,M4,1,0,False,0
M23:BioNLI:noise100:row1275,M23,M23:BioNLI:exact_context:1275,R5,M4,1,0,False,0
M23:BioNLI:noise100:row1282,M23,M23:BioNLI:exact_context:1282,ALL,M4,1,1,True,0
M23:BioNLI:noise100:row1282,M23,M23:BioNLI:exact_context:1282,R5,M4,1,1,True,0
M23:BioNLI:noise100:row1326,M23,M23:BioNLI:exact_context:1326,ALL,M4,1,1,True,0
M23:BioNLI:noise100:row1326,M23,M23:BioNLI:exact_context:1326,R5,M4,1,1,True,0
M23:BioNLI:noise100:row138,M23,M23:BioNLI:exact_context:138,ALL,M4,1,1,True,0
M23:BioNLI:noise100:row138,M23,M23:BioNLI:exact_context:138,R5,M4,1,1,True,0
M23:BioNLI:noise100:row144,M23,M23:BioNLI:exact_context:144,ALL,M4,1,1,True,0
M23:BioNLI:noise100:row144,M23,M23:BioNLI:exact_context:144,R5,M4,1,1,True,0
M23:BioNLI:noise100:row1522,M23,M23:BioNLI:exact_context:1522,ALL,M4,1,0,False,0
M23:BioNLI:noise100:row1522,M23,M23:BioNLI:exact_context:1522,R5,M4,1,0,False,0
M23:BioNLI:noise100:row1555,M23,M23:BioNLI:exact_context:1555,ALL,M4,1,1,True,0
M23:BioNLI:noise100:row1555,M23,M23:BioNLI:exact_context:1555,R5,M4,1,1,True,0
M23:BioNLI:noise100:row1561,M23,M23:BioNLI:exact_context:1561,ALL,M4,1,0,False,0
M23:BioNLI:noise100:row1561,M23,M23:BioNLI:exact_context:1561,R5,M4,1,0,False,0
M23:BioNLI:noise100:row1578,M23,M23:BioNLI:exact_context:1578,ALL,M4,1,1,True,0
M23:BioNLI:noise100:row1578,M23,M23:BioNLI:exact_context:1578,R5,M4,1,1,True,0
M23:BioNLI:noise100:row1619,M23,M23:BioNLI:exact_context:1619,ALL,M4,1,0,False,0
M23:BioNLI:noise100:row1619,M23,M23:BioNLI:exact_context:1619,R5,M4,1,0,False,0
M23:BioNLI:noise100:row1646,M23,M23:BioNLI:exact_context:1646,ALL,M4,1,0,False,0
M23:BioNLI:noise100:row1646,M23,M23:BioNLI:exact_context:1646,R5,M4,1,0,False,0
M23:BioNLI:noise100:row1657,M23,M23:BioNLI:exact_context:1657,ALL,M4,1,0,False,0
M23:BioNLI:noise100:row1657,M23,M23:BioNLI:exact_context:1657,R5,M4,1,0,False,0
M23:BioNLI:noise100:row1668,M23,M23:BioNLI:exact_context:1668,ALL,M4,1,1,True,0
M23:BioNLI:noise100:row1668,M23,M23:BioNLI:exact_context:1668,R5,M4,1,1,True,0
M23:BioNLI:noise100:row1695,M23,M23:BioNLI:exact_context:1695,ALL,M4,1,0,False,0
M23:BioNLI:noise100:row1695,M23,M23:BioNLI:exact_context:1695,R5,M4,1,0,False,0
M23:BioNLI:noise100:row1699,M23,M23:BioNLI:exact_context:1699,ALL,M4,1,0,False,0
M23:BioNLI:noise100:row1699,M23,M23:BioNLI:exact_context:1699,R5,M4,1,0,False,0
M23:BioNLI:noise100:row1764,M23,M23:BioNLI:exact_context:1764,ALL,M4,1,0,False,0
M23:BioNLI:noise100:row1764,M23,M23:BioNLI:exact_context:1764,R5,M4,1,0,False,0
M23:BioNLI:noise100:row1787,M23,M23:BioNLI:exact_context:1787,ALL,M4,1,0,False,0
M23:BioNLI:noise100:row1787,M23,M23:BioNLI:exact_context:1787,R5,M4,1,0,False,0
M23:BioNLI:noise100:row1825,M23,M23:BioNLI:exact_context:1825,ALL,M4,1,0,False,0
M23:BioNLI:noise100:row1825,M23,M23:BioNLI:exact_context:1825,R5,M4,1,0,False,0
M23:BioNLI:noise100:row1882,M23,M23:BioNLI:exact_context:1882,ALL,M4,1,1,True,0
M23:BioNLI:noise100:row1882,M23,M23:BioNLI:exact_context:1882,R5,M4,1,1,True,0
M23:BioNLI:noise100:row1894,M23,M23:BioNLI:exact_context:1894,ALL,M4,1,1,True,0
M23:BioNLI:noise100:row1894,M23,M23:BioNLI:exact_context:1894,R5,M4,1,1,True,0
M23:BioNLI:noise100:row1899,M23,M23:BioNLI:exact_context:1899,ALL,M4,1,1,True,0
M23:BioNLI:noise100:row1899,M23,M23:BioNLI:exact_context:1899,R5,M4,1,1,True,0
M23:BioNLI:noise100:row1952,M23,M23:BioNLI:exact_context:1952,ALL,M4,1,1,True,0
M23:BioNLI:noise100:row1952,M23,M23:BioNLI:exact_context:1952,R5,M4,1,1,True,0
M23:BioNLI:noise100:row1957,M23,M23:BioNLI:exact_context:1957,ALL,M4,1,1,True,0
M23:BioNLI:noise100:row1957,M23,M23:BioNLI:exact_context:1957,R5,M4,1,1,True,0
M23:BioNLI:noise100:row1999,M23,M23:BioNLI:exact_context:1999,ALL,M4,1,1,True,0
M23:BioNLI:noise100:row1999,M23,M23:BioNLI:exact_context:1999,R5,M4,1,1,True,0
M23:BioNLI:noise100:row2014,M23,M23:BioNLI:exact_context:2014,ALL,M4,1,0,False,0
M23:BioNLI:noise100:row2014,M23,M23:BioNLI:exact_context:2014,R5,M4,1,0,False,0
M23:BioNLI:noise100:row2072,M23,M23:BioNLI:exact_context:2072,ALL,M4,1,1,True,0
M23:BioNLI:noise100:row2072,M23,M23:BioNLI:exact_context:2072,R5,M4,1,1,True,0
M23:BioNLI:noise100:row2080,M23,M23:BioNLI:exact_context:2080,ALL,M4,1,0,False,0
M23:BioNLI:noise100:row2080,M23,M23:BioNLI:exact_context:2080,R5,M4,1,0,False,0
M23:BioNLI:noise100:row2094,M23,M23:BioNLI:exact_context:2094,ALL,M4,1,0,False,0
M23:BioNLI:noise100:row2094,M23,M23:BioNLI:exact_context:2094,R5,M4,1,0,False,0
M23:BioNLI:noise100:row2101,M23,M23:BioNLI:exact_context:2101,ALL,M4,1,0,False,0
M23:BioNLI:noise100:row2101,M23,M23:BioNLI:exact_context:2101,R5,M4,1,0,False,0
M23:BioNLI:noise100:row2113,M23,M23:BioNLI:exact_context:2113,ALL,M4,1,1,True,0
M23:BioNLI:noise100:row2113,M23,M23:BioNLI:exact_context:2113,R5,M4,1,1,True,0
M23:BioNLI:noise100:row2115,M23,M23:BioNLI:exact_context:2115,ALL,M4,1,1,True,0
M23:BioNLI:noise100:row2115,M23,M23:BioNLI:exact_context:2115,R5,M4,1,1,True,0
M23:BioNLI:noise100:row2119,M23,M23:BioNLI:exact_context:2119,ALL,M4,1,1,True,0
M23:BioNLI:noise100:row2119,M23,M23:BioNLI:exact_context:2119,R5,M4,1,1,True,0
M23:BioNLI:noise100:row2189,M23,M23:BioNLI:exact_context:2189,ALL,M4,1,0,False,0
M23:BioNLI:noise100:row2189,M23,M23:BioNLI:exact_context:2189,R5,M4,1,0,False,0
M23:BioNLI:noise100:row2190,M23,M23:BioNLI:exact_context:2190,ALL,M4,1,1,True,0
M23:BioNLI:noise100:row2190,M23,M23:BioNLI:exact_context:2190,R5,M4,1,1,True,0
M23:BioNLI:noise100:row2193,M23,M23:BioNLI:exact_context:2193,ALL,M4,1,1,True,0
M23:BioNLI:noise100:row2193,M23,M23:BioNLI:exact_context:2193,R5,M4,1,1,True,0
M23:BioNLI:noise100:row2195,M23,M23:BioNLI:exact_context:2195,ALL,M4,1,1,True,0
M23:BioNLI:noise100:row2195,M23,M23:BioNLI:exact_context:2195,R5,M4,1,1,True,0
M23:BioNLI:noise100:row2245,M23,M23:BioNLI:exact_context:2245,ALL,M4,1,0,False,0
M23:BioNLI:noise100:row2245,M23,M23:BioNLI:exact_context:2245,R5,M4,1,0,False,0
M23:BioNLI:noise100:row2251,M23,M23:BioNLI:exact_context:2251,ALL,M4,1,1,True,0
M23:BioNLI:noise100:row2251,M23,M23:BioNLI:exact_context:2251,R5,M4,1,1,True,0
M23:BioNLI:noise100:row2298,M23,M23:BioNLI:exact_context:2298,ALL,M4,1,0,False,0
M23:BioNLI:noise100:row2298,M23,M23:BioNLI:exact_context:2298,R5,M4,1,0,False,0
M23:BioNLI:noise100:row2330,M23,M23:BioNLI:exact_context:2330,ALL,M4,1,1,True,0
M23:BioNLI:noise100:row2330,M23,M23:BioNLI:exact_context:2330,R5,M4,1,1,True,0
M23:BioNLI:noise100:row2346,M23,M23:BioNLI:exact_context:2346,ALL,M4,1,0,False,0
M23:BioNLI:noise100:row2346,M23,M23:BioNLI:exact_context:2346,R5,M4,1,0,False,0
M23:BioNLI:noise100:row2355,M23,M23:BioNLI:exact_context:2355,ALL,M4,1,1,True,0
M23:BioNLI:noise100:row2355,M23,M23:BioNLI:exact_context:2355,R5,M4,1,1,True,0
M23:BioNLI:noise100:row2376,M23,M23:BioNLI:exact_context:2376,ALL,M4,1,0,False,0
M23:BioNLI:noise100:row2376,M23,M23:BioNLI:exact_context:2376,R5,M4,1,0,False,0
M23:BioNLI:noise100:row2392,M23,M23:BioNLI:exact_context:2392,ALL,M4,1,1,True,0
M23:BioNLI:noise100:row2392,M23,M23:BioNLI:exact_context:2392,R5,M4,1,1,True,0
M23:BioNLI:noise100:row2453,M23,M23:BioNLI:exact_context:2453,ALL,M4,1,0,False,0
M23:BioNLI:noise100:row2453,M23,M23:BioNLI:exact_context:2453,R5,M4,1,0,False,0
M23:BioNLI:noise100:row2462,M23,M23:BioNLI:exact_context:2462,ALL,M4,1,1,True,0
M23:BioNLI:noise100:row2462,M23,M23:BioNLI:exact_context:2462,R5,M4,1,1,True,0
M23:BioNLI:noise100:row2507,M23,M23:BioNLI:exact_context:2507,ALL,M4,1,0,False,0
M23:BioNLI:noise100:row2507,M23,M23:BioNLI:exact_context:2507,R5,M4,1,0,False,0
M23:BioNLI:noise100:row2551,M23,M23:BioNLI:exact_context:2551,ALL,M4,1,1,True,0
M23:BioNLI:noise100:row2551,M23,M23:BioNLI:exact_context:2551,R5,M4,1,1,True,0
M23:BioNLI:noise100:row2555,M23,M23:BioNLI:exact_context:2555,ALL,M4,1,0,False,0
M23:BioNLI:noise100:row2555,M23,M23:BioNLI:exact_context:2555,R5,M4,1,0,False,0
M23:BioNLI:noise100:row2558,M23,M23:BioNLI:exact_context:2558,ALL,M4,1,0,False,0
M23:BioNLI:noise100:row2558,M23,M23:BioNLI:exact_context:2558,R5,M4,1,0,False,0
M23:BioNLI:noise100:row2576,M23,M23:BioNLI:exact_context:2576,ALL,M4,1,0,False,0
M23:BioNLI:noise100:row2576,M23,M23:BioNLI:exact_context:2576,R5,M4,1,0,False,0
M23:BioNLI:noise100:row2590,M23,M23:BioNLI:exact_context:2590,ALL,M4,1,0,False,0
M23:BioNLI:noise100:row2590,M23,M23:BioNLI:exact_context:2590,R5,M4,1,0,False,0
M23:BioNLI:noise100:row2606,M23,M23:BioNLI:exact_context:2606,ALL,M4,1,1,True,0
M23:BioNLI:noise100:row2606,M23,M23:BioNLI:exact_context:2606,R5,M4,1,1,True,0
M23:BioNLI:noise100:row2649,M23,M23:BioNLI:exact_context:2649,ALL,M4,1,1,True,0
M23:BioNLI:noise100:row2649,M23,M23:BioNLI:exact_context:2649,R5,M4,1,1,True,0
M23:BioNLI:noise100:row2723,M23,M23:BioNLI:exact_context:2723,ALL,M4,1,1,True,0
M23:BioNLI:noise100:row2723,M23,M23:BioNLI:exact_context:2723,R5,M4,1,1,True,0
M23:BioNLI:noise100:row2724,M23,M23:BioNLI:exact_context:2724,ALL,M4,1,0,False,0
M23:BioNLI:noise100:row2724,M23,M23:BioNLI:exact_context:2724,R5,M4,1,0,False,0
M23:BioNLI:noise100:row277,M23,M23:BioNLI:exact_context:277,ALL,M4,1,1,True,0
M23:BioNLI:noise100:row277,M23,M23:BioNLI:exact_context:277,R5,M4,1,1,True,0
M23:BioNLI:noise100:row2829,M23,M23:BioNLI:exact_context:2829,ALL,M4,1,1,True,0
M23:BioNLI:noise100:row2829,M23,M23:BioNLI:exact_context:2829,R5,M4,1,1,True,0
M23:BioNLI:noise100:row2841,M23,M23:BioNLI:exact_context:2841,ALL,M4,1,0,False,0
M23:BioNLI:noise100:row2841,M23,M23:BioNLI:exact_context:2841,R5,M4,1,0,False,0
M23:BioNLI:noise100:row2842,M23,M23:BioNLI:exact_context:2842,ALL,M4,1,1,True,0
M23:BioNLI:noise100:row2842,M23,M23:BioNLI:exact_context:2842,R5,M4,1,1,True,0
M23:BioNLI:noise100:row2862,M23,M23:BioNLI:exact_context:2862,ALL,M4,1,1,True,0
M23:BioNLI:noise100:row2862,M23,M23:BioNLI:exact_context:2862,R5,M4,1,1,True,0
M23:BioNLI:noise100:row2910,M23,M23:BioNLI:exact_context:2910,ALL,M4,1,0,False,0
M23:BioNLI:noise100:row2910,M23,M23:BioNLI:exact_context:2910,R5,M4,1,0,False,0
M23:BioNLI:noise100:row2955,M23,M23:BioNLI:exact_context:2955,ALL,M4,1,0,False,0
M23:BioNLI:noise100:row2955,M23,M23:BioNLI:exact_context:2955,R5,M4,1,0,False,0
M23:BioNLI:noise100:row2993,M23,M23:BioNLI:exact_context:2993,ALL,M4,1,1,True,0
M23:BioNLI:noise100:row2993,M23,M23:BioNLI:exact_context:2993,R5,M4,1,1,True,0
M23:BioNLI:noise100:row2997,M23,M23:BioNLI:exact_context:2997,ALL,M4,1,0,False,0
M23:BioNLI:noise100:row2997,M23,M23:BioNLI:exact_context:2997,R5,M4,1,0,False,0
M23:BioNLI:noise100:row300,M23,M23:BioNLI:exact_context:300,ALL,M4,1,1,True,0
M23:BioNLI:noise100:row300,M23,M23:BioNLI:exact_context:300,R5,M4,1,1,True,0
M23:BioNLI:noise100:row3174,M23,M23:BioNLI:exact_context:3174,ALL,M4,1,1,True,0
M23:BioNLI:noise100:row3174,M23,M23:BioNLI:exact_context:3174,R5,M4,1,1,True,0
M23:BioNLI:noise100:row3182,M23,M23:BioNLI:exact_context:3182,ALL,M4,1,0,False,0
M23:BioNLI:noise100:row3182,M23,M23:BioNLI:exact_context:3182,R5,M4,1,0,False,0
M23:BioNLI:noise100:row3200,M23,M23:BioNLI:exact_context:3200,ALL,M4,1,1,True,0
M23:BioNLI:noise100:row3200,M23,M23:BioNLI:exact_context:3200,R5,M4,1,1,True,0
M23:BioNLI:noise100:row3221,M23,M23:BioNLI:exact_context:3221,ALL,M4,1,0,False,0
M23:BioNLI:noise100:row3221,M23,M23:BioNLI:exact_context:3221,R5,M4,1,0,False,0
M23:BioNLI:noise100:row3227,M23,M23:BioNLI:exact_context:3227,ALL,M4,1,0,False,0
M23:BioNLI:noise100:row3227,M23,M23:BioNLI:exact_context:3227,R5,M4,1,0,False,0
M23:BioNLI:noise100:row3244,M23,M23:BioNLI:exact_context:3244,ALL,M4,1,0,False,0
M23:BioNLI:noise100:row3244,M23,M23:BioNLI:exact_context:3244,R5,M4,1,0,False,0
M23:BioNLI:noise100:row3313,M23,M23:BioNLI:exact_context:3313,ALL,M4,1,1,True,0
M23:BioNLI:noise100:row3313,M23,M23:BioNLI:exact_context:3313,R5,M4,1,1,True,0
M23:BioNLI:noise100:row3376,M23,M23:BioNLI:exact_context:3376,ALL,M4,1,0,False,0
M23:BioNLI:noise100:row3376,M23,M23:BioNLI:exact_context:3376,R5,M4,1,0,False,0
M23:BioNLI:noise100:row3414,M23,M23:BioNLI:exact_context:3414,ALL,M4,1,0,False,0
M23:BioNLI:noise100:row3414,M23,M23:BioNLI:exact_context:3414,R5,M4,1,0,False,0
M23:BioNLI:noise100:row3426,M23,M23:BioNLI:exact_context:3426,ALL,M4,1,1,True,0
M23:BioNLI:noise100:row3426,M23,M23:BioNLI:exact_context:3426,R5,M4,1,1,True,0
M23:BioNLI:noise100:row3447,M23,M23:BioNLI:exact_context:3447,ALL,M4,1,1,True,0
M23:BioNLI:noise100:row3447,M23,M23:BioNLI:exact_context:3447,R5,M4,1,1,True,0
M23:BioNLI:noise100:row350,M23,M23:BioNLI:exact_context:350,ALL,M4,1,1,True,0
M23:BioNLI:noise100:row350,M23,M23:BioNLI:exact_context:350,R5,M4,1,1,True,0
M23:BioNLI:noise100:row3502,M23,M23:BioNLI:exact_context:3502,ALL,M4,1,0,False,0
M23:BioNLI:noise100:row3502,M23,M23:BioNLI:exact_context:3502,R5,M4,1,0,False,0
M23:BioNLI:noise100:row3535,M23,M23:BioNLI:exact_context:3535,ALL,M4,1,0,False,0
M23:BioNLI:noise100:row3535,M23,M23:BioNLI:exact_context:3535,R5,M4,1,0,False,0
M23:BioNLI:noise100:row354,M23,M23:BioNLI:exact_context:354,ALL,M4,1,1,True,0
M23:BioNLI:noise100:row354,M23,M23:BioNLI:exact_context:354,R5,M4,1,1,True,0
M23:BioNLI:noise100:row3540,M23,M23:BioNLI:exact_context:3540,ALL,M4,1,0,False,0
M23:BioNLI:noise100:row3540,M23,M23:BioNLI:exact_context:3540,R5,M4,1,0,False,0
M23:BioNLI:noise100:row3552,M23,M23:BioNLI:exact_context:3552,ALL,M4,1,0,False,0
M23:BioNLI:noise100:row3552,M23,M23:BioNLI:exact_context:3552,R5,M4,1,0,False,0
M23:BioNLI:noise100:row3555,M23,M23:BioNLI:exact_context:3555,ALL,M4,1,1,True,0
M23:BioNLI:noise100:row3555,M23,M23:BioNLI:exact_context:3555,R5,M4,1,1,True,0
M23:BioNLI:noise100:row3579,M23,M23:BioNLI:exact_context:3579,ALL,M4,1,0,False,0
M23:BioNLI:noise100:row3579,M23,M23:BioNLI:exact_context:3579,R5,M4,1,0,False,0
M23:BioNLI:noise100:row36,M23,M23:BioNLI:exact_context:36,ALL,M4,1,1,True,0
M23:BioNLI:noise100:row36,M23,M23:BioNLI:exact_context:36,R5,M4,1,1,True,0
M23:BioNLI:noise100:row3622,M23,M23:BioNLI:exact_context:3622,ALL,M4,1,0,False,0
M23:BioNLI:noise100:row3622,M23,M23:BioNLI:exact_context:3622,R5,M4,1,0,False,0
M23:BioNLI:noise100:row363,M23,M23:BioNLI:exact_context:363,ALL,M4,1,0,False,0
M23:BioNLI:noise100:row363,M23,M23:BioNLI:exact_context:363,R5,M4,1,0,False,0
M23:BioNLI:noise100:row3652,M23,M23:BioNLI:exact_context:3652,ALL,M4,1,1,True,0
M23:BioNLI:noise100:row3652,M23,M23:BioNLI:exact_context:3652,R5,M4,1,1,True,0
M23:BioNLI:noise100:row3683,M23,M23:BioNLI:exact_context:3683,ALL,M4,1,1,True,0
M23:BioNLI:noise100:row3683,M23,M23:BioNLI:exact_context:3683,R5,M4,1,1,True,0
M23:BioNLI:noise100:row374,M23,M23:BioNLI:exact_context:374,ALL,M4,1,1,True,0
M23:BioNLI:noise100:row374,M23,M23:BioNLI:exact_context:374,R5,M4,1,1,True,0
M23:BioNLI:noise100:row3742,M23,M23:BioNLI:exact_context:3742,ALL,M4,1,1,True,0
M23:BioNLI:noise100:row3742,M23,M23:BioNLI:exact_context:3742,R5,M4,1,1,True,0
M23:BioNLI:noise100:row3744,M23,M23:BioNLI:exact_context:3744,ALL,M4,1,0,False,0
M23:BioNLI:noise100:row3744,M23,M23:BioNLI:exact_context:3744,R5,M4,1,0,False,0
M23:BioNLI:noise100:row3762,M23,M23:BioNLI:exact_context:3762,ALL,M4,1,1,True,0
M23:BioNLI:noise100:row3762,M23,M23:BioNLI:exact_context:3762,R5,M4,1,1,True,0
M23:BioNLI:noise100:row3789,M23,M23:BioNLI:exact_context:3789,ALL,M4,1,1,True,0
M23:BioNLI:noise100:row3789,M23,M23:BioNLI:exact_context:3789,R5,M4,1,1,True,0
M23:BioNLI:noise100:row3794,M23,M23:BioNLI:exact_context:3794,ALL,M4,1,0,False,0
M23:BioNLI:noise100:row3794,M23,M23:BioNLI:exact_context:3794,R5,M4,1,0,False,0
M23:BioNLI:noise100:row3865,M23,M23:BioNLI:exact_context:3865,ALL,M4,1,1,True,0
M23:BioNLI:noise100:row3865,M23,M23:BioNLI:exact_context:3865,R5,M4,1,1,True,0
M23:BioNLI:noise100:row3872,M23,M23:BioNLI:exact_context:3872,ALL,M4,1,1,True,0
M23:BioNLI:noise100:row3872,M23,M23:BioNLI:exact_context:3872,R5,M4,1,1,True,0
M23:BioNLI:noise100:row3880,M23,M23:BioNLI:exact_context:3880,ALL,M4,1,1,True,0
M23:BioNLI:noise100:row3880,M23,M23:BioNLI:exact_context:3880,R5,M4,1,1,True,0
M23:BioNLI:noise100:row3895,M23,M23:BioNLI:exact_context:3895,ALL,M4,1,1,True,0
M23:BioNLI:noise100:row3895,M23,M23:BioNLI:exact_context:3895,R5,M4,1,1,True,0
M23:BioNLI:noise100:row3903,M23,M23:BioNLI:exact_context:3903,ALL,M4,1,0,False,0
M23:BioNLI:noise100:row3903,M23,M23:BioNLI:exact_context:3903,R5,M4,1,0,False,0
M23:BioNLI:noise100:row3907,M23,M23:BioNLI:exact_context:3907,ALL,M4,1,1,True,0
M23:BioNLI:noise100:row3907,M23,M23:BioNLI:exact_context:3907,R5,M4,1,1,True,0
M23:BioNLI:noise100:row3913,M23,M23:BioNLI:exact_context:3913,ALL,M4,1,1,True,0
M23:BioNLI:noise100:row3913,M23,M23:BioNLI:exact_context:3913,R5,M4,1,1,True,0
M23:BioNLI:noise100:row3919,M23,M23:BioNLI:exact_context:3919,ALL,M4,1,0,False,0
M23:BioNLI:noise100:row3919,M23,M23:BioNLI:exact_context:3919,R5,M4,1,0,False,0
M23:BioNLI:noise100:row3933,M23,M23:BioNLI:exact_context:3933,ALL,M4,1,1,True,0
M23:BioNLI:noise100:row3933,M23,M23:BioNLI:exact_context:3933,R5,M4,1,1,True,0
M23:BioNLI:noise100:row3943,M23,M23:BioNLI:exact_context:3943,ALL,M4,1,1,True,0
M23:BioNLI:noise100:row3943,M23,M23:BioNLI:exact_context:3943,R5,M4,1,1,True,0
M23:BioNLI:noise100:row3965,M23,M23:BioNLI:exact_context:3965,ALL,M4,1,1,True,0
M23:BioNLI:noise100:row3965,M23,M23:BioNLI:exact_context:3965,R5,M4,1,1,True,0
M23:BioNLI:noise100:row4036,M23,M23:BioNLI:exact_context:4036,ALL,M4,1,0,False,0
M23:BioNLI:noise100:row4036,M23,M23:BioNLI:exact_context:4036,R5,M4,1,0,False,0
M23:BioNLI:noise100:row4094,M23,M23:BioNLI:exact_context:4094,ALL,M4,1,0,False,0
M23:BioNLI:noise100:row4094,M23,M23:BioNLI:exact_context:4094,R5,M4,1,0,False,0
M23:BioNLI:noise100:row4132,M23,M23:BioNLI:exact_context:4132,ALL,M4,1,0,False,0
M23:BioNLI:noise100:row4132,M23,M23:BioNLI:exact_context:4132,R5,M4,1,0,False,0
M23:BioNLI:noise100:row4134,M23,M23:BioNLI:exact_context:4134,ALL,M4,1,0,False,0
M23:BioNLI:noise100:row4134,M23,M23:BioNLI:exact_context:4134,R5,M4,1,0,False,0
M23:BioNLI:noise100:row4143,M23,M23:BioNLI:exact_context:4143,ALL,M4,1,1,True,0
M23:BioNLI:noise100:row4143,M23,M23:BioNLI:exact_context:4143,R5,M4,1,1,True,0
M23:BioNLI:noise100:row4145,M23,M23:BioNLI:exact_context:4145,ALL,M4,1,1,True,0
M23:BioNLI:noise100:row4145,M23,M23:BioNLI:exact_context:4145,R5,M4,1,1,True,0
M23:BioNLI:noise100:row4208,M23,M23:BioNLI:exact_context:4208,ALL,M4,1,1,True,0
M23:BioNLI:noise100:row4208,M23,M23:BioNLI:exact_context:4208,R5,M4,1,1,True,0
M23:BioNLI:noise100:row4252,M23,M23:BioNLI:exact_context:4252,ALL,M4,1,0,False,0
M23:BioNLI:noise100:row4252,M23,M23:BioNLI:exact_context:4252,R5,M4,1,0,False,0
M23:BioNLI:noise100:row4266,M23,M23:BioNLI:exact_context:4266,ALL,M4,1,1,True,0
M23:BioNLI:noise100:row4266,M23,M23:BioNLI:exact_context:4266,R5,M4,1,1,True,0
M23:BioNLI:noise100:row429,M23,M23:BioNLI:exact_context:429,ALL,M4,1,0,False,0
M23:BioNLI:noise100:row429,M23,M23:BioNLI:exact_context:429,R5,M4,1,0,False,0
M23:BioNLI:noise100:row4298,M23,M23:BioNLI:exact_context:4298,ALL,M4,1,1,True,0
M23:BioNLI:noise100:row4298,M23,M23:BioNLI:exact_context:4298,R5,M4,1,1,True,0
M23:BioNLI:noise100:row431,M23,M23:BioNLI:exact_context:431,ALL,M4,1,1,True,0
M23:BioNLI:noise100:row431,M23,M23:BioNLI:exact_context:431,R5,M4,1,1,True,0
M23:BioNLI:noise100:row4329,M23,M23:BioNLI:exact_context:4329,ALL,M4,1,0,False,0
M23:BioNLI:noise100:row4329,M23,M23:BioNLI:exact_context:4329,R5,M4,1,0,False,0
M23:BioNLI:noise100:row4330,M23,M23:BioNLI:exact_context:4330,ALL,M4,1,0,False,0
M23:BioNLI:noise100:row4330,M23,M23:BioNLI:exact_context:4330,R5,M4,1,0,False,0
M23:BioNLI:noise100:row4341,M23,M23:BioNLI:exact_context:4341,ALL,M4,1,0,False,0
M23:BioNLI:noise100:row4341,M23,M23:BioNLI:exact_context:4341,R5,M4,1,0,False,0
M23:BioNLI:noise100:row4377,M23,M23:BioNLI:exact_context:4377,ALL,M4,1,1,True,0
M23:BioNLI:noise100:row4377,M23,M23:BioNLI:exact_context:4377,R5,M4,1,1,True,0
M23:BioNLI:noise100:row4382,M23,M23:BioNLI:exact_context:4382,ALL,M4,1,1,True,0
M23:BioNLI:noise100:row4382,M23,M23:BioNLI:exact_context:4382,R5,M4,1,1,True,0
M23:BioNLI:noise100:row4423,M23,M23:BioNLI:exact_context:4423,ALL,M4,1,1,True,0
M23:BioNLI:noise100:row4423,M23,M23:BioNLI:exact_context:4423,R5,M4,1,1,True,0
M23:BioNLI:noise100:row4442,M23,M23:BioNLI:exact_context:4442,ALL,M4,1,0,False,0
M23:BioNLI:noise100:row4442,M23,M23:BioNLI:exact_context:4442,R5,M4,1,0,False,0
M23:BioNLI:noise100:row4445,M23,M23:BioNLI:exact_context:4445,ALL,M4,1,0,False,0
M23:BioNLI:noise100:row4445,M23,M23:BioNLI:exact_context:4445,R5,M4,1,0,False,0
M23:BioNLI:noise100:row4447,M23,M23:BioNLI:exact_context:4447,ALL,M4,1,1,True,0
M23:BioNLI:noise100:row4447,M23,M23:BioNLI:exact_context:4447,R5,M4,1,1,True,0
M23:BioNLI:noise100:row4450,M23,M23:BioNLI:exact_context:4450,ALL,M4,1,0,False,0
M23:BioNLI:noise100:row4450,M23,M23:BioNLI:exact_context:4450,R5,M4,1,0,False,0
M23:BioNLI:noise100:row4485,M23,M23:BioNLI:exact_context:4485,ALL,M4,1,0,False,0
M23:BioNLI:noise100:row4485,M23,M23:BioNLI:exact_context:4485,R5,M4,1,0,False,0
M23:BioNLI:noise100:row4515,M23,M23:BioNLI:exact_context:4515,ALL,M4,1,1,True,0
M23:BioNLI:noise100:row4515,M23,M23:BioNLI:exact_context:4515,R5,M4,1,1,True,0
M23:BioNLI:noise100:row4525,M23,M23:BioNLI:exact_context:4525,ALL,M4,1,1,True,0
M23:BioNLI:noise100:row4525,M23,M23:BioNLI:exact_context:4525,R5,M4,1,1,True,0
M23:BioNLI:noise100:row4603,M23,M23:BioNLI:exact_context:4603,ALL,M4,1,0,False,0
M23:BioNLI:noise100:row4603,M23,M23:BioNLI:exact_context:4603,R5,M4,1,0,False,0
M23:BioNLI:noise100:row4630,M23,M23:BioNLI:exact_context:4630,ALL,M4,1,0,False,0
M23:BioNLI:noise100:row4630,M23,M23:BioNLI:exact_context:4630,R5,M4,1,0,False,0
M23:BioNLI:noise100:row4665,M23,M23:BioNLI:exact_context:4665,ALL,M4,1,1,True,0
M23:BioNLI:noise100:row4665,M23,M23:BioNLI:exact_context:4665,R5,M4,1,1,True,0
M23:BioNLI:noise100:row4670,M23,M23:BioNLI:exact_context:4670,ALL,M4,1,0,False,0
M23:BioNLI:noise100:row4670,M23,M23:BioNLI:exact_context:4670,R5,M4,1,0,False,0
M23:BioNLI:noise100:row4678,M23,M23:BioNLI:exact_context:4678,ALL,M4,1,0,False,0
M23:BioNLI:noise100:row4678,M23,M23:BioNLI:exact_context:4678,R5,M4,1,0,False,0
M23:BioNLI:noise100:row4688,M23,M23:BioNLI:exact_context:4688,ALL,M4,1,1,True,0
M23:BioNLI:noise100:row4688,M23,M23:BioNLI:exact_context:4688,R5,M4,1,1,True,0
M23:BioNLI:noise100:row4689,M23,M23:BioNLI:exact_context:4689,ALL,M4,1,1,True,0
M23:BioNLI:noise100:row4689,M23,M23:BioNLI:exact_context:4689,R5,M4,1,1,True,0
M23:BioNLI:noise100:row469,M23,M23:BioNLI:exact_context:469,ALL,M4,1,0,False,0
M23:BioNLI:noise100:row469,M23,M23:BioNLI:exact_context:469,R5,M4,1,0,False,0
M23:BioNLI:noise100:row4691,M23,M23:BioNLI:exact_context:4691,ALL,M4,1,0,False,0
M23:BioNLI:noise100:row4691,M23,M23:BioNLI:exact_context:4691,R5,M4,1,0,False,0
M23:BioNLI:noise100:row4696,M23,M23:BioNLI:exact_context:4696,ALL,M4,1,1,True,0
M23:BioNLI:noise100:row4696,M23,M23:BioNLI:exact_context:4696,R5,M4,1,1,True,0
M23:BioNLI:noise100:row4700,M23,M23:BioNLI:exact_context:4700,ALL,M4,1,1,True,0
M23:BioNLI:noise100:row4700,M23,M23:BioNLI:exact_context:4700,R5,M4,1,1,True,0
M23:BioNLI:noise100:row4708,M23,M23:BioNLI:exact_context:4708,ALL,M4,1,1,True,0
M23:BioNLI:noise100:row4708,M23,M23:BioNLI:exact_context:4708,R5,M4,1,1,True,0
M23:BioNLI:noise100:row4737,M23,M23:BioNLI:exact_context:4737,ALL,M4,1,0,False,0
M23:BioNLI:noise100:row4737,M23,M23:BioNLI:exact_context:4737,R5,M4,1,0,False,0
M23:BioNLI:noise100:row4758,M23,M23:BioNLI:exact_context:4758,ALL,M4,1,0,False,0
M23:BioNLI:noise100:row4758,M23,M23:BioNLI:exact_context:4758,R5,M4,1,0,False,0
M23:BioNLI:noise100:row4761,M23,M23:BioNLI:exact_context:4761,ALL,M4,1,0,False,0
M23:BioNLI:noise100:row4761,M23,M23:BioNLI:exact_context:4761,R5,M4,1,0,False,0
M23:BioNLI:noise100:row4809,M23,M23:BioNLI:exact_context:4809,ALL,M4,1,1,True,0
M23:BioNLI:noise100:row4809,M23,M23:BioNLI:exact_context:4809,R5,M4,1,1,True,0
M23:BioNLI:noise100:row490,M23,M23:BioNLI:exact_context:490,ALL,M4,1,1,True,0
M23:BioNLI:noise100:row490,M23,M23:BioNLI:exact_context:490,R5,M4,1,1,True,0
M23:BioNLI:noise100:row4902,M23,M23:BioNLI:exact_context:4902,ALL,M4,1,1,True,0
M23:BioNLI:noise100:row4902,M23,M23:BioNLI:exact_context:4902,R5,M4,1,1,True,0
M23:BioNLI:noise100:row4910,M23,M23:BioNLI:exact_context:4910,ALL,M4,1,0,False,0
M23:BioNLI:noise100:row4910,M23,M23:BioNLI:exact_context:4910,R5,M4,1,0,False,0
M23:BioNLI:noise100:row4916,M23,M23:BioNLI:exact_context:4916,ALL,M4,1,0,False,0
M23:BioNLI:noise100:row4916,M23,M23:BioNLI:exact_context:4916,R5,M4,1,0,False,0
M23:BioNLI:noise100:row4918,M23,M23:BioNLI:exact_context:4918,ALL,M4,1,0,False,0
M23:BioNLI:noise100:row4918,M23,M23:BioNLI:exact_context:4918,R5,M4,1,0,False,0
M23:BioNLI:noise100:row4943,M23,M23:BioNLI:exact_context:4942,ALL,M4,1,1,True,0
M23:BioNLI:noise100:row4943,M23,M23:BioNLI:exact_context:4942,R5,M4,1,1,True,0
M23:BioNLI:noise100:row499,M23,M23:BioNLI:exact_context:499,ALL,M4,1,1,True,0
M23:BioNLI:noise100:row499,M23,M23:BioNLI:exact_context:499,R5,M4,1,1,True,0
M23:BioNLI:noise100:row5003,M23,M23:BioNLI:exact_context:4998,ALL,M4,1,0,False,0
M23:BioNLI:noise100:row5003,M23,M23:BioNLI:exact_context:4998,R5,M4,1,0,False,0
M23:BioNLI:noise100:row5054,M23,M23:BioNLI:exact_context:5045,ALL,M4,1,0,False,0
M23:BioNLI:noise100:row5054,M23,M23:BioNLI:exact_context:5045,R5,M4,1,0,False,0
M23:BioNLI:noise100:row506,M23,M23:BioNLI:exact_context:506,ALL,M4,1,0,False,0
M23:BioNLI:noise100:row506,M23,M23:BioNLI:exact_context:506,R5,M4,1,0,False,0
M23:BioNLI:noise100:row5106,M23,M23:BioNLI:exact_context:5094,ALL,M4,1,1,True,0
M23:BioNLI:noise100:row5106,M23,M23:BioNLI:exact_context:5094,R5,M4,1,1,True,0
M23:BioNLI:noise100:row5198,M23,M23:BioNLI:exact_context:5178,ALL,M4,1,1,True,0
M23:BioNLI:noise100:row5198,M23,M23:BioNLI:exact_context:5178,R5,M4,1,1,True,0
M23:BioNLI:noise100:row5202,M23,M23:BioNLI:exact_context:5181,ALL,M4,1,0,False,0
M23:BioNLI:noise100:row5202,M23,M23:BioNLI:exact_context:5181,R5,M4,1,0,False,0
M23:BioNLI:noise100:row5210,M23,M23:BioNLI:exact_context:5188,ALL,M4,1,0,False,0
M23:BioNLI:noise100:row5210,M23,M23:BioNLI:exact_context:5188,R5,M4,1,0,False,0
M23:BioNLI:noise100:row5221,M23,M23:BioNLI:exact_context:5198,ALL,M4,1,0,False,0
M23:BioNLI:noise100:row5221,M23,M23:BioNLI:exact_context:5198,R5,M4,1,0,False,0
M23:BioNLI:noise100:row5242,M23,M23:BioNLI:exact_context:5217,ALL,M4,1,1,True,0
M23:BioNLI:noise100:row5242,M23,M23:BioNLI:exact_context:5217,R5,M4,1,1,True,0
M23:BioNLI:noise100:row5359,M23,M23:BioNLI:exact_context:5328,ALL,M4,1,1,True,0
M23:BioNLI:noise100:row5359,M23,M23:BioNLI:exact_context:5328,R5,M4,1,1,True,0
M23:BioNLI:noise100:row5363,M23,M23:BioNLI:exact_context:5332,ALL,M4,1,0,False,0
M23:BioNLI:noise100:row5363,M23,M23:BioNLI:exact_context:5332,R5,M4,1,0,False,0
M23:BioNLI:noise100:row5364,M23,M23:BioNLI:exact_context:5333,ALL,M4,1,0,False,0
M23:BioNLI:noise100:row5364,M23,M23:BioNLI:exact_context:5333,R5,M4,1,0,False,0
M23:BioNLI:noise100:row5449,M23,M23:BioNLI:exact_context:5413,ALL,M4,1,1,True,0
M23:BioNLI:noise100:row5449,M23,M23:BioNLI:exact_context:5413,R5,M4,1,1,True,0
M23:BioNLI:noise100:row5455,M23,M23:BioNLI:exact_context:5419,ALL,M4,1,0,False,0
M23:BioNLI:noise100:row5455,M23,M23:BioNLI:exact_context:5419,R5,M4,1,0,False,0
M23:BioNLI:noise100:row5488,M23,M23:BioNLI:exact_context:5449,ALL,M4,1,0,False,0
M23:BioNLI:noise100:row5488,M23,M23:BioNLI:exact_context:5449,R5,M4,1,0,False,0
M23:BioNLI:noise100:row5492,M23,M23:BioNLI:exact_context:5453,ALL,M4,1,0,False,0
M23:BioNLI:noise100:row5492,M23,M23:BioNLI:exact_context:5453,R5,M4,1,0,False,0
M23:BioNLI:noise100:row5494,M23,M23:BioNLI:exact_context:5455,ALL,M4,1,0,False,0
M23:BioNLI:noise100:row5494,M23,M23:BioNLI:exact_context:5455,R5,M4,1,0,False,0
M23:BioNLI:noise100:row5507,M23,M23:BioNLI:exact_context:5467,ALL,M4,1,0,False,0
M23:BioNLI:noise100:row5507,M23,M23:BioNLI:exact_context:5467,R5,M4,1,0,False,0
M23:BioNLI:noise100:row5603,M23,M23:BioNLI:exact_context:5554,ALL,M4,1,0,False,0
M23:BioNLI:noise100:row5603,M23,M23:BioNLI:exact_context:5554,R5,M4,1,0,False,0
M23:BioNLI:noise100:row563,M23,M23:BioNLI:exact_context:563,ALL,M4,1,0,False,0
M23:BioNLI:noise100:row563,M23,M23:BioNLI:exact_context:563,R5,M4,1,0,False,0
M23:BioNLI:noise100:row5659,M23,M23:BioNLI:exact_context:4960,ALL,M4,1,0,False,0
M23:BioNLI:noise100:row5659,M23,M23:BioNLI:exact_context:4960,R5,M4,1,0,False,0
M23:BioNLI:noise100:row5673,M23,M23:BioNLI:exact_context:4970,ALL,M4,1,0,False,0
M23:BioNLI:noise100:row5673,M23,M23:BioNLI:exact_context:4970,R5,M4,1,0,False,0
M23:BioNLI:noise100:row5694,M23,M23:BioNLI:exact_context:4998,ALL,M4,1,0,False,0
M23:BioNLI:noise100:row5694,M23,M23:BioNLI:exact_context:4998,R5,M4,1,0,False,0
M23:BioNLI:noise100:row5702,M23,M23:BioNLI:exact_context:5003,ALL,M4,1,1,True,0
M23:BioNLI:noise100:row5702,M23,M23:BioNLI:exact_context:5003,R5,M4,1,1,True,0
M23:BioNLI:noise100:row5766,M23,M23:BioNLI:exact_context:5064,ALL,M4,1,1,True,0
M23:BioNLI:noise100:row5766,M23,M23:BioNLI:exact_context:5064,R5,M4,1,1,True,0
M23:BioNLI:noise100:row5768,M23,M23:BioNLI:exact_context:5060,ALL,M4,1,0,False,0
M23:BioNLI:noise100:row5768,M23,M23:BioNLI:exact_context:5060,R5,M4,1,0,False,0
M23:BioNLI:noise100:row5812,M23,M23:BioNLI:exact_context:5103,ALL,M4,1,0,False,0
M23:BioNLI:noise100:row5812,M23,M23:BioNLI:exact_context:5103,R5,M4,1,0,False,0
M23:BioNLI:noise100:row5825,M23,M23:BioNLI:exact_context:5120,ALL,M4,1,1,True,0
M23:BioNLI:noise100:row5825,M23,M23:BioNLI:exact_context:5120,R5,M4,1,1,True,0
M23:BioNLI:noise100:row583,M23,M23:BioNLI:exact_context:583,ALL,M4,1,0,False,0
M23:BioNLI:noise100:row583,M23,M23:BioNLI:exact_context:583,R5,M4,1,0,False,0
M23:BioNLI:noise100:row5852,M23,M23:BioNLI:exact_context:5138,ALL,M4,1,1,True,0
M23:BioNLI:noise100:row5852,M23,M23:BioNLI:exact_context:5138,R5,M4,1,1,True,0
M23:BioNLI:noise100:row5859,M23,M23:BioNLI:exact_context:5142,ALL,M4,1,1,True,0
M23:BioNLI:noise100:row5859,M23,M23:BioNLI:exact_context:5142,R5,M4,1,1,True,0
M23:BioNLI:noise100:row5891,M23,M23:BioNLI:exact_context:5174,ALL,M4,1,1,True,0
M23:BioNLI:noise100:row5891,M23,M23:BioNLI:exact_context:5174,R5,M4,1,1,True,0
M23:BioNLI:noise100:row591,M23,M23:BioNLI:exact_context:591,ALL,M4,1,1,True,0
M23:BioNLI:noise100:row591,M23,M23:BioNLI:exact_context:591,R5,M4,1,1,True,0
M23:BioNLI:noise100:row5914,M23,M23:BioNLI:exact_context:5192,ALL,M4,1,0,False,0
M23:BioNLI:noise100:row5914,M23,M23:BioNLI:exact_context:5192,R5,M4,1,0,False,0
M23:BioNLI:noise100:row5931,M23,M23:BioNLI:exact_context:5211,ALL,M4,1,0,False,0
M23:BioNLI:noise100:row5931,M23,M23:BioNLI:exact_context:5211,R5,M4,1,0,False,0
M23:BioNLI:noise100:row5960,M23,M23:BioNLI:exact_context:5236,ALL,M4,1,0,False,0
M23:BioNLI:noise100:row5960,M23,M23:BioNLI:exact_context:5236,R5,M4,1,0,False,0
M23:BioNLI:noise100:row5965,M23,M23:BioNLI:exact_context:5244,ALL,M4,1,0,False,0
M23:BioNLI:noise100:row5965,M23,M23:BioNLI:exact_context:5244,R5,M4,1,0,False,0
M23:BioNLI:noise100:row5969,M23,M23:BioNLI:exact_context:5247,ALL,M4,1,0,False,0
M23:BioNLI:noise100:row5969,M23,M23:BioNLI:exact_context:5247,R5,M4,1,0,False,0
M23:BioNLI:noise100:row60,M23,M23:BioNLI:exact_context:60,ALL,M4,1,0,False,0
M23:BioNLI:noise100:row60,M23,M23:BioNLI:exact_context:60,R5,M4,1,0,False,0
M23:BioNLI:noise100:row6003,M23,M23:BioNLI:exact_context:5282,ALL,M4,1,0,False,0
M23:BioNLI:noise100:row6003,M23,M23:BioNLI:exact_context:5282,R5,M4,1,0,False,0
M23:BioNLI:noise100:row6015,M23,M23:BioNLI:exact_context:5295,ALL,M4,1,0,False,0
M23:BioNLI:noise100:row6015,M23,M23:BioNLI:exact_context:5295,R5,M4,1,0,False,0
M23:BioNLI:noise100:row6021,M23,M23:BioNLI:exact_context:5300,ALL,M4,1,0,False,0
M23:BioNLI:noise100:row6021,M23,M23:BioNLI:exact_context:5300,R5,M4,1,0,False,0
M23:BioNLI:noise100:row6083,M23,M23:BioNLI:exact_context:5355,ALL,M4,1,0,False,0
M23:BioNLI:noise100:row6083,M23,M23:BioNLI:exact_context:5355,R5,M4,1,0,False,0
M23:BioNLI:noise100:row610,M23,M23:BioNLI:exact_context:610,ALL,M4,1,1,True,0
M23:BioNLI:noise100:row610,M23,M23:BioNLI:exact_context:610,R5,M4,1,1,True,0
M23:BioNLI:noise100:row6114,M23,M23:BioNLI:exact_context:5384,ALL,M4,1,0,False,0
M23:BioNLI:noise100:row6114,M23,M23:BioNLI:exact_context:5384,R5,M4,1,0,False,0
M23:BioNLI:noise100:row6134,M23,M23:BioNLI:exact_context:5405,ALL,M4,1,1,True,0
M23:BioNLI:noise100:row6134,M23,M23:BioNLI:exact_context:5405,R5,M4,1,1,True,0
M23:BioNLI:noise100:row6145,M23,M23:BioNLI:exact_context:5415,ALL,M4,1,0,False,0
M23:BioNLI:noise100:row6145,M23,M23:BioNLI:exact_context:5415,R5,M4,1,0,False,0
M23:BioNLI:noise100:row6159,M23,M23:BioNLI:exact_context:5429,ALL,M4,1,1,True,0
M23:BioNLI:noise100:row6159,M23,M23:BioNLI:exact_context:5429,R5,M4,1,1,True,0
M23:BioNLI:noise100:row6166,M23,M23:BioNLI:exact_context:5430,ALL,M4,1,0,False,0
M23:BioNLI:noise100:row6166,M23,M23:BioNLI:exact_context:5430,R5,M4,1,0,False,0
M23:BioNLI:noise100:row6174,M23,M23:BioNLI:exact_context:5445,ALL,M4,1,1,True,0
M23:BioNLI:noise100:row6174,M23,M23:BioNLI:exact_context:5445,R5,M4,1,1,True,0
M23:BioNLI:noise100:row6256,M23,M23:BioNLI:exact_context:5513,ALL,M4,1,1,True,0
M23:BioNLI:noise100:row6256,M23,M23:BioNLI:exact_context:5513,R5,M4,1,1,True,0
M23:BioNLI:noise100:row652,M23,M23:BioNLI:exact_context:652,ALL,M4,1,1,True,0
M23:BioNLI:noise100:row652,M23,M23:BioNLI:exact_context:652,R5,M4,1,1,True,0
M23:BioNLI:noise100:row657,M23,M23:BioNLI:exact_context:657,ALL,M4,1,1,True,0
M23:BioNLI:noise100:row657,M23,M23:BioNLI:exact_context:657,R5,M4,1,1,True,0
M23:BioNLI:noise100:row681,M23,M23:BioNLI:exact_context:681,ALL,M4,1,0,False,0
M23:BioNLI:noise100:row681,M23,M23:BioNLI:exact_context:681,R5,M4,1,0,False,0
M23:BioNLI:noise100:row710,M23,M23:BioNLI:exact_context:710,ALL,M4,1,1,True,0
M23:BioNLI:noise100:row710,M23,M23:BioNLI:exact_context:710,R5,M4,1,1,True,0
M23:BioNLI:noise100:row713,M23,M23:BioNLI:exact_context:713,ALL,M4,1,1,True,0
M23:BioNLI:noise100:row713,M23,M23:BioNLI:exact_context:713,R5,M4,1,1,True,0
M23:BioNLI:noise100:row744,M23,M23:BioNLI:exact_context:744,ALL,M4,1,0,False,0
M23:BioNLI:noise100:row744,M23,M23:BioNLI:exact_context:744,R5,M4,1,0,False,0
M23:BioNLI:noise100:row757,M23,M23:BioNLI:exact_context:757,ALL,M4,1,0,False,0
M23:BioNLI:noise100:row757,M23,M23:BioNLI:exact_context:757,R5,M4,1,0,False,0
M23:BioNLI:noise100:row778,M23,M23:BioNLI:exact_context:778,ALL,M4,1,1,True,0
M23:BioNLI:noise100:row778,M23,M23:BioNLI:exact_context:778,R5,M4,1,1,True,0
M23:BioNLI:noise100:row789,M23,M23:BioNLI:exact_context:789,ALL,M4,1,0,False,0
M23:BioNLI:noise100:row789,M23,M23:BioNLI:exact_context:789,R5,M4,1,0,False,0
M23:BioNLI:noise100:row810,M23,M23:BioNLI:exact_context:810,ALL,M4,1,1,True,0
M23:BioNLI:noise100:row810,M23,M23:BioNLI:exact_context:810,R5,M4,1,1,True,0
M23:BioNLI:noise100:row852,M23,M23:BioNLI:exact_context:852,ALL,M4,1,0,False,0
M23:BioNLI:noise100:row852,M23,M23:BioNLI:exact_context:852,R5,M4,1,0,False,0
M23:BioNLI:noise100:row867,M23,M23:BioNLI:exact_context:867,ALL,M4,1,0,False,0
M23:BioNLI:noise100:row867,M23,M23:BioNLI:exact_context:867,R5,M4,1,0,False,0
M23:BioNLI:noise100:row922,M23,M23:BioNLI:exact_context:922,ALL,M4,1,1,True,0
M23:BioNLI:noise100:row922,M23,M23:BioNLI:exact_context:922,R5,M4,1,1,True,0
M23:BioNLI:noise100:row936,M23,M23:BioNLI:exact_context:936,ALL,M4,1,1,True,0
M23:BioNLI:noise100:row936,M23,M23:BioNLI:exact_context:936,R5,M4,1,1,True,0
M23:BioNLI:noise100:row954,M23,M23:BioNLI:exact_context:954,ALL,M4,1,0,False,0
M23:BioNLI:noise100:row954,M23,M23:BioNLI:exact_context:954,R5,M4,1,0,False,0
M23:BioNLI:noise100:row960,M23,M23:BioNLI:exact_context:960,ALL,M4,1,0,False,0
M23:BioNLI:noise100:row960,M23,M23:BioNLI:exact_context:960,R5,M4,1,0,False,0
M23:BioNLI:noise100:row976,M23,M23:BioNLI:exact_context:976,ALL,M4,1,1,True,0
M23:BioNLI:noise100:row976,M23,M23:BioNLI:exact_context:976,R5,M4,1,1,True,0
M23:BioNLI:noise100:row98,M23,M23:BioNLI:exact_context:98,ALL,M4,1,1,True,0
M23:BioNLI:noise100:row98,M23,M23:BioNLI:exact_context:98,R5,M4,1,1,True,0
M23:BioNLI:noise20:row1043,M23,M23:BioNLI:exact_context:1043,ALL,M4,1,0,False,0
M23:BioNLI:noise20:row1043,M23,M23:BioNLI:exact_context:1043,R5,M4,1,0,False,0
M23:BioNLI:noise20:row1133,M23,M23:BioNLI:exact_context:1133,ALL,M4,1,0,False,0
M23:BioNLI:noise20:row1133,M23,M23:BioNLI:exact_context:1133,R5,M4,1,0,False,0
M23:BioNLI:noise20:row1159,M23,M23:BioNLI:exact_context:1159,ALL,M4,1,0,False,0
M23:BioNLI:noise20:row1159,M23,M23:BioNLI:exact_context:1159,R5,M4,1,0,False,0
M23:BioNLI:noise20:row119,M23,M23:BioNLI:exact_context:119,ALL,M4,1,0,False,0
M23:BioNLI:noise20:row119,M23,M23:BioNLI:exact_context:119,R5,M4,1,0,False,0
M23:BioNLI:noise20:row1190,M23,M23:BioNLI:exact_context:1190,ALL,M4,1,0,False,0
M23:BioNLI:noise20:row1190,M23,M23:BioNLI:exact_context:1190,R5,M4,1,0,False,0
M23:BioNLI:noise20:row1216,M23,M23:BioNLI:exact_context:1216,ALL,M4,1,0,False,0
M23:BioNLI:noise20:row1216,M23,M23:BioNLI:exact_context:1216,R5,M4,1,0,False,0
M23:BioNLI:noise20:row1266,M23,M23:BioNLI:exact_context:1266,ALL,M4,1,0,False,0
M23:BioNLI:noise20:row1266,M23,M23:BioNLI:exact_context:1266,R5,M4,1,0,False,0
M23:BioNLI:noise20:row135,M23,M23:BioNLI:exact_context:135,ALL,M4,1,1,True,0
M23:BioNLI:noise20:row135,M23,M23:BioNLI:exact_context:135,R5,M4,1,1,True,0
M23:BioNLI:noise20:row1370,M23,M23:BioNLI:exact_context:1370,ALL,M4,1,0,False,0
M23:BioNLI:noise20:row1370,M23,M23:BioNLI:exact_context:1370,R5,M4,1,0,False,0
M23:BioNLI:noise20:row139,M23,M23:BioNLI:exact_context:139,ALL,M4,1,1,True,0
M23:BioNLI:noise20:row139,M23,M23:BioNLI:exact_context:139,R5,M4,1,1,True,0
M23:BioNLI:noise20:row1447,M23,M23:BioNLI:exact_context:1447,ALL,M4,1,1,True,0
M23:BioNLI:noise20:row1447,M23,M23:BioNLI:exact_context:1447,R5,M4,1,1,True,0
M23:BioNLI:noise20:row1472,M23,M23:BioNLI:exact_context:1472,ALL,M4,1,0,False,0
M23:BioNLI:noise20:row1472,M23,M23:BioNLI:exact_context:1472,R5,M4,1,0,False,0
M23:BioNLI:noise20:row1478,M23,M23:BioNLI:exact_context:1478,ALL,M4,1,0,False,0
M23:BioNLI:noise20:row1478,M23,M23:BioNLI:exact_context:1478,R5,M4,1,0,False,0
M23:BioNLI:noise20:row1481,M23,M23:BioNLI:exact_context:1481,ALL,M4,1,0,False,0
M23:BioNLI:noise20:row1481,M23,M23:BioNLI:exact_context:1481,R5,M4,1,0,False,0
M23:BioNLI:noise20:row1492,M23,M23:BioNLI:exact_context:1492,ALL,M4,1,1,True,0
M23:BioNLI:noise20:row1492,M23,M23:BioNLI:exact_context:1492,R5,M4,1,1,True,0
M23:BioNLI:noise20:row1498,M23,M23:BioNLI:exact_context:1498,ALL,M4,1,0,False,0
M23:BioNLI:noise20:row1498,M23,M23:BioNLI:exact_context:1498,R5,M4,1,0,False,0
M23:BioNLI:noise20:row1521,M23,M23:BioNLI:exact_context:1521,ALL,M4,1,0,False,0
M23:BioNLI:noise20:row1521,M23,M23:BioNLI:exact_context:1521,R5,M4,1,0,False,0
M23:BioNLI:noise20:row1529,M23,M23:BioNLI:exact_context:1529,ALL,M4,1,1,True,0
M23:BioNLI:noise20:row1529,M23,M23:BioNLI:exact_context:1529,R5,M4,1,1,True,0
M23:BioNLI:noise20:row1543,M23,M23:BioNLI:exact_context:1543,ALL,M4,1,0,False,0
M23:BioNLI:noise20:row1543,M23,M23:BioNLI:exact_context:1543,R5,M4,1,0,False,0
M23:BioNLI:noise20:row1547,M23,M23:BioNLI:exact_context:1547,ALL,M4,1,0,False,0
M23:BioNLI:noise20:row1547,M23,M23:BioNLI:exact_context:1547,R5,M4,1,0,False,0
M23:BioNLI:noise20:row155,M23,M23:BioNLI:exact_context:155,ALL,M4,1,1,True,0
M23:BioNLI:noise20:row155,M23,M23:BioNLI:exact_context:155,R5,M4,1,1,True,0
M23:BioNLI:noise20:row1573,M23,M23:BioNLI:exact_context:1573,ALL,M4,1,0,False,0
M23:BioNLI:noise20:row1573,M23,M23:BioNLI:exact_context:1573,R5,M4,1,0,False,0
M23:BioNLI:noise20:row1581,M23,M23:BioNLI:exact_context:1581,ALL,M4,1,1,True,0
M23:BioNLI:noise20:row1581,M23,M23:BioNLI:exact_context:1581,R5,M4,1,1,True,0
M23:BioNLI:noise20:row163,M23,M23:BioNLI:exact_context:163,ALL,M4,1,1,True,0
M23:BioNLI:noise20:row163,M23,M23:BioNLI:exact_context:163,R5,M4,1,1,True,0
M23:BioNLI:noise20:row1687,M23,M23:BioNLI:exact_context:1687,ALL,M4,1,0,False,0
M23:BioNLI:noise20:row1687,M23,M23:BioNLI:exact_context:1687,R5,M4,1,0,False,0
M23:BioNLI:noise20:row171,M23,M23:BioNLI:exact_context:171,ALL,M4,1,1,True,0
M23:BioNLI:noise20:row171,M23,M23:BioNLI:exact_context:171,R5,M4,1,1,True,0
M23:BioNLI:noise20:row1739,M23,M23:BioNLI:exact_context:1739,ALL,M4,1,1,True,0
M23:BioNLI:noise20:row1739,M23,M23:BioNLI:exact_context:1739,R5,M4,1,1,True,0
M23:BioNLI:noise20:row1760,M23,M23:BioNLI:exact_context:1760,ALL,M4,1,0,False,0
M23:BioNLI:noise20:row1760,M23,M23:BioNLI:exact_context:1760,R5,M4,1,0,False,0
M23:BioNLI:noise20:row186,M23,M23:BioNLI:exact_context:186,ALL,M4,1,0,False,0
M23:BioNLI:noise20:row186,M23,M23:BioNLI:exact_context:186,R5,M4,1,0,False,0
M23:BioNLI:noise20:row189,M23,M23:BioNLI:exact_context:189,ALL,M4,1,1,True,0
M23:BioNLI:noise20:row189,M23,M23:BioNLI:exact_context:189,R5,M4,1,1,True,0
M23:BioNLI:noise20:row1932,M23,M23:BioNLI:exact_context:1932,ALL,M4,1,1,True,0
M23:BioNLI:noise20:row1932,M23,M23:BioNLI:exact_context:1932,R5,M4,1,1,True,0
M23:BioNLI:noise20:row1944,M23,M23:BioNLI:exact_context:1944,ALL,M4,1,0,False,0
M23:BioNLI:noise20:row1944,M23,M23:BioNLI:exact_context:1944,R5,M4,1,0,False,0
M23:BioNLI:noise20:row199,M23,M23:BioNLI:exact_context:199,ALL,M4,1,0,False,0
M23:BioNLI:noise20:row199,M23,M23:BioNLI:exact_context:199,R5,M4,1,0,False,0
M23:BioNLI:noise20:row20,M23,M23:BioNLI:exact_context:20,ALL,M4,1,0,False,0
M23:BioNLI:noise20:row20,M23,M23:BioNLI:exact_context:20,R5,M4,1,0,False,0
M23:BioNLI:noise20:row202,M23,M23:BioNLI:exact_context:202,ALL,M4,1,0,False,0
M23:BioNLI:noise20:row202,M23,M23:BioNLI:exact_context:202,R5,M4,1,0,False,0
M23:BioNLI:noise20:row2082,M23,M23:BioNLI:exact_context:2082,ALL,M4,1,1,True,0
M23:BioNLI:noise20:row2082,M23,M23:BioNLI:exact_context:2082,R5,M4,1,1,True,0
M23:BioNLI:noise20:row2086,M23,M23:BioNLI:exact_context:2086,ALL,M4,1,0,False,0
M23:BioNLI:noise20:row2086,M23,M23:BioNLI:exact_context:2086,R5,M4,1,0,False,0
M23:BioNLI:noise20:row2107,M23,M23:BioNLI:exact_context:2107,ALL,M4,1,0,False,0
M23:BioNLI:noise20:row2107,M23,M23:BioNLI:exact_context:2107,R5,M4,1,0,False,0
M23:BioNLI:noise20:row2162,M23,M23:BioNLI:exact_context:2162,ALL,M4,1,0,False,0
M23:BioNLI:noise20:row2162,M23,M23:BioNLI:exact_context:2162,R5,M4,1,0,False,0
M23:BioNLI:noise20:row2189,M23,M23:BioNLI:exact_context:2189,ALL,M4,1,0,False,0
M23:BioNLI:noise20:row2189,M23,M23:BioNLI:exact_context:2189,R5,M4,1,0,False,0
M23:BioNLI:noise20:row2195,M23,M23:BioNLI:exact_context:2195,ALL,M4,1,1,True,0
M23:BioNLI:noise20:row2195,M23,M23:BioNLI:exact_context:2195,R5,M4,1,1,True,0
M23:BioNLI:noise20:row2210,M23,M23:BioNLI:exact_context:2210,ALL,M4,1,1,True,0
M23:BioNLI:noise20:row2210,M23,M23:BioNLI:exact_context:2210,R5,M4,1,1,True,0
M23:BioNLI:noise20:row2211,M23,M23:BioNLI:exact_context:2211,ALL,M4,1,0,False,0
M23:BioNLI:noise20:row2211,M23,M23:BioNLI:exact_context:2211,R5,M4,1,0,False,0
M23:BioNLI:noise20:row2220,M23,M23:BioNLI:exact_context:2220,ALL,M4,1,1,True,0
M23:BioNLI:noise20:row2220,M23,M23:BioNLI:exact_context:2220,R5,M4,1,1,True,0
M23:BioNLI:noise20:row2235,M23,M23:BioNLI:exact_context:2235,ALL,M4,1,0,False,0
M23:BioNLI:noise20:row2235,M23,M23:BioNLI:exact_context:2235,R5,M4,1,0,False,0
M23:BioNLI:noise20:row2236,M23,M23:BioNLI:exact_context:2236,ALL,M4,1,1,True,0
M23:BioNLI:noise20:row2236,M23,M23:BioNLI:exact_context:2236,R5,M4,1,1,True,0
M23:BioNLI:noise20:row2240,M23,M23:BioNLI:exact_context:2240,ALL,M4,1,1,True,0
M23:BioNLI:noise20:row2240,M23,M23:BioNLI:exact_context:2240,R5,M4,1,1,True,0
M23:BioNLI:noise20:row2297,M23,M23:BioNLI:exact_context:2297,ALL,M4,1,1,True,0
M23:BioNLI:noise20:row2297,M23,M23:BioNLI:exact_context:2297,R5,M4,1,1,True,0
M23:BioNLI:noise20:row2327,M23,M23:BioNLI:exact_context:2327,ALL,M4,1,1,True,0
M23:BioNLI:noise20:row2327,M23,M23:BioNLI:exact_context:2327,R5,M4,1,1,True,0
M23:BioNLI:noise20:row2342,M23,M23:BioNLI:exact_context:2342,ALL,M4,1,0,False,0
M23:BioNLI:noise20:row2342,M23,M23:BioNLI:exact_context:2342,R5,M4,1,0,False,0
M23:BioNLI:noise20:row2377,M23,M23:BioNLI:exact_context:2377,ALL,M4,1,0,False,0
M23:BioNLI:noise20:row2377,M23,M23:BioNLI:exact_context:2377,R5,M4,1,0,False,0
M23:BioNLI:noise20:row2388,M23,M23:BioNLI:exact_context:2388,ALL,M4,1,1,True,0
M23:BioNLI:noise20:row2388,M23,M23:BioNLI:exact_context:2388,R5,M4,1,1,True,0
M23:BioNLI:noise20:row2411,M23,M23:BioNLI:exact_context:2411,ALL,M4,1,1,True,0
M23:BioNLI:noise20:row2411,M23,M23:BioNLI:exact_context:2411,R5,M4,1,1,True,0
M23:BioNLI:noise20:row242,M23,M23:BioNLI:exact_context:242,ALL,M4,1,0,False,0
M23:BioNLI:noise20:row242,M23,M23:BioNLI:exact_context:242,R5,M4,1,0,False,0
M23:BioNLI:noise20:row2432,M23,M23:BioNLI:exact_context:2432,ALL,M4,1,1,True,0
M23:BioNLI:noise20:row2432,M23,M23:BioNLI:exact_context:2432,R5,M4,1,1,True,0
M23:BioNLI:noise20:row2450,M23,M23:BioNLI:exact_context:2450,ALL,M4,1,0,False,0
M23:BioNLI:noise20:row2450,M23,M23:BioNLI:exact_context:2450,R5,M4,1,0,False,0
M23:BioNLI:noise20:row2452,M23,M23:BioNLI:exact_context:2452,ALL,M4,1,0,False,0
M23:BioNLI:noise20:row2452,M23,M23:BioNLI:exact_context:2452,R5,M4,1,0,False,0
M23:BioNLI:noise20:row2464,M23,M23:BioNLI:exact_context:2464,ALL,M4,1,1,True,0
M23:BioNLI:noise20:row2464,M23,M23:BioNLI:exact_context:2464,R5,M4,1,1,True,0
M23:BioNLI:noise20:row2482,M23,M23:BioNLI:exact_context:2482,ALL,M4,1,0,False,0
M23:BioNLI:noise20:row2482,M23,M23:BioNLI:exact_context:2482,R5,M4,1,0,False,0
M23:BioNLI:noise20:row2537,M23,M23:BioNLI:exact_context:2537,ALL,M4,1,1,True,0
M23:BioNLI:noise20:row2537,M23,M23:BioNLI:exact_context:2537,R5,M4,1,1,True,0
M23:BioNLI:noise20:row2546,M23,M23:BioNLI:exact_context:2546,ALL,M4,1,0,False,0
M23:BioNLI:noise20:row2546,M23,M23:BioNLI:exact_context:2546,R5,M4,1,0,False,0
M23:BioNLI:noise20:row260,M23,M23:BioNLI:exact_context:260,ALL,M4,1,0,False,0
M23:BioNLI:noise20:row260,M23,M23:BioNLI:exact_context:260,R5,M4,1,0,False,0
M23:BioNLI:noise20:row2609,M23,M23:BioNLI:exact_context:2609,ALL,M4,1,0,False,0
M23:BioNLI:noise20:row2609,M23,M23:BioNLI:exact_context:2609,R5,M4,1,0,False,0
M23:BioNLI:noise20:row2616,M23,M23:BioNLI:exact_context:2616,ALL,M4,1,1,True,0
M23:BioNLI:noise20:row2616,M23,M23:BioNLI:exact_context:2616,R5,M4,1,1,True,0
M23:BioNLI:noise20:row2621,M23,M23:BioNLI:exact_context:2621,ALL,M4,1,1,True,0
M23:BioNLI:noise20:row2621,M23,M23:BioNLI:exact_context:2621,R5,M4,1,1,True,0
M23:BioNLI:noise20:row2650,M23,M23:BioNLI:exact_context:2650,ALL,M4,1,1,True,0
M23:BioNLI:noise20:row2650,M23,M23:BioNLI:exact_context:2650,R5,M4,1,1,True,0
M23:BioNLI:noise20:row2677,M23,M23:BioNLI:exact_context:2677,ALL,M4,1,0,False,0
M23:BioNLI:noise20:row2677,M23,M23:BioNLI:exact_context:2677,R5,M4,1,0,False,0
M23:BioNLI:noise20:row2687,M23,M23:BioNLI:exact_context:2687,ALL,M4,1,1,True,0
M23:BioNLI:noise20:row2687,M23,M23:BioNLI:exact_context:2687,R5,M4,1,1,True,0
M23:BioNLI:noise20:row273,M23,M23:BioNLI:exact_context:273,ALL,M4,1,1,True,0
M23:BioNLI:noise20:row273,M23,M23:BioNLI:exact_context:273,R5,M4,1,1,True,0
M23:BioNLI:noise20:row2756,M23,M23:BioNLI:exact_context:2756,ALL,M4,1,1,True,0
M23:BioNLI:noise20:row2756,M23,M23:BioNLI:exact_context:2756,R5,M4,1,1,True,0
M23:BioNLI:noise20:row2803,M23,M23:BioNLI:exact_context:2803,ALL,M4,1,0,False,0
M23:BioNLI:noise20:row2803,M23,M23:BioNLI:exact_context:2803,R5,M4,1,0,False,0
M23:BioNLI:noise20:row284,M23,M23:BioNLI:exact_context:284,ALL,M4,1,1,True,0
M23:BioNLI:noise20:row284,M23,M23:BioNLI:exact_context:284,R5,M4,1,1,True,0
M23:BioNLI:noise20:row2842,M23,M23:BioNLI:exact_context:2842,ALL,M4,1,1,True,0
M23:BioNLI:noise20:row2842,M23,M23:BioNLI:exact_context:2842,R5,M4,1,1,True,0
M23:BioNLI:noise20:row2864,M23,M23:BioNLI:exact_context:2864,ALL,M4,1,0,False,0
M23:BioNLI:noise20:row2864,M23,M23:BioNLI:exact_context:2864,R5,M4,1,0,False,0
M23:BioNLI:noise20:row291,M23,M23:BioNLI:exact_context:291,ALL,M4,1,0,False,0
M23:BioNLI:noise20:row291,M23,M23:BioNLI:exact_context:291,R5,M4,1,0,False,0
M23:BioNLI:noise20:row2915,M23,M23:BioNLI:exact_context:2915,ALL,M4,1,1,True,0
M23:BioNLI:noise20:row2915,M23,M23:BioNLI:exact_context:2915,R5,M4,1,1,True,0
M23:BioNLI:noise20:row2932,M23,M23:BioNLI:exact_context:2932,ALL,M4,1,1,True,0
M23:BioNLI:noise20:row2932,M23,M23:BioNLI:exact_context:2932,R5,M4,1,1,True,0
M23:BioNLI:noise20:row30,M23,M23:BioNLI:exact_context:30,ALL,M4,1,0,False,0
M23:BioNLI:noise20:row30,M23,M23:BioNLI:exact_context:30,R5,M4,1,0,False,0
M23:BioNLI:noise20:row3000,M23,M23:BioNLI:exact_context:3000,ALL,M4,1,0,False,0
M23:BioNLI:noise20:row3000,M23,M23:BioNLI:exact_context:3000,R5,M4,1,0,False,0
M23:BioNLI:noise20:row3006,M23,M23:BioNLI:exact_context:3006,ALL,M4,1,0,False,0
M23:BioNLI:noise20:row3006,M23,M23:BioNLI:exact_context:3006,R5,M4,1,0,False,0
M23:BioNLI:noise20:row3059,M23,M23:BioNLI:exact_context:3059,ALL,M4,1,1,True,0
M23:BioNLI:noise20:row3059,M23,M23:BioNLI:exact_context:3059,R5,M4,1,1,True,0
M23:BioNLI:noise20:row312,M23,M23:BioNLI:exact_context:312,ALL,M4,1,1,True,0
M23:BioNLI:noise20:row312,M23,M23:BioNLI:exact_context:312,R5,M4,1,1,True,0
M23:BioNLI:noise20:row3120,M23,M23:BioNLI:exact_context:3120,ALL,M4,1,0,False,0
M23:BioNLI:noise20:row3120,M23,M23:BioNLI:exact_context:3120,R5,M4,1,0,False,0
M23:BioNLI:noise20:row3144,M23,M23:BioNLI:exact_context:3144,ALL,M4,1,0,False,0
M23:BioNLI:noise20:row3144,M23,M23:BioNLI:exact_context:3144,R5,M4,1,0,False,0
M23:BioNLI:noise20:row3158,M23,M23:BioNLI:exact_context:3158,ALL,M4,1,0,False,0
M23:BioNLI:noise20:row3158,M23,M23:BioNLI:exact_context:3158,R5,M4,1,0,False,0
M23:BioNLI:noise20:row3236,M23,M23:BioNLI:exact_context:3236,ALL,M4,1,0,False,0
M23:BioNLI:noise20:row3236,M23,M23:BioNLI:exact_context:3236,R5,M4,1,0,False,0
M23:BioNLI:noise20:row3244,M23,M23:BioNLI:exact_context:3244,ALL,M4,1,0,False,0
M23:BioNLI:noise20:row3244,M23,M23:BioNLI:exact_context:3244,R5,M4,1,0,False,0
M23:BioNLI:noise20:row3245,M23,M23:BioNLI:exact_context:3245,ALL,M4,1,0,False,0
M23:BioNLI:noise20:row3245,M23,M23:BioNLI:exact_context:3245,R5,M4,1,0,False,0
M23:BioNLI:noise20:row3284,M23,M23:BioNLI:exact_context:3284,ALL,M4,1,0,False,0
M23:BioNLI:noise20:row3284,M23,M23:BioNLI:exact_context:3284,R5,M4,1,0,False,0
M23:BioNLI:noise20:row3302,M23,M23:BioNLI:exact_context:3302,ALL,M4,1,0,False,0
M23:BioNLI:noise20:row3302,M23,M23:BioNLI:exact_context:3302,R5,M4,1,0,False,0
M23:BioNLI:noise20:row3355,M23,M23:BioNLI:exact_context:3355,ALL,M4,1,1,True,0
M23:BioNLI:noise20:row3355,M23,M23:BioNLI:exact_context:3355,R5,M4,1,1,True,0
M23:BioNLI:noise20:row3357,M23,M23:BioNLI:exact_context:3357,ALL,M4,1,1,True,0
M23:BioNLI:noise20:row3357,M23,M23:BioNLI:exact_context:3357,R5,M4,1,1,True,0
M23:BioNLI:noise20:row3377,M23,M23:BioNLI:exact_context:3377,ALL,M4,1,0,False,0
M23:BioNLI:noise20:row3377,M23,M23:BioNLI:exact_context:3377,R5,M4,1,0,False,0
M23:BioNLI:noise20:row3392,M23,M23:BioNLI:exact_context:3392,ALL,M4,1,1,True,0
M23:BioNLI:noise20:row3392,M23,M23:BioNLI:exact_context:3392,R5,M4,1,1,True,0
M23:BioNLI:noise20:row3398,M23,M23:BioNLI:exact_context:3398,ALL,M4,1,0,False,0
M23:BioNLI:noise20:row3398,M23,M23:BioNLI:exact_context:3398,R5,M4,1,0,False,0
M23:BioNLI:noise20:row3405,M23,M23:BioNLI:exact_context:3405,ALL,M4,1,1,True,0
M23:BioNLI:noise20:row3405,M23,M23:BioNLI:exact_context:3405,R5,M4,1,1,True,0
M23:BioNLI:noise20:row3438,M23,M23:BioNLI:exact_context:3438,ALL,M4,1,0,False,0
M23:BioNLI:noise20:row3438,M23,M23:BioNLI:exact_context:3438,R5,M4,1,0,False,0
M23:BioNLI:noise20:row3447,M23,M23:BioNLI:exact_context:3447,ALL,M4,1,0,False,0
M23:BioNLI:noise20:row3447,M23,M23:BioNLI:exact_context:3447,R5,M4,1,0,False,0
M23:BioNLI:noise20:row3451,M23,M23:BioNLI:exact_context:3451,ALL,M4,1,0,False,0
M23:BioNLI:noise20:row3451,M23,M23:BioNLI:exact_context:3451,R5,M4,1,0,False,0
M23:BioNLI:noise20:row3452,M23,M23:BioNLI:exact_context:3452,ALL,M4,1,0,False,0
M23:BioNLI:noise20:row3452,M23,M23:BioNLI:exact_context:3452,R5,M4,1,0,False,0
M23:BioNLI:noise20:row3486,M23,M23:BioNLI:exact_context:3486,ALL,M4,1,0,False,0
M23:BioNLI:noise20:row3486,M23,M23:BioNLI:exact_context:3486,R5,M4,1,0,False,0
M23:BioNLI:noise20:row3489,M23,M23:BioNLI:exact_context:3489,ALL,M4,1,0,False,0
M23:BioNLI:noise20:row3489,M23,M23:BioNLI:exact_context:3489,R5,M4,1,0,False,0
M23:BioNLI:noise20:row3495,M23,M23:BioNLI:exact_context:3495,ALL,M4,1,0,False,0
M23:BioNLI:noise20:row3495,M23,M23:BioNLI:exact_context:3495,R5,M4,1,0,False,0
M23:BioNLI:noise20:row3515,M23,M23:BioNLI:exact_context:3515,ALL,M4,1,1,True,0
M23:BioNLI:noise20:row3515,M23,M23:BioNLI:exact_context:3515,R5,M4,1,1,True,0
M23:BioNLI:noise20:row3525,M23,M23:BioNLI:exact_context:3525,ALL,M4,1,1,True,0
M23:BioNLI:noise20:row3525,M23,M23:BioNLI:exact_context:3525,R5,M4,1,1,True,0
M23:BioNLI:noise20:row3530,M23,M23:BioNLI:exact_context:3530,ALL,M4,1,0,False,0
M23:BioNLI:noise20:row3530,M23,M23:BioNLI:exact_context:3530,R5,M4,1,0,False,0
M23:BioNLI:noise20:row3537,M23,M23:BioNLI:exact_context:3537,ALL,M4,1,1,True,0
M23:BioNLI:noise20:row3537,M23,M23:BioNLI:exact_context:3537,R5,M4,1,1,True,0
M23:BioNLI:noise20:row3538,M23,M23:BioNLI:exact_context:3538,ALL,M4,1,0,False,0
M23:BioNLI:noise20:row3538,M23,M23:BioNLI:exact_context:3538,R5,M4,1,0,False,0
M23:BioNLI:noise20:row3639,M23,M23:BioNLI:exact_context:3639,ALL,M4,1,0,False,0
M23:BioNLI:noise20:row3639,M23,M23:BioNLI:exact_context:3639,R5,M4,1,0,False,0
M23:BioNLI:noise20:row3671,M23,M23:BioNLI:exact_context:3671,ALL,M4,1,0,False,0
M23:BioNLI:noise20:row3671,M23,M23:BioNLI:exact_context:3671,R5,M4,1,0,False,0
M23:BioNLI:noise20:row3686,M23,M23:BioNLI:exact_context:3686,ALL,M4,1,1,True,0
M23:BioNLI:noise20:row3686,M23,M23:BioNLI:exact_context:3686,R5,M4,1,1,True,0
M23:BioNLI:noise20:row3801,M23,M23:BioNLI:exact_context:3801,ALL,M4,1,0,False,0
M23:BioNLI:noise20:row3801,M23,M23:BioNLI:exact_context:3801,R5,M4,1,0,False,0
M23:BioNLI:noise20:row3810,M23,M23:BioNLI:exact_context:3810,ALL,M4,1,1,True,0
M23:BioNLI:noise20:row3810,M23,M23:BioNLI:exact_context:3810,R5,M4,1,1,True,0
M23:BioNLI:noise20:row383,M23,M23:BioNLI:exact_context:383,ALL,M4,1,0,False,0
M23:BioNLI:noise20:row383,M23,M23:BioNLI:exact_context:383,R5,M4,1,0,False,0
M23:BioNLI:noise20:row3847,M23,M23:BioNLI:exact_context:3847,ALL,M4,1,1,True,0
M23:BioNLI:noise20:row3847,M23,M23:BioNLI:exact_context:3847,R5,M4,1,1,True,0
M23:BioNLI:noise20:row3916,M23,M23:BioNLI:exact_context:3916,ALL,M4,1,1,True,0
M23:BioNLI:noise20:row3916,M23,M23:BioNLI:exact_context:3916,R5,M4,1,1,True,0
M23:BioNLI:noise20:row393,M23,M23:BioNLI:exact_context:393,ALL,M4,1,1,True,0
M23:BioNLI:noise20:row393,M23,M23:BioNLI:exact_context:393,R5,M4,1,1,True,0
M23:BioNLI:noise20:row3956,M23,M23:BioNLI:exact_context:3956,ALL,M4,1,0,False,0
M23:BioNLI:noise20:row3956,M23,M23:BioNLI:exact_context:3956,R5,M4,1,0,False,0
M23:BioNLI:noise20:row3958,M23,M23:BioNLI:exact_context:3958,ALL,M4,1,0,False,0
M23:BioNLI:noise20:row3958,M23,M23:BioNLI:exact_context:3958,R5,M4,1,0,False,0
M23:BioNLI:noise20:row3959,M23,M23:BioNLI:exact_context:3959,ALL,M4,1,0,False,0
M23:BioNLI:noise20:row3959,M23,M23:BioNLI:exact_context:3959,R5,M4,1,0,False,0
M23:BioNLI:noise20:row4002,M23,M23:BioNLI:exact_context:4002,ALL,M4,1,1,True,0
M23:BioNLI:noise20:row4002,M23,M23:BioNLI:exact_context:4002,R5,M4,1,1,True,0
M23:BioNLI:noise20:row4121,M23,M23:BioNLI:exact_context:4121,ALL,M4,1,0,False,0
M23:BioNLI:noise20:row4121,M23,M23:BioNLI:exact_context:4121,R5,M4,1,0,False,0
M23:BioNLI:noise20:row4171,M23,M23:BioNLI:exact_context:4171,ALL,M4,1,0,False,0
M23:BioNLI:noise20:row4171,M23,M23:BioNLI:exact_context:4171,R5,M4,1,0,False,0
M23:BioNLI:noise20:row4216,M23,M23:BioNLI:exact_context:4216,ALL,M4,1,0,False,0
M23:BioNLI:noise20:row4216,M23,M23:BioNLI:exact_context:4216,R5,M4,1,0,False,0
M23:BioNLI:noise20:row4229,M23,M23:BioNLI:exact_context:4229,ALL,M4,1,1,True,0
M23:BioNLI:noise20:row4229,M23,M23:BioNLI:exact_context:4229,R5,M4,1,1,True,0
M23:BioNLI:noise20:row4286,M23,M23:BioNLI:exact_context:4286,ALL,M4,1,1,True,0
M23:BioNLI:noise20:row4286,M23,M23:BioNLI:exact_context:4286,R5,M4,1,1,True,0
M23:BioNLI:noise20:row4314,M23,M23:BioNLI:exact_context:4314,ALL,M4,1,0,False,0
M23:BioNLI:noise20:row4314,M23,M23:BioNLI:exact_context:4314,R5,M4,1,0,False,0
M23:BioNLI:noise20:row4320,M23,M23:BioNLI:exact_context:4320,ALL,M4,1,0,False,0
M23:BioNLI:noise20:row4320,M23,M23:BioNLI:exact_context:4320,R5,M4,1,0,False,0
M23:BioNLI:noise20:row434,M23,M23:BioNLI:exact_context:434,ALL,M4,1,1,True,0
M23:BioNLI:noise20:row434,M23,M23:BioNLI:exact_context:434,R5,M4,1,1,True,0
M23:BioNLI:noise20:row4352,M23,M23:BioNLI:exact_context:4352,ALL,M4,1,0,False,0
M23:BioNLI:noise20:row4352,M23,M23:BioNLI:exact_context:4352,R5,M4,1,0,False,0
M23:BioNLI:noise20:row4426,M23,M23:BioNLI:exact_context:4426,ALL,M4,1,0,False,0
M23:BioNLI:noise20:row4426,M23,M23:BioNLI:exact_context:4426,R5,M4,1,0,False,0
M23:BioNLI:noise20:row4434,M23,M23:BioNLI:exact_context:4434,ALL,M4,1,1,True,0
M23:BioNLI:noise20:row4434,M23,M23:BioNLI:exact_context:4434,R5,M4,1,1,True,0
M23:BioNLI:noise20:row4437,M23,M23:BioNLI:exact_context:4437,ALL,M4,1,1,True,0
M23:BioNLI:noise20:row4437,M23,M23:BioNLI:exact_context:4437,R5,M4,1,1,True,0
M23:BioNLI:noise20:row4449,M23,M23:BioNLI:exact_context:4449,ALL,M4,1,0,False,0
M23:BioNLI:noise20:row4449,M23,M23:BioNLI:exact_context:4449,R5,M4,1,0,False,0
M23:BioNLI:noise20:row4504,M23,M23:BioNLI:exact_context:4504,ALL,M4,1,1,True,0
M23:BioNLI:noise20:row4504,M23,M23:BioNLI:exact_context:4504,R5,M4,1,1,True,0
M23:BioNLI:noise20:row4527,M23,M23:BioNLI:exact_context:4527,ALL,M4,1,0,False,0
M23:BioNLI:noise20:row4527,M23,M23:BioNLI:exact_context:4527,R5,M4,1,0,False,0
M23:BioNLI:noise20:row4572,M23,M23:BioNLI:exact_context:4572,ALL,M4,1,0,False,0
M23:BioNLI:noise20:row4572,M23,M23:BioNLI:exact_context:4572,R5,M4,1,0,False,0
M23:BioNLI:noise20:row4581,M23,M23:BioNLI:exact_context:4581,ALL,M4,1,0,False,0
M23:BioNLI:noise20:row4581,M23,M23:BioNLI:exact_context:4581,R5,M4,1,0,False,0
M23:BioNLI:noise20:row4594,M23,M23:BioNLI:exact_context:4594,ALL,M4,1,1,True,0
M23:BioNLI:noise20:row4594,M23,M23:BioNLI:exact_context:4594,R5,M4,1,1,True,0
M23:BioNLI:noise20:row4638,M23,M23:BioNLI:exact_context:4638,ALL,M4,1,1,True,0
M23:BioNLI:noise20:row4638,M23,M23:BioNLI:exact_context:4638,R5,M4,1,1,True,0
M23:BioNLI:noise20:row469,M23,M23:BioNLI:exact_context:469,ALL,M4,1,0,False,0
M23:BioNLI:noise20:row469,M23,M23:BioNLI:exact_context:469,R5,M4,1,0,False,0
M23:BioNLI:noise20:row4720,M23,M23:BioNLI:exact_context:4720,ALL,M4,1,1,True,0
M23:BioNLI:noise20:row4720,M23,M23:BioNLI:exact_context:4720,R5,M4,1,1,True,0
M23:BioNLI:noise20:row4727,M23,M23:BioNLI:exact_context:4727,ALL,M4,1,1,True,0
M23:BioNLI:noise20:row4727,M23,M23:BioNLI:exact_context:4727,R5,M4,1,1,True,0
M23:BioNLI:noise20:row4755,M23,M23:BioNLI:exact_context:4755,ALL,M4,1,0,False,0
M23:BioNLI:noise20:row4755,M23,M23:BioNLI:exact_context:4755,R5,M4,1,0,False,0
M23:BioNLI:noise20:row4778,M23,M23:BioNLI:exact_context:4778,ALL,M4,1,0,False,0
M23:BioNLI:noise20:row4778,M23,M23:BioNLI:exact_context:4778,R5,M4,1,0,False,0
M23:BioNLI:noise20:row4782,M23,M23:BioNLI:exact_context:4782,ALL,M4,1,0,False,0
M23:BioNLI:noise20:row4782,M23,M23:BioNLI:exact_context:4782,R5,M4,1,0,False,0
M23:BioNLI:noise20:row4786,M23,M23:BioNLI:exact_context:4786,ALL,M4,1,0,False,0
M23:BioNLI:noise20:row4786,M23,M23:BioNLI:exact_context:4786,R5,M4,1,0,False,0
M23:BioNLI:noise20:row4798,M23,M23:BioNLI:exact_context:4798,ALL,M4,1,1,True,0
M23:BioNLI:noise20:row4798,M23,M23:BioNLI:exact_context:4798,R5,M4,1,1,True,0
M23:BioNLI:noise20:row4807,M23,M23:BioNLI:exact_context:4807,ALL,M4,1,0,False,0
M23:BioNLI:noise20:row4807,M23,M23:BioNLI:exact_context:4807,R5,M4,1,0,False,0
M23:BioNLI:noise20:row4814,M23,M23:BioNLI:exact_context:4814,ALL,M4,1,0,False,0
M23:BioNLI:noise20:row4814,M23,M23:BioNLI:exact_context:4814,R5,M4,1,0,False,0
M23:BioNLI:noise20:row4865,M23,M23:BioNLI:exact_context:4865,ALL,M4,1,0,False,0
M23:BioNLI:noise20:row4865,M23,M23:BioNLI:exact_context:4865,R5,M4,1,0,False,0
M23:BioNLI:noise20:row489,M23,M23:BioNLI:exact_context:489,ALL,M4,1,0,False,0
M23:BioNLI:noise20:row489,M23,M23:BioNLI:exact_context:489,R5,M4,1,0,False,0
M23:BioNLI:noise20:row4896,M23,M23:BioNLI:exact_context:4896,ALL,M4,1,0,False,0
M23:BioNLI:noise20:row4896,M23,M23:BioNLI:exact_context:4896,R5,M4,1,0,False,0
M23:BioNLI:noise20:row490,M23,M23:BioNLI:exact_context:490,ALL,M4,1,1,True,0
M23:BioNLI:noise20:row490,M23,M23:BioNLI:exact_context:490,R5,M4,1,1,True,0
M23:BioNLI:noise20:row4946,M23,M23:BioNLI:exact_context:4945,ALL,M4,1,0,False,0
M23:BioNLI:noise20:row4946,M23,M23:BioNLI:exact_context:4945,R5,M4,1,0,False,0
M23:BioNLI:noise20:row4963,M23,M23:BioNLI:exact_context:4962,ALL,M4,1,1,True,0
M23:BioNLI:noise20:row4963,M23,M23:BioNLI:exact_context:4962,R5,M4,1,1,True,0
M23:BioNLI:noise20:row5011,M23,M23:BioNLI:exact_context:5005,ALL,M4,1,0,False,0
M23:BioNLI:noise20:row5011,M23,M23:BioNLI:exact_context:5005,R5,M4,1,0,False,0
M23:BioNLI:noise20:row5016,M23,M23:BioNLI:exact_context:5009,ALL,M4,1,1,True,0
M23:BioNLI:noise20:row5016,M23,M23:BioNLI:exact_context:5009,R5,M4,1,1,True,0
M23:BioNLI:noise20:row5044,M23,M23:BioNLI:exact_context:5035,ALL,M4,1,1,True,0
M23:BioNLI:noise20:row5044,M23,M23:BioNLI:exact_context:5035,R5,M4,1,1,True,0
M23:BioNLI:noise20:row5060,M23,M23:BioNLI:exact_context:5051,ALL,M4,1,0,False,0
M23:BioNLI:noise20:row5060,M23,M23:BioNLI:exact_context:5051,R5,M4,1,0,False,0
M23:BioNLI:noise20:row5065,M23,M23:BioNLI:exact_context:5056,ALL,M4,1,1,True,0
M23:BioNLI:noise20:row5065,M23,M23:BioNLI:exact_context:5056,R5,M4,1,1,True,0
M23:BioNLI:noise20:row5090,M23,M23:BioNLI:exact_context:5080,ALL,M4,1,1,True,0
M23:BioNLI:noise20:row5090,M23,M23:BioNLI:exact_context:5080,R5,M4,1,1,True,0
M23:BioNLI:noise20:row514,M23,M23:BioNLI:exact_context:514,ALL,M4,1,0,False,0
M23:BioNLI:noise20:row514,M23,M23:BioNLI:exact_context:514,R5,M4,1,0,False,0
M23:BioNLI:noise20:row5176,M23,M23:BioNLI:exact_context:5156,ALL,M4,1,0,False,0
M23:BioNLI:noise20:row5176,M23,M23:BioNLI:exact_context:5156,R5,M4,1,0,False,0
M23:BioNLI:noise20:row5247,M23,M23:BioNLI:exact_context:5221,ALL,M4,1,0,False,0
M23:BioNLI:noise20:row5247,M23,M23:BioNLI:exact_context:5221,R5,M4,1,0,False,0
M23:BioNLI:noise20:row5317,M23,M23:BioNLI:exact_context:5288,ALL,M4,1,1,True,0
M23:BioNLI:noise20:row5317,M23,M23:BioNLI:exact_context:5288,R5,M4,1,1,True,0
M23:BioNLI:noise20:row5322,M23,M23:BioNLI:exact_context:5293,ALL,M4,1,0,False,0
M23:BioNLI:noise20:row5322,M23,M23:BioNLI:exact_context:5293,R5,M4,1,0,False,0
M23:BioNLI:noise20:row5358,M23,M23:BioNLI:exact_context:5327,ALL,M4,1,0,False,0
M23:BioNLI:noise20:row5358,M23,M23:BioNLI:exact_context:5327,R5,M4,1,0,False,0
M23:BioNLI:noise20:row5368,M23,M23:BioNLI:exact_context:5337,ALL,M4,1,0,False,0
M23:BioNLI:noise20:row5368,M23,M23:BioNLI:exact_context:5337,R5,M4,1,0,False,0
M23:BioNLI:noise20:row5372,M23,M23:BioNLI:exact_context:5340,ALL,M4,1,0,False,0
M23:BioNLI:noise20:row5372,M23,M23:BioNLI:exact_context:5340,R5,M4,1,0,False,0
M23:BioNLI:noise20:row538,M23,M23:BioNLI:exact_context:538,ALL,M4,1,0,False,0
M23:BioNLI:noise20:row538,M23,M23:BioNLI:exact_context:538,R5,M4,1,0,False,0
M23:BioNLI:noise20:row541,M23,M23:BioNLI:exact_context:541,ALL,M4,1,1,True,0
M23:BioNLI:noise20:row541,M23,M23:BioNLI:exact_context:541,R5,M4,1,1,True,0
M23:BioNLI:noise20:row5420,M23,M23:BioNLI:exact_context:5385,ALL,M4,1,1,True,0
M23:BioNLI:noise20:row5420,M23,M23:BioNLI:exact_context:5385,R5,M4,1,1,True,0
M23:BioNLI:noise20:row5441,M23,M23:BioNLI:exact_context:5405,ALL,M4,1,1,True,0
M23:BioNLI:noise20:row5441,M23,M23:BioNLI:exact_context:5405,R5,M4,1,1,True,0
M23:BioNLI:noise20:row5452,M23,M23:BioNLI:exact_context:5416,ALL,M4,1,1,True,0
M23:BioNLI:noise20:row5452,M23,M23:BioNLI:exact_context:5416,R5,M4,1,1,True,0
M23:BioNLI:noise20:row5475,M23,M23:BioNLI:exact_context:5437,ALL,M4,1,0,False,0
M23:BioNLI:noise20:row5475,M23,M23:BioNLI:exact_context:5437,R5,M4,1,0,False,0
M23:BioNLI:noise20:row5574,M23,M23:BioNLI:exact_context:5527,ALL,M4,1,1,True,0
M23:BioNLI:noise20:row5574,M23,M23:BioNLI:exact_context:5527,R5,M4,1,1,True,0
M23:BioNLI:noise20:row5584,M23,M23:BioNLI:exact_context:5537,ALL,M4,1,0,False,0
M23:BioNLI:noise20:row5584,M23,M23:BioNLI:exact_context:5537,R5,M4,1,0,False,0
M23:BioNLI:noise20:row5608,M23,M23:BioNLI:exact_context:5559,ALL,M4,1,1,True,0
M23:BioNLI:noise20:row5608,M23,M23:BioNLI:exact_context:5559,R5,M4,1,1,True,0
M23:BioNLI:noise20:row5626,M23,M23:BioNLI:exact_context:4931,ALL,M4,1,1,True,0
M23:BioNLI:noise20:row5626,M23,M23:BioNLI:exact_context:4931,R5,M4,1,1,True,0
M23:BioNLI:noise20:row5630,M23,M23:BioNLI:exact_context:4933,ALL,M4,1,0,False,0
M23:BioNLI:noise20:row5630,M23,M23:BioNLI:exact_context:4933,R5,M4,1,0,False,0
M23:BioNLI:noise20:row5649,M23,M23:BioNLI:exact_context:4956,ALL,M4,1,0,False,0
M23:BioNLI:noise20:row5649,M23,M23:BioNLI:exact_context:4956,R5,M4,1,0,False,0
M23:BioNLI:noise20:row5657,M23,M23:BioNLI:exact_context:4962,ALL,M4,1,1,True,0
M23:BioNLI:noise20:row5657,M23,M23:BioNLI:exact_context:4962,R5,M4,1,1,True,0
M23:BioNLI:noise20:row5680,M23,M23:BioNLI:exact_context:4983,ALL,M4,1,0,False,0
M23:BioNLI:noise20:row5680,M23,M23:BioNLI:exact_context:4983,R5,M4,1,0,False,0
M23:BioNLI:noise20:row5695,M23,M23:BioNLI:exact_context:4995,ALL,M4,1,0,False,0
M23:BioNLI:noise20:row5695,M23,M23:BioNLI:exact_context:4995,R5,M4,1,0,False,0
M23:BioNLI:noise20:row5755,M23,M23:BioNLI:exact_context:5053,ALL,M4,1,0,False,0
M23:BioNLI:noise20:row5755,M23,M23:BioNLI:exact_context:5053,R5,M4,1,0,False,0
M23:BioNLI:noise20:row5804,M23,M23:BioNLI:exact_context:5096,ALL,M4,1,0,False,0
M23:BioNLI:noise20:row5804,M23,M23:BioNLI:exact_context:5096,R5,M4,1,0,False,0
M23:BioNLI:noise20:row588,M23,M23:BioNLI:exact_context:588,ALL,M4,1,1,True,0
M23:BioNLI:noise20:row588,M23,M23:BioNLI:exact_context:588,R5,M4,1,1,True,0
M23:BioNLI:noise20:row5941,M23,M23:BioNLI:exact_context:5223,ALL,M4,1,0,False,0
M23:BioNLI:noise20:row5941,M23,M23:BioNLI:exact_context:5223,R5,M4,1,0,False,0
M23:BioNLI:noise20:row5944,M23,M23:BioNLI:exact_context:5220,ALL,M4,1,0,False,0
M23:BioNLI:noise20:row5944,M23,M23:BioNLI:exact_context:5220,R5,M4,1,0,False,0
M23:BioNLI:noise20:row5979,M23,M23:BioNLI:exact_context:5258,ALL,M4,1,1,True,0
M23:BioNLI:noise20:row5979,M23,M23:BioNLI:exact_context:5258,R5,M4,1,1,True,0
M23:BioNLI:noise20:row5981,M23,M23:BioNLI:exact_context:5256,ALL,M4,1,0,False,0
M23:BioNLI:noise20:row5981,M23,M23:BioNLI:exact_context:5256,R5,M4,1,0,False,0
M23:BioNLI:noise20:row608,M23,M23:BioNLI:exact_context:608,ALL,M4,1,0,False,0
M23:BioNLI:noise20:row608,M23,M23:BioNLI:exact_context:608,R5,M4,1,0,False,0
M23:BioNLI:noise20:row6087,M23,M23:BioNLI:exact_context:5357,ALL,M4,1,0,False,0
M23:BioNLI:noise20:row6087,M23,M23:BioNLI:exact_context:5357,R5,M4,1,0,False,0
M23:BioNLI:noise20:row6166,M23,M23:BioNLI:exact_context:5430,ALL,M4,1,1,True,0
M23:BioNLI:noise20:row6166,M23,M23:BioNLI:exact_context:5430,R5,M4,1,1,True,0
M23:BioNLI:noise20:row6173,M23,M23:BioNLI:exact_context:5435,ALL,M4,1,0,False,0
M23:BioNLI:noise20:row6173,M23,M23:BioNLI:exact_context:5435,R5,M4,1,0,False,0
M23:BioNLI:noise20:row627,M23,M23:BioNLI:exact_context:627,ALL,M4,1,1,True,0
M23:BioNLI:noise20:row627,M23,M23:BioNLI:exact_context:627,R5,M4,1,1,True,0
M23:BioNLI:noise20:row631,M23,M23:BioNLI:exact_context:631,ALL,M4,1,0,False,0
M23:BioNLI:noise20:row631,M23,M23:BioNLI:exact_context:631,R5,M4,1,0,False,0
M23:BioNLI:noise20:row632,M23,M23:BioNLI:exact_context:632,ALL,M4,1,0,False,0
M23:BioNLI:noise20:row632,M23,M23:BioNLI:exact_context:632,R5,M4,1,0,False,0
M23:BioNLI:noise20:row667,M23,M23:BioNLI:exact_context:667,ALL,M4,1,0,False,0
M23:BioNLI:noise20:row667,M23,M23:BioNLI:exact_context:667,R5,M4,1,0,False,0
M23:BioNLI:noise20:row681,M23,M23:BioNLI:exact_context:681,ALL,M4,1,1,True,0
M23:BioNLI:noise20:row681,M23,M23:BioNLI:exact_context:681,R5,M4,1,1,True,0
M23:BioNLI:noise20:row713,M23,M23:BioNLI:exact_context:713,ALL,M4,1,1,True,0
M23:BioNLI:noise20:row713,M23,M23:BioNLI:exact_context:713,R5,M4,1,1,True,0
M23:BioNLI:noise20:row728,M23,M23:BioNLI:exact_context:728,ALL,M4,1,1,True,0
M23:BioNLI:noise20:row728,M23,M23:BioNLI:exact_context:728,R5,M4,1,1,True,0
M23:BioNLI:noise20:row817,M23,M23:BioNLI:exact_context:817,ALL,M4,1,1,True,0
M23:BioNLI:noise20:row817,M23,M23:BioNLI:exact_context:817,R5,M4,1,1,True,0
M23:BioNLI:noise20:row828,M23,M23:BioNLI:exact_context:828,ALL,M4,1,0,False,0
M23:BioNLI:noise20:row828,M23,M23:BioNLI:exact_context:828,R5,M4,1,0,False,0
M23:BioNLI:noise20:row832,M23,M23:BioNLI:exact_context:832,ALL,M4,1,0,False,0
M23:BioNLI:noise20:row832,M23,M23:BioNLI:exact_context:832,R5,M4,1,0,False,0
M23:BioNLI:noise20:row845,M23,M23:BioNLI:exact_context:845,ALL,M4,1,1,True,0
M23:BioNLI:noise20:row845,M23,M23:BioNLI:exact_context:845,R5,M4,1,1,True,0
M23:BioNLI:noise20:row871,M23,M23:BioNLI:exact_context:871,ALL,M4,1,1,True,0
M23:BioNLI:noise20:row871,M23,M23:BioNLI:exact_context:871,R5,M4,1,1,True,0
M23:BioNLI:noise20:row892,M23,M23:BioNLI:exact_context:892,ALL,M4,1,0,False,0
M23:BioNLI:noise20:row892,M23,M23:BioNLI:exact_context:892,R5,M4,1,0,False,0
M23:BioNLI:noise20:row923,M23,M23:BioNLI:exact_context:923,ALL,M4,1,0,False,0
M23:BioNLI:noise20:row923,M23,M23:BioNLI:exact_context:923,R5,M4,1,0,False,0
M23:BioNLI:noise20:row927,M23,M23:BioNLI:exact_context:927,ALL,M4,1,0,False,0
M23:BioNLI:noise20:row927,M23,M23:BioNLI:exact_context:927,R5,M4,1,0,False,0
M23:BioNLI:noise20:row97,M23,M23:BioNLI:exact_context:97,ALL,M4,1,0,False,0
M23:BioNLI:noise20:row97,M23,M23:BioNLI:exact_context:97,R5,M4,1,0,False,0
M23:BioNLI:noise20:row971,M23,M23:BioNLI:exact_context:971,ALL,M4,1,0,False,0
M23:BioNLI:noise20:row971,M23,M23:BioNLI:exact_context:971,R5,M4,1,0,False,0
M23:BioNLI:noise20:row984,M23,M23:BioNLI:exact_context:984,ALL,M4,1,1,True,0
M23:BioNLI:noise20:row984,M23,M23:BioNLI:exact_context:984,R5,M4,1,1,True,0
