published_document,label,local_source
docs/research/support_update_method.md,01a0a9f0 会话,/home/data3/txy/.codex/sessions/2026/09/16/rollout-2026-09-16T19-18-30-01a0a9f0-8f78-7cf2-8287-945bf42130ea.jsonl
docs/research/support_update_method.md,01a09dd7 会话,/home/data3/txy/.codex/sessions/2026/09/14/rollout-2026-09-14T10-55-42-01a09dd7-8667-7ab0-8a9e-7051b56031e7.jsonl
docs/research/support_update_method.md,01a0a866 会话,/home/data3/txy/.codex/sessions/2026/09/16/rollout-2026-09-16T12-07-34-01a0a866-0afc-7803-a5d3-a915d7b45e1b.jsonl
docs/research/optimization.md,工作区总入口,/home/data3/txy/docs/README.md
docs/research/optimization.md,原文归属与初次迁移,/home/data3/txy/docs/workspace.md#documentation-migration-20260914
docs/research/optimization.md,Adapter代码解释,/home/data3/txy/docs/archive/cf_residual_adapter.md#adapter-implementation-clarification
docs/research/optimization.md,AGENTS拆分标准,/home/data3/txy/AGENTS.md#documentation-growth
docs/research/optimization.md,Documents/Codex/2026-09-11/agent-md-medrgag-workspace-guide-md/EXPERIMENT_CHANGELOG_AND_REPRODUCIBILITY.md,/home/data3/txy/Documents/Codex/2026-09-11/agent-md-medrgag-workspace-guide-md/EXPERIMENT_CHANGELOG_AND_REPRODUCIBILITY.md
docs/research/optimization.md,Documents/Codex/2026-09-14/new-chat/OPTIMIZATION_RESEARCH_RECORD.md,/home/data3/txy/Documents/Codex/2026-09-14/new-chat/OPTIMIZATION_RESEARCH_RECORD.md
docs/research/optimization.md,研究报告,/home/data3/txy/.codex/attachments/a3ab4721-70b7-4b9e-9f4b-937588b4d3f4/R1_R5_COUNTERFACTUAL_MED_REVIEW_2026-09-13.md
docs/research/optimization.md,30项文献清单,/home/data3/txy/.codex/attachments/a3ab4721-70b7-4b9e-9f4b-937588b4d3f4/COUNTERFACTUAL_MED_LITERATURE_2026-09-13.json
docs/research/optimization.md,历史方法与500对结果,/home/data3/txy/MEDRGAG_WORKSPACE_GUIDE.md:1342
docs/research/optimization.md,M7结果,/home/data3/txy/docs/baselines/tcrag.md#record-0403
docs/research/optimization.md,M6运行包,/home/data3/txy/docs/baselines/medgenie.md#record-0398
docs/research/optimization.md,基线实现记录,/home/data3/txy/Documents/Codex/2026-09-11/agent-md-medrgag-workspace-guide-md/EXPERIMENT_CHANGELOG_AND_REPRODUCIBILITY.md:74
docs/research/optimization.md,现有评分实现,/home/data3/txy/Documents/Codex/2026-09-13/agent-md-medrgag-workspace-guide-md/results_v5_m4_structured/code/analyze_v5.py
docs/research/optimization.md,24个随机样例及原始输出,/home/data3/txy/Documents/Codex/2026-09-14/new-chat/audit_cases.jsonl
docs/research/optimization.md,原评分器,/home/data3/txy/Documents/Codex/2026-08-23/https-github-com-xiotakut-cf-mrg/cf_medrgag_validation_pack/scripts/analyze_cf_baseline_screening.py:36
docs/research/optimization.md,脚本,/home/data3/txy/Documents/Codex/2026-09-14/new-chat/audit_existing_results.py
docs/research/optimization.md,结果JSON,/home/data3/txy/Documents/Codex/2026-09-14/new-chat/offline_summary.json
docs/research/optimization.md,执行输出,/home/data3/txy/Documents/Codex/2026-09-14/new-chat/audit_execution.log
docs/research/optimization.md,案例JSONL,/home/data3/txy/Documents/Codex/2026-09-14/new-chat/audit_cases.jsonl
docs/research/optimization.md,Documents/Codex/2026-09-11/agent-md-medrgag-workspace-guide-md/v5_category_priority/README.md,/home/data3/txy/Documents/Codex/2026-09-11/agent-md-medrgag-workspace-guide-md/v5_category_priority/README.md
docs/research/optimization.md,五方法分类表现,/home/data3/txy/Documents/Codex/2026-09-11/agent-md-medrgag-workspace-guide-md/v5_category_priority/v5_category_comparison.png
docs/research/optimization.md,主图PDF,/home/data3/txy/Documents/Codex/2026-09-11/agent-md-medrgag-workspace-guide-md/v5_category_priority/v5_category_comparison.pdf
docs/research/optimization.md,主图SVG,/home/data3/txy/Documents/Codex/2026-09-11/agent-md-medrgag-workspace-guide-md/v5_category_priority/v5_category_comparison.svg
docs/research/optimization.md,完整精度CSV,/home/data3/txy/Documents/Codex/2026-09-11/agent-md-medrgag-workspace-guide-md/v5_category_priority/category_scores_merged.csv
docs/research/optimization.md,错误构成,/home/data3/txy/Documents/Codex/2026-09-11/agent-md-medrgag-workspace-guide-md/v5_category_priority/v5_category_error_decomposition.png
docs/research/optimization.md,错误图PDF,/home/data3/txy/Documents/Codex/2026-09-11/agent-md-medrgag-workspace-guide-md/v5_category_priority/v5_category_error_decomposition.pdf
docs/research/optimization.md,错误分解CSV,/home/data3/txy/Documents/Codex/2026-09-11/agent-md-medrgag-workspace-guide-md/v5_category_priority/loss_decomposition.csv
docs/research/optimization.md,逐方法分解,/home/data3/txy/Documents/Codex/2026-09-11/agent-md-medrgag-workspace-guide-md/v5_category_priority/loss_by_method.csv
docs/research/optimization.md,来源构成,/home/data3/txy/Documents/Codex/2026-09-11/agent-md-medrgag-workspace-guide-md/v5_category_priority/category_source_counts.csv
docs/research/optimization.md,构图与汇总脚本,/home/data3/txy/Documents/Codex/2026-09-11/agent-md-medrgag-workspace-guide-md/v5_category_priority/build_report.py
docs/research/optimization.md,验证收据,/home/data3/txy/Documents/Codex/2026-09-11/agent-md-medrgag-workspace-guide-md/v5_category_priority/validation.json
docs/research/optimization.md,原分类说明,/home/data3/txy/docs/data/construction.md#record-0349
docs/research/optimization.md,r1_head_investigation,/home/data3/txy/Documents/Codex/2026-09-16/r1_head_investigation/README.md
docs/research/optimization.md,历史覆盖,/home/data3/txy/Documents/Codex/2026-09-16/r1_head_investigation/history/README.md
docs/research/optimization.md,历史决策索引,/home/data3/txy/Documents/Codex/2026-09-16/r1_head_investigation/history/findings.md
docs/research/optimization.md,R2/Delta阅读附件,/home/data3/txy/Documents/Codex/2026-09-16/r1_head_investigation/r2_delta_medpic_cpv_review.md
docs/research/optimization.md,R3阅读附件,/home/data3/txy/Documents/Codex/2026-09-16/r1_head_investigation/r3_review_notes.md
docs/research/optimization.md,analyze_existing.py,/home/data3/txy/Documents/Codex/2026-09-16/r1_head_investigation/analyze_existing.py
docs/research/optimization.md,provenance.json,/home/data3/txy/Documents/Codex/2026-09-16/r1_head_investigation/provenance.json
docs/research/optimization.md,目录与暴露检查,/home/data3/txy/Documents/Codex/2026-09-16/r1_head_investigation/diagnosis_scope_check.json
docs/research/optimization.md,原答抽样,/home/data3/txy/Documents/Codex/2026-09-16/r1_head_investigation/r1_diagnosis_sample.jsonl
docs/research/optimization.md,source_scores.csv,/home/data3/txy/Documents/Codex/2026-09-16/r1_head_investigation/source_scores.csv
docs/research/optimization.md,完整精度及身份字段,/home/data3/txy/Documents/Codex/2026-09-16/r1_head_investigation/existing_r3_contribution.csv
docs/research/optimization.md,CF方法试验,/home/data3/txy/docs/archive/cf_method_trials.md
docs/research/optimization.md,Residual Adapter,/home/data3/txy/docs/archive/cf_residual_adapter.md
docs/research/optimization.md,原文、代码和附件复核,/home/data3/txy/Documents/Codex/2026-09-16/r1_head_investigation/history/amqa_and_attachment_review.md
docs/research/optimization.md,R2/Delta/来源附件,/home/data3/txy/Documents/Codex/2026-09-16/r1_head_investigation/r2_delta_medpic_cpv_review.md
docs/research/optimization.md,R3阅读附件,/home/data3/txy/Documents/Codex/2026-09-16/r1_head_investigation/r3_review_notes.md
docs/research/optimization.md,diagnosis,/home/data3/txy/Documents/Codex/2026-09-16/r1_head_experiments/diagnosis/README.md
docs/research/optimization.md,rules,/home/data3/txy/Documents/Codex/2026-09-16/r1_head_experiments/rules/README.md
docs/research/optimization.md,mcq,/home/data3/txy/Documents/Codex/2026-09-16/r1_head_experiments/mcq/README.md
docs/research/optimization.md,数据审核记录,/home/data3/txy/docs/data/construction.md#r1-medcounterfact-label-scope
docs/research/optimization.md,relations,/home/data3/txy/Documents/Codex/2026-09-16/r1_head_experiments/relations/README.md
docs/research/optimization.md,结果与成本,/home/data3/txy/Documents/Codex/2026-09-16/r1_head_experiments/rules/RESULTS.md
docs/research/optimization.md,逐题评分,/home/data3/txy/Documents/Codex/2026-09-16/r1_head_experiments/rules/scored.jsonl
docs/research/optimization.md,审阅附件,/home/data3/txy/Documents/Codex/2026-09-16/r1_head_experiments/relations/repair_evidence_review.md
docs/research/optimization.md,构建主记录,/home/data3/txy/docs/data/construction.md#r1-bronchitis-support-scope
docs/research/optimization.md,r1_head_experiments/candidate,/home/data3/txy/Documents/Codex/2026-09-16/r1_head_experiments/candidate/README.md
docs/research/optimization.md,审阅附件,/home/data3/txy/Documents/Codex/2026-09-16/r1_head_experiments/relations/context_case_review.md
docs/research/optimization.md,数据构建记录,/home/data3/txy/docs/data/construction.md#r1-medcounterfact-question-groups
docs/research/optimization.md,独立包说明,/home/data3/txy/Documents/Codex/2026-09-16/r1_head_experiments/candidate/README.md
docs/research/optimization.md,全R1机器结果,/home/data3/txy/Documents/Codex/2026-09-16/r1_head_experiments/core_r1_summary.json
docs/research/optimization.md,逐题评分,/home/data3/txy/Documents/Codex/2026-09-16/r1_head_experiments/core_r1_scored.jsonl
docs/research/optimization.md,回放证明,/home/data3/txy/Documents/Codex/2026-09-16/r1_head_experiments/candidate_replay.json
docs/research/optimization.md,病种分层,/home/data3/txy/Documents/Codex/2026-09-16/r1_head_experiments/diagnosis/all_methods_1780/class_scope_comparison.md
docs/research/optimization.md,无效核查,/home/data3/txy/Documents/Codex/2026-09-16/r1_head_experiments/relations/context_extension_invalid_audit.json
docs/research/optimization.md,扩展137评分,/home/data3/txy/Documents/Codex/2026-09-16/r1_head_experiments/relations/context_extension_summary.json
docs/research/optimization.md,全部201及分层,/home/data3/txy/Documents/Codex/2026-09-16/r1_head_experiments/relations/context_all201_summary.json
docs/research/optimization.md,1206行配对结果,/home/data3/txy/Documents/Codex/2026-09-16/r1_head_experiments/relations/context_all201_scored.jsonl
docs/research/optimization.md,执行状态,/home/data3/txy/Documents/Codex/2026-09-16/r1_head_experiments/diagnosis/relations_persistent_state.json
docs/research/optimization.md,成本汇总,/home/data3/txy/Documents/Codex/2026-09-16/r1_head_experiments/cost_summary.json
docs/research/optimization.md,主审核记录,/home/data3/txy/docs/data/construction.md#r1-bronchitis-support-scope
docs/research/optimization.md,构建记录,/home/data3/txy/docs/data/construction.md#r1-frozen-validation-qualification
docs/research/optimization.md,summary.json,/home/data3/txy/Documents/Codex/2026-09-16/r1_head_validation/diagnosis/summary.json
docs/research/optimization.md,逐题评分,/home/data3/txy/Documents/Codex/2026-09-16/r1_head_validation/diagnosis/scored.jsonl
docs/research/optimization.md,冻结运行配置,/home/data3/txy/Documents/Codex/2026-09-16/r1_head_validation/diagnosis/prepared.json
docs/research/optimization.md,summary,/home/data3/txy/Documents/Codex/2026-09-16/r1_head_validation/rules/probes/summary.json
docs/research/optimization.md,手定事实审核,/home/data3/txy/Documents/Codex/2026-09-16/r1_head_validation/rules/probes/manual_fact_audit.jsonl
docs/research/optimization.md,运行及导航,/home/data3/txy/Documents/Codex/2026-09-16/r1_head_validation/rules/probes/README.md
docs/research/optimization.md,诊断审核,/home/data3/txy/Documents/Codex/2026-09-16/r1_head_validation/diagnosis/result_audit.md
docs/research/optimization.md,RESULTS,/home/data3/txy/Documents/Codex/2026-09-16/r1_head_validation/rules/probes/RESULTS.md
docs/research/optimization.md,invalid_audit.json,/home/data3/txy/Documents/Codex/2026-09-16/r1_head_validation/relations_control/invalid_audit.json
docs/research/optimization.md,summary.json,/home/data3/txy/Documents/Codex/2026-09-16/r1_head_validation/relations_control/summary.json
docs/research/optimization.md,逐题评分,/home/data3/txy/Documents/Codex/2026-09-16/r1_head_validation/relations_control/scored.jsonl
docs/research/optimization.md,运行导航,/home/data3/txy/Documents/Codex/2026-09-16/r1_head_validation/relations_control/README.md
docs/research/optimization.md,全轮汇总,/home/data3/txy/Documents/Codex/2026-09-16/r1_head_validation/summary.json
docs/research/optimization.md,历史审阅附件,/home/data3/txy/Documents/Codex/2026-09-16/r1_r2_evidence_audit/history_scope.md
docs/research/optimization.md,最小CPU审计脚本,/home/data3/txy/Documents/Codex/2026-09-16/r1_r2_evidence_audit/r1_verify.py
docs/research/optimization.md,r1_validation_verify.json,/home/data3/txy/Documents/Codex/2026-09-16/r1_r2_evidence_audit/r1_validation_verify.json
docs/research/optimization.md,r1_verify.json,/home/data3/txy/Documents/Codex/2026-09-16/r1_r2_evidence_audit/r1_verify.json
docs/research/optimization.md,r1_audit.md,/home/data3/txy/Documents/Codex/2026-09-16/r1_r2_evidence_audit/r1_audit.md
docs/research/optimization.md,交叉脚本,/home/data3/txy/Documents/Codex/2026-09-16/r1_r2_evidence_audit/audit_overlap.py
docs/research/optimization.md,cross_head_overlap.json,/home/data3/txy/Documents/Codex/2026-09-16/r1_r2_evidence_audit/cross_head_overlap.json
docs/research/optimization.md,plan.json,/home/data3/txy/Documents/Codex/2026-09-16/r1_head_refinement/plan.json
docs/research/optimization.md,resource_handoff.json,/home/data3/txy/Documents/Codex/2026-09-16/r1_head_refinement/resource_handoff.json
docs/research/optimization.md,诊断预先方案,/home/data3/txy/Documents/Codex/2026-09-16/r1_head_refinement/diagnosis/prepared.json
docs/research/optimization.md,诊断汇总,/home/data3/txy/Documents/Codex/2026-09-16/r1_head_refinement/diagnosis/summary.json
docs/research/optimization.md,根复核证据,/home/data3/txy/Documents/Codex/2026-09-16/r1_head_refinement/facts/length_output_root_audit.json
docs/research/optimization.md,组合固定报告,/home/data3/txy/Documents/Codex/2026-09-16/r1_head_refinement/composition/RESULTS.md
docs/research/optimization.md,根原文复核,/home/data3/txy/Documents/Codex/2026-09-16/r1_head_refinement/facts/root_native_answer_review.json
docs/research/optimization.md,summarize_refinement.py,/home/data3/txy/Documents/Codex/2026-09-16/r1_head_refinement/summarize_refinement.py
docs/research/optimization.md,summary.json,/home/data3/txy/Documents/Codex/2026-09-16/r1_head_refinement/summary.json
docs/research/r2_support_head.md,AGENTS的主题拆分标准,/home/data3/txy/AGENTS.md#documentation-growth
docs/research/r2_support_head.md,r2_condition_head.optimize,/home/data3/txy/Documents/Codex/2026-09-14/new-chat/r2_condition_head.py
docs/research/r2_support_head.md,统一文档入口,/home/data3/txy/docs/README.md
docs/research/r2_support_head.md,运行与接入入口,/home/data3/txy/Documents/Codex/2026-09-14/new-chat/README.md
docs/research/r2_support_head.md,guide_verification_20260915.json,/home/data3/txy/Documents/Codex/2026-09-14/new-chat/r2_question_scope_analysis/guide_verification_20260915.json
docs/research/r2_support_head.md,R2的分类定义,/home/data3/txy/docs/data/classification.md:160
docs/research/r2_support_head.md,r2_program_head.py,/home/data3/txy/Documents/Codex/2026-09-14/new-chat/r2_program_head.py
docs/research/r2_support_head.md,r2_task_scoped_qwen/inputs.jsonl,/home/data3/txy/Documents/Codex/2026-09-14/new-chat/r2_task_scoped_qwen/inputs.jsonl
docs/research/r2_support_head.md,Llama清理后事实,/home/data3/txy/Documents/Codex/2026-09-14/new-chat/r2_positive_facts_llama/extractions.jsonl
docs/research/r2_support_head.md,Qwen清理后事实,/home/data3/txy/Documents/Codex/2026-09-14/new-chat/r2_positive_facts_qwen/extractions.jsonl
docs/research/r2_support_head.md,r2_condition_head.py,/home/data3/txy/Documents/Codex/2026-09-14/new-chat/r2_condition_head.py
docs/research/r2_support_head.md,Llama配置,/home/data3/txy/Documents/Codex/2026-09-14/new-chat/r2_positive_facts_llama/config.json
docs/research/r2_support_head.md,Qwen配置,/home/data3/txy/Documents/Codex/2026-09-14/new-chat/r2_positive_facts_qwen/config.json
docs/research/r2_support_head.md,现有运行包,/home/data3/txy/Documents/Codex/2026-09-14/new-chat/README.md
docs/research/r2_support_head.md,r2_condition_head.py,/home/data3/txy/Documents/Codex/2026-09-14/new-chat/r2_condition_head.py
docs/research/r2_support_head.md,r2_positive_facts.py,/home/data3/txy/Documents/Codex/2026-09-14/new-chat/r2_positive_facts.py
docs/research/r2_support_head.md,r2_task_scoped_head.py,/home/data3/txy/Documents/Codex/2026-09-14/new-chat/r2_task_scoped_head.py
docs/research/r2_support_head.md,r2_indexed_head.py,/home/data3/txy/Documents/Codex/2026-09-14/new-chat/r2_indexed_head.py
docs/research/r2_support_head.md,r2_action_scope.py,/home/data3/txy/Documents/Codex/2026-09-14/new-chat/r2_action_scope.py
docs/research/r2_support_head.md,r2_program_head.py,/home/data3/txy/Documents/Codex/2026-09-14/new-chat/r2_program_head.py
docs/research/r2_support_head.md,r2_guideline_rules.py,/home/data3/txy/Documents/Codex/2026-09-14/new-chat/r2_guideline_rules.py
docs/research/r2_support_head.md,r2_support_interface.py,/home/data3/txy/Documents/Codex/2026-09-14/new-chat/r2_support_interface.py
docs/research/r2_support_head.md,r2_positive_facts_pilot.py,/home/data3/txy/Documents/Codex/2026-09-14/new-chat/r2_positive_facts_pilot.py
docs/research/r2_support_head.md,r2_condition_head_validation.py,/home/data3/txy/Documents/Codex/2026-09-14/new-chat/r2_condition_head_validation.py
docs/research/r2_support_head.md,核验收据的baseline_sources,/home/data3/txy/Documents/Codex/2026-09-14/new-chat/r2_question_scope_analysis/guide_verification_20260915.json
docs/research/r2_support_head.md,positive_facts_scored.jsonl,/home/data3/txy/Documents/Codex/2026-09-14/new-chat/r2_question_scope_analysis/positive_facts_scored.jsonl
docs/research/r2_support_head.md,所选事实交叉表,/home/data3/txy/Documents/Codex/2026-09-14/new-chat/r2_question_scope_analysis/positive_backbone_answer_cross.json
docs/research/r2_support_head.md,positive_facts_costs.json,/home/data3/txy/Documents/Codex/2026-09-14/new-chat/r2_method_analysis/positive_facts_costs.json
docs/research/r2_support_head.md,guide_verification_20260915.json,/home/data3/txy/Documents/Codex/2026-09-14/new-chat/r2_question_scope_analysis/guide_verification_20260915.json
docs/research/r2_support_head.md,独立接口,/home/data3/txy/Documents/Codex/2026-09-14/new-chat/r2_condition_head.py
docs/research/r2_support_head.md,接入和复现入口,/home/data3/txy/Documents/Codex/2026-09-14/new-chat/README.md
docs/research/r2_support_head.md,七方法PDF图,/home/data3/txy/Documents/Codex/2026-09-14/new-chat/r2_question_scope_analysis/r2_condition_head_positive.pdf
docs/research/r2_support_head.md,独立接口,/home/data3/txy/Documents/Codex/2026-09-14/new-chat/r2_condition_head.py
docs/research/r2_support_head.md,药名匹配,/home/data3/txy/Documents/Codex/2026-09-14/new-chat/r2_program_head.py:69
docs/research/r2_support_head.md,执行与组装入口,/home/data3/txy/Documents/Codex/2026-09-14/new-chat/r2_condition_head.py:14
docs/research/r2_support_head.md,机器可读结果,/home/data3/txy/Documents/Codex/2026-09-14/new-chat/offline_summary.json
docs/research/r2_support_head.md,离线脚本,/home/data3/txy/Documents/Codex/2026-09-14/new-chat/audit_existing_results.py
docs/research/r2_support_head.md,执行输出,/home/data3/txy/Documents/Codex/2026-09-14/new-chat/audit_execution.log
docs/research/r2_support_head.md,原检索prompt,/home/data3/txy/Documents/Codex/2026-09-14/new-chat/prompt_s001169.json
docs/research/r2_support_head.md,对应输出及评分,/home/data3/txy/Documents/Codex/2026-09-14/new-chat/audit_cases.jsonl
docs/research/r2_support_head.md,原检索prompt,/home/data3/txy/Documents/Codex/2026-09-14/new-chat/prompt_s001219.json
docs/research/r2_support_head.md,对应输出,/home/data3/txy/Documents/Codex/2026-09-14/new-chat/audit_cases.jsonl
docs/research/r2_support_head.md,案例及输出,/home/data3/txy/Documents/Codex/2026-09-14/new-chat/audit_cases.jsonl
docs/research/r2_support_head.md,prompt,/home/data3/txy/Documents/Codex/2026-09-14/new-chat/prompt_s001131.json
docs/research/r2_support_head.md,最小实验脚本,/home/data3/txy/Documents/Codex/2026-09-14/new-chat/r2_support_pilot.py
docs/research/r2_support_head.md,plan.json,/home/data3/txy/Documents/Codex/2026-09-14/new-chat/r2_support_pilot/plan.json
docs/research/r2_support_head.md,配置,/home/data3/txy/Documents/Codex/2026-09-14/new-chat/r2_support_pilot/config.json
docs/research/r2_support_head.md,提示文本,/home/data3/txy/Documents/Codex/2026-09-14/new-chat/r2_support_pilot/reviews.json
docs/research/r2_support_head.md,launch.sh,/home/data3/txy/Documents/Codex/2026-09-14/new-chat/r2_support_pilot/launch.sh
docs/research/r2_support_head.md,runtime.json,/home/data3/txy/Documents/Codex/2026-09-14/new-chat/r2_support_pilot/runtime.json
docs/research/r2_support_head.md,run.log,/home/data3/txy/Documents/Codex/2026-09-14/new-chat/r2_support_pilot/run.log
docs/research/r2_support_head.md,完整结果表,/home/data3/txy/Documents/Codex/2026-09-14/new-chat/r2_support_pilot/RESULTS.md
docs/research/r2_support_head.md,机器可读汇总,/home/data3/txy/Documents/Codex/2026-09-14/new-chat/r2_support_pilot/summary.json
docs/research/r2_support_head.md,逐条评分,/home/data3/txy/Documents/Codex/2026-09-14/new-chat/r2_support_pilot/scored.jsonl
docs/research/r2_support_head.md,R5配对,/home/data3/txy/Documents/Codex/2026-09-14/new-chat/r2_support_pilot/r5_pairs.jsonl
docs/research/r2_support_head.md,生成输出,/home/data3/txy/Documents/Codex/2026-09-14/new-chat/r2_support_pilot/predictions.jsonl
docs/research/r2_support_head.md,脚本,/home/data3/txy/Documents/Codex/2026-09-14/new-chat/r2_backbone_retrieval.py
docs/research/r2_support_head.md,计划,/home/data3/txy/Documents/Codex/2026-09-14/new-chat/r2_backbone_retrieval/plan.json
docs/research/r2_support_head.md,配置,/home/data3/txy/Documents/Codex/2026-09-14/new-chat/r2_backbone_retrieval/config.json
docs/research/r2_support_head.md,输入,/home/data3/txy/Documents/Codex/2026-09-14/new-chat/r2_backbone_retrieval/inputs.jsonl
docs/research/r2_support_head.md,分析脚本,/home/data3/txy/Documents/Codex/2026-09-14/new-chat/r2_method_analysis.py
docs/research/r2_support_head.md,机器可读汇总与分组,/home/data3/txy/Documents/Codex/2026-09-14/new-chat/r2_method_analysis/summary.json
docs/research/r2_support_head.md,逐题方法对照及原始输出,/home/data3/txy/Documents/Codex/2026-09-14/new-chat/r2_method_analysis/cases.jsonl
docs/research/r2_support_head.md,冻结评分摘录,/home/data3/txy/Documents/Codex/2026-09-14/new-chat/r2_method_analysis/frozen_scores.jsonl
docs/research/r2_support_head.md,MedGENIE实现记录,/home/data3/txy/docs/baselines/medgenie.md
docs/research/r2_support_head.md,s001169背景,/home/data3/txy/Documents/Codex/2026-09-14/new-chat/r2_method_analysis/m6_contexts_s001169.json
docs/research/r2_support_head.md,s001053背景,/home/data3/txy/Documents/Codex/2026-09-14/new-chat/r2_method_analysis/m6_contexts_s001053.json
docs/research/r2_support_head.md,s001219背景,/home/data3/txy/Documents/Codex/2026-09-14/new-chat/r2_method_analysis/m6_contexts_s001219.json
docs/research/r2_support_head.md,骨干与检索受控实验,/home/data3/txy/Documents/Codex/2026-09-14/new-chat/r2_backbone_retrieval/factor_comparison.png
docs/research/r2_support_head.md,运行包与复现命令,/home/data3/txy/Documents/Codex/2026-09-14/new-chat/r2_backbone_retrieval/README.md
docs/research/r2_support_head.md,完整结果,/home/data3/txy/Documents/Codex/2026-09-14/new-chat/r2_backbone_retrieval/RESULTS.md
docs/research/r2_support_head.md,每种子分数/修复误伤/开销,/home/data3/txy/Documents/Codex/2026-09-14/new-chat/r2_backbone_retrieval/summary.json
docs/research/r2_support_head.md,逐题评分,/home/data3/txy/Documents/Codex/2026-09-14/new-chat/r2_backbone_retrieval/scored.jsonl
docs/research/r2_support_head.md,无效与混选定位,/home/data3/txy/Documents/Codex/2026-09-14/new-chat/r2_backbone_retrieval/output_failure_analysis.json
docs/research/r2_support_head.md,评分日志,/home/data3/txy/Documents/Codex/2026-09-14/new-chat/r2_backbone_retrieval/scoring.log
docs/research/r2_support_head.md,图PDF,/home/data3/txy/Documents/Codex/2026-09-14/new-chat/r2_backbone_retrieval/factor_comparison.pdf
docs/research/r2_support_head.md,构图脚本,/home/data3/txy/Documents/Codex/2026-09-14/new-chat/plot_r2_diagnostics.py
docs/research/r2_support_head.md,r2_method_analysis/subgroup_comparison.png,/home/data3/txy/Documents/Codex/2026-09-14/new-chat/r2_method_analysis/subgroup_comparison.png
docs/research/r2_support_head.md,r2_support_interface.py,/home/data3/txy/Documents/Codex/2026-09-14/new-chat/r2_support_interface.py
docs/research/r2_support_head.md,可执行检查,/home/data3/txy/Documents/Codex/2026-09-14/new-chat/check_r2_support_interface.py
docs/research/r2_support_head.md,r2_interface_pilot,/home/data3/txy/Documents/Codex/2026-09-14/new-chat/r2_interface_pilot
docs/research/r2_support_head.md,failed_schema_attempt,/home/data3/txy/Documents/Codex/2026-09-14/new-chat/r2_interface_pilot/failed_schema_attempt
docs/research/r2_support_head.md, schema_check.json ,/home/data3/txy/Documents/Codex/2026-09-14/new-chat/r2_interface_pilot/schema_check.json
docs/research/r2_support_head.md,RESULTS.md,/home/data3/txy/Documents/Codex/2026-09-14/new-chat/r2_interface_pilot/RESULTS.md
docs/research/r2_support_head.md,summary.json,/home/data3/txy/Documents/Codex/2026-09-14/new-chat/r2_interface_pilot/summary.json
docs/research/r2_support_head.md,原输出和可执行轨迹,/home/data3/txy/Documents/Codex/2026-09-14/new-chat/r2_interface_pilot/README.md
docs/research/r2_support_head.md,r2_retraction_interface.py,/home/data3/txy/Documents/Codex/2026-09-14/new-chat/r2_retraction_interface.py
docs/research/r2_support_head.md,r2_retraction_pilot,/home/data3/txy/Documents/Codex/2026-09-14/new-chat/r2_retraction_pilot
docs/research/r2_support_head.md,schema_check.json,/home/data3/txy/Documents/Codex/2026-09-14/new-chat/r2_retraction_pilot/schema_check.json
docs/research/r2_support_head.md,RESULTS.md,/home/data3/txy/Documents/Codex/2026-09-14/new-chat/r2_retraction_pilot/RESULTS.md
docs/research/r2_support_head.md,summary.json,/home/data3/txy/Documents/Codex/2026-09-14/new-chat/r2_retraction_pilot/summary.json
docs/research/r2_support_head.md,逐题评分,/home/data3/txy/Documents/Codex/2026-09-14/new-chat/r2_retraction_pilot/scored.jsonl
docs/research/r2_support_head.md,运行包README,/home/data3/txy/Documents/Codex/2026-09-14/new-chat/r2_retraction_pilot/README.md
docs/research/r2_support_head.md,audit_analysis.json,/home/data3/txy/Documents/Codex/2026-09-14/new-chat/r2_retraction_pilot/audit_analysis.json
docs/research/r2_support_head.md,resolved.jsonl,/home/data3/txy/Documents/Codex/2026-09-14/new-chat/r2_retraction_pilot/resolved.jsonl
docs/research/r2_support_head.md,r2_atomic_head.py,/home/data3/txy/Documents/Codex/2026-09-14/new-chat/r2_atomic_head.py
docs/research/r2_support_head.md,r2_atomic_pilot,/home/data3/txy/Documents/Codex/2026-09-14/new-chat/r2_atomic_pilot
docs/research/r2_support_head.md,summary.json,/home/data3/txy/Documents/Codex/2026-09-14/new-chat/r2_atomic_pilot/summary.json
docs/research/r2_support_head.md,运行包,/home/data3/txy/Documents/Codex/2026-09-14/new-chat/r2_atomic_pilot/README.md
docs/research/r2_support_head.md,r2_context_head.py,/home/data3/txy/Documents/Codex/2026-09-14/new-chat/r2_context_head.py
docs/research/r2_support_head.md,运行包,/home/data3/txy/Documents/Codex/2026-09-14/new-chat/r2_context_pilot
docs/research/r2_support_head.md,RESULTS.md,/home/data3/txy/Documents/Codex/2026-09-14/new-chat/r2_context_pilot/RESULTS.md
docs/research/r2_support_head.md,逐项margin和原始概率,/home/data3/txy/Documents/Codex/2026-09-14/new-chat/r2_context_pilot/resolved.jsonl
docs/research/r2_support_head.md,summary.json,/home/data3/txy/Documents/Codex/2026-09-14/new-chat/r2_context_pilot/summary.json
docs/research/r2_support_head.md,r2_action_mapper.py,/home/data3/txy/Documents/Codex/2026-09-14/new-chat/r2_action_mapper.py
docs/research/r2_support_head.md,r2_action_mapping,/home/data3/txy/Documents/Codex/2026-09-14/new-chat/r2_action_mapping
docs/research/r2_support_head.md,diagnostics.json,/home/data3/txy/Documents/Codex/2026-09-14/new-chat/r2_context_pilot/diagnostics.json
docs/research/r2_support_head.md,r2_verbalizer_pilot,/home/data3/txy/Documents/Codex/2026-09-14/new-chat/r2_verbalizer_pilot
docs/research/r2_support_head.md,summary.json,/home/data3/txy/Documents/Codex/2026-09-14/new-chat/r2_verbalizer_pilot/summary.json
docs/research/r2_support_head.md,diagnostics.json,/home/data3/txy/Documents/Codex/2026-09-14/new-chat/r2_verbalizer_pilot/diagnostics.json
docs/research/r2_support_head.md,guideline_sources,/home/data3/txy/Documents/Codex/2026-09-14/new-chat/guideline_sources
docs/research/r2_support_head.md,r2_guideline_pilot.py,/home/data3/txy/Documents/Codex/2026-09-14/new-chat/r2_guideline_pilot.py
docs/research/r2_support_head.md,r2_guideline_pilot,/home/data3/txy/Documents/Codex/2026-09-14/new-chat/r2_guideline_pilot
docs/research/r2_support_head.md,README,/home/data3/txy/Documents/Codex/2026-09-14/new-chat/r2_guideline_pilot/README.md
docs/research/r2_support_head.md,summary.json,/home/data3/txy/Documents/Codex/2026-09-14/new-chat/r2_guideline_pilot/summary.json
docs/research/r2_support_head.md,r2_m5_head_pilot.py,/home/data3/txy/Documents/Codex/2026-09-14/new-chat/r2_m5_head_pilot.py
docs/research/r2_support_head.md,r2_m5_head_pilot/launch.sh,/home/data3/txy/Documents/Codex/2026-09-14/new-chat/r2_m5_head_pilot/launch.sh
docs/research/r2_support_head.md,summary.json,/home/data3/txy/Documents/Codex/2026-09-14/new-chat/r2_m5_head_pilot/summary.json
docs/research/r2_support_head.md,生成器,/home/data3/txy/Documents/Codex/2026-09-14/new-chat/r2_rule_counterexamples.py
docs/research/r2_support_head.md,r2_rule_counterexamples,/home/data3/txy/Documents/Codex/2026-09-14/new-chat/r2_rule_counterexamples/plan.json
docs/research/r2_support_head.md,r2_thinking_pilot.py,/home/data3/txy/Documents/Codex/2026-09-14/new-chat/r2_thinking_pilot.py
docs/research/r2_support_head.md,r2_order_pilot.py,/home/data3/txy/Documents/Codex/2026-09-14/new-chat/r2_order_pilot.py
docs/research/r2_support_head.md,r2_coverage_pilot.py,/home/data3/txy/Documents/Codex/2026-09-14/new-chat/r2_coverage_pilot.py
docs/research/r2_support_head.md,r2_focused_head.py,/home/data3/txy/Documents/Codex/2026-09-14/new-chat/r2_focused_head.py
docs/research/r2_support_head.md,r2_focused_pilot.py,/home/data3/txy/Documents/Codex/2026-09-14/new-chat/r2_focused_pilot.py
docs/research/r2_support_head.md,r2_fresh_control.py,/home/data3/txy/Documents/Codex/2026-09-14/new-chat/r2_fresh_control.py
docs/research/r2_support_head.md,r2_fresh_control/summary.json,/home/data3/txy/Documents/Codex/2026-09-14/new-chat/r2_fresh_control/summary.json
docs/research/r2_support_head.md,m5_research_series_costs.json,/home/data3/txy/Documents/Codex/2026-09-14/new-chat/r2_method_analysis/m5_research_series_costs.json
docs/research/r2_support_head.md,r2_guideline_rules.py,/home/data3/txy/Documents/Codex/2026-09-14/new-chat/r2_guideline_rules.py
docs/research/r2_support_head.md,r2_program_head.py,/home/data3/txy/Documents/Codex/2026-09-14/new-chat/r2_program_head.py
docs/research/r2_support_head.md,r2_program_pilot.py,/home/data3/txy/Documents/Codex/2026-09-14/new-chat/r2_program_pilot.py
docs/research/r2_support_head.md,summary.json,/home/data3/txy/Documents/Codex/2026-09-14/new-chat/r2_program_pilot/summary.json
docs/research/r2_support_head.md,data/construction.md,/home/data3/txy/docs/data/construction.md#record-0038
docs/research/r2_support_head.md,data/sources.md,/home/data3/txy/docs/data/sources.md
docs/research/r2_support_head.md,AGS2023原文,/home/data3/txy/Documents/Codex/2026-09-14/new-chat/guideline_sources/pages.jsonl
docs/research/r2_support_head.md,optimization_before_split.md,/home/data3/txy/Documents/Codex/2026-09-14/new-chat/documentation_split_20260914/optimization_before_split.md
docs/research/r2_support_head.md,validation.json,/home/data3/txy/Documents/Codex/2026-09-14/new-chat/documentation_split_20260914/validation.json
docs/research/r2_support_head.md,r2_audit.md,/home/data3/txy/Documents/Codex/2026-09-16/r1_r2_evidence_audit/r2_audit.md
docs/research/r2_support_head.md,check_r2.py,/home/data3/txy/Documents/Codex/2026-09-16/r1_r2_evidence_audit/check_r2.py
docs/research/r2_support_head.md,r2_checks.json,/home/data3/txy/Documents/Codex/2026-09-16/r1_r2_evidence_audit/r2_checks.json
docs/research/r2_support_head.md,本轮证据包,/home/data3/txy/Documents/Codex/2026-09-16/r2_r3_paper_audit/README.md
docs/research/r2_support_head.md,r2_cached_controls.json,/home/data3/txy/Documents/Codex/2026-09-16/r2_r3_paper_audit/r2_cached_controls.json
docs/research/r2_support_head.md,冻结审查,/home/data3/txy/Documents/Codex/2026-09-16/r2_r3_paper_audit/r2_paper_assessment.md
docs/research/r3_candidate_comparison.md,仅train的目录兼容范围检查,/home/data3/txy/docs/data/construction.md#r3-ascent-qualification
docs/research/r3_candidate_comparison.md,新增64组资格审核,/home/data3/txy/docs/data/construction.md#r3-cupcase-expansion-qualification
docs/research/r3_candidate_comparison.md,统一入口,/home/data3/txy/docs/README.md
docs/research/r3_candidate_comparison.md,r3_audit.py,/home/data3/txy/Documents/Codex/2026-09-14/new-chat/r3_audit.py
docs/research/r3_candidate_comparison.md,r3_audit,/home/data3/txy/Documents/Codex/2026-09-14/new-chat/r3_audit
docs/research/r3_candidate_comparison.md,r3_comparison_head.py,/home/data3/txy/Documents/Codex/2026-09-14/new-chat/r3_comparison_head.py
docs/research/r3_candidate_comparison.md,r3_comparison_pilot.py,/home/data3/txy/Documents/Codex/2026-09-14/new-chat/r3_comparison_pilot.py
docs/research/r3_candidate_comparison.md,r3_evidence_query_head.py,/home/data3/txy/Documents/Codex/2026-09-14/new-chat/r3_evidence_query_head.py
docs/research/r3_candidate_comparison.md,r3_focused_pilot.py,/home/data3/txy/Documents/Codex/2026-09-14/new-chat/r3_focused_pilot.py
docs/research/r3_candidate_comparison.md,r3_extractive_query_control.py,/home/data3/txy/Documents/Codex/2026-09-14/new-chat/r3_extractive_query_control.py
docs/research/r3_candidate_comparison.md,r3_m3_candidate_audit.py,/home/data3/txy/Documents/Codex/2026-09-14/new-chat/r3_m3_candidate_audit.py
docs/research/r3_candidate_comparison.md,r3_focused_m4,/home/data3/txy/Documents/Codex/2026-09-14/new-chat/r3_focused_m4
docs/research/r3_candidate_comparison.md,来源记录,/home/data3/txy/docs/data/sources.md#medeinst-train-r3
docs/research/r3_candidate_comparison.md,数据构建记录,/home/data3/txy/docs/data/construction.md#r3-memory-qualification
docs/research/r3_candidate_comparison.md,r3_train_memory,/home/data3/txy/Documents/Codex/2026-09-14/new-chat/r3_train_memory
docs/research/r3_candidate_comparison.md,r3_case_memory_head.py,/home/data3/txy/Documents/Codex/2026-09-14/new-chat/r3_case_memory_head.py
docs/research/r3_candidate_comparison.md,r3_train_memory,/home/data3/txy/Documents/Codex/2026-09-14/new-chat/r3_train_memory
docs/research/r3_candidate_comparison.md,来源,/home/data3/txy/docs/data/sources.md#medeinst-train-r3
docs/research/r3_candidate_comparison.md,资格,/home/data3/txy/docs/data/construction.md#r3-memory-qualification
docs/research/r3_candidate_comparison.md,r3_case_memory_confirmation,/home/data3/txy/Documents/Codex/2026-09-14/new-chat/r3_case_memory_confirmation
docs/research/r3_candidate_comparison.md,来源审核脚本,/home/data3/txy/Documents/Codex/2026-09-14/new-chat/r3_memory_source_audit.py
docs/research/r3_candidate_comparison.md,索引构建,/home/data3/txy/Documents/Codex/2026-09-14/new-chat/r3_memory_pilot.py
docs/research/r3_candidate_comparison.md,最终头,/home/data3/txy/Documents/Codex/2026-09-14/new-chat/r3_case_memory_head.py
docs/research/r3_candidate_comparison.md,确认运行脚本,/home/data3/txy/Documents/Codex/2026-09-14/new-chat/r3_case_memory_confirmation.py
docs/research/r3_candidate_comparison.md,划分和原结果审核,/home/data3/txy/Documents/Codex/2026-09-14/new-chat/r3_audit.py
docs/research/r3_candidate_comparison.md,词面审计,/home/data3/txy/Documents/Codex/2026-09-14/new-chat/r3_train_memory/template_audit_summary.json
docs/research/r3_candidate_comparison.md,本项目R3定义,/home/data3/txy/docs/data/classification.md:176
docs/research/r3_candidate_comparison.md,诊断函数,/home/data3/txy/Documents/Codex/2026-09-14/new-chat/r3_case_memory_head.py
docs/research/r3_candidate_comparison.md,确认消融,/home/data3/txy/Documents/Codex/2026-09-14/new-chat/r3_case_memory_confirmation/summary.json
docs/research/r3_candidate_comparison.md,r3_counterfactual_audit_head.py,/home/data3/txy/Documents/Codex/2026-09-14/new-chat/r3_counterfactual_audit_head.py
docs/research/r3_candidate_comparison.md,运行脚本,/home/data3/txy/Documents/Codex/2026-09-14/new-chat/r3_counterfactual_audit_pilot.py
docs/research/r3_candidate_comparison.md,r3_counterfactual_audit_m5_scout,/home/data3/txy/Documents/Codex/2026-09-14/new-chat/r3_counterfactual_audit_m5_scout
docs/research/r3_candidate_comparison.md,来源记录,/home/data3/txy/docs/data/sources.md#r3-source-followup
docs/research/r3_candidate_comparison.md,r3_counterfactual_audit_m5_grounded_scout,/home/data3/txy/Documents/Codex/2026-09-14/new-chat/r3_counterfactual_audit_m5_grounded_scout
docs/research/r3_candidate_comparison.md,r3_counterfactual_audit_m4_grounded_scout,/home/data3/txy/Documents/Codex/2026-09-14/new-chat/r3_counterfactual_audit_m4_grounded_scout
docs/research/r3_candidate_comparison.md,r3_counterfactual_audit_analysis.py,/home/data3/txy/Documents/Codex/2026-09-14/new-chat/r3_counterfactual_audit_analysis.py
docs/research/r3_candidate_comparison.md,来源记录,/home/data3/txy/docs/data/sources.md#r3-source-followup
docs/research/r3_candidate_comparison.md,r3_probe_decision_gate.py,/home/data3/txy/Documents/Codex/2026-09-14/new-chat/r3_probe_decision_gate.py
docs/research/r3_candidate_comparison.md,r3_likelihood_head.py,/home/data3/txy/Documents/Codex/2026-09-14/new-chat/r3_likelihood_head.py
docs/research/r3_candidate_comparison.md,运行脚本,/home/data3/txy/Documents/Codex/2026-09-14/new-chat/r3_likelihood_pilot.py
docs/research/r3_candidate_comparison.md,r3_likelihood_m5,/home/data3/txy/Documents/Codex/2026-09-14/new-chat/r3_likelihood_m5
docs/research/r3_candidate_comparison.md,跨方法汇总,/home/data3/txy/Documents/Codex/2026-09-14/new-chat/r3_catalog_transfer_summary/summary.json
docs/research/r3_candidate_comparison.md,r3_patient_selection_head.py,/home/data3/txy/Documents/Codex/2026-09-14/new-chat/r3_patient_selection_head.py
docs/research/r3_candidate_comparison.md,r3_patient_selection_v1,/home/data3/txy/Documents/Codex/2026-09-14/new-chat/r3_patient_selection_v1/README.md
docs/research/r3_candidate_comparison.md,冻结包README,/home/data3/txy/Documents/Codex/2026-09-14/new-chat/r3_patient_selection_v1/README.md
docs/research/r3_candidate_comparison.md,来源主记录,/home/data3/txy/docs/data/sources.md#r3-additional-sources
docs/research/r3_candidate_comparison.md,数据构建主记录,/home/data3/txy/docs/data/construction.md#r3-ascent-qualification
docs/research/r3_candidate_comparison.md,数据构建记录,/home/data3/txy/docs/data/construction.md#r3-ascent-qualification
docs/research/r3_candidate_comparison.md,r3_context_selection_head.py,/home/data3/txy/Documents/Codex/2026-09-14/new-chat/r3_context_selection_head.py
docs/research/r3_candidate_comparison.md,r3_context_selection_qwen,/home/data3/txy/Documents/Codex/2026-09-14/new-chat/r3_context_selection_qwen
docs/research/r3_candidate_comparison.md,r3_catalog_distribution_m4,/home/data3/txy/Documents/Codex/2026-09-14/new-chat/r3_catalog_distribution_m4
docs/research/r3_candidate_comparison.md,r3_catalog_distribution_m5,/home/data3/txy/Documents/Codex/2026-09-14/new-chat/r3_catalog_distribution_m5
docs/research/r3_candidate_comparison.md,汇总包,/home/data3/txy/Documents/Codex/2026-09-14/new-chat/r3_catalog_calibration_summary
docs/research/r3_candidate_comparison.md,校正多数票开发候选,/home/data3/txy/Documents/Codex/2026-09-14/new-chat/r3_calibrated_vote_candidate/README.md
docs/research/r3_candidate_comparison.md,r3_calibrated_transfer,/home/data3/txy/Documents/Codex/2026-09-14/new-chat/r3_calibrated_transfer
docs/research/r3_candidate_comparison.md,r3_paired_case_probe,/home/data3/txy/Documents/Codex/2026-09-14/new-chat/r3_paired_case_probe
docs/research/r3_candidate_comparison.md,数据构建主记录,/home/data3/txy/docs/data/construction.md#r3-ascent-qualification
docs/research/r3_candidate_comparison.md,数据构建,/home/data3/txy/docs/data/construction.md#r3-ascent-qualification
docs/research/r3_candidate_comparison.md,r3_patient_contrast_head.py,/home/data3/txy/Documents/Codex/2026-09-14/new-chat/r3_patient_contrast_head.py
docs/research/r3_candidate_comparison.md,r3_patient_contrast,/home/data3/txy/Documents/Codex/2026-09-14/new-chat/r3_patient_contrast
docs/research/r3_candidate_comparison.md,r3_pairwise_comparison,/home/data3/txy/Documents/Codex/2026-09-14/new-chat/r3_pairwise_comparison
docs/research/r3_candidate_comparison.md,r3_evidence_selection,/home/data3/txy/Documents/Codex/2026-09-14/new-chat/r3_evidence_selection
docs/research/r3_candidate_comparison.md,r3_pointwise_verification,/home/data3/txy/Documents/Codex/2026-09-14/new-chat/r3_pointwise_verification
docs/research/r3_candidate_comparison.md,r3_candidate_retrieval,/home/data3/txy/Documents/Codex/2026-09-14/new-chat/r3_candidate_retrieval
docs/research/r3_candidate_comparison.md,知识质量证据,/home/data3/txy/Documents/Codex/2026-09-14/new-chat/r3_candidate_retrieval/knowledge_quality_audit.json
docs/research/r3_candidate_comparison.md,r3_knowledge_utility_head.py,/home/data3/txy/Documents/Codex/2026-09-14/new-chat/r3_knowledge_utility_head.py
docs/research/r3_candidate_comparison.md,r3_knowledge_utility_pilot.py,/home/data3/txy/Documents/Codex/2026-09-14/new-chat/r3_knowledge_utility_pilot.py
docs/research/r3_candidate_comparison.md,r3_knowledge_utility,/home/data3/txy/Documents/Codex/2026-09-14/new-chat/r3_knowledge_utility
docs/research/r3_candidate_comparison.md,r3_audit/native_option_scope_review.json,/home/data3/txy/Documents/Codex/2026-09-14/new-chat/r3_audit/native_option_scope_review.json
docs/research/r3_candidate_comparison.md,r3_delayed_options_head.py,/home/data3/txy/Documents/Codex/2026-09-14/new-chat/r3_delayed_options_head.py
docs/research/r3_candidate_comparison.md,r3_delayed_options_pilot.py,/home/data3/txy/Documents/Codex/2026-09-14/new-chat/r3_delayed_options_pilot.py
docs/research/r3_candidate_comparison.md,r3_delayed_options,/home/data3/txy/Documents/Codex/2026-09-14/new-chat/r3_delayed_options
docs/research/r3_candidate_comparison.md,r3_option_aggregation_head.py,/home/data3/txy/Documents/Codex/2026-09-14/new-chat/r3_option_aggregation_head.py
docs/research/r3_candidate_comparison.md,r3_option_aggregation_pilot.py,/home/data3/txy/Documents/Codex/2026-09-14/new-chat/r3_option_aggregation_pilot.py
docs/research/r3_candidate_comparison.md,r3_rule_transfer_pilot.py,/home/data3/txy/Documents/Codex/2026-09-14/new-chat/r3_rule_transfer_pilot.py
docs/research/r3_candidate_comparison.md,r3_channel_head.py,/home/data3/txy/Documents/Codex/2026-09-14/new-chat/r3_channel_head.py
docs/research/r3_candidate_comparison.md,r3_channel_pilot.py,/home/data3/txy/Documents/Codex/2026-09-14/new-chat/r3_channel_pilot.py
docs/research/r3_candidate_comparison.md,r3_channel_likelihood,/home/data3/txy/Documents/Codex/2026-09-14/new-chat/r3_channel_likelihood
docs/research/r3_candidate_comparison.md,r3_general_criteria,/home/data3/txy/Documents/Codex/2026-09-14/new-chat/r3_general_criteria
docs/research/r3_candidate_comparison.md,驱动,/home/data3/txy/Documents/Codex/2026-09-14/new-chat/r3_calibrated_expansion.py
docs/research/r3_candidate_comparison.md,r3_calibrated_expansion,/home/data3/txy/Documents/Codex/2026-09-14/new-chat/r3_calibrated_expansion
docs/research/r3_candidate_comparison.md,构建记录,/home/data3/txy/docs/data/construction.md#r3-ascent-qualification
docs/research/r3_candidate_comparison.md,r3_calibrated_all_methods.py,/home/data3/txy/Documents/Codex/2026-09-14/new-chat/r3_calibrated_all_methods.py
docs/research/r3_candidate_comparison.md,r3_calibrated_all_methods,/home/data3/txy/Documents/Codex/2026-09-14/new-chat/r3_calibrated_all_methods
docs/research/r3_candidate_comparison.md,r3_optimization_head.py,/home/data3/txy/Documents/Codex/2026-09-14/new-chat/r3_optimization_head.py
docs/research/r3_candidate_comparison.md,构建记录,/home/data3/txy/docs/data/construction.md#r3-ascent-qualification
docs/research/r3_candidate_comparison.md,独立交付包,/home/data3/txy/Documents/Codex/2026-09-14/new-chat/r3_calibrated_all_methods/candidate/README.md
docs/research/r3_candidate_comparison.md,构建记录,/home/data3/txy/docs/data/construction.md#r3-ascent-qualification
docs/research/r3_candidate_comparison.md,独立包与调用说明,/home/data3/txy/Documents/Codex/2026-09-14/new-chat/r3_calibrated_all_methods/candidate/README.md
docs/research/r3_candidate_comparison.md,构建记录,/home/data3/txy/docs/data/construction.md#r3-ascent-qualification
docs/research/r3_candidate_comparison.md,r3_cupcase_adapter.py,/home/data3/txy/Documents/Codex/2026-09-14/new-chat/r3_cupcase_adapter.py
docs/research/r3_candidate_comparison.md,r3_cupcase_adapter/README.md,/home/data3/txy/Documents/Codex/2026-09-14/new-chat/r3_cupcase_adapter/README.md
docs/research/r3_candidate_comparison.md,构建记录,/home/data3/txy/docs/data/construction.md#r3-ascent-qualification
docs/research/r3_candidate_comparison.md,r3_cupcase_option_style.py,/home/data3/txy/Documents/Codex/2026-09-14/new-chat/r3_cupcase_option_style.py
docs/research/r3_candidate_comparison.md,r3_cupcase_option_style/README.md,/home/data3/txy/Documents/Codex/2026-09-14/new-chat/r3_cupcase_option_style/README.md
docs/research/r3_candidate_comparison.md,r3_cupcase_uniform_sequence.py,/home/data3/txy/Documents/Codex/2026-09-14/new-chat/r3_cupcase_uniform_sequence.py
docs/research/r3_candidate_comparison.md,构建记录,/home/data3/txy/docs/data/construction.md#r3-ascent-qualification
docs/research/r3_candidate_comparison.md,r3_cupcase_uniform_sequence/summary.json,/home/data3/txy/Documents/Codex/2026-09-14/new-chat/r3_cupcase_uniform_sequence/summary.json
docs/research/r3_candidate_comparison.md,数据构建,/home/data3/txy/docs/data/construction.md#r3-cupcase-frozen-qualification
docs/research/r3_candidate_comparison.md,r3_cupcase_holdout.py,/home/data3/txy/Documents/Codex/2026-09-14/new-chat/r3_cupcase_holdout.py
docs/research/r3_candidate_comparison.md,README,/home/data3/txy/Documents/Codex/2026-09-14/new-chat/r3_cupcase_holdout/README.md
docs/research/r3_candidate_comparison.md,summary.json,/home/data3/txy/Documents/Codex/2026-09-14/new-chat/r3_cupcase_holdout/summary.json
docs/research/r3_candidate_comparison.md,数据构建,/home/data3/txy/docs/data/construction.md#r3-cupcase-expansion-qualification
docs/research/r3_candidate_comparison.md,r3_cupcase_holdout.py,/home/data3/txy/Documents/Codex/2026-09-14/new-chat/r3_cupcase_holdout.py
docs/research/r3_candidate_comparison.md,运行包README,/home/data3/txy/Documents/Codex/2026-09-14/new-chat/r3_cupcase_expansion/README.md
docs/research/r3_candidate_comparison.md,comparison_summary.json,/home/data3/txy/Documents/Codex/2026-09-14/new-chat/r3_cupcase_expansion/comparison_summary.json
docs/research/r3_candidate_comparison.md,summary.json,/home/data3/txy/Documents/Codex/2026-09-14/new-chat/r3_cupcase_expansion/summary.json
docs/research/r3_candidate_comparison.md,数据构建,/home/data3/txy/docs/data/construction.md#r3-cupcase-validation-qualification
docs/research/r3_candidate_comparison.md,README,/home/data3/txy/Documents/Codex/2026-09-14/new-chat/r3_cupcase_validation/README.md
docs/research/r3_candidate_comparison.md,运行包README,/home/data3/txy/Documents/Codex/2026-09-14/new-chat/r3_evidence_relations/README.md
docs/research/r3_candidate_comparison.md,relation_diagnostics.json,/home/data3/txy/Documents/Codex/2026-09-14/new-chat/r3_evidence_relations/relation_diagnostics.json
docs/research/r3_candidate_comparison.md,summary.json,/home/data3/txy/Documents/Codex/2026-09-14/new-chat/r3_evidence_relations/summary.json
docs/research/r3_candidate_comparison.md,运行包README,/home/data3/txy/Documents/Codex/2026-09-14/new-chat/r3_local_evidence_relations/README.md
docs/research/r3_candidate_comparison.md,summary.json,/home/data3/txy/Documents/Codex/2026-09-14/new-chat/r3_local_evidence_relations/summary.json
docs/research/r3_candidate_comparison.md,context_comparison.json,/home/data3/txy/Documents/Codex/2026-09-14/new-chat/r3_local_evidence_relations/context_comparison.json
docs/research/r3_candidate_comparison.md,probe README,/home/data3/txy/Documents/Codex/2026-09-14/new-chat/r3_relation_code_probe/README.md
docs/research/r3_candidate_comparison.md,probe summary.json,/home/data3/txy/Documents/Codex/2026-09-14/new-chat/r3_relation_code_probe/summary.json
docs/research/r3_candidate_comparison.md,names README,/home/data3/txy/Documents/Codex/2026-09-14/new-chat/r3_named_evidence_relations/README.md
docs/research/r3_candidate_comparison.md,single README,/home/data3/txy/Documents/Codex/2026-09-14/new-chat/r3_single_evidence_relations/README.md
docs/research/r3_candidate_comparison.md,运行包,/home/data3/txy/Documents/Codex/2026-09-14/new-chat/r3_empirical_features/README.md
docs/research/r3_candidate_comparison.md,r3_fact_scope_factorial.py,/home/data3/txy/Documents/Codex/2026-09-14/new-chat/r3_fact_scope_factorial.py
docs/research/r3_candidate_comparison.md,r3_fact_scope_indexed/README.md,/home/data3/txy/Documents/Codex/2026-09-14/new-chat/r3_fact_scope_indexed/README.md
docs/research/r3_candidate_comparison.md,r3_fact_scope_nli.py,/home/data3/txy/Documents/Codex/2026-09-14/new-chat/r3_fact_scope_nli.py
docs/research/r3_candidate_comparison.md,r3_nli_fact_head.py,/home/data3/txy/Documents/Codex/2026-09-14/new-chat/r3_nli_fact_head.py
docs/research/r3_candidate_comparison.md,r3_nli_facts/README.md,/home/data3/txy/Documents/Codex/2026-09-14/new-chat/r3_nli_facts/README.md
docs/research/r3_candidate_comparison.md,optimization_before_split.md,/home/data3/txy/Documents/Codex/2026-09-14/new-chat/r3_documentation_split/optimization_before_split.md
docs/research/r3_candidate_comparison.md,本轮证据包,/home/data3/txy/Documents/Codex/2026-09-16/r2_r3_paper_audit/README.md
docs/research/r3_candidate_comparison.md,实现审查,/home/data3/txy/Documents/Codex/2026-09-16/r2_r3_paper_audit/r3_implementation_audit.md
docs/research/r3_candidate_comparison.md,开发核验收据,/home/data3/txy/Documents/Codex/2026-09-16/r2_r3_paper_audit/r3_development_verify.json
docs/research/r3_candidate_comparison.md,cupcase_recomputed.json,/home/data3/txy/Documents/Codex/2026-09-16/r2_r3_paper_audit/cupcase_recomputed.json
docs/data/classification.md,工作区总入口,/home/data3/txy/docs/README.md
docs/data/classification.md,记录归属与迁移证据,/home/data3/txy/docs/workspace.md#documentation-migration-20260914
docs/data/classification.md,MEDRGAG_WORKSPACE_GUIDE.md,/home/data3/txy/MEDRGAG_WORKSPACE_GUIDE.md
docs/data/classification.md,R1_R5_V3_BASELINES_WORK_RECORD.md,/home/data3/txy/R1_R5_V3_BASELINES_WORK_RECORD.md
docs/data/classification.md,R1_R5_CLASSIFICATION_GUIDE.md,/home/data3/txy/R1_R5_CLASSIFICATION_GUIDE.md
docs/data/classification.md,v3 基线与分类指南的工作及调整记录,/home/data3/txy/docs/archive/r1_r5_early_evaluation.md#record-0233
docs/data/classification.md,工作过程与调整记录,/home/data3/txy/docs/data/construction.md#record-0351
docs/evaluation/protocol.md,工作区总入口,/home/data3/txy/docs/README.md
docs/evaluation/protocol.md,记录归属与迁移证据,/home/data3/txy/docs/workspace.md#documentation-migration-20260914
docs/evaluation/protocol.md,Documents/Codex/2026-09-11/agent-md-medrgag-workspace-guide-md/EXPERIMENT_CHANGELOG_AND_REPRODUCIBILITY.md,/home/data3/txy/Documents/Codex/2026-09-11/agent-md-medrgag-workspace-guide-md/EXPERIMENT_CHANGELOG_AND_REPRODUCIBILITY.md
docs/evaluation/protocol.md,Documents/Codex/2026-09-11/agent-md-medrgag-workspace-guide-md/EXPERIMENT_CHANGELOG_AND_REPRODUCIBILITY.md,/home/data3/txy/Documents/Codex/2026-09-11/agent-md-medrgag-workspace-guide-md/EXPERIMENT_CHANGELOG_AND_REPRODUCIBILITY.md
docs/evaluation/protocol.md,材料化验证,/home/data3/txy/Documents/Codex/2026-09-11/agent-md-medrgag-workspace-guide-md/results_v5_m0_m2_m4_m5/preparation_validation.json
docs/evaluation/protocol.md,Documents/Codex/2026-09-11/agent-md-medrgag-workspace-guide-md/EXPERIMENT_CHANGELOG_AND_REPRODUCIBILITY.md,/home/data3/txy/Documents/Codex/2026-09-11/agent-md-medrgag-workspace-guide-md/EXPERIMENT_CHANGELOG_AND_REPRODUCIBILITY.md
docs/evaluation/protocol.md,复用审计,/home/data3/txy/Documents/Codex/2026-09-11/agent-md-medrgag-workspace-guide-md/results_v5_m3/reuse_audit.json
docs/evaluation/protocol.md,Documents/Codex/2026-09-11/agent-md-medrgag-workspace-guide-md/EXPERIMENT_CHANGELOG_AND_REPRODUCIBILITY.md,/home/data3/txy/Documents/Codex/2026-09-11/agent-md-medrgag-workspace-guide-md/EXPERIMENT_CHANGELOG_AND_REPRODUCIBILITY.md
docs/evaluation/protocol.md,Documents/Codex/2026-09-12/benchmark-imedrag-medrag-agent-md-tc/PAPER_REPRODUCTION_RECORD.md,/home/data3/txy/Documents/Codex/2026-09-12/benchmark-imedrag-medrag-agent-md-tc/PAPER_REPRODUCTION_RECORD.md
docs/evaluation/protocol.md,Documents/Codex/2026-09-12/benchmark-imedrag-medrag-agent-md-tc/PAPER_REPRODUCTION_RECORD.md,/home/data3/txy/Documents/Codex/2026-09-12/benchmark-imedrag-medrag-agent-md-tc/PAPER_REPRODUCTION_RECORD.md
docs/evaluation/protocol.md,input_manifest.jsonl,/home/data3/txy/Documents/Codex/2026-09-12/benchmark-imedrag-medrag-agent-md-tc/data/input_manifest.jsonl
docs/evaluation/protocol.md,source_target_input_mapping.jsonl,/home/data3/txy/Documents/Codex/2026-09-12/benchmark-imedrag-medrag-agent-md-tc/data/source_target_input_mapping.jsonl
docs/evaluation/protocol.md,input_lock.json,/home/data3/txy/Documents/Codex/2026-09-12/benchmark-imedrag-medrag-agent-md-tc/data/input_lock.json
docs/evaluation/protocol.md,Documents/Codex/2026-09-12/benchmark-imedrag-medrag-agent-md-tc/PAPER_REPRODUCTION_RECORD.md,/home/data3/txy/Documents/Codex/2026-09-12/benchmark-imedrag-medrag-agent-md-tc/PAPER_REPRODUCTION_RECORD.md
docs/evaluation/protocol.md,dev_source_acquisition.json,/home/data3/txy/Documents/Codex/2026-09-12/benchmark-imedrag-medrag-agent-md-tc/data/dev_source_acquisition.json
docs/evaluation/protocol.md,dev_provenance.jsonl,/home/data3/txy/Documents/Codex/2026-09-12/benchmark-imedrag-medrag-agent-md-tc/data/dev_provenance.jsonl
docs/evaluation/protocol.md,dev_overlap_audit.json,/home/data3/txy/Documents/Codex/2026-09-12/benchmark-imedrag-medrag-agent-md-tc/data/dev_overlap_audit.json
docs/evaluation/protocol.md,dev_question_overlap.json,/home/data3/txy/Documents/Codex/2026-09-12/benchmark-imedrag-medrag-agent-md-tc/reports/dev_question_overlap.json
docs/evaluation/protocol.md,Documents/Codex/2026-09-12/benchmark-imedrag-medrag-agent-md-tc/PAPER_REPRODUCTION_RECORD.md,/home/data3/txy/Documents/Codex/2026-09-12/benchmark-imedrag-medrag-agent-md-tc/PAPER_REPRODUCTION_RECORD.md
docs/evaluation/protocol.md,Documents/Codex/2026-09-12/benchmark-imedrag-medrag-agent-md-tc/PAPER_REPRODUCTION_RECORD.md,/home/data3/txy/Documents/Codex/2026-09-12/benchmark-imedrag-medrag-agent-md-tc/PAPER_REPRODUCTION_RECORD.md
docs/evaluation/protocol.md,scoring_snapshot/sources.json,/home/data3/txy/Documents/Codex/2026-09-12/benchmark-imedrag-medrag-agent-md-tc/reports/scoring_snapshot/sources.json
docs/evaluation/protocol.md,Documents/Codex/2026-09-12/benchmark-imedrag-medrag-agent-md-tc/PAPER_REPRODUCTION_RECORD.md,/home/data3/txy/Documents/Codex/2026-09-12/benchmark-imedrag-medrag-agent-md-tc/PAPER_REPRODUCTION_RECORD.md
docs/evaluation/protocol.md,Documents/Codex/2026-09-12/benchmark-imedrag-medrag-agent-md-tc/evidence_protocol.md,/home/data3/txy/Documents/Codex/2026-09-12/benchmark-imedrag-medrag-agent-md-tc/evidence_protocol.md
docs/evaluation/v5.md,完整精度CSV,/home/data3/txy/Documents/Codex/2026-09-13/agent-md-medrgag-workspace-guide-md/results_v5_m6_m7/m6_medgenie_v5_full/reports/category_comparison.csv
docs/evaluation/v5.md,各方法记录,/home/data3/txy/docs/README.md
docs/evaluation/v5.md,工作区总入口,/home/data3/txy/docs/README.md
docs/evaluation/v5.md,记录归属与迁移证据,/home/data3/txy/docs/workspace.md#documentation-migration-20260914
docs/evaluation/v5.md,MEDRGAG_WORKSPACE_GUIDE.md,/home/data3/txy/MEDRGAG_WORKSPACE_GUIDE.md
docs/evaluation/v5.md,R1_R5_V3_BASELINES_WORK_RECORD.md,/home/data3/txy/docs/archive/r1_r5_early_evaluation.md#record-0233
docs/evaluation/v5.md,MEDRGAG_WORKSPACE_GUIDE.md,/home/data3/txy/MEDRGAG_WORKSPACE_GUIDE.md
docs/evaluation/v5.md,paper implementation and adjustment record,/home/data3/txy/docs/workspace.md#record-0174
docs/evaluation/v5.md,README,/home/data3/txy/docs/workspace.md#record-0387
docs/evaluation/v5.md,method fidelity,/home/data3/txy/docs/workspace.md#record-0374
docs/evaluation/v5.md,acceptance report,/home/data3/txy/docs/workspace.md#record-0379
docs/evaluation/v5.md,MEDRGAG_WORKSPACE_GUIDE.md,/home/data3/txy/MEDRGAG_WORKSPACE_GUIDE.md
docs/evaluation/v5.md,MEDRGAG_WORKSPACE_GUIDE.md,/home/data3/txy/MEDRGAG_WORKSPACE_GUIDE.md
docs/evaluation/v5.md,Documents/Codex/2026-09-11/agent-md-medrgag-workspace-guide-md/EXPERIMENT_CHANGELOG_AND_REPRODUCIBILITY.md,/home/data3/txy/Documents/Codex/2026-09-11/agent-md-medrgag-workspace-guide-md/EXPERIMENT_CHANGELOG_AND_REPRODUCIBILITY.md
docs/evaluation/v5.md,第24节,/home/data3/txy/docs/baselines/tcrag.md#record-0172
docs/evaluation/v5.md,Documents/Codex/2026-09-11/agent-md-medrgag-workspace-guide-md/EXPERIMENT_CHANGELOG_AND_REPRODUCIBILITY.md,/home/data3/txy/Documents/Codex/2026-09-11/agent-md-medrgag-workspace-guide-md/EXPERIMENT_CHANGELOG_AND_REPRODUCIBILITY.md
docs/evaluation/v5.md,第22节,/home/data3/txy/docs/baselines/tcrag.md#record-0166
docs/evaluation/v5.md,Documents/Codex/2026-09-11/agent-md-medrgag-workspace-guide-md/EXPERIMENT_CHANGELOG_AND_REPRODUCIBILITY.md,/home/data3/txy/Documents/Codex/2026-09-11/agent-md-medrgag-workspace-guide-md/EXPERIMENT_CHANGELOG_AND_REPRODUCIBILITY.md
docs/evaluation/v5.md,M4详细记录,/home/data3/txy/docs/baselines/medrag.md#record-0120
docs/evaluation/v5.md,M6详细记录,/home/data3/txy/docs/baselines/imedrag.md#record-0125
docs/evaluation/v5.md,准备记录,/home/data3/txy/docs/baselines/medrag.md#record-0119
docs/evaluation/v5.md,Documents/Codex/2026-09-11/agent-md-medrgag-workspace-guide-md/EXPERIMENT_CHANGELOG_AND_REPRODUCIBILITY.md,/home/data3/txy/Documents/Codex/2026-09-11/agent-md-medrgag-workspace-guide-md/EXPERIMENT_CHANGELOG_AND_REPRODUCIBILITY.md
docs/evaluation/v5.md,M3 结果,/home/data3/txy/docs/baselines/marag.md#record-0390
docs/evaluation/v5.md,运行记录,/home/data3/txy/docs/baselines/marag.md#record-0389
docs/evaluation/v5.md,结果图,/home/data3/txy/Documents/Codex/2026-09-11/agent-md-medrgag-workspace-guide-md/results_v5_m3/v5_selected_methods.png
docs/evaluation/v5.md,四方法完整覆盖验证,/home/data3/txy/Documents/Codex/2026-09-11/agent-md-medrgag-workspace-guide-md/results_v5_m0_m2_m4_m5/validation.json
docs/evaluation/v5.md,四方法阶段审计,/home/data3/txy/Documents/Codex/2026-09-11/agent-md-medrgag-workspace-guide-md/results_v5_m0_m2_m4_m5/artifact_audit.json
docs/evaluation/v5.md,M3 完整覆盖审计,/home/data3/txy/Documents/Codex/2026-09-11/agent-md-medrgag-workspace-guide-md/results_v5_m3/artifact_audit.json
docs/evaluation/v5.md,M3 评分验证,/home/data3/txy/Documents/Codex/2026-09-11/agent-md-medrgag-workspace-guide-md/results_v5_m3/validation.json
docs/evaluation/v5.md,Documents/Codex/2026-09-11/agent-md-medrgag-workspace-guide-md/EXPERIMENT_CHANGELOG_AND_REPRODUCIBILITY.md,/home/data3/txy/Documents/Codex/2026-09-11/agent-md-medrgag-workspace-guide-md/EXPERIMENT_CHANGELOG_AND_REPRODUCIBILITY.md
docs/evaluation/v5.md,Documents/Codex/2026-09-11/agent-md-medrgag-workspace-guide-md/EXPERIMENT_CHANGELOG_AND_REPRODUCIBILITY.md,/home/data3/txy/Documents/Codex/2026-09-11/agent-md-medrgag-workspace-guide-md/EXPERIMENT_CHANGELOG_AND_REPRODUCIBILITY.md
docs/evaluation/v5.md,plan.json,/home/data3/txy/Documents/Codex/2026-09-11/agent-md-medrgag-workspace-guide-md/results_v5_m3/plan.json
docs/evaluation/v5.md,Documents/Codex/2026-09-11/agent-md-medrgag-workspace-guide-md/EXPERIMENT_CHANGELOG_AND_REPRODUCIBILITY.md,/home/data3/txy/Documents/Codex/2026-09-11/agent-md-medrgag-workspace-guide-md/EXPERIMENT_CHANGELOG_AND_REPRODUCIBILITY.md
docs/evaluation/v5.md,原 M4 GPU0 guard,/home/data3/txy/Documents/Codex/2026-09-11/agent-md-medrgag-workspace-guide-md/results_v5_m0_m2_m4_m5/code/run_m4_gpu0_guard.py
docs/evaluation/v5.md,10 GiB 验证,/home/data3/txy/Documents/Codex/2026-09-11/agent-md-medrgag-workspace-guide-md/results_v5_m3/gpu0_guard_validation.json
docs/evaluation/v5.md,4 GiB 验证,/home/data3/txy/Documents/Codex/2026-09-11/agent-md-medrgag-workspace-guide-md/results_v5_m3/gpu0_guard_validation_4gib.json
docs/evaluation/v5.md,Documents/Codex/2026-09-11/agent-md-medrgag-workspace-guide-md/EXPERIMENT_CHANGELOG_AND_REPRODUCIBILITY.md,/home/data3/txy/Documents/Codex/2026-09-11/agent-md-medrgag-workspace-guide-md/EXPERIMENT_CHANGELOG_AND_REPRODUCIBILITY.md
docs/evaluation/v5.md,supervision.jsonl,/home/data3/txy/Documents/Codex/2026-09-11/agent-md-medrgag-workspace-guide-md/results_v5_m3/supervision.jsonl
docs/evaluation/v5.md,Documents/Codex/2026-09-11/agent-md-medrgag-workspace-guide-md/EXPERIMENT_CHANGELOG_AND_REPRODUCIBILITY.md,/home/data3/txy/Documents/Codex/2026-09-11/agent-md-medrgag-workspace-guide-md/EXPERIMENT_CHANGELOG_AND_REPRODUCIBILITY.md
docs/evaluation/v5.md,M0/M2/M4/M5 分类结果,/home/data3/txy/Documents/Codex/2026-09-11/agent-md-medrgag-workspace-guide-md/results_v5_m0_m2_m4_m5/category_scores.csv
docs/evaluation/v5.md,M3 分类结果,/home/data3/txy/Documents/Codex/2026-09-11/agent-md-medrgag-workspace-guide-md/results_v5_m3/category_scores.csv
docs/evaluation/v5.md,M3 结果,/home/data3/txy/docs/baselines/marag.md#record-0390
docs/evaluation/v5.md,三方法阶段结果,/home/data3/txy/Documents/Codex/2026-09-11/agent-md-medrgag-workspace-guide-md/results_v5_m0_m2_m4_m5/completed_m0_m2_m5/RESULTS.md
docs/evaluation/v5.md,配对比较,/home/data3/txy/Documents/Codex/2026-09-11/agent-md-medrgag-workspace-guide-md/results_v5_m0_m2_m4_m5/paired_method_comparisons.csv
docs/evaluation/v5.md,Documents/Codex/2026-09-11/agent-md-medrgag-workspace-guide-md/EXPERIMENT_CHANGELOG_AND_REPRODUCIBILITY.md,/home/data3/txy/Documents/Codex/2026-09-11/agent-md-medrgag-workspace-guide-md/EXPERIMENT_CHANGELOG_AND_REPRODUCIBILITY.md
docs/evaluation/v5.md,Documents/Codex/2026-09-11/agent-md-medrgag-workspace-guide-md/EXPERIMENT_CHANGELOG_AND_REPRODUCIBILITY.md,/home/data3/txy/Documents/Codex/2026-09-11/agent-md-medrgag-workspace-guide-md/EXPERIMENT_CHANGELOG_AND_REPRODUCIBILITY.md
docs/evaluation/v5.md,Documents/Codex/2026-09-11/agent-md-medrgag-workspace-guide-md/EXPERIMENT_CHANGELOG_AND_REPRODUCIBILITY.md,/home/data3/txy/Documents/Codex/2026-09-11/agent-md-medrgag-workspace-guide-md/EXPERIMENT_CHANGELOG_AND_REPRODUCIBILITY.md
docs/evaluation/v5.md,Documents/Codex/2026-09-11/agent-md-medrgag-workspace-guide-md/EXPERIMENT_CHANGELOG_AND_REPRODUCIBILITY.md,/home/data3/txy/Documents/Codex/2026-09-11/agent-md-medrgag-workspace-guide-md/EXPERIMENT_CHANGELOG_AND_REPRODUCIBILITY.md
docs/evaluation/v5.md,Documents/Codex/2026-09-11/agent-md-medrgag-workspace-guide-md/EXPERIMENT_CHANGELOG_AND_REPRODUCIBILITY.md,/home/data3/txy/Documents/Codex/2026-09-11/agent-md-medrgag-workspace-guide-md/EXPERIMENT_CHANGELOG_AND_REPRODUCIBILITY.md
docs/evaluation/v5.md,Documents/Codex/2026-09-11/agent-md-medrgag-workspace-guide-md/EXPERIMENT_CHANGELOG_AND_REPRODUCIBILITY.md,/home/data3/txy/Documents/Codex/2026-09-11/agent-md-medrgag-workspace-guide-md/EXPERIMENT_CHANGELOG_AND_REPRODUCIBILITY.md
docs/evaluation/v5.md,audit_output_validity.py,/home/data3/txy/Documents/Codex/2026-09-11/agent-md-medrgag-workspace-guide-md/results_v5_m0_m2_m4_m5/code/audit_output_validity.py
docs/evaluation/v5.md,m4_input_history_audit.json,/home/data3/txy/Documents/Codex/2026-09-11/agent-md-medrgag-workspace-guide-md/results_v5_m0_m2_m4_m5/m4_input_history_audit.json
docs/evaluation/v5.md,m4_format_pilot.py,/home/data3/txy/Documents/Codex/2026-09-11/agent-md-medrgag-workspace-guide-md/results_v5_m0_m2_m4_m5/code/m4_format_pilot.py
docs/evaluation/v5.md,m4_output_schema.py,/home/data3/txy/Documents/Codex/2026-09-11/agent-md-medrgag-workspace-guide-md/results_v5_m0_m2_m4_m5/code/m4_output_schema.py
docs/evaluation/v5.md,report_m4_format_pilot.py,/home/data3/txy/Documents/Codex/2026-09-11/agent-md-medrgag-workspace-guide-md/results_v5_m0_m2_m4_m5/code/report_m4_format_pilot.py
docs/evaluation/v5.md,check_m4_format_pilot.py,/home/data3/txy/Documents/Codex/2026-09-11/agent-md-medrgag-workspace-guide-md/results_v5_m0_m2_m4_m5/code/check_m4_format_pilot.py
docs/evaluation/v5.md,M4试跑guard,/home/data3/txy/Documents/Codex/2026-09-11/agent-md-medrgag-workspace-guide-md/results_v5_m0_m2_m4_m5/m4_format_pilot/guard.py
docs/evaluation/v5.md,M6 prepare.py,/home/data3/txy/Documents/Codex/2026-09-11/agent-md-medrgag-workspace-guide-md/m6_formatter_pilot/prepare.py
docs/evaluation/v5.md,M6 run.py,/home/data3/txy/Documents/Codex/2026-09-11/agent-md-medrgag-workspace-guide-md/m6_formatter_pilot/run.py
docs/evaluation/v5.md,normalize.py,/home/data3/txy/Documents/Codex/2026-09-11/agent-md-medrgag-workspace-guide-md/m6_formatter_pilot/normalize.py
docs/evaluation/v5.md,check_literal.py,/home/data3/txy/Documents/Codex/2026-09-11/agent-md-medrgag-workspace-guide-md/m6_formatter_pilot/check_literal.py
docs/evaluation/v5.md,check_holdout.py,/home/data3/txy/Documents/Codex/2026-09-11/agent-md-medrgag-workspace-guide-md/m6_formatter_pilot/check_holdout.py
docs/evaluation/v5.md,M6 report.py,/home/data3/txy/Documents/Codex/2026-09-11/agent-md-medrgag-workspace-guide-md/m6_formatter_pilot/report.py
docs/evaluation/v5.md,methods.integration.patch,/home/data3/txy/Documents/Codex/2026-09-11/agent-md-medrgag-workspace-guide-md/m6_formatter_pilot/methods.integration.patch
docs/evaluation/v5.md,原方法快照,/home/data3/txy/Documents/Codex/2026-09-11/agent-md-medrgag-workspace-guide-md/m6_formatter_pilot/methods_source_snapshot.py
docs/evaluation/v5.md,M6 guard.py,/home/data3/txy/Documents/Codex/2026-09-11/agent-md-medrgag-workspace-guide-md/m6_formatter_pilot/guard.py
docs/evaluation/v5.md,Documents/Codex/2026-09-11/agent-md-medrgag-workspace-guide-md/EXPERIMENT_CHANGELOG_AND_REPRODUCIBILITY.md,/home/data3/txy/Documents/Codex/2026-09-11/agent-md-medrgag-workspace-guide-md/EXPERIMENT_CHANGELOG_AND_REPRODUCIBILITY.md
docs/evaluation/v5.md,Documents/Codex/2026-09-11/agent-md-medrgag-workspace-guide-md/EXPERIMENT_CHANGELOG_AND_REPRODUCIBILITY.md,/home/data3/txy/Documents/Codex/2026-09-11/agent-md-medrgag-workspace-guide-md/EXPERIMENT_CHANGELOG_AND_REPRODUCIBILITY.md
docs/evaluation/v5.md,Documents/Codex/2026-09-11/agent-md-medrgag-workspace-guide-md/EXPERIMENT_CHANGELOG_AND_REPRODUCIBILITY.md,/home/data3/txy/Documents/Codex/2026-09-11/agent-md-medrgag-workspace-guide-md/EXPERIMENT_CHANGELOG_AND_REPRODUCIBILITY.md
docs/evaluation/v5.md,Documents/Codex/2026-09-11/agent-md-medrgag-workspace-guide-md/EXPERIMENT_CHANGELOG_AND_REPRODUCIBILITY.md,/home/data3/txy/Documents/Codex/2026-09-11/agent-md-medrgag-workspace-guide-md/EXPERIMENT_CHANGELOG_AND_REPRODUCIBILITY.md
docs/evaluation/v5.md,Documents/Codex/2026-09-11/agent-md-medrgag-workspace-guide-md/EXPERIMENT_CHANGELOG_AND_REPRODUCIBILITY.md,/home/data3/txy/Documents/Codex/2026-09-11/agent-md-medrgag-workspace-guide-md/EXPERIMENT_CHANGELOG_AND_REPRODUCIBILITY.md
docs/evaluation/v5.md,R1_R5_V3_BASELINES_WORK_RECORD.md,/home/data3/txy/R1_R5_V3_BASELINES_WORK_RECORD.md
docs/evaluation/v5.md,Documents/Codex/2026-09-11/agent-md-medrgag-workspace-guide-md/results_v5_m0_m2_m4_m5/README.md,/home/data3/txy/Documents/Codex/2026-09-11/agent-md-medrgag-workspace-guide-md/results_v5_m0_m2_m4_m5/README.md
docs/evaluation/v5.md,completed_m0_m2_m5/RESULTS.md,/home/data3/txy/Documents/Codex/2026-09-11/agent-md-medrgag-workspace-guide-md/results_v5_m0_m2_m4_m5/completed_m0_m2_m5/RESULTS.md
docs/evaluation/v5.md,Documents/Codex/2026-09-11/agent-md-medrgag-workspace-guide-md/results_v5_m0_m2_m4_m5/RESULTS.md,/home/data3/txy/Documents/Codex/2026-09-11/agent-md-medrgag-workspace-guide-md/results_v5_m0_m2_m4_m5/RESULTS.md
docs/evaluation/v5.md,分类结果及来源等权/全部任务通过率,/home/data3/txy/Documents/Codex/2026-09-11/agent-md-medrgag-workspace-guide-md/results_v5_m0_m2_m4_m5/category_scores.csv
docs/evaluation/v5.md,来源结果,/home/data3/txy/Documents/Codex/2026-09-11/agent-md-medrgag-workspace-guide-md/results_v5_m0_m2_m4_m5/source_scores.csv
docs/evaluation/v5.md,原生任务明细,/home/data3/txy/Documents/Codex/2026-09-11/agent-md-medrgag-workspace-guide-md/results_v5_m0_m2_m4_m5/source_task_scores.csv
docs/evaluation/v5.md,配对方法差异与来源原题聚类bootstrap区间,/home/data3/txy/Documents/Codex/2026-09-11/agent-md-medrgag-workspace-guide-md/results_v5_m0_m2_m4_m5/paired_method_comparisons.csv
docs/evaluation/v5.md,R5答案一致性与两端同时正确,/home/data3/txy/Documents/Codex/2026-09-11/agent-md-medrgag-workspace-guide-md/results_v5_m0_m2_m4_m5/r5_pair_summary.csv
docs/evaluation/v5.md,完整覆盖验证,/home/data3/txy/Documents/Codex/2026-09-11/agent-md-medrgag-workspace-guide-md/results_v5_m0_m2_m4_m5/validation.json
docs/evaluation/v5.md,阶段/令牌审计,/home/data3/txy/Documents/Codex/2026-09-11/agent-md-medrgag-workspace-guide-md/results_v5_m0_m2_m4_m5/artifact_audit.json
docs/evaluation/v5.md,四方法图,/home/data3/txy/Documents/Codex/2026-09-11/agent-md-medrgag-workspace-guide-md/results_v5_m0_m2_m4_m5/v5_four_methods.png
docs/evaluation/v5.md,PDF,/home/data3/txy/Documents/Codex/2026-09-11/agent-md-medrgag-workspace-guide-md/results_v5_m0_m2_m4_m5/v5_four_methods.pdf
docs/evaluation/v5.md,Documents/Codex/2026-09-11/agent-md-medrgag-workspace-guide-md/results_v5_m0_m2_m4_m5/supervision.md,/home/data3/txy/Documents/Codex/2026-09-11/agent-md-medrgag-workspace-guide-md/results_v5_m0_m2_m4_m5/supervision.md
docs/evaluation/v5.md,Documents/Codex/2026-09-13/agent-md-medrgag-workspace-guide-md/results_v5_m6_m7/README.md,/home/data3/txy/Documents/Codex/2026-09-13/agent-md-medrgag-workspace-guide-md/results_v5_m6_m7/README.md
docs/evaluation/v5.md,完整第二版入口,/home/data3/txy/Documents/Codex/2026-09-13/agent-md-medrgag-workspace-guide-md/results_v5_m6_m7/m7_repaired_fresh
docs/evaluation/v5.md,七方法全量结果与图,/home/data3/txy/docs/baselines/medgenie.md#record-0399
docs/evaluation/v5.md,试跑结果,/home/data3/txy/docs/baselines/medgenie.md#record-0397
docs/evaluation/v5.md,前次实现与运行记录,/home/data3/txy/docs/workspace.md#record-0174
docs/evaluation/v5.md,Documents/Codex/2026-09-13/agent-md-medrgag-workspace-guide-md/results_v5_m6_m7/RESULTS.md,/home/data3/txy/Documents/Codex/2026-09-13/agent-md-medrgag-workspace-guide-md/results_v5_m6_m7/RESULTS.md
docs/evaluation/v5.md,Documents/Codex/2026-09-13/agent-md-medrgag-workspace-guide-md/results_v5_m6_m7/VALIDITY_COMPARISON.md,/home/data3/txy/Documents/Codex/2026-09-13/agent-md-medrgag-workspace-guide-md/results_v5_m6_m7/VALIDITY_COMPARISON.md
docs/evaluation/v5.md,Documents/Codex/2026-09-13/agent-md-medrgag-workspace-guide-md/results_v5_m6_m7/formal/README.md,/home/data3/txy/Documents/Codex/2026-09-13/agent-md-medrgag-workspace-guide-md/results_v5_m6_m7/formal/README.md
docs/evaluation/v5.md,Documents/Codex/2026-09-13/agent-md-medrgag-workspace-guide-md/results_v5_m6_m7/formal_fast/README.md,/home/data3/txy/Documents/Codex/2026-09-13/agent-md-medrgag-workspace-guide-md/results_v5_m6_m7/formal_fast/README.md
docs/evaluation/v5.md,Documents/Codex/2026-09-13/agent-md-medrgag-workspace-guide-md/results_v5_m6_m7/formal_balanced/README.md,/home/data3/txy/Documents/Codex/2026-09-13/agent-md-medrgag-workspace-guide-md/results_v5_m6_m7/formal_balanced/README.md
docs/evaluation/v5.md,Documents/Codex/2026-09-13/agent-md-medrgag-workspace-guide-md/v5_benchmark_latest/README.md,/home/data3/txy/Documents/Codex/2026-09-13/agent-md-medrgag-workspace-guide-md/v5_benchmark_latest/README.md
docs/evaluation/v5.md,六方法对照、最终结果与柱状图,/home/data3/txy/docs/baselines/tcrag.md#record-0403
docs/evaluation/v5.md,七方法全量结果与图,/home/data3/txy/docs/baselines/medgenie.md#record-0399
docs/evaluation/v5.md,M3结果,/home/data3/txy/docs/baselines/marag.md#record-0390
docs/evaluation/v5.md,新M4结果,/home/data3/txy/docs/baselines/medrag.md#record-0395
docs/evaluation/v5.md,五方法分组柱状图,/home/data3/txy/Documents/Codex/2026-09-13/agent-md-medrgag-workspace-guide-md/v5_benchmark_latest/v5_grouped_methods.png
docs/evaluation/v5.md,柱状图PNG,/home/data3/txy/Documents/Codex/2026-09-13/agent-md-medrgag-workspace-guide-md/v5_benchmark_latest/v5_grouped_methods.png
docs/evaluation/v5.md,PDF,/home/data3/txy/Documents/Codex/2026-09-13/agent-md-medrgag-workspace-guide-md/v5_benchmark_latest/v5_grouped_methods.pdf
docs/evaluation/v5.md,SVG,/home/data3/txy/Documents/Codex/2026-09-13/agent-md-medrgag-workspace-guide-md/v5_benchmark_latest/v5_grouped_methods.svg
docs/evaluation/v5.md,最新五方法分类表现,/home/data3/txy/Documents/Codex/2026-09-13/agent-md-medrgag-workspace-guide-md/v5_benchmark_latest/v5_category_comparison.png
docs/evaluation/v5.md,图PDF,/home/data3/txy/Documents/Codex/2026-09-13/agent-md-medrgag-workspace-guide-md/v5_benchmark_latest/v5_category_comparison.pdf
docs/evaluation/v5.md,图SVG,/home/data3/txy/Documents/Codex/2026-09-13/agent-md-medrgag-workspace-guide-md/v5_benchmark_latest/v5_category_comparison.svg
docs/evaluation/v5.md,完整精度CSV,/home/data3/txy/Documents/Codex/2026-09-13/agent-md-medrgag-workspace-guide-md/v5_benchmark_latest/category_scores_merged.csv
docs/evaluation/v5.md,完整精度有效率CSV,/home/data3/txy/Documents/Codex/2026-09-13/agent-md-medrgag-workspace-guide-md/v5_benchmark_latest/validity.csv
docs/evaluation/v5.md,新M4结果,/home/data3/txy/docs/baselines/medrag.md#record-0395
docs/evaluation/v5.md,最新错误分解,/home/data3/txy/Documents/Codex/2026-09-13/agent-md-medrgag-workspace-guide-md/v5_benchmark_latest/v5_category_error_decomposition.png
docs/evaluation/v5.md,逐方法错误分解,/home/data3/txy/Documents/Codex/2026-09-13/agent-md-medrgag-workspace-guide-md/v5_benchmark_latest/loss_by_method.csv
docs/evaluation/v5.md,分类错误分解,/home/data3/txy/Documents/Codex/2026-09-13/agent-md-medrgag-workspace-guide-md/v5_benchmark_latest/loss_decomposition.csv
docs/evaluation/v5.md,来源构成,/home/data3/txy/Documents/Codex/2026-09-13/agent-md-medrgag-workspace-guide-md/v5_benchmark_latest/category_source_counts.csv
docs/evaluation/v5.md,验证收据,/home/data3/txy/Documents/Codex/2026-09-13/agent-md-medrgag-workspace-guide-md/v5_benchmark_latest/validation.json
docs/evaluation/v5.md,汇总脚本,/home/data3/txy/Documents/Codex/2026-09-13/agent-md-medrgag-workspace-guide-md/v5_benchmark_latest/build_report.py
docs/evaluation/v5.md,运行说明,/home/data3/txy/docs/baselines/medrag.md#record-0394
evidence/r1_head_experiments.md,r1_head_investigation,/home/data3/txy/Documents/Codex/2026-09-16/r1_head_investigation/README.md
evidence/bronchitis_review.md,冻结00-test.jsonl,/home/data3/txy/Documents/Codex/2026-08-23/https-github-com-xiotakut-cf-mrg/cf_medrgag_validation_pack/private_data/gate-a-public-20260823-seed13-v3/raw/medeinst/354f4b527e764a8f2bebea8f71be55e0a6966402/00-test.jsonl
evidence/bronchitis_review.md,分类指南,/home/data3/txy/docs/data/classification.md:142
evidence/r3_paper_assessment.md,数据构建,/home/data3/txy/docs/data/construction.md#r3-cupcase-frozen-qualification
evidence/r3_paper_assessment.md,重算代码,/home/data3/txy/Documents/Codex/2026-09-16/r2_r3_paper_audit/recompute_cupcase.py
evidence/r3_paper_assessment.md,重算汇总,/home/data3/txy/Documents/Codex/2026-09-16/r2_r3_paper_audit/cupcase_recomputed.json
evidence/r3_paper_assessment.md,288 条逐题输出,/home/data3/txy/Documents/Codex/2026-09-16/r2_r3_paper_audit/cupcase_recomputed_rows.jsonl
evidence/r3_paper_assessment.md,18 个记录与来源单位,/home/data3/txy/Documents/Codex/2026-09-16/r2_r3_paper_audit/cupcase_record_units.json
docs/research/support_update_experiment_report.md,医学反事实研究报告,/home/data3/txy/.codex/attachments/a3ab4721-70b7-4b9e-9f4b-937588b4d3f4/R1_R5_COUNTERFACTUAL_MED_REVIEW_2026-09-13.md
docs/research/support_update_experiment_report.md,30 项文献清单,/home/data3/txy/.codex/attachments/a3ab4721-70b7-4b9e-9f4b-937588b4d3f4/COUNTERFACTUAL_MED_LITERATURE_2026-09-13.json
docs/research/support_update_experiment_report.md,24 例原始审阅,/home/data3/txy/Documents/Codex/2026-09-14/new-chat/audit_cases.jsonl
docs/research/support_update_experiment_report.md,原研究报告,/home/data3/txy/.codex/attachments/a3ab4721-70b7-4b9e-9f4b-937588b4d3f4/R1_R5_COUNTERFACTUAL_MED_REVIEW_2026-09-13.md
docs/research/support_update_experiment_report.md,30项文献清单,/home/data3/txy/.codex/attachments/a3ab4721-70b7-4b9e-9f4b-937588b4d3f4/COUNTERFACTUAL_MED_LITERATURE_2026-09-13.json
docs/research/support_update_experiment_report.md,offline_summary.json,/home/data3/txy/Documents/Codex/2026-09-14/new-chat/offline_summary.json
docs/research/support_update_experiment_report.md,audit_existing_results.py,/home/data3/txy/Documents/Codex/2026-09-14/new-chat/audit_existing_results.py
docs/research/support_update_experiment_report.md,原始病例与输出,/home/data3/txy/Documents/Codex/2026-09-14/new-chat/audit_cases.jsonl
docs/research/support_update_experiment_report.md,s001169检索prompt,/home/data3/txy/Documents/Codex/2026-09-14/new-chat/prompt_s001169.json
docs/research/support_update_experiment_report.md,s001219检索prompt,/home/data3/txy/Documents/Codex/2026-09-14/new-chat/prompt_s001219.json
docs/research/support_update_experiment_report.md,冻结计划,/home/data3/txy/Documents/Codex/2026-09-14/new-chat/r2_support_pilot/plan.json
docs/research/support_update_experiment_report.md,三种提示,/home/data3/txy/Documents/Codex/2026-09-14/new-chat/r2_support_pilot/reviews.json
docs/research/support_update_experiment_report.md,配置,/home/data3/txy/Documents/Codex/2026-09-14/new-chat/r2_support_pilot/config.json
docs/research/support_update_experiment_report.md,完整结果,/home/data3/txy/Documents/Codex/2026-09-14/new-chat/r2_support_pilot/RESULTS.md
docs/research/support_update_experiment_report.md,逐条评分,/home/data3/txy/Documents/Codex/2026-09-14/new-chat/r2_support_pilot/scored.jsonl
docs/research/support_update_experiment_report.md,launch.sh,/home/data3/txy/Documents/Codex/2026-09-14/new-chat/r2_support_pilot/launch.sh
docs/research/support_update_experiment_report.md,七方法诊断,/home/data3/txy/Documents/Codex/2026-09-14/new-chat/r2_method_analysis/summary.json
docs/research/support_update_experiment_report.md,完整逐题对照,/home/data3/txy/Documents/Codex/2026-09-14/new-chat/r2_method_analysis/cases.jsonl
docs/research/support_update_experiment_report.md,计划,/home/data3/txy/Documents/Codex/2026-09-14/new-chat/r2_backbone_retrieval/plan.json
docs/research/support_update_experiment_report.md,配置,/home/data3/txy/Documents/Codex/2026-09-14/new-chat/r2_backbone_retrieval/config.json
docs/research/support_update_experiment_report.md,启动命令,/home/data3/txy/Documents/Codex/2026-09-14/new-chat/r2_backbone_retrieval/launch.sh
docs/research/support_update_experiment_report.md,全分层结果,/home/data3/txy/Documents/Codex/2026-09-14/new-chat/r2_backbone_retrieval/RESULTS.md
docs/research/support_update_experiment_report.md,输出失败分析,/home/data3/txy/Documents/Codex/2026-09-14/new-chat/r2_backbone_retrieval/output_failure_analysis.json
docs/research/support_update_experiment_report.md,接口,/home/data3/txy/Documents/Codex/2026-09-14/new-chat/r2_support_interface.py
docs/research/support_update_experiment_report.md,运行README,/home/data3/txy/Documents/Codex/2026-09-14/new-chat/r2_interface_pilot/README.md
docs/research/support_update_experiment_report.md,失败包,/home/data3/txy/Documents/Codex/2026-09-14/new-chat/r2_interface_pilot/failed_schema_attempt
docs/research/support_update_experiment_report.md,schema检查,/home/data3/txy/Documents/Codex/2026-09-14/new-chat/r2_interface_pilot/schema_check.json
docs/research/support_update_experiment_report.md,结果,/home/data3/txy/Documents/Codex/2026-09-14/new-chat/r2_interface_pilot/RESULTS.md
docs/research/support_update_experiment_report.md,机制分歧,/home/data3/txy/Documents/Codex/2026-09-14/new-chat/r2_interface_pilot/mechanism_cases.jsonl
docs/research/support_update_experiment_report.md,v2接口,/home/data3/txy/Documents/Codex/2026-09-14/new-chat/r2_retraction_interface.py
docs/research/support_update_experiment_report.md,实际配置与调用说明,/home/data3/txy/Documents/Codex/2026-09-14/new-chat/r2_retraction_pilot/README.md
docs/research/support_update_experiment_report.md,结果,/home/data3/txy/Documents/Codex/2026-09-14/new-chat/r2_retraction_pilot/RESULTS.md
docs/research/support_update_experiment_report.md,逐条件统计和例子,/home/data3/txy/Documents/Codex/2026-09-14/new-chat/r2_retraction_pilot/audit_analysis.json
docs/research/support_update_experiment_report.md,原子接口与配置说明,/home/data3/txy/Documents/Codex/2026-09-14/new-chat/r2_atomic_pilot/README.md
docs/research/support_update_experiment_report.md,原始结果表,/home/data3/txy/Documents/Codex/2026-09-14/new-chat/r2_atomic_pilot/RESULTS.md
docs/research/support_update_experiment_report.md,失败准备记录,/home/data3/txy/Documents/Codex/2026-09-14/new-chat/r2_context_pilot/failed_prepare.json
docs/research/support_update_experiment_report.md,CAD结果与诊断,/home/data3/txy/Documents/Codex/2026-09-14/new-chat/r2_context_pilot/README.md
docs/research/support_update_experiment_report.md,映射运行与评分,/home/data3/txy/Documents/Codex/2026-09-14/new-chat/r2_action_mapping/README.md
docs/research/support_update_experiment_report.md,自然词复测,/home/data3/txy/Documents/Codex/2026-09-14/new-chat/r2_verbalizer_pilot/README.md
docs/research/support_update_experiment_report.md,来源及处理记录,/home/data3/txy/Documents/Codex/2026-09-14/new-chat/guideline_sources/README.md
docs/research/support_update_experiment_report.md,运行与结果,/home/data3/txy/Documents/Codex/2026-09-14/new-chat/r2_guideline_pilot/README.md
docs/research/support_update_experiment_report.md,原M5试验包,/home/data3/txy/Documents/Codex/2026-09-14/new-chat/r2_m5_head_pilot/README.md
docs/research/support_update_experiment_report.md,四臂完整表,/home/data3/txy/Documents/Codex/2026-09-14/new-chat/r2_m5_head_pilot/RESULTS.md
docs/research/support_update_experiment_report.md,虚构探针定义与结果,/home/data3/txy/Documents/Codex/2026-09-14/new-chat/r2_rule_counterexamples/README.md
docs/research/support_update_experiment_report.md,thinking试验,/home/data3/txy/Documents/Codex/2026-09-14/new-chat/r2_thinking_pilot/README.md
docs/research/support_update_experiment_report.md,合成顺序控制,/home/data3/txy/Documents/Codex/2026-09-14/new-chat/r2_order_synthetic/README.md
docs/research/support_update_experiment_report.md,原生顺序控制,/home/data3/txy/Documents/Codex/2026-09-14/new-chat/r2_order_native/README.md
docs/research/support_update_experiment_report.md,完整表对照,/home/data3/txy/Documents/Codex/2026-09-14/new-chat/r2_coverage_pilot/README.md
docs/research/support_update_experiment_report.md,聚焦实验,/home/data3/txy/Documents/Codex/2026-09-14/new-chat/r2_focused_pilot/README.md
docs/research/support_update_experiment_report.md,新答配对控制,/home/data3/txy/Documents/Codex/2026-09-14/new-chat/r2_fresh_control/README.md
docs/research/support_update_experiment_report.md,系列成本,/home/data3/txy/Documents/Codex/2026-09-14/new-chat/r2_method_analysis/m5_research_series_costs.json
docs/research/support_update_experiment_report.md,规则实现,/home/data3/txy/Documents/Codex/2026-09-14/new-chat/r2_guideline_rules.py
docs/research/support_update_experiment_report.md,类别取得记录,/home/data3/txy/Documents/Codex/2026-09-14/new-chat/guideline_sources/class_labels/acquisition.json
docs/research/support_update_experiment_report.md,程序入口与组装,/home/data3/txy/Documents/Codex/2026-09-14/new-chat/r2_program_head.py
docs/research/support_update_experiment_report.md,首轮README与命令,/home/data3/txy/Documents/Codex/2026-09-14/new-chat/r2_program_pilot/README.md
docs/research/support_update_experiment_report.md,首轮结果,/home/data3/txy/Documents/Codex/2026-09-14/new-chat/r2_program_pilot/RESULTS.md
docs/research/support_update_experiment_report.md,句ID接口,/home/data3/txy/Documents/Codex/2026-09-14/new-chat/r2_indexed_head.py
docs/research/support_update_experiment_report.md,句ID运行,/home/data3/txy/Documents/Codex/2026-09-14/new-chat/r2_indexed_pilot/README.md
docs/research/support_update_experiment_report.md,结果与原轨迹,/home/data3/txy/Documents/Codex/2026-09-14/new-chat/r2_indexed_pilot/RESULTS.md
docs/research/support_update_experiment_report.md,医学探针冻结与结果,/home/data3/txy/Documents/Codex/2026-09-14/new-chat/r2_medical_rule_probes/README.md
docs/research/support_update_experiment_report.md,证明,/home/data3/txy/Documents/Codex/2026-09-14/new-chat/r2_medical_rule_probes/proofs.jsonl
docs/research/support_update_experiment_report.md,错误初版留存,/home/data3/txy/Documents/Codex/2026-09-14/new-chat/r2_program_composition_before_tuple_fix/README.md
docs/research/support_update_experiment_report.md,覆盖路由,/home/data3/txy/Documents/Codex/2026-09-14/new-chat/r2_coverage_routing/README.md
docs/research/support_update_experiment_report.md,M4迁移,/home/data3/txy/Documents/Codex/2026-09-14/new-chat/r2_m4_program_pilot/RESULTS.md
docs/research/support_update_experiment_report.md,矩阵,/home/data3/txy/Documents/Codex/2026-09-14/new-chat/r2_program_transfer_analysis/README.md
docs/research/support_update_experiment_report.md,两次校验失败,/home/data3/txy/Documents/Codex/2026-09-14/new-chat/r2_program_transfer_failed_parity/FAILURE.txt
docs/research/support_update_experiment_report.md,成本索引,/home/data3/txy/Documents/Codex/2026-09-14/new-chat/r2_method_analysis/executable_head_series_costs.json
docs/research/support_update_experiment_report.md,标签冻结脚本,/home/data3/txy/Documents/Codex/2026-09-14/new-chat/guideline_sources/freeze_antipsychotic_labels.py
docs/research/support_update_experiment_report.md,Aripiprazole补充,/home/data3/txy/Documents/Codex/2026-09-14/new-chat/guideline_sources/antipsychotic_labels/aripiprazole_supplement.json
docs/research/support_update_experiment_report.md,Qwen请求和运行,/home/data3/txy/Documents/Codex/2026-09-14/new-chat/r2_samefacts_qwen/README.md
docs/research/support_update_experiment_report.md,Llama运行,/home/data3/txy/Documents/Codex/2026-09-14/new-chat/r2_samefacts_llama/README.md
docs/research/support_update_experiment_report.md,强执行Qwen,/home/data3/txy/Documents/Codex/2026-09-14/new-chat/r2_samefacts_reasoning_qwen/README.md
docs/research/support_update_experiment_report.md,Llama,/home/data3/txy/Documents/Codex/2026-09-14/new-chat/r2_samefacts_reasoning_llama/README.md
docs/research/support_update_experiment_report.md,串联现行汇总,/home/data3/txy/Documents/Codex/2026-09-14/new-chat/r2_program_composition/summary.json
docs/research/support_update_experiment_report.md,短控制修复记录,/home/data3/txy/Documents/Codex/2026-09-14/new-chat/r2_samefacts_qwen/scoring_fix.json
docs/research/support_update_experiment_report.md,强对照汇总,/home/data3/txy/Documents/Codex/2026-09-14/new-chat/r2_samefacts_reasoning_qwen/summary.json
docs/research/support_update_experiment_report.md,Llama汇总,/home/data3/txy/Documents/Codex/2026-09-14/new-chat/r2_samefacts_reasoning_llama/summary.json
docs/research/support_update_experiment_report.md,问句动作,/home/data3/txy/Documents/Codex/2026-09-14/new-chat/r2_action_scope.py
docs/research/support_update_experiment_report.md,动作限定head,/home/data3/txy/Documents/Codex/2026-09-14/new-chat/r2_task_scoped_head.py
docs/research/support_update_experiment_report.md,新规则探针,/home/data3/txy/Documents/Codex/2026-09-14/new-chat/r2_rule_holdout/README.md
docs/research/support_update_experiment_report.md,Qwen执行,/home/data3/txy/Documents/Codex/2026-09-14/new-chat/r2_task_scoped_qwen/README.md
docs/research/support_update_experiment_report.md,Llama执行,/home/data3/txy/Documents/Codex/2026-09-14/new-chat/r2_task_scoped_llama/README.md
docs/research/support_update_experiment_report.md,本轮成本,/home/data3/txy/Documents/Codex/2026-09-14/new-chat/r2_method_analysis/task_scoped_series_costs.json
docs/research/support_update_experiment_report.md,七方法回放代码,/home/data3/txy/Documents/Codex/2026-09-14/new-chat/r2_program_all_methods.py
docs/research/support_update_experiment_report.md,第一次完整结果,/home/data3/txy/Documents/Codex/2026-09-14/new-chat/r2_program_all_methods/README.md
docs/research/support_update_experiment_report.md,Qwen两臂,/home/data3/txy/Documents/Codex/2026-09-14/new-chat/r2_evidence_first_qwen/README.md
docs/research/support_update_experiment_report.md,Llama两臂,/home/data3/txy/Documents/Codex/2026-09-14/new-chat/r2_evidence_first_llama/README.md
docs/research/support_update_experiment_report.md,范围实现/分析,/home/data3/txy/Documents/Codex/2026-09-14/new-chat/r2_question_scope_analysis.py
docs/research/support_update_experiment_report.md,同事实范围结果,/home/data3/txy/Documents/Codex/2026-09-14/new-chat/r2_question_scope_analysis/README.md
docs/research/support_update_experiment_report.md,48题冻结,/home/data3/txy/Documents/Codex/2026-09-14/new-chat/r2_scope_holdout/README.md
docs/research/support_update_experiment_report.md,证明文件,/home/data3/txy/Documents/Codex/2026-09-14/new-chat/r2_scope_holdout/proofs.jsonl
docs/research/support_update_experiment_report.md,提取版本敏感性,/home/data3/txy/Documents/Codex/2026-09-14/new-chat/r2_question_scope_analysis/evidence_variant_all_method_sensitivity.json
docs/research/support_update_experiment_report.md,Qwen原/恢复计划,/home/data3/txy/Documents/Codex/2026-09-14/new-chat/r2_scope_holdout_qwen/README.md
docs/research/support_update_experiment_report.md,Llama恢复计划,/home/data3/txy/Documents/Codex/2026-09-14/new-chat/r2_scope_holdout_llama/README.md
docs/research/support_update_experiment_report.md,796成本收据,/home/data3/txy/Documents/Codex/2026-09-14/new-chat/r2_method_analysis/evidence_scope_series_costs.json
docs/research/support_update_experiment_report.md,正向映射,/home/data3/txy/Documents/Codex/2026-09-14/new-chat/r2_positive_facts.py
docs/research/support_update_experiment_report.md,Llama计划/运行,/home/data3/txy/Documents/Codex/2026-09-14/new-chat/r2_positive_facts_llama/README.md
docs/research/support_update_experiment_report.md,Qwen计划/运行,/home/data3/txy/Documents/Codex/2026-09-14/new-chat/r2_positive_facts_qwen/README.md
docs/research/support_update_experiment_report.md,398请求复用核验,/home/data3/txy/Documents/Codex/2026-09-14/new-chat/r2_method_analysis/positive_facts_reuse_validation.json
docs/research/support_update_experiment_report.md,政策实现,/home/data3/txy/Documents/Codex/2026-09-14/new-chat/r2_decision_policy.py
docs/research/support_update_experiment_report.md,政策对照,/home/data3/txy/Documents/Codex/2026-09-14/new-chat/r2_decision_policy/README.md
docs/research/support_update_experiment_report.md,最终独立接口,/home/data3/txy/Documents/Codex/2026-09-14/new-chat/r2_condition_head.py
docs/research/support_update_experiment_report.md,回放验证脚本,/home/data3/txy/Documents/Codex/2026-09-14/new-chat/r2_condition_head_validation.py
docs/research/support_update_experiment_report.md,接口收据,/home/data3/txy/Documents/Codex/2026-09-14/new-chat/r2_question_scope_analysis/interface_validation.json
docs/research/support_update_experiment_report.md,9月15日来源复核,/home/data3/txy/Documents/Codex/2026-09-14/new-chat/r2_question_scope_analysis/guide_verification_20260915.json
docs/research/support_update_experiment_report.md,最终交叉,/home/data3/txy/Documents/Codex/2026-09-14/new-chat/r2_question_scope_analysis/backbone_answer_cross.json
docs/research/support_update_experiment_report.md,新facts回归,/home/data3/txy/Documents/Codex/2026-09-16/r1_head_refinement/facts/RESULTS.md
docs/research/support_update_experiment_report.md,组合结果,/home/data3/txy/Documents/Codex/2026-09-16/r1_head_refinement/composition/RESULTS.md
docs/research/support_update_experiment_report.md,sources.md,/home/data3/txy/docs/data/sources.md#r3-source-followup
docs/research/support_update_experiment_report.md,construction.md,/home/data3/txy/docs/data/construction.md#r3-ascent-qualification
docs/research/support_update_experiment_report.md,历史备份,/home/data3/txy/Documents/Codex/2026-09-14/new-chat/r3_documentation_split/optimization_before_split.md
docs/research/support_update_experiment_report.md,审计包,/home/data3/txy/Documents/Codex/2026-09-14/new-chat/r3_audit/README.md
docs/research/support_update_experiment_report.md,M4 包,/home/data3/txy/Documents/Codex/2026-09-14/new-chat/r3_comparison_m4/README.md
docs/research/support_update_experiment_report.md,M5 包,/home/data3/txy/Documents/Codex/2026-09-14/new-chat/r3_comparison_m5/README.md
docs/research/support_update_experiment_report.md,检索探针,/home/data3/txy/Documents/Codex/2026-09-14/new-chat/r3_retrieval_probe/README.md
docs/research/support_update_experiment_report.md,运行包,/home/data3/txy/Documents/Codex/2026-09-14/new-chat/r3_focused_m4/README.md
docs/research/support_update_experiment_report.md,训练资格,/home/data3/txy/docs/data/construction.md#r3-memory-qualification
docs/research/support_update_experiment_report.md,记忆证据包,/home/data3/txy/Documents/Codex/2026-09-14/new-chat/r3_train_memory/README.md
docs/research/support_update_experiment_report.md,确认预测包,/home/data3/txy/Documents/Codex/2026-09-14/new-chat/r3_case_memory_confirmation/README.md
docs/research/support_update_experiment_report.md,初版失败包,/home/data3/txy/Documents/Codex/2026-09-14/new-chat/r3_counterfactual_audit_m5_scout/README.md
docs/research/support_update_experiment_report.md,M4 恢复包,/home/data3/txy/Documents/Codex/2026-09-14/new-chat/r3_counterfactual_audit_m4_grounded_scout/README.md
docs/research/support_update_experiment_report.md,元数据取得,/home/data3/txy/docs/data/sources.md#r3-source-followup
docs/research/support_update_experiment_report.md,独立v1包,/home/data3/txy/Documents/Codex/2026-09-14/new-chat/r3_patient_selection_v1/README.md
docs/research/support_update_experiment_report.md,历史分离包,/home/data3/txy/Documents/Codex/2026-09-14/new-chat/r3_context_selection_qwen/README.md
docs/research/support_update_experiment_report.md,128题汇总,/home/data3/txy/Documents/Codex/2026-09-14/new-chat/r3_catalog_calibration_summary/README.md
docs/research/support_update_experiment_report.md,冻结诊断候选,/home/data3/txy/Documents/Codex/2026-09-14/new-chat/r3_calibrated_vote_candidate/README.md
docs/research/support_update_experiment_report.md,配对控制,/home/data3/txy/Documents/Codex/2026-09-14/new-chat/r3_paired_case_probe/README.md
docs/research/support_update_experiment_report.md,两两比较,/home/data3/txy/Documents/Codex/2026-09-14/new-chat/r3_pairwise_comparison/README.md
docs/research/support_update_experiment_report.md,选块失败与恢复,/home/data3/txy/Documents/Codex/2026-09-14/new-chat/r3_evidence_selection/README.md
docs/research/support_update_experiment_report.md,逐候选核验,/home/data3/txy/Documents/Codex/2026-09-14/new-chat/r3_pointwise_verification/README.md
docs/research/support_update_experiment_report.md,医学资料分配,/home/data3/txy/Documents/Codex/2026-09-14/new-chat/r3_candidate_retrieval/README.md
docs/research/support_update_experiment_report.md,知识效用,/home/data3/txy/Documents/Codex/2026-09-14/new-chat/r3_knowledge_utility/README.md
docs/research/support_update_experiment_report.md,延迟选项,/home/data3/txy/Documents/Codex/2026-09-14/new-chat/r3_delayed_options/README.md
docs/research/support_update_experiment_report.md,分项汇总,/home/data3/txy/Documents/Codex/2026-09-14/new-chat/r3_option_aggregation/README.md
docs/research/support_update_experiment_report.md,运行包,/home/data3/txy/Documents/Codex/2026-09-14/new-chat/r3_rule_transfer/README.md
docs/research/support_update_experiment_report.md,反向似然,/home/data3/txy/Documents/Codex/2026-09-14/new-chat/r3_channel_likelihood/README.md
docs/research/support_update_experiment_report.md,一般条件,/home/data3/txy/Documents/Codex/2026-09-14/new-chat/r3_general_criteria/README.md
docs/research/support_update_experiment_report.md,完整680扩展,/home/data3/txy/Documents/Codex/2026-09-14/new-chat/r3_calibrated_expansion/README.md
docs/research/support_update_experiment_report.md,全方法包,/home/data3/txy/Documents/Codex/2026-09-14/new-chat/r3_calibrated_all_methods/README.md
docs/research/support_update_experiment_report.md,实际接口说明,/home/data3/txy/Documents/Codex/2026-09-14/new-chat/r3_calibrated_all_methods/candidate/README.md
docs/research/support_update_experiment_report.md,完整回放,/home/data3/txy/Documents/Codex/2026-09-14/new-chat/r3_calibrated_all_methods/complete_head_replay.json
docs/research/support_update_experiment_report.md,来源获取及失败,/home/data3/txy/docs/data/sources.md#r3-additional-sources
docs/research/support_update_experiment_report.md,资格主记录,/home/data3/txy/docs/data/construction.md#r3-ascent-qualification
docs/research/support_update_experiment_report.md,结构审阅文件,/home/data3/txy/Documents/Codex/2026-09-14/new-chat/r3_generalization_sources/cupcase/r3_qualification_structural_review.json
docs/research/support_update_experiment_report.md,开发适配,/home/data3/txy/Documents/Codex/2026-09-14/new-chat/r3_cupcase_adapter/README.md
docs/research/support_update_experiment_report.md,格式控制,/home/data3/txy/Documents/Codex/2026-09-14/new-chat/r3_cupcase_option_style/README.md
docs/research/support_update_experiment_report.md,统一序列控制,/home/data3/txy/Documents/Codex/2026-09-14/new-chat/r3_cupcase_uniform_sequence/summary.json
docs/research/support_update_experiment_report.md,资格,/home/data3/txy/docs/data/construction.md#r3-cupcase-frozen-qualification
docs/research/support_update_experiment_report.md,首批运行,/home/data3/txy/Documents/Codex/2026-09-14/new-chat/r3_cupcase_holdout/README.md
docs/research/support_update_experiment_report.md,第二批资格,/home/data3/txy/docs/data/construction.md#r3-cupcase-expansion-qualification
docs/research/support_update_experiment_report.md,运行及精确失败,/home/data3/txy/Documents/Codex/2026-09-14/new-chat/r3_cupcase_expansion/README.md
docs/research/support_update_experiment_report.md,关系主实验,/home/data3/txy/Documents/Codex/2026-09-14/new-chat/r3_evidence_relations/README.md
docs/research/support_update_experiment_report.md,局部输入,/home/data3/txy/Documents/Codex/2026-09-14/new-chat/r3_local_evidence_relations/README.md
docs/research/support_update_experiment_report.md,代码探针,/home/data3/txy/Documents/Codex/2026-09-14/new-chat/r3_relation_code_probe/README.md
docs/research/support_update_experiment_report.md,失败恢复包,/home/data3/txy/Documents/Codex/2026-09-14/new-chat/r3_named_evidence_relations/README.md
docs/research/support_update_experiment_report.md,统计试验,/home/data3/txy/Documents/Codex/2026-09-14/new-chat/r3_empirical_features/README.md
docs/research/support_update_experiment_report.md,结构零审计,/home/data3/txy/Documents/Codex/2026-09-14/new-chat/r3_empirical_features/structural_zero_audit.json
docs/research/support_update_experiment_report.md,运行及失败恢复,/home/data3/txy/Documents/Codex/2026-09-14/new-chat/r3_nli_facts/README.md
docs/research/support_update_experiment_report.md,第三批资格,/home/data3/txy/docs/data/construction.md#r3-cupcase-validation-qualification
docs/research/support_update_experiment_report.md,失败与限定恢复,/home/data3/txy/Documents/Codex/2026-09-14/new-chat/r3_cupcase_validation/README.md
docs/research/support_update_experiment_report.md,实现收据,/home/data3/txy/Documents/Codex/2026-09-16/r2_r3_paper_audit/r3_implementation_audit.md
docs/research/support_update_experiment_report.md,离线范围重建脚本,/home/data3/txy/Documents/Codex/2026-09-16/r1_head_investigation/analyze_existing.py
docs/research/support_update_experiment_report.md,来源成绩,/home/data3/txy/Documents/Codex/2026-09-16/r1_head_investigation/source_scores.csv
docs/research/support_update_experiment_report.md,旧 R3 贡献记账,/home/data3/txy/Documents/Codex/2026-09-16/r1_head_investigation/existing_r3_contribution.csv
docs/research/support_update_experiment_report.md,Delta、Adapter 与 MedPIC/CPV 阅读附件,/home/data3/txy/Documents/Codex/2026-09-16/r1_head_investigation/r2_delta_medpic_cpv_review.md
docs/research/support_update_experiment_report.md,历史决策索引,/home/data3/txy/Documents/Codex/2026-09-16/r1_head_investigation/history/findings.md
docs/research/support_update_experiment_report.md,调查包,/home/data3/txy/Documents/Codex/2026-09-16/r1_head_investigation/README.md
docs/research/support_update_experiment_report.md,AMQA 版本和代码复核,/home/data3/txy/Documents/Codex/2026-09-16/r1_head_investigation/history/amqa_and_attachment_review.md
docs/research/support_update_experiment_report.md,诊断审阅与准备,/home/data3/txy/Documents/Codex/2026-09-16/r1_head_experiments/diagnosis/README.md
docs/research/support_update_experiment_report.md,用药完整错误形态,/home/data3/txy/Documents/Codex/2026-09-16/r1_head_experiments/rules/README.md
docs/research/support_update_experiment_report.md,单选抽样与错因,/home/data3/txy/Documents/Codex/2026-09-16/r1_head_experiments/mcq/README.md
docs/research/support_update_experiment_report.md,关系错因与三臂,/home/data3/txy/Documents/Codex/2026-09-16/r1_head_experiments/relations/README.md
docs/research/support_update_experiment_report.md,统计语义三例,/home/data3/txy/Documents/Codex/2026-09-16/r1_head_experiments/relations/prompt_scope_review.md
docs/research/support_update_experiment_report.md,试跑脚本,/home/data3/txy/Documents/Codex/2026-09-16/r1_head_experiments/diagnosis/run_diagnosis.py
docs/research/support_update_experiment_report.md,首次失败收据,/home/data3/txy/Documents/Codex/2026-09-16/r1_head_experiments/diagnosis/initialization_failure.json
docs/research/support_update_experiment_report.md,恢复记录,/home/data3/txy/Documents/Codex/2026-09-16/r1_head_experiments/diagnosis/memory_recovery.json
docs/research/support_update_experiment_report.md,60 题结果,/home/data3/txy/Documents/Codex/2026-09-16/r1_head_experiments/diagnosis/pilot/summary.json
docs/research/support_update_experiment_report.md,规则结果,/home/data3/txy/Documents/Codex/2026-09-16/r1_head_experiments/rules/RESULTS.md
docs/research/support_update_experiment_report.md,九道泛问加药原文和路径,/home/data3/txy/Documents/Codex/2026-09-16/r1_head_experiments/rules/ddi_scope_cases.md
docs/research/support_update_experiment_report.md,临时 strict-native 表,/home/data3/txy/Documents/Codex/2026-09-16/r1_head_experiments/rules/strict_native_sensitivity/RESULTS.md
docs/research/support_update_experiment_report.md,单选运行记录,/home/data3/txy/Documents/Codex/2026-09-16/r1_head_experiments/mcq/README.md
docs/research/support_update_experiment_report.md,首轮结果,/home/data3/txy/Documents/Codex/2026-09-16/r1_head_experiments/mcq/pilot/RESULTS.md
docs/research/support_update_experiment_report.md,去旧答计划与结果,/home/data3/txy/Documents/Codex/2026-09-16/r1_head_experiments/mcq/fresh/summary.json
docs/research/support_update_experiment_report.md,全202结果,/home/data3/txy/Documents/Codex/2026-09-16/r1_head_experiments/mcq/fresh_full/summary.json
docs/research/support_update_experiment_report.md,首轮与上下文试验入口,/home/data3/txy/Documents/Codex/2026-09-16/r1_head_experiments/relations/README.md
docs/research/support_update_experiment_report.md,四个修复的完整审阅,/home/data3/txy/Documents/Codex/2026-09-16/r1_head_experiments/relations/repair_evidence_review.md
docs/research/support_update_experiment_report.md,256请求输入审核,/home/data3/txy/Documents/Codex/2026-09-16/r1_head_experiments/relations/context_input_audit.md
docs/research/support_update_experiment_report.md,七病例完整审阅,/home/data3/txy/Documents/Codex/2026-09-16/r1_head_experiments/relations/context_case_review.md
docs/research/support_update_experiment_report.md,中断证据,/home/data3/txy/Documents/Codex/2026-09-16/r1_head_experiments/relations/m4/failures/context_extension_interruption/interruption.json
docs/research/support_update_experiment_report.md,持久恢复状态,/home/data3/txy/Documents/Codex/2026-09-16/r1_head_experiments/diagnosis/relations_persistent_state.json
docs/research/support_update_experiment_report.md,全部201结果,/home/data3/txy/Documents/Codex/2026-09-16/r1_head_experiments/relations/context_all201_summary.json
docs/research/support_update_experiment_report.md,病种新旧分层,/home/data3/txy/Documents/Codex/2026-09-16/r1_head_experiments/diagnosis/all_methods_1780/class_scope_comparison.md
docs/research/support_update_experiment_report.md,完整诊断汇总,/home/data3/txy/Documents/Codex/2026-09-16/r1_head_experiments/diagnosis/all_methods_1780/summary.json
docs/research/support_update_experiment_report.md,独立接口,/home/data3/txy/Documents/Codex/2026-09-16/r1_head_experiments/candidate/README.md
docs/research/support_update_experiment_report.md,主表,/home/data3/txy/Documents/Codex/2026-09-16/r1_head_experiments/core_r1_summary.json
docs/research/support_update_experiment_report.md,回放证明,/home/data3/txy/Documents/Codex/2026-09-16/r1_head_experiments/candidate_replay.json
docs/research/support_update_experiment_report.md,成本汇总,/home/data3/txy/Documents/Codex/2026-09-16/r1_head_experiments/cost_summary.json
docs/research/support_update_experiment_report.md,验证计划,/home/data3/txy/Documents/Codex/2026-09-16/r1_head_validation/plan.json
docs/research/support_update_experiment_report.md,规则来源核查,/home/data3/txy/Documents/Codex/2026-09-16/r1_head_validation/rules/source_qualification.json
docs/research/support_update_experiment_report.md,MedPIC暴露逐题记录,/home/data3/txy/Documents/Codex/2026-09-16/r1_head_validation/rules/medpic_exposure.jsonl
docs/research/support_update_experiment_report.md,范围与排除,/home/data3/txy/Documents/Codex/2026-09-16/r1_head_validation/diagnosis/qualification_summary.json
docs/research/support_update_experiment_report.md,暴露重合,/home/data3/txy/Documents/Codex/2026-09-16/r1_head_validation/diagnosis/overlap_audit.json
docs/research/support_update_experiment_report.md,准备失败与恢复,/home/data3/txy/Documents/Codex/2026-09-16/r1_head_validation/diagnosis/preparation_events.json
docs/research/support_update_experiment_report.md,冻结评估口径,/home/data3/txy/Documents/Codex/2026-09-16/r1_head_validation/diagnosis/prepared.json
docs/research/support_update_experiment_report.md,失败前后请求比较,/home/data3/txy/Documents/Codex/2026-09-16/r1_head_validation/diagnosis/failures/initial_transformers_incompatibility/request_comparison.json
docs/research/support_update_experiment_report.md,执行入口,/home/data3/txy/Documents/Codex/2026-09-16/r1_head_validation/diagnosis/run_validation.py
docs/research/support_update_experiment_report.md,ASCENT结果审核,/home/data3/txy/Documents/Codex/2026-09-16/r1_head_validation/diagnosis/result_audit.md
docs/research/support_update_experiment_report.md,逐项统计,/home/data3/txy/Documents/Codex/2026-09-16/r1_head_validation/diagnosis/summary.json
docs/research/support_update_experiment_report.md,33端资格审核,/home/data3/txy/Documents/Codex/2026-09-16/r1_head_validation/rules/probes/qualification_review.json
docs/research/support_update_experiment_report.md,手写事实逐项审核,/home/data3/txy/Documents/Codex/2026-09-16/r1_head_validation/rules/probes/manual_fact_audit.jsonl
docs/research/support_update_experiment_report.md,33端全过程及结果,/home/data3/txy/Documents/Codex/2026-09-16/r1_head_validation/rules/probes/RESULTS.md
docs/research/support_update_experiment_report.md,实际支持路径,/home/data3/txy/Documents/Codex/2026-09-16/r1_head_validation/rules/probes/actual_support_paths.jsonl
docs/research/support_update_experiment_report.md,请求与评分入口,/home/data3/txy/Documents/Codex/2026-09-16/r1_head_validation/rules/probes/run_probes.py
docs/research/support_update_experiment_report.md,匹配对照配置和结果,/home/data3/txy/Documents/Codex/2026-09-16/r1_head_validation/relations_control/README.md
docs/research/support_update_experiment_report.md,统计结果,/home/data3/txy/Documents/Codex/2026-09-16/r1_head_validation/relations_control/summary.json
docs/research/support_update_experiment_report.md,输出无效审核,/home/data3/txy/Documents/Codex/2026-09-16/r1_head_validation/relations_control/invalid_audit.json
docs/research/support_update_experiment_report.md,首次资源失败,/home/data3/txy/Documents/Codex/2026-09-16/r1_head_validation/relations_control/failures/initial_gpu0_below_margin/failure.json
docs/research/support_update_experiment_report.md,尾部协调器失败,/home/data3/txy/Documents/Codex/2026-09-16/r1_head_validation/relations_control/failures/post_m4_stale_gpu3_guard/failure.json
docs/research/support_update_experiment_report.md,资源收据,/home/data3/txy/Documents/Codex/2026-09-16/r1_head_refinement/resource_handoff.json
docs/research/support_update_experiment_report.md,定向开发计划,/home/data3/txy/Documents/Codex/2026-09-16/r1_head_refinement/plan.json
docs/research/support_update_experiment_report.md,组合全过程,/home/data3/txy/Documents/Codex/2026-09-16/r1_head_refinement/composition/RESULTS.md
docs/research/support_update_experiment_report.md,候选代码,/home/data3/txy/Documents/Codex/2026-09-16/r1_head_refinement/composition/composition_policy.py
docs/research/support_update_experiment_report.md,旧gate版本,/home/data3/txy/Documents/Codex/2026-09-16/r1_head_refinement/composition/before_renal_gate_fix/summary.json
docs/research/support_update_experiment_report.md,逐项误伤证据,/home/data3/txy/Documents/Codex/2026-09-16/r1_head_refinement/composition/harms.jsonl
docs/research/support_update_experiment_report.md,逐答审核,/home/data3/txy/Documents/Codex/2026-09-16/r1_head_refinement/diagnosis/answer_review.jsonl
docs/research/support_update_experiment_report.md,执行与分析修复,/home/data3/txy/Documents/Codex/2026-09-16/r1_head_refinement/diagnosis/execution_notes.json
docs/research/support_update_experiment_report.md,新facts结果,/home/data3/txy/Documents/Codex/2026-09-16/r1_head_refinement/facts/RESULTS.md
docs/research/support_update_experiment_report.md,无效输出根审核,/home/data3/txy/Documents/Codex/2026-09-16/r1_head_refinement/facts/length_output_root_audit.json
docs/research/support_update_experiment_report.md,逐字段审核,/home/data3/txy/Documents/Codex/2026-09-16/r1_head_refinement/facts/probe_changed_field_audit.jsonl
docs/research/support_update_experiment_report.md,分析错误修复记录,/home/data3/txy/Documents/Codex/2026-09-16/r1_head_refinement/facts/analysis_events.json
docs/research/support_update_experiment_report.md,引用敏感性,/home/data3/txy/Documents/Codex/2026-09-16/r1_head_refinement/facts/case_sensitivity/summary.json
docs/research/support_update_experiment_report.md,事实×组合完整矩阵,/home/data3/txy/Documents/Codex/2026-09-16/r1_head_refinement/composition/cross_facts_summary.json
docs/research/support_update_experiment_report.md,机器汇总,/home/data3/txy/Documents/Codex/2026-09-16/r1_head_refinement/summary.json
docs/research/support_update_experiment_report.md,交叉审计包,/home/data3/txy/Documents/Codex/2026-09-16/r1_r2_evidence_audit/README.md
docs/research/support_update_experiment_report.md,论文方法审查包,/home/data3/txy/Documents/Codex/2026-09-16/r2_r3_paper_audit/README.md
docs/research/support_update_experiment_report.md,R1 审计及收据,/home/data3/txy/Documents/Codex/2026-09-16/r1_r2_evidence_audit/r1_audit.md
docs/research/support_update_experiment_report.md,R2 审计失败记录,/home/data3/txy/Documents/Codex/2026-09-16/r1_r2_evidence_audit/r2_audit.md
docs/research/support_update_experiment_report.md,重合收据,/home/data3/txy/Documents/Codex/2026-09-16/r1_r2_evidence_audit/cross_head_overlap.json
docs/research/support_update_experiment_report.md,R2 论文方法审查,/home/data3/txy/Documents/Codex/2026-09-16/r2_r3_paper_audit/r2_paper_assessment.md
docs/research/support_update_experiment_report.md,R3 实现审查,/home/data3/txy/Documents/Codex/2026-09-16/r2_r3_paper_audit/r3_implementation_audit.md
docs/research/support_update_experiment_report.md,R1复盘,/home/data3/txy/Documents/Codex/2026-09-17/r4_head_investigation/history_r1.md
docs/research/support_update_experiment_report.md,R2复盘,/home/data3/txy/Documents/Codex/2026-09-17/r4_head_investigation/history_r2.md
docs/research/support_update_experiment_report.md,R3复盘,/home/data3/txy/Documents/Codex/2026-09-17/r4_head_investigation/history_r3.md
docs/research/support_update_experiment_report.md,原始调查包,/home/data3/txy/Documents/Codex/2026-09-17/r4_head_investigation/README.md
docs/research/support_update_experiment_report.md,专家资格补证,/home/data3/txy/docs/data/construction.md#hiv-expert-ratings-20260917
docs/research/support_update_experiment_report.md,原答案审核,/home/data3/txy/Documents/Codex/2026-09-17/r4_head_investigation/baseline_error_review.md
docs/research/support_update_experiment_report.md,参考解释核查,/home/data3/txy/Documents/Codex/2026-09-17/r4_head_investigation/source_reference_audit.md
docs/research/support_update_experiment_report.md,接口审阅,/home/data3/txy/Documents/Codex/2026-09-17/r4_head_investigation/r4_interface_review.md
docs/research/support_update_experiment_report.md,首轮计划与代码,/home/data3/txy/Documents/Codex/2026-09-17/r4_head_experiment/README.md
docs/research/support_update_experiment_report.md,原始评分,/home/data3/txy/Documents/Codex/2026-09-17/r4_head_experiment/summary.json
docs/research/support_update_experiment_report.md,104条输出审核,/home/data3/txy/Documents/Codex/2026-09-17/r4_head_experiment/output_semantic_review.md
docs/research/support_update_experiment_report.md,诊断材料手算,/home/data3/txy/Documents/Codex/2026-09-17/r4_head_binding/diagnostic_design.md
docs/research/support_update_experiment_report.md,生成前审阅,/home/data3/txy/Documents/Codex/2026-09-17/r4_head_binding/implementation_review.md
docs/research/support_update_experiment_report.md,第二轮运行包,/home/data3/txy/Documents/Codex/2026-09-17/r4_head_binding/README.md
docs/research/support_update_experiment_report.md,重复对照,/home/data3/txy/Documents/Codex/2026-09-17/r4_head_binding/redo_repeat_comparison.json
docs/research/support_update_experiment_report.md,M4临床104条审核,/home/data3/txy/Documents/Codex/2026-09-17/r4_head_binding/m4_semantic_review.md
docs/research/support_update_experiment_report.md,M5临床104条审核,/home/data3/txy/Documents/Codex/2026-09-17/r4_head_binding/m5_semantic_review.md
docs/research/support_update_experiment_report.md,规则192条审核,/home/data3/txy/Documents/Codex/2026-09-17/r4_head_binding/diagnostic_output_review.md
docs/research/support_update_experiment_report.md,结构运行包,/home/data3/txy/Documents/Codex/2026-09-17/r4_structural_head/README.md
docs/research/support_update_experiment_report.md,实现审阅,/home/data3/txy/Documents/Codex/2026-09-17/r4_structural_head/implementation_review.md
docs/research/support_update_experiment_report.md,结构包制品索引,/home/data3/txy/Documents/Codex/2026-09-17/r4_structural_head/README.md
docs/research/support_update_experiment_report.md,结构运行包,/home/data3/txy/Documents/Codex/2026-09-17/r4_structural_head/README.md
docs/research/support_update_experiment_report.md,bound接口,/home/data3/txy/Documents/Codex/2026-09-17/r4_structural_head/cladder_validation/frozen_head/README.md
docs/research/support_update_experiment_report.md,来源取得与资格,/home/data3/txy/Documents/Codex/2026-09-17/r4_structural_head/sources/cladder/acquisition.md
docs/research/support_update_experiment_report.md,运行与恢复,/home/data3/txy/Documents/Codex/2026-09-17/r4_structural_head/cladder_validation/README.md
docs/research/support_update_experiment_report.md,逐请求实现审阅,/home/data3/txy/Documents/Codex/2026-09-17/r4_structural_head/cladder_validation/implementation_review.md
docs/research/support_update_experiment_report.md,题面差异原例和后续全量核查,/home/data3/txy/Documents/Codex/2026-09-17/r4_structural_head/cladder_validation/source_wording_issue.md
docs/research/support_update_experiment_report.md,来源难度,/home/data3/txy/Documents/Codex/2026-09-17/r4_structural_head/cladder_validation/source_difficulty.md
docs/research/support_update_experiment_report.md,CLadder冻结验证,/home/data3/txy/Documents/Codex/2026-09-17/r4_structural_head/cladder_validation/README.md
docs/research/support_update_experiment_report.md,附加控制,/home/data3/txy/Documents/Codex/2026-09-17/r4_structural_head/cladder_controls/README.md
docs/research/support_update_experiment_report.md,M4同IR审核,/home/data3/txy/Documents/Codex/2026-09-17/r4_structural_head/cladder_controls/ir_semantic_m4.md
docs/research/support_update_experiment_report.md,M4主语义审核,/home/data3/txy/Documents/Codex/2026-09-17/r4_structural_head/cladder_validation/semantic_m4.md
docs/research/support_update_experiment_report.md,M5控制审核,/home/data3/txy/Documents/Codex/2026-09-17/r4_structural_head/cladder_controls/semantic_m5.md
docs/research/support_update_experiment_report.md,原生边界包,/home/data3/txy/Documents/Codex/2026-09-17/r4_structural_head/native_boundary/README.md
docs/research/support_update_experiment_report.md,来源资格报告,/home/data3/txy/Documents/Codex/2026-09-17/r4_structural_head/biological_source_qualification.md
docs/research/support_update_experiment_report.md,构建包,/home/data3/txy/Documents/Codex/2026-09-17/r4_structural_head/biological_validation/README.md
docs/research/support_update_experiment_report.md,实现核验,/home/data3/txy/Documents/Codex/2026-09-17/r4_structural_head/biological_validation/implementation_review.md
docs/research/support_update_experiment_report.md,题面独立复核,/home/data3/txy/Documents/Codex/2026-09-17/r4_structural_head/biological_validation/peer_review.md
docs/research/support_update_experiment_report.md,推理结果,/home/data3/txy/Documents/Codex/2026-09-17/r4_structural_head/biological_validation/inference/README.md
docs/research/support_update_experiment_report.md,M4审核,/home/data3/txy/Documents/Codex/2026-09-17/r4_structural_head/biological_validation/inference/semantic_m4.md
docs/research/support_update_experiment_report.md,M5审核,/home/data3/txy/Documents/Codex/2026-09-17/r4_structural_head/biological_validation/inference/semantic_m5.md
docs/research/support_update_experiment_report.md,临床源方法,/home/data3/txy/Documents/Codex/2026-09-17/r4_structural_head/method_revision/clinical_methods.md
docs/research/support_update_experiment_report.md,因果源方法,/home/data3/txy/Documents/Codex/2026-09-17/r4_structural_head/method_revision/causal_methods.md
docs/research/support_update_experiment_report.md,生物方法,/home/data3/txy/Documents/Codex/2026-09-17/r4_structural_head/method_revision/biological_methods.md
docs/research/support_update_experiment_report.md,CounterBench/肿瘤资格,/home/data3/txy/Documents/Codex/2026-09-17/r4_structural_head/method_revision/counterbench_oncology.md
docs/research/support_update_experiment_report.md,临床新来源调查,/home/data3/txy/Documents/Codex/2026-09-17/r4_structural_head/clinical_source_scout.md
docs/research/support_update_experiment_report.md,先验/修订运行包,/home/data3/txy/Documents/Codex/2026-09-17/r4_structural_head/clinical_prior/README.md
docs/research/support_update_experiment_report.md,M4审核,/home/data3/txy/Documents/Codex/2026-09-17/r4_structural_head/clinical_prior/semantic_m4.md
docs/research/support_update_experiment_report.md,M5审核,/home/data3/txy/Documents/Codex/2026-09-17/r4_structural_head/clinical_prior/semantic_m5.md
docs/research/support_update_experiment_report.md,绑定运行包,/home/data3/txy/Documents/Codex/2026-09-17/r4_structural_head/clinical_binding/README.md
docs/research/support_update_experiment_report.md,M4审核,/home/data3/txy/Documents/Codex/2026-09-17/r4_structural_head/clinical_binding/semantic_m4.md
docs/research/support_update_experiment_report.md,M5审核,/home/data3/txy/Documents/Codex/2026-09-17/r4_structural_head/clinical_binding/semantic_m5.md
docs/research/support_update_experiment_report.md,来源调查,/home/data3/txy/Documents/Codex/2026-09-17/r4_structural_head/clinical_source_scout.md
docs/research/support_update_experiment_report.md,原文阅读摘记,/home/data3/txy/Documents/Codex/2026-09-17/r4_structural_head/physiology_probe/papers/paper_reading.md
docs/research/support_update_experiment_report.md,CPU探针,/home/data3/txy/Documents/Codex/2026-09-17/r4_structural_head/physiology_probe/README.md
docs/research/support_update_experiment_report.md,生理开发包,/home/data3/txy/Documents/Codex/2026-09-17/r4_structural_head/physiology_head/README.md
docs/research/support_update_experiment_report.md,设计审阅,/home/data3/txy/Documents/Codex/2026-09-17/r4_structural_head/physiology_head/design_review.md
docs/research/support_update_experiment_report.md,代码审阅,/home/data3/txy/Documents/Codex/2026-09-17/r4_structural_head/physiology_head/code_audit.md
docs/research/support_update_experiment_report.md,M4开发审核,/home/data3/txy/Documents/Codex/2026-09-17/r4_structural_head/physiology_head/dev/semantic_m4.md
docs/research/support_update_experiment_report.md,M5开发审核,/home/data3/txy/Documents/Codex/2026-09-17/r4_structural_head/physiology_head/dev/semantic_m5.md
docs/research/support_update_experiment_report.md,v2代码审核,/home/data3/txy/Documents/Codex/2026-09-17/r4_structural_head/physiology_head/v2/code_audit.md
docs/research/support_update_experiment_report.md,M4 v2审核,/home/data3/txy/Documents/Codex/2026-09-17/r4_structural_head/physiology_head/v2/dev/semantic_m4.md
docs/research/support_update_experiment_report.md,M5 v2审核,/home/data3/txy/Documents/Codex/2026-09-17/r4_structural_head/physiology_head/v2/dev/semantic_m5.md
docs/research/support_update_experiment_report.md,公共接口修复,/home/data3/txy/Documents/Codex/2026-09-17/r4_structural_head/physiology_head/v2/interface_repair_audit.md
docs/research/support_update_experiment_report.md,查询投影控制,/home/data3/txy/Documents/Codex/2026-09-17/r4_structural_head/physiology_head/v2/query_projection_control.md
docs/research/support_update_experiment_report.md,论文角色说明,/home/data3/txy/Documents/Codex/2026-09-17/r4_structural_head/physiology_head/paper_role.md
docs/research/support_update_experiment_report.md,保留数据构建,/home/data3/txy/Documents/Codex/2026-09-17/r4_structural_head/physiology_head/heldout/README.md
docs/research/support_update_experiment_report.md,最终报告,/home/data3/txy/Documents/Codex/2026-09-17/r4_structural_head/physiology_head/v2/heldout/report.md
docs/research/support_update_experiment_report.md,profile聚簇结果,/home/data3/txy/Documents/Codex/2026-09-17/r4_structural_head/physiology_head/v2/heldout/profile_summary.json
docs/research/support_update_experiment_report.md,M4保留语义审核,/home/data3/txy/Documents/Codex/2026-09-17/r4_structural_head/physiology_head/v2/heldout/semantic_m4.md
docs/research/support_update_experiment_report.md,M5保留语义审核,/home/data3/txy/Documents/Codex/2026-09-17/r4_structural_head/physiology_head/v2/heldout/semantic_m5.md
docs/research/support_update_experiment_report.md,history,/home/data3/txy/Documents/Codex/2026-09-18/r5_head/history
docs/research/support_update_experiment_report.md,人口与措辞方法,/home/data3/txy/Documents/Codex/2026-09-18/r5_head/sources/demographic_methods.md
docs/research/support_update_experiment_report.md,证据方法,/home/data3/txy/Documents/Codex/2026-09-18/r5_head/sources/evidence_methods.md
docs/research/support_update_experiment_report.md,最初错例审核,/home/data3/txy/Documents/Codex/2026-09-18/r5_head/baseline_review.md
docs/research/support_update_experiment_report.md,首轮运行包,/home/data3/txy/Documents/Codex/2026-09-18/r5_head/README.md
docs/research/support_update_experiment_report.md,控制输入审核,/home/data3/txy/Documents/Codex/2026-09-18/r5_head/control_input_review.md
docs/research/support_update_experiment_report.md,关系输入审核,/home/data3/txy/Documents/Codex/2026-09-18/r5_head/m20_input_review.md
docs/research/support_update_experiment_report.md,完整结果复算,/home/data3/txy/Documents/Codex/2026-09-18/r5_head/result_review.md
docs/research/support_update_experiment_report.md,改变输出审核,/home/data3/txy/Documents/Codex/2026-09-18/r5_head/output_review.md
docs/research/support_update_experiment_report.md,修订运行包,/home/data3/txy/Documents/Codex/2026-09-18/r5_head/document_scope_revision/README.md
docs/research/support_update_experiment_report.md,固定案例,/home/data3/txy/Documents/Codex/2026-09-18/r5_head/document_scope_revision/output_review.md
docs/research/support_update_experiment_report.md,继续研发方法审阅,/home/data3/txy/Documents/Codex/2026-09-18/r5_head/continuation_method_review.md
docs/research/support_update_experiment_report.md,五票包,/home/data3/txy/Documents/Codex/2026-09-18/r5_head/consensus/README.md
docs/research/support_update_experiment_report.md,早停历史交付,/home/data3/txy/Documents/Codex/2026-09-18/r5_head/consensus/delivery/README.md
docs/research/support_update_experiment_report.md,扩展强控审核,/home/data3/txy/Documents/Codex/2026-09-18/r5_head/consensus/extension/strong_control_output_review.md
docs/research/support_update_experiment_report.md,范围负结果,/home/data3/txy/Documents/Codex/2026-09-18/r5_head/consensus/nli_scope/README.md
docs/research/support_update_experiment_report.md,离散探针,/home/data3/txy/Documents/Codex/2026-09-18/r5_head/consensus/nli_choice/README.md
docs/research/support_update_experiment_report.md,前序响应控制,/home/data3/txy/Documents/Codex/2026-09-18/r5_head/consensus/nli_choice/analysis_response_control.md
docs/research/support_update_experiment_report.md,等权开发证据,/home/data3/txy/Documents/Codex/2026-09-18/r5_head/consensus/nli_choice/equal_path_ensemble.md
docs/research/support_update_experiment_report.md,验证包,/home/data3/txy/Documents/Codex/2026-09-18/r5_head/consensus/nli_choice_validation/README.md
docs/research/support_update_experiment_report.md,主R5解释审核,/home/data3/txy/Documents/Codex/2026-09-18/r5_head/consensus/nli_choice_validation/native_completion/r5_output_review.md
docs/research/support_update_experiment_report.md,F交付接口及证据,/home/data3/txy/Documents/Codex/2026-09-18/r5_head/delivery/README.md
docs/research/support_update_experiment_report.md,逐阶段成本,/home/data3/txy/Documents/Codex/2026-09-18/r5_head/delivery/cost_ledger.md
docs/research/support_update_experiment_report.md,确认输入与暴露沿革,/home/data3/txy/Documents/Codex/2026-09-18/r5_head/mechanism_research/data/README.md
docs/research/support_update_experiment_report.md,失败恢复,/home/data3/txy/Documents/Codex/2026-09-18/r5_head/mechanism_research/pilot/analysis_failure_and_recovery.json
docs/research/support_update_experiment_report.md,支持审查语义审核,/home/data3/txy/Documents/Codex/2026-09-18/r5_head/mechanism_research/pilot/semantic_review/review.md
docs/research/support_update_experiment_report.md,生命周期原件,/home/data3/txy/Documents/Codex/2026-09-18/r5_head/history/checkpoint_20260918_2022/r5_current_lifecycle.json
docs/research/support_update_experiment_report.md,相同请求归因,/home/data3/txy/Documents/Codex/2026-09-18/r5_head/mechanism_research/quote_pilot/identical_request_audit.json
docs/research/support_update_experiment_report.md,首版训练包,/home/data3/txy/Documents/Codex/2026-09-18/r5_head/mechanism_research/learned_pilot/README.md
docs/research/support_update_experiment_report.md,主动停止收据,/home/data3/txy/Documents/Codex/2026-09-18/r5_head/mechanism_research/learned_pilot/intentional_stop.json
docs/research/support_update_experiment_report.md,已发生成本,/home/data3/txy/Documents/Codex/2026-09-18/r5_head/mechanism_research/learned_pilot/m5/intentional_stop_cost.json
docs/research/support_update_experiment_report.md,JSON恢复包,/home/data3/txy/Documents/Codex/2026-09-18/r5_head/mechanism_research/learned_json_pilot/README.md
docs/research/support_update_experiment_report.md,独立实现及结果审查,/home/data3/txy/Documents/Codex/2026-09-18/r5_head/mechanism_research/learned_json_pilot/independent_review.md
docs/research/support_update_experiment_report.md,旧新接口审计,/home/data3/txy/Documents/Codex/2026-09-18/r5_head/mechanism_research/learned_json_pilot/nli_interface_audit/README.md
docs/research/support_update_experiment_report.md,语义探针与精确标量,/home/data3/txy/Documents/Codex/2026-09-18/r5_head/mechanism_research/learned_json_pilot/native_nli_probe/README.md
docs/research/support_update_experiment_report.md,最差端控制及环境恢复,/home/data3/txy/Documents/Codex/2026-09-18/r5_head/mechanism_research/learned_json_pilot/paired_worst_control/README.md
docs/research/support_update_experiment_report.md,实体试验包,/home/data3/txy/Documents/Codex/2026-09-18/r5_head/mechanism_research/entity_view_pilot/README.md
docs/research/support_update_experiment_report.md,范围包与恢复,/home/data3/txy/Documents/Codex/2026-09-18/r5_head/mechanism_research/task_scope_pilot/README.md
docs/research/support_update_experiment_report.md,U包,/home/data3/txy/Documents/Codex/2026-09-18/r5_head/mechanism_research/semantic_supervision_pilot/README.md
docs/research/support_update_experiment_report.md,V失败与恢复,/home/data3/txy/Documents/Codex/2026-09-18/r5_head/mechanism_research/hypothesis_residual_pilot/README.md
docs/research/support_update_experiment_report.md,T包,/home/data3/txy/Documents/Codex/2026-09-18/r5_head/mechanism_research/premise_sensitivity_diagnostic/README.md
docs/research/support_update_experiment_report.md,同文本原任务读出,/home/data3/txy/Documents/Codex/2026-09-18/r5_head/mechanism_research/premise_sensitivity_diagnostic/task_readout_control/README.md
docs/research/support_update_experiment_report.md,W包,/home/data3/txy/Documents/Codex/2026-09-18/r5_head/mechanism_research/task_supervision_pilot/README.md
docs/research/support_update_experiment_report.md,数值失败与恢复,/home/data3/txy/Documents/Codex/2026-09-18/r5_head/mechanism_research/task_supervision_pilot/smoke_review.md
docs/research/support_update_experiment_report.md,X计划与完成证据,/home/data3/txy/Documents/Codex/2026-09-18/r5_head/mechanism_research/mapping_contrast_pilot/README.md
docs/research/support_update_experiment_report.md,两次平台事件,/home/data3/txy/Documents/Codex/2026-09-18/r5_head/history/checkpoint_20260918_2022/r5_current_lifecycle.json
docs/research/support_update_experiment_report.md,迁移失败完整审核,/home/data3/txy/Documents/Codex/2026-09-18/r5_head/mechanism_research/task_supervision_pilot/transfer_failure_diagnostic.md
docs/research/support_update_experiment_report.md,Y完整解释,/home/data3/txy/Documents/Codex/2026-09-18/r5_head/mechanism_research/applicability_guard_pilot/result_review.md
docs/research/support_update_experiment_report.md,CAD来源及方法审查,/home/data3/txy/Documents/Codex/2026-09-18/r5_head/mechanism_research/premise_supervision_source/source_review.md
docs/research/support_update_experiment_report.md,CAD完整资格主记录,/home/data3/txy/docs/data/construction.md#r5-cad-premise-supervision-qualification
docs/research/support_update_experiment_report.md,五头包,/home/data3/txy/Documents/Codex/2026-09-18/r5_head/mechanism_research/premise_supervision_pilot/plan.json
docs/research/support_update_experiment_report.md,按worker去重成本,/home/data3/txy/Documents/Codex/2026-09-18/r5_head/mechanism_research/feature_cost_with_W.json
docs/research/support_update_experiment_report.md,JSONL原件,/home/data3/txy/.codex/sessions/2026/09/14/rollout-2026-09-14T10-55-42-01a09dd7-8667-7ab0-8a9e-7051b56031e7.jsonl
docs/research/support_update_experiment_report.md,JSONL原件,/home/data3/txy/.codex/sessions/2026/09/16/rollout-2026-09-16T12-07-34-01a0a866-0afc-7803-a5d3-a915d7b45e1b.jsonl
docs/research/support_update_experiment_report.md,JSONL原件,/home/data3/txy/.codex/sessions/2026/09/16/rollout-2026-09-16T19-18-30-01a0a9f0-8f78-7cf2-8287-945bf42130ea.jsonl
docs/research/support_update_experiment_report.md,JSONL原件,/home/data3/txy/.codex/sessions/2026/09/17/rollout-2026-09-17T16-41-09-01a0ae86-de3c-70c1-bfa3-431cbdaec1c2.jsonl
docs/research/support_update_experiment_report.md,JSONL原件,/home/data3/txy/.codex/sessions/2026/09/18/rollout-2026-09-18T00-07-45-01a0b01f-bda6-7680-b6ee-fa3b596f8a6d.jsonl
docs/research/support_update_experiment_report.md,09-14探索包,/home/data3/txy/Documents/Codex/2026-09-14/new-chat/README.md
docs/research/support_update_experiment_report.md,r1_r2_evidence_audit,/home/data3/txy/Documents/Codex/2026-09-16/r1_r2_evidence_audit/README.md
docs/research/support_update_experiment_report.md,r2_r3_paper_audit,/home/data3/txy/Documents/Codex/2026-09-16/r2_r3_paper_audit/README.md
docs/research/support_update_experiment_report.md,r4_head_investigation,/home/data3/txy/Documents/Codex/2026-09-17/r4_head_investigation/README.md
docs/research/support_update_experiment_report.md,首轮,/home/data3/txy/Documents/Codex/2026-09-17/r4_head_experiment/README.md
docs/research/support_update_experiment_report.md,四臂,/home/data3/txy/Documents/Codex/2026-09-17/r4_head_binding/README.md
docs/research/support_update_experiment_report.md,r4_structural_head,/home/data3/txy/Documents/Codex/2026-09-17/r4_structural_head/README.md
docs/research/support_update_experiment_report.md,R5运行包,/home/data3/txy/Documents/Codex/2026-09-18/r5_head/README.md
docs/research/support_update_experiment_report.md,历史检查点,/home/data3/txy/Documents/Codex/2026-09-18/r5_head/history/checkpoint_20260918_2022
docs/research/r4_consequence_head.md,资格补证,/home/data3/txy/docs/data/construction.md#hiv-expert-ratings-20260917
docs/research/r4_consequence_head.md,冻结代码,/home/data3/txy/Documents/Codex/2026-09-17/r4_structural_head/physiology_head/frozen_method/physiology_head/head_v2.py
docs/research/r4_consequence_head.md,运行包,/home/data3/txy/Documents/Codex/2026-09-17/r4_structural_head/physiology_head/README.md#frozen-validation-and-callable-head
docs/research/r4_consequence_head.md,事前定位,/home/data3/txy/Documents/Codex/2026-09-17/r4_structural_head/physiology_head/paper_role.md
docs/research/r4_consequence_head.md,冻结接口,/home/data3/txy/Documents/Codex/2026-09-17/r4_structural_head/cladder_validation/frozen_head/README.md
docs/research/r4_consequence_head.md,本轮证据包,/home/data3/txy/Documents/Codex/2026-09-17/r4_head_investigation
docs/research/r4_consequence_head.md,R1收据,/home/data3/txy/Documents/Codex/2026-09-17/r4_head_investigation/history_r1.md
docs/research/r4_consequence_head.md,R2收据,/home/data3/txy/Documents/Codex/2026-09-17/r4_head_investigation/history_r2.md
docs/research/r4_consequence_head.md,R3收据,/home/data3/txy/Documents/Codex/2026-09-17/r4_head_investigation/history_r3.md
docs/research/r4_consequence_head.md,独立入口,/home/data3/txy/Documents/Codex/2026-09-17/r4_head_experiment/r4_head.py
docs/research/r4_consequence_head.md,冻结计划,/home/data3/txy/Documents/Codex/2026-09-17/r4_head_experiment/plan.json
docs/research/r4_consequence_head.md,实际命令/制品,/home/data3/txy/Documents/Codex/2026-09-17/r4_head_experiment/README.md
docs/research/r4_consequence_head.md,运行包,/home/data3/txy/Documents/Codex/2026-09-17/r4_head_experiment/README.md
docs/research/r4_consequence_head.md,summary.json,/home/data3/txy/Documents/Codex/2026-09-17/r4_head_experiment/summary.json
docs/research/r4_consequence_head.md,scored.jsonl,/home/data3/txy/Documents/Codex/2026-09-17/r4_head_experiment/scored.jsonl
docs/research/r4_consequence_head.md,语义审核,/home/data3/txy/Documents/Codex/2026-09-17/r4_head_experiment/output_semantic_review.md
docs/research/r4_consequence_head.md,构建记录,/home/data3/txy/docs/data/construction.md#r4-author-reference-audit
docs/research/r4_consequence_head.md,诊断材料及手算,/home/data3/txy/Documents/Codex/2026-09-17/r4_head_binding/diagnostic_design.md
docs/research/r4_consequence_head.md,运行包,/home/data3/txy/Documents/Codex/2026-09-17/r4_head_binding/README.md
docs/research/r4_consequence_head.md,实现审阅,/home/data3/txy/Documents/Codex/2026-09-17/r4_head_binding/implementation_review.md
docs/research/r4_consequence_head.md,summary.json,/home/data3/txy/Documents/Codex/2026-09-17/r4_head_binding/summary.json
docs/research/r4_consequence_head.md,scored.jsonl,/home/data3/txy/Documents/Codex/2026-09-17/r4_head_binding/scored.jsonl
docs/research/r4_consequence_head.md,完成收据,/home/data3/txy/Documents/Codex/2026-09-17/r4_head_binding/completion.json
docs/research/r4_consequence_head.md,redo_repeat_comparison.json,/home/data3/txy/Documents/Codex/2026-09-17/r4_head_binding/redo_repeat_comparison.json
docs/research/r4_consequence_head.md,逐场景审核,/home/data3/txy/Documents/Codex/2026-09-17/r4_head_binding/m4_semantic_review.md
docs/research/r4_consequence_head.md,逐场景审核,/home/data3/txy/Documents/Codex/2026-09-17/r4_head_binding/m5_semantic_review.md
docs/research/r4_consequence_head.md,规则语义审核,/home/data3/txy/Documents/Codex/2026-09-17/r4_head_binding/diagnostic_output_review.md
docs/research/r4_consequence_head.md,执行核心,/home/data3/txy/Documents/Codex/2026-09-17/r4_structural_head/causal_executor.py
docs/research/r4_consequence_head.md,structural_head.py,/home/data3/txy/Documents/Codex/2026-09-17/r4_structural_head/structural_head.py
docs/research/r4_consequence_head.md,结构头运行包,/home/data3/txy/Documents/Codex/2026-09-17/r4_structural_head/README.md
docs/research/r4_consequence_head.md,bound_head.py,/home/data3/txy/Documents/Codex/2026-09-17/r4_structural_head/bound_head.py
docs/research/r4_consequence_head.md,构建记录,/home/data3/txy/docs/data/construction.md
docs/research/r4_consequence_head.md,构建记录,/home/data3/txy/docs/data/construction.md#r4-structural-source-qualification
docs/research/r4_consequence_head.md,构建记录,/home/data3/txy/docs/data/construction.md#r4-structural-source-qualification
docs/research/r4_consequence_head.md,审核报告,/home/data3/txy/Documents/Codex/2026-09-17/r4_structural_head/biological_validation/inference/semantic_m4.md
docs/research/r4_consequence_head.md,审核报告,/home/data3/txy/Documents/Codex/2026-09-17/r4_structural_head/biological_validation/inference/semantic_m5.md
docs/research/r4_consequence_head.md,prior M4,/home/data3/txy/Documents/Codex/2026-09-17/r4_structural_head/clinical_prior/semantic_m4.md
docs/research/r4_consequence_head.md,prior M5,/home/data3/txy/Documents/Codex/2026-09-17/r4_structural_head/clinical_prior/semantic_m5.md
docs/research/r4_consequence_head.md,M4报告及逐题记录,/home/data3/txy/Documents/Codex/2026-09-17/r4_structural_head/clinical_binding/semantic_m4.md
docs/research/r4_consequence_head.md,M5报告及逐题记录,/home/data3/txy/Documents/Codex/2026-09-17/r4_structural_head/clinical_binding/semantic_m5.md
docs/research/r4_consequence_head.md,运行包README,/home/data3/txy/Documents/Codex/2026-09-17/r4_structural_head/physiology_probe/README.md
docs/research/r4_consequence_head.md,summary.json,/home/data3/txy/Documents/Codex/2026-09-17/r4_structural_head/physiology_probe/summary.json
docs/research/r4_consequence_head.md,来源记录,/home/data3/txy/docs/data/sources.md#r4-physiology-source
docs/research/r4_consequence_head.md,构建记录,/home/data3/txy/docs/data/construction.md#r4-physiology-development-split
docs/research/r4_consequence_head.md,设计评审,/home/data3/txy/Documents/Codex/2026-09-17/r4_structural_head/physiology_head/design_review.md
docs/research/r4_consequence_head.md,query_projection_control.md,/home/data3/txy/Documents/Codex/2026-09-17/r4_structural_head/physiology_head/v2/query_projection_control.md
docs/research/r4_consequence_head.md,修复审核,/home/data3/txy/Documents/Codex/2026-09-17/r4_structural_head/physiology_head/v2/interface_repair_audit.md
docs/research/r4_consequence_head.md,构建记录,/home/data3/txy/docs/data/construction.md#r4-physiology-development-split
docs/research/r4_consequence_head.md,heldout包,/home/data3/txy/Documents/Codex/2026-09-17/r4_structural_head/physiology_head/heldout/README.md
docs/research/r4_consequence_head.md,语义报告,/home/data3/txy/Documents/Codex/2026-09-17/r4_structural_head/physiology_head/v2/heldout/semantic_m4.md
docs/research/r4_consequence_head.md,summary.json,/home/data3/txy/Documents/Codex/2026-09-17/r4_structural_head/physiology_head/v2/heldout/summary.json
docs/research/r4_consequence_head.md,scored.jsonl,/home/data3/txy/Documents/Codex/2026-09-17/r4_structural_head/physiology_head/v2/heldout/scored.jsonl
docs/research/r4_consequence_head.md,profile报告,/home/data3/txy/Documents/Codex/2026-09-17/r4_structural_head/physiology_head/v2/heldout/report.md
docs/research/r4_consequence_head.md,语义报告,/home/data3/txy/Documents/Codex/2026-09-17/r4_structural_head/physiology_head/v2/heldout/semantic_m5.md
docs/research/r4_consequence_head.md,冻结入口与运行说明,/home/data3/txy/Documents/Codex/2026-09-17/r4_structural_head/physiology_head/README.md#frozen-validation-and-callable-head
docs/research/r5_invariance_head.md,demographic_methods.md,/home/data3/txy/Documents/Codex/2026-09-18/r5_head/sources/demographic_methods.md
docs/research/r5_invariance_head.md,evidence_methods.md,/home/data3/txy/Documents/Codex/2026-09-18/r5_head/sources/evidence_methods.md
docs/research/r5_invariance_head.md,baseline_review.md,/home/data3/txy/Documents/Codex/2026-09-18/r5_head/baseline_review.md
docs/research/r5_invariance_head.md,data/construction.md,/home/data3/txy/docs/data/construction.md#r5-pilot-input-scope
docs/research/r5_invariance_head.md,构建主记录,/home/data3/txy/docs/data/construction.md#r5-pilot-input-scope
docs/research/r5_invariance_head.md,m20_input_review.md,/home/data3/txy/Documents/Codex/2026-09-18/r5_head/m20_input_review.md
docs/research/r5_invariance_head.md,baseline_r5_inventory.json,/home/data3/txy/Documents/Codex/2026-09-18/r5_head/baseline_r5_inventory.json
docs/research/r5_invariance_head.md,flagged_endpoint_scored.jsonl,/home/data3/txy/Documents/Codex/2026-09-18/r5_head/flagged_endpoint_scored.jsonl
docs/research/r5_invariance_head.md,boundary_invalid_inventory.json,/home/data3/txy/Documents/Codex/2026-09-18/r5_head/boundary_invalid_inventory.json
docs/research/r5_invariance_head.md,output_review.md,/home/data3/txy/Documents/Codex/2026-09-18/r5_head/output_review.md
docs/research/r5_invariance_head.md,control_output_review.md,/home/data3/txy/Documents/Codex/2026-09-18/r5_head/control_output_review.md
docs/research/r5_invariance_head.md,失败与恢复,/home/data3/txy/Documents/Codex/2026-09-18/r5_head/inventory_failure_and_recovery.json
docs/research/r5_invariance_head.md,独立结果报告,/home/data3/txy/Documents/Codex/2026-09-18/r5_head/result_review.md
docs/research/r5_invariance_head.md,重算制品,/home/data3/txy/Documents/Codex/2026-09-18/r5_head/result_recomputed.json
docs/research/r5_invariance_head.md,脚本,/home/data3/txy/Documents/Codex/2026-09-18/r5_head/result_recompute.py
docs/research/r5_invariance_head.md,固定案例审核,/home/data3/txy/Documents/Codex/2026-09-18/r5_head/document_scope_revision/output_review.md
docs/research/r5_invariance_head.md,历史旧臂对照,/home/data3/txy/Documents/Codex/2026-09-18/r5_head/document_scope_revision/historical_old_scope_comparison.json
docs/research/r5_invariance_head.md,summary.json,/home/data3/txy/Documents/Codex/2026-09-18/r5_head/document_scope_revision/summary.json
docs/research/r5_invariance_head.md,detection_summary.json,/home/data3/txy/Documents/Codex/2026-09-18/r5_head/document_scope_revision/detection_summary.json
docs/research/r5_invariance_head.md,replay.json,/home/data3/txy/Documents/Codex/2026-09-18/r5_head/document_scope_revision/replay.json
docs/research/r5_invariance_head.md,运行命令,/home/data3/txy/Documents/Codex/2026-09-18/r5_head/document_scope_revision/launch.json
docs/research/r5_invariance_head.md,完成收据,/home/data3/txy/Documents/Codex/2026-09-18/r5_head/completion.json
docs/research/r5_invariance_head.md,运行包,/home/data3/txy/Documents/Codex/2026-09-18/r5_head/README.md
docs/research/r5_invariance_head.md,运行包,/home/data3/txy/Documents/Codex/2026-09-18/r5_head/document_scope_revision/README.md
docs/research/r5_invariance_head.md,独立head源码,/home/data3/txy/Documents/Codex/2026-09-18/r5_head/document_scope_revision/r5_head.py
docs/research/r5_invariance_head.md,构建记录,/home/data3/txy/docs/data/construction.md#r5-consensus-extension
docs/research/r5_invariance_head.md,固定输出审核,/home/data3/txy/Documents/Codex/2026-09-18/r5_head/consensus/output_review.md
docs/research/r5_invariance_head.md,结果解释,/home/data3/txy/Documents/Codex/2026-09-18/r5_head/consensus/result_interpretation.md
docs/research/r5_invariance_head.md,构建主记录,/home/data3/txy/docs/data/construction.md#r5-consensus-extension
docs/research/r5_invariance_head.md,审核报告,/home/data3/txy/Documents/Codex/2026-09-18/r5_head/consensus/extension/strong_control_output_review.md
docs/research/r5_invariance_head.md,数据主记录,/home/data3/txy/docs/data/construction.md#r5-nli-choice-validation-selection
docs/research/r5_invariance_head.md,主R5审核,/home/data3/txy/Documents/Codex/2026-09-18/r5_head/consensus/nli_choice_validation/native_completion/r5_output_review.md
docs/research/r5_invariance_head.md,全部强控制审核,/home/data3/txy/Documents/Codex/2026-09-18/r5_head/consensus/nli_choice_validation/native_completion/strong_control_output_review.md
docs/research/r5_invariance_head.md,delivery/r5_head.py,/home/data3/txy/Documents/Codex/2026-09-18/r5_head/delivery/r5_head.py
docs/research/r5_invariance_head.md,run_local.py,/home/data3/txy/Documents/Codex/2026-09-18/r5_head/delivery/run_local.py
docs/research/r5_invariance_head.md,自包含head,/home/data3/txy/Documents/Codex/2026-09-18/r5_head/delivery/r5_head.py
docs/research/r5_invariance_head.md,真实模型适配器,/home/data3/txy/Documents/Codex/2026-09-18/r5_head/delivery/run_local.py
docs/research/r5_invariance_head.md,交付README,/home/data3/txy/Documents/Codex/2026-09-18/r5_head/delivery/README.md
docs/research/r5_invariance_head.md,回放收据,/home/data3/txy/Documents/Codex/2026-09-18/r5_head/delivery/replay.json
docs/research/r5_invariance_head.md,评分汇总,/home/data3/txy/Documents/Codex/2026-09-18/r5_head/delivery/summary.json
docs/research/r5_invariance_head.md,执行报告,/home/data3/txy/Documents/Codex/2026-09-18/r5_head/delivery/replay_and_score.md
docs/research/r5_invariance_head.md,成本台账,/home/data3/txy/Documents/Codex/2026-09-18/r5_head/delivery/cost_ledger.md
docs/research/r5_invariance_head.md,独立检测汇总,/home/data3/txy/Documents/Codex/2026-09-18/r5_head/delivery/detection_summary.json
docs/research/r5_invariance_head.md,数据主记录,/home/data3/txy/docs/data/construction.md
docs/research/r5_invariance_head.md,文献附件,/home/data3/txy/Documents/Codex/2026-09-18/r5_head/mechanism_research/literature.md
docs/research/r5_invariance_head.md,语义审阅,/home/data3/txy/Documents/Codex/2026-09-18/r5_head/mechanism_research/error_cases.md
docs/research/r5_invariance_head.md,数据主记录,/home/data3/txy/docs/data/construction.md#r5-mechanism-confirmation-data
docs/research/r5_invariance_head.md,数据记录,/home/data3/txy/docs/data/construction.md#r5-mechanism-m20-reference-question
docs/research/r5_invariance_head.md,quote_pilot/summary.json,/home/data3/txy/Documents/Codex/2026-09-18/r5_head/mechanism_research/quote_pilot/summary.json
docs/research/r5_invariance_head.md,identical_request_audit.json,/home/data3/txy/Documents/Codex/2026-09-18/r5_head/mechanism_research/quote_pilot/identical_request_audit.json
docs/research/r5_invariance_head.md,非NLI审核,/home/data3/txy/Documents/Codex/2026-09-18/r5_head/mechanism_research/pilot/semantic_review/review.md
docs/research/r5_invariance_head.md,NLI审核,/home/data3/txy/Documents/Codex/2026-09-18/r5_head/mechanism_research/pilot/nli_support_audit.md
docs/research/r5_invariance_head.md,旧训练可行性核查,/home/data3/txy/Documents/Codex/2026-09-18/r5_head/mechanism_research/training_feasibility.md
docs/research/r5_invariance_head.md,独立审查,/home/data3/txy/Documents/Codex/2026-09-18/r5_head/mechanism_research/learned_json_pilot/independent_review.md
docs/research/r5_invariance_head.md,语义对齐控制,/home/data3/txy/Documents/Codex/2026-09-18/r5_head/mechanism_research/learned_json_pilot/semantic_alignment_control/README.md
docs/research/r5_invariance_head.md,固定NLI语义读出,/home/data3/txy/Documents/Codex/2026-09-18/r5_head/mechanism_research/learned_json_pilot/native_nli_probe/README.md
docs/research/r5_invariance_head.md,成对最差端控制,/home/data3/txy/Documents/Codex/2026-09-18/r5_head/mechanism_research/learned_json_pilot/paired_worst_control/README.md
docs/research/r5_invariance_head.md,来源取得,/home/data3/txy/docs/data/sources.md#r5-bionli-supervision-source
docs/research/r5_invariance_head.md,数据防泄漏,/home/data3/txy/docs/data/construction.md#r5-bionli-supervision-construction
docs/research/r5_invariance_head.md,构建记录,/home/data3/txy/docs/data/construction.md#r5-nli-premise-support-questions
docs/research/r5_invariance_head.md,数据主记录,/home/data3/txy/docs/data/construction.md#r5-bionli-supervision-construction
docs/research/r5_invariance_head.md,独立论文主张审查,/home/data3/txy/Documents/Codex/2026-09-18/r5_head/mechanism_research/method_claim_review.md
docs/research/r5_invariance_head.md,数据构建记录,/home/data3/txy/docs/data/construction.md#r5-nli-premise-support-questions
docs/research/r5_invariance_head.md,数据主记录,/home/data3/txy/docs/data/construction.md#r5-synthetic-premise-sensitivity
docs/research/r5_invariance_head.md,来源记录,/home/data3/txy/docs/data/sources.md#r5-cad-premise-supervision-source
docs/research/r5_invariance_head.md,资格记录,/home/data3/txy/docs/data/construction.md#r5-cad-premise-supervision-qualification
docs/research/r5_invariance_head.md,资格记录,/home/data3/txy/docs/data/construction.md#r5-cad-premise-supervision-qualification
docs/research/r5_invariance_head.md,当前R5可见对话全文,/home/data3/txy/Documents/Codex/2026-09-18/r5_head/history/checkpoint_20260918_2022/r5_current_visible.md
docs/research/r5_invariance_head.md,平台生命周期事件,/home/data3/txy/Documents/Codex/2026-09-18/r5_head/history/checkpoint_20260918_2022/r5_current_lifecycle.json
docs/research/r5_invariance_head.md,R1,/home/data3/txy/Documents/Codex/2026-09-18/r5_head/history/checkpoint_20260918_2022/r1_visible.md
docs/research/r5_invariance_head.md,R1/R2审计,/home/data3/txy/Documents/Codex/2026-09-18/r5_head/history/checkpoint_20260918_2022/r2_audit_visible.md
docs/research/r5_invariance_head.md,R2/R3长探索,/home/data3/txy/Documents/Codex/2026-09-18/r5_head/history/checkpoint_20260918_2022/r3_long_visible.md
docs/research/r5_invariance_head.md,R4,/home/data3/txy/Documents/Codex/2026-09-18/r5_head/history/checkpoint_20260918_2022/r4_visible.md
docs/research/r5_invariance_head.md,导出manifest,/home/data3/txy/Documents/Codex/2026-09-18/r5_head/history/checkpoint_20260918_2022/conversation_manifest.json
docs/research/r5_invariance_head.md,来源,/home/data3/txy/docs/data/sources.md#r5-cad-premise-supervision-source
docs/research/r5_invariance_head.md,资格,/home/data3/txy/docs/data/construction.md#r5-cad-premise-supervision-qualification
docs/research/r5_invariance_head.md,数据主记录,/home/data3/txy/docs/data/construction.md#r5-cad-premise-supervision-qualification
docs/research/r5_invariance_head.md,制品清单,/home/data3/txy/Documents/Codex/2026-09-18/r5_head/history/checkpoint_20260918_2022/artifact_inventory.json
