cycle,panel,method,arm,request_id,correct,native_valid,run_status,native_mapping_count,method_score,actual_adjudication,proposal_delivered,modified_answer,repair_attempted,failure_type,warnings,origin,source_file,source_line
cycle1,cached_smoke_review,M4,baseline,d00000,True,True,,1,scored,,,,,,,,cached_review/control_scores/per_input_status.jsonl,1
cycle1,cached_smoke_review,M4,targeted_reanswer,d00000,False,True,,1,scored,,,,,,,,cached_review/control_scores/per_input_status.jsonl,2
cycle1,cached_smoke_review,M4,delta_adjudication,d00000,True,True,,1,scored,,,,,,,,cached_review/control_scores/per_input_status.jsonl,3
cycle1,cached_smoke_review,M4,unconditional_reanswer,d00000,False,True,,1,scored,,,,,,,,cached_review/control_scores/per_input_status.jsonl,4
cycle1,cached_smoke_review,M4,baseline,d00001,True,True,,1,scored,,,,,,,,cached_review/control_scores/per_input_status.jsonl,5
cycle1,cached_smoke_review,M4,targeted_reanswer,d00001,True,True,,1,scored,,,,,,,,cached_review/control_scores/per_input_status.jsonl,6
cycle1,cached_smoke_review,M4,delta_adjudication,d00001,True,True,,1,scored,,,,,,,,cached_review/control_scores/per_input_status.jsonl,7
cycle1,cached_smoke_review,M4,unconditional_reanswer,d00001,True,True,,1,scored,,,,,,,,cached_review/control_scores/per_input_status.jsonl,8
cycle1,cached_smoke_review,M4,baseline,d00003,True,True,,1,scored,,,,,,,,cached_review/control_scores/per_input_status.jsonl,9
cycle1,cached_smoke_review,M4,targeted_reanswer,d00003,True,True,,1,scored,,,,,,,,cached_review/control_scores/per_input_status.jsonl,10
cycle1,cached_smoke_review,M4,delta_adjudication,d00003,True,True,,1,scored,,,,,,,,cached_review/control_scores/per_input_status.jsonl,11
cycle1,cached_smoke_review,M4,unconditional_reanswer,d00003,True,True,,1,scored,,,,,,,,cached_review/control_scores/per_input_status.jsonl,12
cycle1,cached_smoke_review,M5,baseline,d00000,True,True,,1,scored,,,,,,,,cached_review/control_scores/per_input_status.jsonl,13
cycle1,cached_smoke_review,M5,targeted_reanswer,d00000,True,True,,1,scored,,,,,,,,cached_review/control_scores/per_input_status.jsonl,14
cycle1,cached_smoke_review,M5,delta_adjudication,d00000,True,True,,1,scored,,,,,,,,cached_review/control_scores/per_input_status.jsonl,15
cycle1,cached_smoke_review,M5,unconditional_reanswer,d00000,True,True,,1,scored,,,,,,,,cached_review/control_scores/per_input_status.jsonl,16
cycle1,cached_smoke_review,M5,baseline,d00001,True,True,,1,scored,,,,,,,,cached_review/control_scores/per_input_status.jsonl,17
cycle1,cached_smoke_review,M5,targeted_reanswer,d00001,True,True,,1,scored,,,,,,,,cached_review/control_scores/per_input_status.jsonl,18
cycle1,cached_smoke_review,M5,delta_adjudication,d00001,True,True,,1,scored,,,,,,,,cached_review/control_scores/per_input_status.jsonl,19
cycle1,cached_smoke_review,M5,unconditional_reanswer,d00001,True,True,,1,scored,,,,,,,,cached_review/control_scores/per_input_status.jsonl,20
cycle1,cached_smoke_review,M5,baseline,d00003,True,True,,1,scored,,,,,,,,cached_review/control_scores/per_input_status.jsonl,21
cycle1,cached_smoke_review,M5,targeted_reanswer,d00003,True,True,,1,scored,,,,,,,,cached_review/control_scores/per_input_status.jsonl,22
cycle1,cached_smoke_review,M5,delta_adjudication,d00003,True,True,,1,scored,,,,,,,,cached_review/control_scores/per_input_status.jsonl,23
cycle1,cached_smoke_review,M5,unconditional_reanswer,d00003,True,True,,1,scored,,,,,,,,cached_review/control_scores/per_input_status.jsonl,24
cycle1,quality34,M4,baseline,d00000,True,True,cached_baseline,1,scored,False,False,False,False,,0,saved_cache,quality34/results/per_input_status.jsonl,1
cycle1,quality34,M4,baseline,d00001,True,True,cached_baseline,1,scored,False,False,False,False,,0,saved_cache,quality34/results/per_input_status.jsonl,2
cycle1,quality34,M4,baseline,d00003,True,True,cached_baseline,1,scored,False,False,False,False,,0,saved_cache,quality34/results/per_input_status.jsonl,3
cycle1,quality34,M4,baseline,d00004,False,True,cached_baseline,1,scored,False,False,False,False,,0,saved_cache,quality34/results/per_input_status.jsonl,4
cycle1,quality34,M4,baseline,d00005,True,True,cached_baseline,1,scored,False,False,False,False,,0,saved_cache,quality34/results/per_input_status.jsonl,5
cycle1,quality34,M4,baseline,d00006,True,True,cached_baseline,1,scored,False,False,False,False,,0,saved_cache,quality34/results/per_input_status.jsonl,6
cycle1,quality34,M4,baseline,d00008,False,True,cached_baseline,1,scored,False,False,False,False,,0,saved_cache,quality34/results/per_input_status.jsonl,7
cycle1,quality34,M4,baseline,d00009,True,True,cached_baseline,1,scored,False,False,False,False,,0,saved_cache,quality34/results/per_input_status.jsonl,8
cycle1,quality34,M4,baseline,d00011,False,True,cached_baseline,1,scored,False,False,False,False,,0,saved_cache,quality34/results/per_input_status.jsonl,9
cycle1,quality34,M4,baseline,d00013,True,True,cached_baseline,1,scored,False,False,False,False,,0,saved_cache,quality34/results/per_input_status.jsonl,10
cycle1,quality34,M4,baseline,d00014,True,True,cached_baseline,1,scored,False,False,False,False,,0,saved_cache,quality34/results/per_input_status.jsonl,11
cycle1,quality34,M4,baseline,d00023,True,True,cached_baseline,1,scored,False,False,False,False,,0,saved_cache,quality34/results/per_input_status.jsonl,12
cycle1,quality34,M4,baseline,d00032,False,True,cached_baseline,1,scored,False,False,False,False,,0,saved_cache,quality34/results/per_input_status.jsonl,13
cycle1,quality34,M4,baseline,d00038,True,True,cached_baseline,1,scored,False,False,False,False,,0,saved_cache,quality34/results/per_input_status.jsonl,14
cycle1,quality34,M4,baseline,d00040,False,True,cached_baseline,1,scored,False,False,False,False,,0,saved_cache,quality34/results/per_input_status.jsonl,15
cycle1,quality34,M4,baseline,d00043,True,True,cached_baseline,1,scored,False,False,False,False,,0,saved_cache,quality34/results/per_input_status.jsonl,16
cycle1,quality34,M4,baseline,d00051,False,True,cached_baseline,1,scored,False,False,False,False,,0,saved_cache,quality34/results/per_input_status.jsonl,17
cycle1,quality34,M4,baseline,d00052,True,True,cached_baseline,1,scored,False,False,False,False,,0,saved_cache,quality34/results/per_input_status.jsonl,18
cycle1,quality34,M4,baseline,d00063,False,True,cached_baseline,1,scored,False,False,False,False,,0,saved_cache,quality34/results/per_input_status.jsonl,19
cycle1,quality34,M4,baseline,d00064,True,True,cached_baseline,1,scored,False,False,False,False,,0,saved_cache,quality34/results/per_input_status.jsonl,20
cycle1,quality34,M4,baseline,d00070,False,True,cached_baseline,1,scored,False,False,False,False,,0,saved_cache,quality34/results/per_input_status.jsonl,21
cycle1,quality34,M4,baseline,d00071,False,True,cached_baseline,1,scored,False,False,False,False,,0,saved_cache,quality34/results/per_input_status.jsonl,22
cycle1,quality34,M4,baseline,d00073,True,True,cached_baseline,1,scored,False,False,False,False,,0,saved_cache,quality34/results/per_input_status.jsonl,23
cycle1,quality34,M4,baseline,d00080,True,True,cached_baseline,1,scored,False,False,False,False,,0,saved_cache,quality34/results/per_input_status.jsonl,24
cycle1,quality34,M4,baseline,d00083,True,True,cached_baseline,1,scored,False,False,False,False,,0,saved_cache,quality34/results/per_input_status.jsonl,25
cycle1,quality34,M4,baseline,d00091,True,True,cached_baseline,1,scored,False,False,False,False,,0,saved_cache,quality34/results/per_input_status.jsonl,26
cycle1,quality34,M4,baseline,d00095,True,True,cached_baseline,1,scored,False,False,False,False,,0,saved_cache,quality34/results/per_input_status.jsonl,27
cycle1,quality34,M4,baseline,d00099,True,True,cached_baseline,1,scored,False,False,False,False,,0,saved_cache,quality34/results/per_input_status.jsonl,28
cycle1,quality34,M4,baseline,d00101,False,True,cached_baseline,1,scored,False,False,False,False,,0,saved_cache,quality34/results/per_input_status.jsonl,29
cycle1,quality34,M4,baseline,d00103,True,True,cached_baseline,1,scored,False,False,False,False,,0,saved_cache,quality34/results/per_input_status.jsonl,30
cycle1,quality34,M4,baseline,d00104,True,True,cached_baseline,1,scored,False,False,False,False,,0,saved_cache,quality34/results/per_input_status.jsonl,31
cycle1,quality34,M4,baseline,d00108,True,True,cached_baseline,1,scored,False,False,False,False,,0,saved_cache,quality34/results/per_input_status.jsonl,32
cycle1,quality34,M4,baseline,d00112,True,True,cached_baseline,4,scored,False,False,False,False,,0,saved_cache,quality34/results/per_input_status.jsonl,33
cycle1,quality34,M4,baseline,d00117,True,True,cached_baseline,1,scored,False,False,False,False,,0,saved_cache,quality34/results/per_input_status.jsonl,34
cycle1,quality34,M4,baseline,d00118,True,True,cached_baseline,1,scored,False,False,False,False,,0,saved_cache,quality34/results/per_input_status.jsonl,35
cycle1,quality34,M4,saved_a1_adjudication,d00000,,False,unavailable,1,not_scored,True,True,False,True,native_output_invalid_after_one_repair,0,current_run,quality34/results/per_input_status.jsonl,36
cycle1,quality34,M4,saved_a1_adjudication,d00001,True,True,complete,1,scored,True,True,False,False,,0,current_run,quality34/results/per_input_status.jsonl,37
cycle1,quality34,M4,saved_a1_adjudication,d00003,True,True,complete,1,scored,True,True,False,False,,0,current_run,quality34/results/per_input_status.jsonl,38
cycle1,quality34,M4,targeted_reanswer,d00000,True,True,complete,1,scored,True,True,False,False,,1,current_run,quality34/results/per_input_status.jsonl,39
cycle1,quality34,M4,targeted_reanswer,d00003,True,True,complete,1,scored,True,True,False,False,,0,current_run,quality34/results/per_input_status.jsonl,40
cycle1,quality34,M4,targeted_reanswer,d00004,False,True,complete,1,scored,True,True,False,False,,0,current_run,quality34/results/per_input_status.jsonl,41
cycle1,quality34,M4,targeted_reanswer,d00005,True,True,complete,1,scored,True,True,False,False,,0,current_run,quality34/results/per_input_status.jsonl,42
cycle1,quality34,M4,targeted_reanswer,d00006,True,True,complete,1,scored,True,True,False,False,,0,current_run,quality34/results/per_input_status.jsonl,43
cycle1,quality34,M4,targeted_reanswer,d00008,False,True,complete,1,scored,True,True,True,False,,0,current_run,quality34/results/per_input_status.jsonl,44
cycle1,quality34,M4,targeted_reanswer,d00009,True,True,complete,1,scored,True,True,False,False,,0,current_run,quality34/results/per_input_status.jsonl,45
cycle1,quality34,M4,targeted_reanswer,d00011,False,True,complete,1,scored,True,True,False,False,,0,current_run,quality34/results/per_input_status.jsonl,46
cycle1,quality34,M4,targeted_reanswer,d00013,True,True,complete,1,scored,True,True,False,False,,1,current_run,quality34/results/per_input_status.jsonl,47
cycle1,quality34,M4,targeted_reanswer,d00014,True,True,complete,1,scored,True,True,False,False,,0,current_run,quality34/results/per_input_status.jsonl,48
cycle1,quality34,M4,targeted_reanswer,d00023,False,True,complete,1,scored,True,True,True,False,,0,current_run,quality34/results/per_input_status.jsonl,49
cycle1,quality34,M4,targeted_reanswer,d00032,False,True,complete,1,scored,True,True,False,False,,0,current_run,quality34/results/per_input_status.jsonl,50
cycle1,quality34,M4,targeted_reanswer,d00038,True,True,complete,1,scored,True,True,False,False,,0,current_run,quality34/results/per_input_status.jsonl,51
cycle1,quality34,M4,targeted_reanswer,d00040,False,True,complete,1,scored,True,True,False,False,,0,current_run,quality34/results/per_input_status.jsonl,52
cycle1,quality34,M4,targeted_reanswer,d00043,True,True,complete,1,scored,True,True,False,False,,0,current_run,quality34/results/per_input_status.jsonl,53
cycle1,quality34,M4,targeted_reanswer,d00051,False,True,complete,1,scored,True,True,True,False,,0,current_run,quality34/results/per_input_status.jsonl,54
cycle1,quality34,M4,targeted_reanswer,d00052,True,True,complete,1,scored,True,True,False,False,,0,current_run,quality34/results/per_input_status.jsonl,55
cycle1,quality34,M4,targeted_reanswer,d00063,False,True,complete,1,scored,True,True,False,False,,0,current_run,quality34/results/per_input_status.jsonl,56
cycle1,quality34,M4,targeted_reanswer,d00064,True,True,complete,1,scored,True,True,False,False,,0,current_run,quality34/results/per_input_status.jsonl,57
cycle1,quality34,M4,targeted_reanswer,d00070,True,True,complete,1,scored,True,True,True,False,,1,current_run,quality34/results/per_input_status.jsonl,58
cycle1,quality34,M4,targeted_reanswer,d00071,False,True,complete,1,scored,True,True,False,False,,0,current_run,quality34/results/per_input_status.jsonl,59
cycle1,quality34,M4,targeted_reanswer,d00073,True,True,complete,1,scored,True,True,False,False,,0,current_run,quality34/results/per_input_status.jsonl,60
cycle1,quality34,M4,targeted_reanswer,d00080,True,True,complete,1,scored,True,True,False,False,,0,current_run,quality34/results/per_input_status.jsonl,61
cycle1,quality34,M4,targeted_reanswer,d00083,True,True,complete,1,scored,True,True,False,False,,0,current_run,quality34/results/per_input_status.jsonl,62
cycle1,quality34,M4,targeted_reanswer,d00091,True,True,complete,1,scored,True,True,False,False,,0,current_run,quality34/results/per_input_status.jsonl,63
cycle1,quality34,M4,targeted_reanswer,d00095,False,True,complete,1,scored,True,True,True,False,,0,current_run,quality34/results/per_input_status.jsonl,64
cycle1,quality34,M4,targeted_reanswer,d00099,True,True,complete,1,scored,True,True,False,False,,0,current_run,quality34/results/per_input_status.jsonl,65
cycle1,quality34,M4,targeted_reanswer,d00101,False,True,complete,1,scored,True,True,False,False,,0,current_run,quality34/results/per_input_status.jsonl,66
cycle1,quality34,M4,targeted_reanswer,d00103,False,True,complete,1,scored,True,True,True,False,,0,current_run,quality34/results/per_input_status.jsonl,67
cycle1,quality34,M4,targeted_reanswer,d00104,True,True,complete,1,scored,True,True,False,False,,0,current_run,quality34/results/per_input_status.jsonl,68
cycle1,quality34,M4,targeted_reanswer,d00108,True,True,complete,1,scored,True,True,False,False,,0,current_run,quality34/results/per_input_status.jsonl,69
cycle1,quality34,M4,targeted_reanswer,d00112,True,True,complete,4,scored,True,True,False,False,,0,current_run,quality34/results/per_input_status.jsonl,70
cycle1,quality34,M4,targeted_reanswer,d00117,False,True,complete,1,scored,True,True,True,False,,0,current_run,quality34/results/per_input_status.jsonl,71
cycle1,quality34,M4,targeted_reanswer,d00118,True,True,complete,1,scored,True,True,False,False,,0,current_run,quality34/results/per_input_status.jsonl,72
cycle1,quality34,M4,a1_visible_B,d00000,False,True,complete,1,scored,True,True,True,False,,0,current_run,quality34/results/per_input_status.jsonl,73
cycle1,quality34,M4,a1_visible_B,d00003,True,True,complete,1,scored,True,True,False,False,,0,current_run,quality34/results/per_input_status.jsonl,74
cycle1,quality34,M4,a1_visible_B,d00004,False,True,complete,1,scored,True,True,False,False,,0,current_run,quality34/results/per_input_status.jsonl,75
cycle1,quality34,M4,a1_visible_B,d00005,True,True,complete,1,scored,True,True,False,False,,0,current_run,quality34/results/per_input_status.jsonl,76
cycle1,quality34,M4,a1_visible_B,d00006,True,True,complete,1,scored,True,True,False,False,,0,current_run,quality34/results/per_input_status.jsonl,77
cycle1,quality34,M4,a1_visible_B,d00008,False,True,complete,1,scored,True,True,True,False,,0,current_run,quality34/results/per_input_status.jsonl,78
cycle1,quality34,M4,a1_visible_B,d00009,True,True,complete,1,scored,True,True,False,False,,0,current_run,quality34/results/per_input_status.jsonl,79
cycle1,quality34,M4,a1_visible_B,d00011,False,True,complete,1,scored,True,True,False,False,,0,current_run,quality34/results/per_input_status.jsonl,80
cycle1,quality34,M4,a1_visible_B,d00013,True,True,complete,1,scored,True,True,False,False,,0,current_run,quality34/results/per_input_status.jsonl,81
cycle1,quality34,M4,a1_visible_B,d00014,True,True,complete,1,scored,True,True,False,False,,0,current_run,quality34/results/per_input_status.jsonl,82
cycle1,quality34,M4,a1_visible_B,d00023,False,True,complete,1,scored,True,True,True,False,,0,current_run,quality34/results/per_input_status.jsonl,83
cycle1,quality34,M4,a1_visible_B,d00032,False,True,complete,1,scored,True,True,False,False,,0,current_run,quality34/results/per_input_status.jsonl,84
cycle1,quality34,M4,a1_visible_B,d00038,True,True,complete,1,scored,True,True,False,False,,0,current_run,quality34/results/per_input_status.jsonl,85
cycle1,quality34,M4,a1_visible_B,d00040,False,True,complete,1,scored,True,True,False,False,,0,current_run,quality34/results/per_input_status.jsonl,86
cycle1,quality34,M4,a1_visible_B,d00043,True,True,complete,1,scored,True,True,False,False,,0,current_run,quality34/results/per_input_status.jsonl,87
cycle1,quality34,M4,a1_visible_B,d00051,False,True,complete,1,scored,True,True,False,False,,0,current_run,quality34/results/per_input_status.jsonl,88
cycle1,quality34,M4,a1_visible_B,d00052,True,True,complete,1,scored,True,True,False,False,,0,current_run,quality34/results/per_input_status.jsonl,89
cycle1,quality34,M4,a1_visible_B,d00063,False,True,complete,1,scored,True,True,True,False,,0,current_run,quality34/results/per_input_status.jsonl,90
cycle1,quality34,M4,a1_visible_B,d00064,True,True,complete,1,scored,True,True,False,False,,0,current_run,quality34/results/per_input_status.jsonl,91
cycle1,quality34,M4,a1_visible_B,d00070,False,True,complete,1,scored,True,True,False,False,,0,current_run,quality34/results/per_input_status.jsonl,92
cycle1,quality34,M4,a1_visible_B,d00071,False,True,complete,1,scored,True,True,False,False,,0,current_run,quality34/results/per_input_status.jsonl,93
cycle1,quality34,M4,a1_visible_B,d00073,True,True,complete,1,scored,True,True,False,False,,0,current_run,quality34/results/per_input_status.jsonl,94
cycle1,quality34,M4,a1_visible_B,d00080,True,True,complete,1,scored,True,True,False,False,,0,current_run,quality34/results/per_input_status.jsonl,95
cycle1,quality34,M4,a1_visible_B,d00083,True,True,complete,1,scored,True,True,False,False,,0,current_run,quality34/results/per_input_status.jsonl,96
cycle1,quality34,M4,a1_visible_B,d00091,True,True,complete,1,scored,True,True,False,False,,0,current_run,quality34/results/per_input_status.jsonl,97
cycle1,quality34,M4,a1_visible_B,d00095,False,True,complete,1,scored,True,True,True,False,,0,current_run,quality34/results/per_input_status.jsonl,98
cycle1,quality34,M4,a1_visible_B,d00099,True,True,complete,1,scored,True,True,False,False,,0,current_run,quality34/results/per_input_status.jsonl,99
cycle1,quality34,M4,a1_visible_B,d00101,False,True,complete,1,scored,True,True,False,False,,0,current_run,quality34/results/per_input_status.jsonl,100
cycle1,quality34,M4,a1_visible_B,d00103,,False,unavailable,1,not_scored,True,True,False,True,native_output_invalid_after_one_repair,0,current_run,quality34/results/per_input_status.jsonl,101
cycle1,quality34,M4,a1_visible_B,d00104,True,True,complete,1,scored,True,True,False,False,,0,current_run,quality34/results/per_input_status.jsonl,102
cycle1,quality34,M4,a1_visible_B,d00108,True,True,complete,1,scored,True,True,False,False,,0,current_run,quality34/results/per_input_status.jsonl,103
cycle1,quality34,M4,a1_visible_B,d00112,True,True,complete,4,scored,True,True,False,False,,0,current_run,quality34/results/per_input_status.jsonl,104
cycle1,quality34,M4,a1_visible_B,d00117,False,True,complete,1,scored,True,True,True,False,,0,current_run,quality34/results/per_input_status.jsonl,105
cycle1,quality34,M4,a1_visible_B,d00118,True,True,complete,1,scored,True,True,False,False,,0,current_run,quality34/results/per_input_status.jsonl,106
cycle1,quality34,M4,a1_hidden_B,d00000,,False,unavailable,1,not_scored,True,True,False,True,native_output_invalid_after_one_repair,0,current_run,quality34/results/per_input_status.jsonl,107
cycle1,quality34,M4,a1_hidden_B,d00003,True,True,complete,1,scored,True,True,False,False,,0,current_run,quality34/results/per_input_status.jsonl,108
cycle1,quality34,M4,a1_hidden_B,d00004,False,True,complete,1,scored,True,True,False,False,,0,current_run,quality34/results/per_input_status.jsonl,109
cycle1,quality34,M4,a1_hidden_B,d00005,True,True,complete,1,scored,True,True,False,False,,0,current_run,quality34/results/per_input_status.jsonl,110
cycle1,quality34,M4,a1_hidden_B,d00006,True,True,complete,1,scored,True,True,False,False,,0,current_run,quality34/results/per_input_status.jsonl,111
cycle1,quality34,M4,a1_hidden_B,d00008,False,True,complete,1,scored,True,True,True,False,,0,current_run,quality34/results/per_input_status.jsonl,112
cycle1,quality34,M4,a1_hidden_B,d00009,True,True,complete,1,scored,True,True,False,False,,0,current_run,quality34/results/per_input_status.jsonl,113
cycle1,quality34,M4,a1_hidden_B,d00011,False,True,complete,1,scored,True,True,False,False,,0,current_run,quality34/results/per_input_status.jsonl,114
cycle1,quality34,M4,readout_free,d00000,True,True,complete,1,scored,True,True,False,False,,1,current_run,quality34/results/per_input_status.jsonl,115
cycle1,quality34,M4,readout_free,d00003,True,True,complete,1,scored,True,True,False,False,,1,current_run,quality34/results/per_input_status.jsonl,116
cycle1,quality34,M4,readout_free,d00004,False,True,complete,1,scored,True,True,False,False,,1,current_run,quality34/results/per_input_status.jsonl,117
cycle1,quality34,M4,readout_free,d00005,True,True,complete,1,scored,True,True,False,False,,1,current_run,quality34/results/per_input_status.jsonl,118
cycle1,quality34,M4,readout_free,d00006,True,True,complete,1,scored,True,True,False,False,,1,current_run,quality34/results/per_input_status.jsonl,119
cycle1,quality34,M4,readout_free,d00008,False,True,complete,1,scored,True,True,True,False,,1,current_run,quality34/results/per_input_status.jsonl,120
cycle1,quality34,M4,readout_free,d00009,True,True,complete,1,scored,True,True,False,False,,1,current_run,quality34/results/per_input_status.jsonl,121
cycle1,quality34,M4,readout_free,d00011,False,True,complete,1,scored,True,True,False,False,,1,current_run,quality34/results/per_input_status.jsonl,122
cycle1,quality34,M4,readout_free,d00013,True,True,complete,1,scored,True,True,False,False,,1,current_run,quality34/results/per_input_status.jsonl,123
cycle1,quality34,M4,readout_free,d00014,True,True,complete,1,scored,True,True,False,False,,1,current_run,quality34/results/per_input_status.jsonl,124
cycle1,quality34,M4,readout_free,d00023,True,True,complete,1,scored,True,True,False,False,,1,current_run,quality34/results/per_input_status.jsonl,125
cycle1,quality34,M4,readout_free,d00032,False,True,complete,1,scored,True,True,False,False,,1,current_run,quality34/results/per_input_status.jsonl,126
cycle1,quality34,M4,readout_free,d00038,True,True,complete,1,scored,True,True,False,False,,1,current_run,quality34/results/per_input_status.jsonl,127
cycle1,quality34,M4,readout_free,d00040,False,True,complete,1,scored,True,True,False,False,,1,current_run,quality34/results/per_input_status.jsonl,128
cycle1,quality34,M4,readout_free,d00043,True,True,complete,1,scored,True,True,False,False,,1,current_run,quality34/results/per_input_status.jsonl,129
cycle1,quality34,M4,readout_free,d00051,False,True,complete,1,scored,True,True,False,False,,1,current_run,quality34/results/per_input_status.jsonl,130
cycle1,quality34,M4,readout_free,d00052,True,True,complete,1,scored,True,True,False,False,,1,current_run,quality34/results/per_input_status.jsonl,131
cycle1,quality34,M4,readout_free,d00063,False,True,complete,1,scored,True,True,False,False,,1,current_run,quality34/results/per_input_status.jsonl,132
cycle1,quality34,M4,readout_free,d00064,True,True,complete,1,scored,True,True,False,False,,1,current_run,quality34/results/per_input_status.jsonl,133
cycle1,quality34,M4,readout_free,d00070,True,True,complete,1,scored,True,True,True,False,,1,current_run,quality34/results/per_input_status.jsonl,134
cycle1,quality34,M4,readout_free,d00071,False,True,complete,1,scored,True,True,False,False,,1,current_run,quality34/results/per_input_status.jsonl,135
cycle1,quality34,M4,readout_free,d00073,True,True,complete,1,scored,True,True,False,False,,1,current_run,quality34/results/per_input_status.jsonl,136
cycle1,quality34,M4,readout_free,d00080,True,True,complete,1,scored,True,True,False,False,,1,current_run,quality34/results/per_input_status.jsonl,137
cycle1,quality34,M4,readout_free,d00083,True,True,complete,1,scored,True,True,False,False,,1,current_run,quality34/results/per_input_status.jsonl,138
cycle1,quality34,M4,readout_free,d00091,True,True,complete,1,scored,True,True,False,False,,1,current_run,quality34/results/per_input_status.jsonl,139
cycle1,quality34,M4,readout_free,d00095,True,True,complete,1,scored,True,True,False,False,,1,current_run,quality34/results/per_input_status.jsonl,140
cycle1,quality34,M4,readout_free,d00099,True,True,complete,1,scored,True,True,False,False,,1,current_run,quality34/results/per_input_status.jsonl,141
cycle1,quality34,M4,readout_free,d00101,False,True,complete,1,scored,True,True,False,False,,1,current_run,quality34/results/per_input_status.jsonl,142
cycle1,quality34,M4,readout_free,d00103,False,True,complete,1,scored,True,True,True,False,,1,current_run,quality34/results/per_input_status.jsonl,143
cycle1,quality34,M4,readout_free,d00104,True,True,complete,1,scored,True,True,False,False,,1,current_run,quality34/results/per_input_status.jsonl,144
cycle1,quality34,M4,readout_free,d00108,True,True,complete,1,scored,True,True,False,False,,1,current_run,quality34/results/per_input_status.jsonl,145
cycle1,quality34,M4,readout_free,d00112,True,True,complete,4,scored,True,True,False,False,,1,current_run,quality34/results/per_input_status.jsonl,146
cycle1,quality34,M4,readout_free,d00117,True,True,complete,1,scored,True,True,False,False,,1,current_run,quality34/results/per_input_status.jsonl,147
cycle1,quality34,M4,readout_free,d00118,True,True,complete,1,scored,True,True,False,False,,1,current_run,quality34/results/per_input_status.jsonl,148
cycle1,quality34,M4,readout_short,d00000,,False,unavailable,1,not_scored,True,True,False,True,native_output_invalid_after_one_repair,1,current_run,quality34/results/per_input_status.jsonl,149
cycle1,quality34,M4,readout_short,d00003,True,True,complete,1,scored,True,True,False,False,,1,current_run,quality34/results/per_input_status.jsonl,150
cycle1,quality34,M4,readout_short,d00004,False,True,complete,1,scored,True,True,False,False,,1,current_run,quality34/results/per_input_status.jsonl,151
cycle1,quality34,M4,readout_short,d00005,True,True,complete,1,scored,True,True,False,False,,1,current_run,quality34/results/per_input_status.jsonl,152
cycle1,quality34,M4,readout_short,d00006,True,True,complete,1,scored,True,True,False,False,,1,current_run,quality34/results/per_input_status.jsonl,153
cycle1,quality34,M4,readout_short,d00008,False,True,complete,1,scored,True,True,True,False,,1,current_run,quality34/results/per_input_status.jsonl,154
cycle1,quality34,M4,readout_short,d00009,True,True,complete,1,scored,True,True,False,False,,1,current_run,quality34/results/per_input_status.jsonl,155
cycle1,quality34,M4,readout_short,d00011,False,True,complete,1,scored,True,True,False,False,,1,current_run,quality34/results/per_input_status.jsonl,156
cycle1,quality34,M4,readout_short,d00013,True,True,complete,1,scored,True,True,False,False,,1,current_run,quality34/results/per_input_status.jsonl,157
cycle1,quality34,M4,readout_short,d00014,True,True,complete,1,scored,True,True,False,False,,1,current_run,quality34/results/per_input_status.jsonl,158
cycle1,quality34,M4,readout_short,d00023,True,True,complete,1,scored,True,True,False,False,,1,current_run,quality34/results/per_input_status.jsonl,159
cycle1,quality34,M4,readout_short,d00032,False,True,complete,1,scored,True,True,False,False,,1,current_run,quality34/results/per_input_status.jsonl,160
cycle1,quality34,M4,readout_short,d00038,True,True,complete,1,scored,True,True,False,False,,1,current_run,quality34/results/per_input_status.jsonl,161
cycle1,quality34,M4,readout_short,d00040,False,True,complete,1,scored,True,True,False,False,,1,current_run,quality34/results/per_input_status.jsonl,162
cycle1,quality34,M4,readout_short,d00043,True,True,complete,1,scored,True,True,False,False,,1,current_run,quality34/results/per_input_status.jsonl,163
cycle1,quality34,M4,readout_short,d00051,False,True,complete,1,scored,True,True,False,False,,1,current_run,quality34/results/per_input_status.jsonl,164
cycle1,quality34,M4,readout_short,d00052,True,True,complete,1,scored,True,True,False,False,,1,current_run,quality34/results/per_input_status.jsonl,165
cycle1,quality34,M4,readout_short,d00063,False,True,complete,1,scored,True,True,False,False,,1,current_run,quality34/results/per_input_status.jsonl,166
cycle1,quality34,M4,readout_short,d00064,True,True,complete,1,scored,True,True,False,False,,1,current_run,quality34/results/per_input_status.jsonl,167
cycle1,quality34,M4,readout_short,d00070,False,True,complete,1,scored,True,True,False,False,,1,current_run,quality34/results/per_input_status.jsonl,168
cycle1,quality34,M4,readout_short,d00071,False,True,complete,1,scored,True,True,False,False,,1,current_run,quality34/results/per_input_status.jsonl,169
cycle1,quality34,M4,readout_short,d00073,True,True,complete,1,scored,True,True,False,False,,1,current_run,quality34/results/per_input_status.jsonl,170
cycle1,quality34,M4,readout_short,d00080,True,True,complete,1,scored,True,True,False,False,,1,current_run,quality34/results/per_input_status.jsonl,171
cycle1,quality34,M4,readout_short,d00083,True,True,complete,1,scored,True,True,False,False,,1,current_run,quality34/results/per_input_status.jsonl,172
cycle1,quality34,M4,readout_short,d00091,True,True,complete,1,scored,True,True,False,False,,1,current_run,quality34/results/per_input_status.jsonl,173
cycle1,quality34,M4,readout_short,d00095,,False,unavailable,1,not_scored,True,True,False,True,native_output_invalid_after_one_repair,1,current_run,quality34/results/per_input_status.jsonl,174
cycle1,quality34,M4,readout_short,d00099,True,True,complete,1,scored,True,True,False,False,,1,current_run,quality34/results/per_input_status.jsonl,175
cycle1,quality34,M4,readout_short,d00101,False,True,complete,1,scored,True,True,False,False,,1,current_run,quality34/results/per_input_status.jsonl,176
cycle1,quality34,M4,readout_short,d00103,,False,unavailable,1,not_scored,True,True,False,True,native_output_invalid_after_one_repair,1,current_run,quality34/results/per_input_status.jsonl,177
cycle1,quality34,M4,readout_short,d00104,True,True,complete,1,scored,True,True,False,False,,1,current_run,quality34/results/per_input_status.jsonl,178
cycle1,quality34,M4,readout_short,d00108,True,True,complete,1,scored,True,True,False,False,,1,current_run,quality34/results/per_input_status.jsonl,179
cycle1,quality34,M4,readout_short,d00112,True,True,complete,4,scored,True,True,False,False,,1,current_run,quality34/results/per_input_status.jsonl,180
cycle1,quality34,M4,readout_short,d00117,True,True,complete,1,scored,True,True,False,False,,1,current_run,quality34/results/per_input_status.jsonl,181
cycle1,quality34,M4,readout_short,d00118,True,True,complete,1,scored,True,True,False,False,,1,current_run,quality34/results/per_input_status.jsonl,182
cycle1,quality34,M4,old_free_aggregate,d00000,False,True,complete,1,scored,False,False,True,False,,0,saved_cache,quality34/results/per_input_status.jsonl,183
cycle1,quality34,M4,old_free_aggregate,d00003,True,True,complete,1,scored,False,False,False,False,,0,saved_cache,quality34/results/per_input_status.jsonl,184
cycle1,quality34,M4,old_free_aggregate,d00004,False,True,complete,1,scored,False,False,False,False,,0,saved_cache,quality34/results/per_input_status.jsonl,185
cycle1,quality34,M4,old_free_aggregate,d00005,False,True,complete,1,scored,False,False,True,False,,0,saved_cache,quality34/results/per_input_status.jsonl,186
cycle1,quality34,M4,old_free_aggregate,d00006,True,True,complete,1,scored,False,False,False,False,,0,saved_cache,quality34/results/per_input_status.jsonl,187
cycle1,quality34,M4,old_free_aggregate,d00008,False,True,complete,1,scored,False,False,True,False,,0,saved_cache,quality34/results/per_input_status.jsonl,188
cycle1,quality34,M4,old_free_aggregate,d00009,True,True,complete,1,scored,False,False,False,False,,0,saved_cache,quality34/results/per_input_status.jsonl,189
cycle1,quality34,M4,old_free_aggregate,d00011,False,True,complete,1,scored,False,False,True,False,,0,saved_cache,quality34/results/per_input_status.jsonl,190
cycle1,quality34,M4,old_free_aggregate,d00013,True,True,complete,1,scored,False,False,False,False,,0,saved_cache,quality34/results/per_input_status.jsonl,191
cycle1,quality34,M4,old_free_aggregate,d00014,True,True,complete,1,scored,False,False,False,False,,0,saved_cache,quality34/results/per_input_status.jsonl,192
cycle1,quality34,M4,old_free_aggregate,d00023,True,True,complete,1,scored,False,False,False,False,,0,saved_cache,quality34/results/per_input_status.jsonl,193
cycle1,quality34,M4,old_free_aggregate,d00032,False,True,complete,1,scored,False,False,False,False,,0,saved_cache,quality34/results/per_input_status.jsonl,194
cycle1,quality34,M4,old_free_aggregate,d00038,True,True,complete,1,scored,False,False,False,False,,0,saved_cache,quality34/results/per_input_status.jsonl,195
cycle1,quality34,M4,old_free_aggregate,d00040,True,True,complete,1,scored,False,False,True,False,,0,saved_cache,quality34/results/per_input_status.jsonl,196
cycle1,quality34,M4,old_free_aggregate,d00043,True,True,complete,1,scored,False,False,False,False,,0,saved_cache,quality34/results/per_input_status.jsonl,197
cycle1,quality34,M4,old_free_aggregate,d00051,False,True,complete,1,scored,False,False,True,False,,0,saved_cache,quality34/results/per_input_status.jsonl,198
cycle1,quality34,M4,old_free_aggregate,d00052,True,True,complete,1,scored,False,False,False,False,,0,saved_cache,quality34/results/per_input_status.jsonl,199
cycle1,quality34,M4,old_free_aggregate,d00063,False,True,complete,1,scored,False,False,False,False,,0,saved_cache,quality34/results/per_input_status.jsonl,200
cycle1,quality34,M4,old_free_aggregate,d00064,True,True,complete,1,scored,False,False,False,False,,0,saved_cache,quality34/results/per_input_status.jsonl,201
cycle1,quality34,M4,old_free_aggregate,d00070,True,True,complete,1,scored,False,False,True,False,,0,saved_cache,quality34/results/per_input_status.jsonl,202
cycle1,quality34,M4,old_free_aggregate,d00071,False,True,complete,1,scored,False,False,False,False,,0,saved_cache,quality34/results/per_input_status.jsonl,203
cycle1,quality34,M4,old_free_aggregate,d00073,True,True,complete,1,scored,False,False,False,False,,0,saved_cache,quality34/results/per_input_status.jsonl,204
cycle1,quality34,M4,old_free_aggregate,d00080,True,True,complete,1,scored,False,False,False,False,,0,saved_cache,quality34/results/per_input_status.jsonl,205
cycle1,quality34,M4,old_free_aggregate,d00083,True,True,complete,1,scored,False,False,False,False,,0,saved_cache,quality34/results/per_input_status.jsonl,206
cycle1,quality34,M4,old_free_aggregate,d00091,True,True,complete,1,scored,False,False,False,False,,0,saved_cache,quality34/results/per_input_status.jsonl,207
cycle1,quality34,M4,old_free_aggregate,d00095,False,True,complete,1,scored,False,False,True,False,,0,saved_cache,quality34/results/per_input_status.jsonl,208
cycle1,quality34,M4,old_free_aggregate,d00099,True,True,complete,1,scored,False,False,False,False,,0,saved_cache,quality34/results/per_input_status.jsonl,209
cycle1,quality34,M4,old_free_aggregate,d00101,False,True,complete,1,scored,False,False,True,False,,0,saved_cache,quality34/results/per_input_status.jsonl,210
cycle1,quality34,M4,old_free_aggregate,d00103,False,True,complete,1,scored,False,False,True,False,,0,saved_cache,quality34/results/per_input_status.jsonl,211
cycle1,quality34,M4,old_free_aggregate,d00104,True,True,complete,1,scored,False,False,False,False,,0,saved_cache,quality34/results/per_input_status.jsonl,212
cycle1,quality34,M4,old_free_aggregate,d00108,True,True,complete,1,scored,False,False,False,False,,0,saved_cache,quality34/results/per_input_status.jsonl,213
cycle1,quality34,M4,old_free_aggregate,d00112,True,True,complete,4,scored,False,False,False,False,,0,saved_cache,quality34/results/per_input_status.jsonl,214
cycle1,quality34,M4,old_free_aggregate,d00117,True,True,complete,1,scored,False,False,False,False,,0,saved_cache,quality34/results/per_input_status.jsonl,215
cycle1,quality34,M4,old_free_aggregate,d00118,True,True,complete,1,scored,False,False,False,False,,0,saved_cache,quality34/results/per_input_status.jsonl,216
cycle1,quality34,M5,baseline,d00000,True,True,cached_baseline,1,scored,False,False,False,False,,0,saved_cache,quality34/results/per_input_status.jsonl,217
cycle1,quality34,M5,baseline,d00001,True,True,cached_baseline,1,scored,False,False,False,False,,0,saved_cache,quality34/results/per_input_status.jsonl,218
cycle1,quality34,M5,baseline,d00003,True,True,cached_baseline,1,scored,False,False,False,False,,0,saved_cache,quality34/results/per_input_status.jsonl,219
cycle1,quality34,M5,baseline,d00004,False,True,cached_baseline,1,scored,False,False,False,False,,0,saved_cache,quality34/results/per_input_status.jsonl,220
cycle1,quality34,M5,baseline,d00005,True,True,cached_baseline,1,scored,False,False,False,False,,0,saved_cache,quality34/results/per_input_status.jsonl,221
cycle1,quality34,M5,baseline,d00006,True,True,cached_baseline,1,scored,False,False,False,False,,0,saved_cache,quality34/results/per_input_status.jsonl,222
cycle1,quality34,M5,baseline,d00008,True,True,cached_baseline,1,scored,False,False,False,False,,0,saved_cache,quality34/results/per_input_status.jsonl,223
cycle1,quality34,M5,baseline,d00009,True,True,cached_baseline,1,scored,False,False,False,False,,0,saved_cache,quality34/results/per_input_status.jsonl,224
cycle1,quality34,M5,baseline,d00011,False,True,cached_baseline,1,scored,False,False,False,False,,0,saved_cache,quality34/results/per_input_status.jsonl,225
cycle1,quality34,M5,baseline,d00013,True,True,cached_baseline,1,scored,False,False,False,False,,0,saved_cache,quality34/results/per_input_status.jsonl,226
cycle1,quality34,M5,baseline,d00014,True,True,cached_baseline,1,scored,False,False,False,False,,0,saved_cache,quality34/results/per_input_status.jsonl,227
cycle1,quality34,M5,baseline,d00023,True,True,cached_baseline,1,scored,False,False,False,False,,0,saved_cache,quality34/results/per_input_status.jsonl,228
cycle1,quality34,M5,baseline,d00032,True,True,cached_baseline,1,scored,False,False,False,False,,0,saved_cache,quality34/results/per_input_status.jsonl,229
cycle1,quality34,M5,baseline,d00038,True,True,cached_baseline,1,scored,False,False,False,False,,0,saved_cache,quality34/results/per_input_status.jsonl,230
cycle1,quality34,M5,baseline,d00040,True,True,cached_baseline,1,scored,False,False,False,False,,0,saved_cache,quality34/results/per_input_status.jsonl,231
cycle1,quality34,M5,baseline,d00043,True,True,cached_baseline,1,scored,False,False,False,False,,0,saved_cache,quality34/results/per_input_status.jsonl,232
cycle1,quality34,M5,baseline,d00051,False,True,cached_baseline,1,scored,False,False,False,False,,0,saved_cache,quality34/results/per_input_status.jsonl,233
cycle1,quality34,M5,baseline,d00052,True,True,cached_baseline,1,scored,False,False,False,False,,0,saved_cache,quality34/results/per_input_status.jsonl,234
cycle1,quality34,M5,baseline,d00063,True,True,cached_baseline,1,scored,False,False,False,False,,0,saved_cache,quality34/results/per_input_status.jsonl,235
cycle1,quality34,M5,baseline,d00064,True,True,cached_baseline,1,scored,False,False,False,False,,0,saved_cache,quality34/results/per_input_status.jsonl,236
cycle1,quality34,M5,baseline,d00070,False,True,cached_baseline,1,scored,False,False,False,False,,0,saved_cache,quality34/results/per_input_status.jsonl,237
cycle1,quality34,M5,baseline,d00071,False,True,cached_baseline,1,scored,False,False,False,False,,0,saved_cache,quality34/results/per_input_status.jsonl,238
cycle1,quality34,M5,baseline,d00073,True,True,cached_baseline,1,scored,False,False,False,False,,0,saved_cache,quality34/results/per_input_status.jsonl,239
cycle1,quality34,M5,baseline,d00080,True,True,cached_baseline,1,scored,False,False,False,False,,0,saved_cache,quality34/results/per_input_status.jsonl,240
cycle1,quality34,M5,baseline,d00083,True,True,cached_baseline,1,scored,False,False,False,False,,0,saved_cache,quality34/results/per_input_status.jsonl,241
cycle1,quality34,M5,baseline,d00091,True,True,cached_baseline,1,scored,False,False,False,False,,0,saved_cache,quality34/results/per_input_status.jsonl,242
cycle1,quality34,M5,baseline,d00095,True,True,cached_baseline,1,scored,False,False,False,False,,0,saved_cache,quality34/results/per_input_status.jsonl,243
cycle1,quality34,M5,baseline,d00099,True,True,cached_baseline,1,scored,False,False,False,False,,0,saved_cache,quality34/results/per_input_status.jsonl,244
cycle1,quality34,M5,baseline,d00101,False,True,cached_baseline,1,scored,False,False,False,False,,0,saved_cache,quality34/results/per_input_status.jsonl,245
cycle1,quality34,M5,baseline,d00103,True,True,cached_baseline,1,scored,False,False,False,False,,0,saved_cache,quality34/results/per_input_status.jsonl,246
cycle1,quality34,M5,baseline,d00104,True,True,cached_baseline,1,scored,False,False,False,False,,0,saved_cache,quality34/results/per_input_status.jsonl,247
cycle1,quality34,M5,baseline,d00108,True,True,cached_baseline,1,scored,False,False,False,False,,0,saved_cache,quality34/results/per_input_status.jsonl,248
cycle1,quality34,M5,baseline,d00112,True,True,cached_baseline,4,scored,False,False,False,False,,0,saved_cache,quality34/results/per_input_status.jsonl,249
cycle1,quality34,M5,baseline,d00117,True,True,cached_baseline,1,scored,False,False,False,False,,0,saved_cache,quality34/results/per_input_status.jsonl,250
cycle1,quality34,M5,baseline,d00118,True,True,cached_baseline,1,scored,False,False,False,False,,0,saved_cache,quality34/results/per_input_status.jsonl,251
cycle1,quality34,M5,saved_a1_adjudication,d00000,True,True,complete,1,scored,True,True,False,False,,0,current_run,quality34/results/per_input_status.jsonl,252
cycle1,quality34,M5,saved_a1_adjudication,d00001,True,True,complete,1,scored,True,True,False,False,,0,current_run,quality34/results/per_input_status.jsonl,253
cycle1,quality34,M5,saved_a1_adjudication,d00003,True,True,complete,1,scored,True,True,False,False,,0,current_run,quality34/results/per_input_status.jsonl,254
cycle1,quality34,M5,targeted_reanswer,d00000,True,True,complete,1,scored,True,True,False,False,,0,current_run,quality34/results/per_input_status.jsonl,255
cycle1,quality34,M5,targeted_reanswer,d00003,True,True,complete,1,scored,True,True,False,False,,0,current_run,quality34/results/per_input_status.jsonl,256
cycle1,quality34,M5,targeted_reanswer,d00004,False,True,complete,1,scored,True,True,False,False,,0,current_run,quality34/results/per_input_status.jsonl,257
cycle1,quality34,M5,targeted_reanswer,d00005,True,True,complete,1,scored,True,True,False,False,,0,current_run,quality34/results/per_input_status.jsonl,258
cycle1,quality34,M5,targeted_reanswer,d00006,False,True,complete,1,scored,True,True,True,False,,0,current_run,quality34/results/per_input_status.jsonl,259
cycle1,quality34,M5,targeted_reanswer,d00008,False,True,complete,1,scored,True,True,True,False,,0,current_run,quality34/results/per_input_status.jsonl,260
cycle1,quality34,M5,targeted_reanswer,d00009,True,True,complete,1,scored,True,True,False,False,,0,current_run,quality34/results/per_input_status.jsonl,261
cycle1,quality34,M5,targeted_reanswer,d00011,False,True,complete,1,scored,True,True,False,False,,0,current_run,quality34/results/per_input_status.jsonl,262
cycle1,quality34,M5,targeted_reanswer,d00013,True,True,complete,1,scored,True,True,False,False,,0,current_run,quality34/results/per_input_status.jsonl,263
cycle1,quality34,M5,targeted_reanswer,d00014,True,True,complete,1,scored,True,True,False,False,,0,current_run,quality34/results/per_input_status.jsonl,264
cycle1,quality34,M5,targeted_reanswer,d00023,True,True,complete,1,scored,True,True,False,False,,0,current_run,quality34/results/per_input_status.jsonl,265
cycle1,quality34,M5,targeted_reanswer,d00032,False,True,complete,1,scored,True,True,True,False,,0,current_run,quality34/results/per_input_status.jsonl,266
cycle1,quality34,M5,targeted_reanswer,d00038,True,True,complete,1,scored,True,True,False,False,,0,current_run,quality34/results/per_input_status.jsonl,267
cycle1,quality34,M5,targeted_reanswer,d00040,True,True,complete,1,scored,True,True,False,False,,0,current_run,quality34/results/per_input_status.jsonl,268
cycle1,quality34,M5,targeted_reanswer,d00043,False,True,complete,1,scored,True,True,True,False,,0,current_run,quality34/results/per_input_status.jsonl,269
cycle1,quality34,M5,targeted_reanswer,d00051,False,True,complete,1,scored,True,True,False,False,,0,current_run,quality34/results/per_input_status.jsonl,270
cycle1,quality34,M5,targeted_reanswer,d00052,False,True,complete,1,scored,True,True,True,False,,0,current_run,quality34/results/per_input_status.jsonl,271
cycle1,quality34,M5,targeted_reanswer,d00063,True,True,complete,1,scored,True,True,False,False,,0,current_run,quality34/results/per_input_status.jsonl,272
cycle1,quality34,M5,targeted_reanswer,d00064,False,True,complete,1,scored,True,True,True,False,,0,current_run,quality34/results/per_input_status.jsonl,273
cycle1,quality34,M5,targeted_reanswer,d00070,False,True,complete,1,scored,True,True,True,False,,0,current_run,quality34/results/per_input_status.jsonl,274
cycle1,quality34,M5,targeted_reanswer,d00071,False,True,complete,1,scored,True,True,False,False,,0,current_run,quality34/results/per_input_status.jsonl,275
cycle1,quality34,M5,targeted_reanswer,d00073,True,True,complete,1,scored,True,True,False,False,,0,current_run,quality34/results/per_input_status.jsonl,276
cycle1,quality34,M5,targeted_reanswer,d00080,True,True,complete,1,scored,True,True,False,False,,0,current_run,quality34/results/per_input_status.jsonl,277
cycle1,quality34,M5,targeted_reanswer,d00083,True,True,complete,1,scored,True,True,False,False,,0,current_run,quality34/results/per_input_status.jsonl,278
cycle1,quality34,M5,targeted_reanswer,d00091,True,True,complete,1,scored,True,True,False,False,,0,current_run,quality34/results/per_input_status.jsonl,279
cycle1,quality34,M5,targeted_reanswer,d00095,True,True,complete,1,scored,True,True,False,False,,0,current_run,quality34/results/per_input_status.jsonl,280
cycle1,quality34,M5,targeted_reanswer,d00099,True,True,complete,1,scored,True,True,False,False,,0,current_run,quality34/results/per_input_status.jsonl,281
cycle1,quality34,M5,targeted_reanswer,d00101,False,True,complete,1,scored,True,True,False,False,,0,current_run,quality34/results/per_input_status.jsonl,282
cycle1,quality34,M5,targeted_reanswer,d00103,True,True,complete,1,scored,True,True,False,False,,0,current_run,quality34/results/per_input_status.jsonl,283
cycle1,quality34,M5,targeted_reanswer,d00104,True,True,complete,1,scored,True,True,False,False,,0,current_run,quality34/results/per_input_status.jsonl,284
cycle1,quality34,M5,targeted_reanswer,d00108,True,True,complete,1,scored,True,True,False,False,,0,current_run,quality34/results/per_input_status.jsonl,285
cycle1,quality34,M5,targeted_reanswer,d00112,True,True,complete,4,scored,True,True,False,False,,0,current_run,quality34/results/per_input_status.jsonl,286
cycle1,quality34,M5,targeted_reanswer,d00117,True,True,complete,1,scored,True,True,False,False,,0,current_run,quality34/results/per_input_status.jsonl,287
cycle1,quality34,M5,targeted_reanswer,d00118,False,True,complete,1,scored,True,True,True,False,,0,current_run,quality34/results/per_input_status.jsonl,288
cycle1,quality34,M5,a1_visible_B,d00000,True,True,complete,1,scored,True,True,False,False,,0,current_run,quality34/results/per_input_status.jsonl,289
cycle1,quality34,M5,a1_visible_B,d00003,True,True,complete,1,scored,True,True,False,False,,0,current_run,quality34/results/per_input_status.jsonl,290
cycle1,quality34,M5,a1_visible_B,d00004,False,True,complete,1,scored,True,True,False,False,,0,current_run,quality34/results/per_input_status.jsonl,291
cycle1,quality34,M5,a1_visible_B,d00005,True,True,complete,1,scored,True,True,False,False,,0,current_run,quality34/results/per_input_status.jsonl,292
cycle1,quality34,M5,a1_visible_B,d00006,False,True,complete,1,scored,True,True,True,False,,0,current_run,quality34/results/per_input_status.jsonl,293
cycle1,quality34,M5,a1_visible_B,d00008,False,True,complete,1,scored,True,True,True,False,,0,current_run,quality34/results/per_input_status.jsonl,294
cycle1,quality34,M5,a1_visible_B,d00009,True,True,complete,1,scored,True,True,False,False,,0,current_run,quality34/results/per_input_status.jsonl,295
cycle1,quality34,M5,a1_visible_B,d00011,False,True,complete,1,scored,True,True,False,False,,0,current_run,quality34/results/per_input_status.jsonl,296
cycle1,quality34,M5,a1_visible_B,d00013,True,True,complete,1,scored,True,True,False,False,,0,current_run,quality34/results/per_input_status.jsonl,297
cycle1,quality34,M5,a1_visible_B,d00014,True,True,complete,1,scored,True,True,False,False,,0,current_run,quality34/results/per_input_status.jsonl,298
cycle1,quality34,M5,a1_visible_B,d00023,True,True,complete,1,scored,True,True,False,False,,0,current_run,quality34/results/per_input_status.jsonl,299
cycle1,quality34,M5,a1_visible_B,d00032,True,True,complete,1,scored,True,True,False,False,,0,current_run,quality34/results/per_input_status.jsonl,300
cycle1,quality34,M5,a1_visible_B,d00038,True,True,complete,1,scored,True,True,False,False,,0,current_run,quality34/results/per_input_status.jsonl,301
cycle1,quality34,M5,a1_visible_B,d00040,True,True,complete,1,scored,True,True,False,False,,0,current_run,quality34/results/per_input_status.jsonl,302
cycle1,quality34,M5,a1_visible_B,d00043,False,True,complete,1,scored,True,True,True,False,,0,current_run,quality34/results/per_input_status.jsonl,303
cycle1,quality34,M5,a1_visible_B,d00051,False,True,complete,1,scored,True,True,False,False,,0,current_run,quality34/results/per_input_status.jsonl,304
cycle1,quality34,M5,a1_visible_B,d00052,True,True,complete,1,scored,True,True,False,False,,0,current_run,quality34/results/per_input_status.jsonl,305
cycle1,quality34,M5,a1_visible_B,d00063,True,True,complete,1,scored,True,True,False,False,,0,current_run,quality34/results/per_input_status.jsonl,306
cycle1,quality34,M5,a1_visible_B,d00064,False,True,complete,1,scored,True,True,True,False,,0,current_run,quality34/results/per_input_status.jsonl,307
cycle1,quality34,M5,a1_visible_B,d00070,False,True,complete,1,scored,True,True,True,False,,0,current_run,quality34/results/per_input_status.jsonl,308
cycle1,quality34,M5,a1_visible_B,d00071,False,True,complete,1,scored,True,True,False,False,,0,current_run,quality34/results/per_input_status.jsonl,309
cycle1,quality34,M5,a1_visible_B,d00073,True,True,complete,1,scored,True,True,False,False,,0,current_run,quality34/results/per_input_status.jsonl,310
cycle1,quality34,M5,a1_visible_B,d00080,True,True,complete,1,scored,True,True,False,False,,0,current_run,quality34/results/per_input_status.jsonl,311
cycle1,quality34,M5,a1_visible_B,d00083,True,True,complete,1,scored,True,True,False,False,,0,current_run,quality34/results/per_input_status.jsonl,312
cycle1,quality34,M5,a1_visible_B,d00091,True,True,complete,1,scored,True,True,False,False,,0,current_run,quality34/results/per_input_status.jsonl,313
cycle1,quality34,M5,a1_visible_B,d00095,True,True,complete,1,scored,True,True,False,False,,0,current_run,quality34/results/per_input_status.jsonl,314
cycle1,quality34,M5,a1_visible_B,d00099,True,True,complete,1,scored,True,True,False,False,,0,current_run,quality34/results/per_input_status.jsonl,315
cycle1,quality34,M5,a1_visible_B,d00101,False,True,complete,1,scored,True,True,False,False,,0,current_run,quality34/results/per_input_status.jsonl,316
cycle1,quality34,M5,a1_visible_B,d00103,True,True,complete,1,scored,True,True,False,False,,0,current_run,quality34/results/per_input_status.jsonl,317
cycle1,quality34,M5,a1_visible_B,d00104,True,True,complete,1,scored,True,True,False,False,,0,current_run,quality34/results/per_input_status.jsonl,318
cycle1,quality34,M5,a1_visible_B,d00108,True,True,complete,1,scored,True,True,False,False,,0,current_run,quality34/results/per_input_status.jsonl,319
cycle1,quality34,M5,a1_visible_B,d00112,True,True,complete,4,scored,True,True,False,False,,0,current_run,quality34/results/per_input_status.jsonl,320
cycle1,quality34,M5,a1_visible_B,d00117,True,True,complete,1,scored,True,True,False,False,,0,current_run,quality34/results/per_input_status.jsonl,321
cycle1,quality34,M5,a1_visible_B,d00118,False,True,complete,1,scored,True,True,True,False,,0,current_run,quality34/results/per_input_status.jsonl,322
cycle1,quality34,M5,a1_hidden_B,d00000,True,True,complete,1,scored,True,True,False,False,,0,current_run,quality34/results/per_input_status.jsonl,323
cycle1,quality34,M5,a1_hidden_B,d00003,True,True,complete,1,scored,True,True,False,False,,0,current_run,quality34/results/per_input_status.jsonl,324
cycle1,quality34,M5,a1_hidden_B,d00004,False,True,complete,1,scored,True,True,False,False,,0,current_run,quality34/results/per_input_status.jsonl,325
cycle1,quality34,M5,a1_hidden_B,d00005,True,True,complete,1,scored,True,True,False,False,,0,current_run,quality34/results/per_input_status.jsonl,326
cycle1,quality34,M5,a1_hidden_B,d00006,False,True,complete,1,scored,True,True,True,False,,0,current_run,quality34/results/per_input_status.jsonl,327
cycle1,quality34,M5,a1_hidden_B,d00008,False,True,complete,1,scored,True,True,True,False,,0,current_run,quality34/results/per_input_status.jsonl,328
cycle1,quality34,M5,a1_hidden_B,d00009,True,True,complete,1,scored,True,True,False,False,,0,current_run,quality34/results/per_input_status.jsonl,329
cycle1,quality34,M5,a1_hidden_B,d00011,False,True,complete,1,scored,True,True,False,False,,0,current_run,quality34/results/per_input_status.jsonl,330
cycle1,quality34,M5,readout_free,d00000,True,True,complete,1,scored,True,True,False,False,,1,current_run,quality34/results/per_input_status.jsonl,331
cycle1,quality34,M5,readout_free,d00003,True,True,complete,1,scored,True,True,False,False,,1,current_run,quality34/results/per_input_status.jsonl,332
cycle1,quality34,M5,readout_free,d00004,False,True,complete,1,scored,True,True,False,False,,1,current_run,quality34/results/per_input_status.jsonl,333
cycle1,quality34,M5,readout_free,d00005,True,True,complete,1,scored,True,True,False,False,,1,current_run,quality34/results/per_input_status.jsonl,334
cycle1,quality34,M5,readout_free,d00006,True,True,complete,1,scored,True,True,False,False,,1,current_run,quality34/results/per_input_status.jsonl,335
cycle1,quality34,M5,readout_free,d00008,True,True,complete,1,scored,True,True,False,False,,1,current_run,quality34/results/per_input_status.jsonl,336
cycle1,quality34,M5,readout_free,d00009,True,True,complete,1,scored,True,True,False,False,,1,current_run,quality34/results/per_input_status.jsonl,337
cycle1,quality34,M5,readout_free,d00011,False,True,complete,1,scored,True,True,False,False,,1,current_run,quality34/results/per_input_status.jsonl,338
cycle1,quality34,M5,readout_free,d00013,True,True,complete,1,scored,True,True,False,False,,1,current_run,quality34/results/per_input_status.jsonl,339
cycle1,quality34,M5,readout_free,d00014,True,True,complete,1,scored,True,True,False,False,,1,current_run,quality34/results/per_input_status.jsonl,340
cycle1,quality34,M5,readout_free,d00023,True,True,complete,1,scored,True,True,False,False,,1,current_run,quality34/results/per_input_status.jsonl,341
cycle1,quality34,M5,readout_free,d00032,True,True,complete,1,scored,True,True,False,False,,1,current_run,quality34/results/per_input_status.jsonl,342
cycle1,quality34,M5,readout_free,d00038,True,True,complete,1,scored,True,True,False,False,,1,current_run,quality34/results/per_input_status.jsonl,343
cycle1,quality34,M5,readout_free,d00040,True,True,complete,1,scored,True,True,False,False,,1,current_run,quality34/results/per_input_status.jsonl,344
cycle1,quality34,M5,readout_free,d00043,True,True,complete,1,scored,True,True,False,False,,1,current_run,quality34/results/per_input_status.jsonl,345
cycle1,quality34,M5,readout_free,d00051,False,True,complete,1,scored,True,True,True,False,,1,current_run,quality34/results/per_input_status.jsonl,346
cycle1,quality34,M5,readout_free,d00052,True,True,complete,1,scored,True,True,False,False,,1,current_run,quality34/results/per_input_status.jsonl,347
cycle1,quality34,M5,readout_free,d00063,True,True,complete,1,scored,True,True,False,False,,1,current_run,quality34/results/per_input_status.jsonl,348
cycle1,quality34,M5,readout_free,d00064,True,True,complete,1,scored,True,True,False,False,,1,current_run,quality34/results/per_input_status.jsonl,349
cycle1,quality34,M5,readout_free,d00070,False,True,complete,1,scored,True,True,False,False,,1,current_run,quality34/results/per_input_status.jsonl,350
cycle1,quality34,M5,readout_free,d00071,False,True,complete,1,scored,True,True,False,False,,1,current_run,quality34/results/per_input_status.jsonl,351
cycle1,quality34,M5,readout_free,d00073,True,True,complete,1,scored,True,True,False,False,,1,current_run,quality34/results/per_input_status.jsonl,352
cycle1,quality34,M5,readout_free,d00080,True,True,complete,1,scored,True,True,False,False,,1,current_run,quality34/results/per_input_status.jsonl,353
cycle1,quality34,M5,readout_free,d00083,True,True,complete,1,scored,True,True,False,False,,1,current_run,quality34/results/per_input_status.jsonl,354
cycle1,quality34,M5,readout_free,d00091,True,True,complete,1,scored,True,True,False,False,,1,current_run,quality34/results/per_input_status.jsonl,355
cycle1,quality34,M5,readout_free,d00095,False,True,complete,1,scored,True,True,True,False,,1,current_run,quality34/results/per_input_status.jsonl,356
cycle1,quality34,M5,readout_free,d00099,True,True,complete,1,scored,True,True,False,False,,1,current_run,quality34/results/per_input_status.jsonl,357
cycle1,quality34,M5,readout_free,d00101,False,True,complete,1,scored,True,True,False,False,,1,current_run,quality34/results/per_input_status.jsonl,358
cycle1,quality34,M5,readout_free,d00103,False,True,complete,1,scored,True,True,True,False,,1,current_run,quality34/results/per_input_status.jsonl,359
cycle1,quality34,M5,readout_free,d00104,True,True,complete,1,scored,True,True,False,False,,1,current_run,quality34/results/per_input_status.jsonl,360
cycle1,quality34,M5,readout_free,d00108,True,True,complete,1,scored,True,True,False,False,,1,current_run,quality34/results/per_input_status.jsonl,361
cycle1,quality34,M5,readout_free,d00112,True,True,complete,4,scored,True,True,False,False,,1,current_run,quality34/results/per_input_status.jsonl,362
cycle1,quality34,M5,readout_free,d00117,True,True,complete,1,scored,True,True,False,False,,1,current_run,quality34/results/per_input_status.jsonl,363
cycle1,quality34,M5,readout_free,d00118,True,True,complete,1,scored,True,True,False,False,,1,current_run,quality34/results/per_input_status.jsonl,364
cycle1,quality34,M5,readout_short,d00000,True,True,complete,1,scored,True,True,False,False,,1,current_run,quality34/results/per_input_status.jsonl,365
cycle1,quality34,M5,readout_short,d00003,True,True,complete,1,scored,True,True,False,False,,1,current_run,quality34/results/per_input_status.jsonl,366
cycle1,quality34,M5,readout_short,d00004,False,True,complete,1,scored,True,True,False,False,,1,current_run,quality34/results/per_input_status.jsonl,367
cycle1,quality34,M5,readout_short,d00005,True,True,complete,1,scored,True,True,False,False,,1,current_run,quality34/results/per_input_status.jsonl,368
cycle1,quality34,M5,readout_short,d00006,True,True,complete,1,scored,True,True,False,False,,1,current_run,quality34/results/per_input_status.jsonl,369
cycle1,quality34,M5,readout_short,d00008,True,True,complete,1,scored,True,True,False,False,,1,current_run,quality34/results/per_input_status.jsonl,370
cycle1,quality34,M5,readout_short,d00009,True,True,complete,1,scored,True,True,False,False,,1,current_run,quality34/results/per_input_status.jsonl,371
cycle1,quality34,M5,readout_short,d00011,False,True,complete,1,scored,True,True,False,False,,1,current_run,quality34/results/per_input_status.jsonl,372
cycle1,quality34,M5,readout_short,d00013,True,True,complete,1,scored,True,True,False,False,,1,current_run,quality34/results/per_input_status.jsonl,373
cycle1,quality34,M5,readout_short,d00014,True,True,complete,1,scored,True,True,False,False,,1,current_run,quality34/results/per_input_status.jsonl,374
cycle1,quality34,M5,readout_short,d00023,True,True,complete,1,scored,True,True,False,False,,1,current_run,quality34/results/per_input_status.jsonl,375
cycle1,quality34,M5,readout_short,d00032,False,True,complete,1,scored,True,True,True,False,,1,current_run,quality34/results/per_input_status.jsonl,376
cycle1,quality34,M5,readout_short,d00038,True,True,complete,1,scored,True,True,False,False,,1,current_run,quality34/results/per_input_status.jsonl,377
cycle1,quality34,M5,readout_short,d00040,True,True,complete,1,scored,True,True,False,False,,1,current_run,quality34/results/per_input_status.jsonl,378
cycle1,quality34,M5,readout_short,d00043,True,True,complete,1,scored,True,True,False,False,,1,current_run,quality34/results/per_input_status.jsonl,379
cycle1,quality34,M5,readout_short,d00051,False,True,complete,1,scored,True,True,False,False,,1,current_run,quality34/results/per_input_status.jsonl,380
cycle1,quality34,M5,readout_short,d00052,True,True,complete,1,scored,True,True,False,False,,1,current_run,quality34/results/per_input_status.jsonl,381
cycle1,quality34,M5,readout_short,d00063,True,True,complete,1,scored,True,True,False,False,,1,current_run,quality34/results/per_input_status.jsonl,382
cycle1,quality34,M5,readout_short,d00064,True,True,complete,1,scored,True,True,False,False,,1,current_run,quality34/results/per_input_status.jsonl,383
cycle1,quality34,M5,readout_short,d00070,False,True,complete,1,scored,True,True,False,False,,1,current_run,quality34/results/per_input_status.jsonl,384
cycle1,quality34,M5,readout_short,d00071,False,True,complete,1,scored,True,True,False,False,,1,current_run,quality34/results/per_input_status.jsonl,385
cycle1,quality34,M5,readout_short,d00073,True,True,complete,1,scored,True,True,False,False,,1,current_run,quality34/results/per_input_status.jsonl,386
cycle1,quality34,M5,readout_short,d00080,True,True,complete,1,scored,True,True,False,False,,1,current_run,quality34/results/per_input_status.jsonl,387
cycle1,quality34,M5,readout_short,d00083,True,True,complete,1,scored,True,True,False,False,,1,current_run,quality34/results/per_input_status.jsonl,388
cycle1,quality34,M5,readout_short,d00091,True,True,complete,1,scored,True,True,False,False,,1,current_run,quality34/results/per_input_status.jsonl,389
cycle1,quality34,M5,readout_short,d00095,False,True,complete,1,scored,True,True,True,False,,1,current_run,quality34/results/per_input_status.jsonl,390
cycle1,quality34,M5,readout_short,d00099,True,True,complete,1,scored,True,True,False,False,,1,current_run,quality34/results/per_input_status.jsonl,391
cycle1,quality34,M5,readout_short,d00101,False,True,complete,1,scored,True,True,False,False,,1,current_run,quality34/results/per_input_status.jsonl,392
cycle1,quality34,M5,readout_short,d00103,False,True,complete,1,scored,True,True,True,False,,1,current_run,quality34/results/per_input_status.jsonl,393
cycle1,quality34,M5,readout_short,d00104,True,True,complete,1,scored,True,True,False,False,,1,current_run,quality34/results/per_input_status.jsonl,394
cycle1,quality34,M5,readout_short,d00108,True,True,complete,1,scored,True,True,False,False,,1,current_run,quality34/results/per_input_status.jsonl,395
cycle1,quality34,M5,readout_short,d00112,True,True,complete,4,scored,True,True,False,False,,1,current_run,quality34/results/per_input_status.jsonl,396
cycle1,quality34,M5,readout_short,d00117,True,True,complete,1,scored,True,True,False,False,,1,current_run,quality34/results/per_input_status.jsonl,397
cycle1,quality34,M5,readout_short,d00118,True,True,complete,1,scored,True,True,False,False,,1,current_run,quality34/results/per_input_status.jsonl,398
cycle1,quality34,M5,old_free_aggregate,d00000,False,True,complete,1,scored,False,False,True,False,,0,saved_cache,quality34/results/per_input_status.jsonl,399
cycle1,quality34,M5,old_free_aggregate,d00003,True,True,complete,1,scored,False,False,False,False,,0,saved_cache,quality34/results/per_input_status.jsonl,400
cycle1,quality34,M5,old_free_aggregate,d00004,False,True,complete,1,scored,False,False,False,False,,0,saved_cache,quality34/results/per_input_status.jsonl,401
cycle1,quality34,M5,old_free_aggregate,d00005,True,True,complete,1,scored,False,False,False,False,,0,saved_cache,quality34/results/per_input_status.jsonl,402
cycle1,quality34,M5,old_free_aggregate,d00006,True,True,complete,1,scored,False,False,False,False,,0,saved_cache,quality34/results/per_input_status.jsonl,403
cycle1,quality34,M5,old_free_aggregate,d00008,True,True,complete,1,scored,False,False,False,False,,0,saved_cache,quality34/results/per_input_status.jsonl,404
cycle1,quality34,M5,old_free_aggregate,d00009,True,True,complete,1,scored,False,False,False,False,,0,saved_cache,quality34/results/per_input_status.jsonl,405
cycle1,quality34,M5,old_free_aggregate,d00011,False,True,complete,1,scored,False,False,True,False,,0,saved_cache,quality34/results/per_input_status.jsonl,406
cycle1,quality34,M5,old_free_aggregate,d00013,True,True,complete,1,scored,False,False,False,False,,0,saved_cache,quality34/results/per_input_status.jsonl,407
cycle1,quality34,M5,old_free_aggregate,d00014,True,True,complete,1,scored,False,False,False,False,,0,saved_cache,quality34/results/per_input_status.jsonl,408
cycle1,quality34,M5,old_free_aggregate,d00023,True,True,complete,1,scored,False,False,False,False,,0,saved_cache,quality34/results/per_input_status.jsonl,409
cycle1,quality34,M5,old_free_aggregate,d00032,False,True,complete,1,scored,False,False,True,False,,0,saved_cache,quality34/results/per_input_status.jsonl,410
cycle1,quality34,M5,old_free_aggregate,d00038,True,True,complete,1,scored,False,False,False,False,,0,saved_cache,quality34/results/per_input_status.jsonl,411
cycle1,quality34,M5,old_free_aggregate,d00040,True,True,complete,1,scored,False,False,False,False,,0,saved_cache,quality34/results/per_input_status.jsonl,412
cycle1,quality34,M5,old_free_aggregate,d00043,True,True,complete,1,scored,False,False,False,False,,0,saved_cache,quality34/results/per_input_status.jsonl,413
cycle1,quality34,M5,old_free_aggregate,d00051,False,True,complete,1,scored,False,False,True,False,,0,saved_cache,quality34/results/per_input_status.jsonl,414
cycle1,quality34,M5,old_free_aggregate,d00052,True,True,complete,1,scored,False,False,False,False,,0,saved_cache,quality34/results/per_input_status.jsonl,415
cycle1,quality34,M5,old_free_aggregate,d00063,True,True,complete,1,scored,False,False,False,False,,0,saved_cache,quality34/results/per_input_status.jsonl,416
cycle1,quality34,M5,old_free_aggregate,d00064,True,True,complete,1,scored,False,False,False,False,,0,saved_cache,quality34/results/per_input_status.jsonl,417
cycle1,quality34,M5,old_free_aggregate,d00070,False,True,complete,1,scored,False,False,True,False,,0,saved_cache,quality34/results/per_input_status.jsonl,418
cycle1,quality34,M5,old_free_aggregate,d00071,False,True,complete,1,scored,False,False,False,False,,0,saved_cache,quality34/results/per_input_status.jsonl,419
cycle1,quality34,M5,old_free_aggregate,d00073,True,True,complete,1,scored,False,False,False,False,,0,saved_cache,quality34/results/per_input_status.jsonl,420
cycle1,quality34,M5,old_free_aggregate,d00080,True,True,complete,1,scored,False,False,False,False,,0,saved_cache,quality34/results/per_input_status.jsonl,421
cycle1,quality34,M5,old_free_aggregate,d00083,True,True,complete,1,scored,False,False,False,False,,0,saved_cache,quality34/results/per_input_status.jsonl,422
cycle1,quality34,M5,old_free_aggregate,d00091,True,True,complete,1,scored,False,False,False,False,,0,saved_cache,quality34/results/per_input_status.jsonl,423
cycle1,quality34,M5,old_free_aggregate,d00095,False,True,complete,1,scored,False,False,True,False,,0,saved_cache,quality34/results/per_input_status.jsonl,424
cycle1,quality34,M5,old_free_aggregate,d00099,True,True,complete,1,scored,False,False,False,False,,0,saved_cache,quality34/results/per_input_status.jsonl,425
cycle1,quality34,M5,old_free_aggregate,d00101,True,True,complete,1,scored,False,False,True,False,,0,saved_cache,quality34/results/per_input_status.jsonl,426
cycle1,quality34,M5,old_free_aggregate,d00103,False,True,complete,1,scored,False,False,True,False,,0,saved_cache,quality34/results/per_input_status.jsonl,427
cycle1,quality34,M5,old_free_aggregate,d00104,True,True,complete,1,scored,False,False,False,False,,0,saved_cache,quality34/results/per_input_status.jsonl,428
cycle1,quality34,M5,old_free_aggregate,d00108,True,True,complete,1,scored,False,False,False,False,,0,saved_cache,quality34/results/per_input_status.jsonl,429
cycle1,quality34,M5,old_free_aggregate,d00112,True,True,complete,4,scored,False,False,False,False,,0,saved_cache,quality34/results/per_input_status.jsonl,430
cycle1,quality34,M5,old_free_aggregate,d00117,True,True,complete,1,scored,False,False,False,False,,0,saved_cache,quality34/results/per_input_status.jsonl,431
cycle1,quality34,M5,old_free_aggregate,d00118,True,True,complete,1,scored,False,False,False,False,,0,saved_cache,quality34/results/per_input_status.jsonl,432
cycle1,a5_quality121,M4,baseline,d00000,True,True,cached_baseline,1,scored,False,False,False,False,,0,saved_cache,a5_quality121/results/per_input_status.jsonl,1
cycle1,a5_quality121,M4,baseline,d00001,True,True,cached_baseline,1,scored,False,False,False,False,,0,saved_cache,a5_quality121/results/per_input_status.jsonl,2
cycle1,a5_quality121,M4,baseline,d00002,True,True,cached_baseline,3,scored,False,False,False,False,,0,saved_cache,a5_quality121/results/per_input_status.jsonl,3
cycle1,a5_quality121,M4,baseline,d00003,True,True,cached_baseline,1,scored,False,False,False,False,,0,saved_cache,a5_quality121/results/per_input_status.jsonl,4
cycle1,a5_quality121,M4,baseline,d00004,False,True,cached_baseline,1,scored,False,False,False,False,,0,saved_cache,a5_quality121/results/per_input_status.jsonl,5
cycle1,a5_quality121,M4,baseline,d00005,True,True,cached_baseline,1,scored,False,False,False,False,,0,saved_cache,a5_quality121/results/per_input_status.jsonl,6
cycle1,a5_quality121,M4,baseline,d00006,True,True,cached_baseline,1,scored,False,False,False,False,,0,saved_cache,a5_quality121/results/per_input_status.jsonl,7
cycle1,a5_quality121,M4,baseline,d00007,False,True,cached_baseline,1,scored,False,False,False,False,,0,saved_cache,a5_quality121/results/per_input_status.jsonl,8
cycle1,a5_quality121,M4,baseline,d00008,False,True,cached_baseline,1,scored,False,False,False,False,,0,saved_cache,a5_quality121/results/per_input_status.jsonl,9
cycle1,a5_quality121,M4,baseline,d00009,True,True,cached_baseline,1,scored,False,False,False,False,,0,saved_cache,a5_quality121/results/per_input_status.jsonl,10
cycle1,a5_quality121,M4,baseline,d00010,False,True,cached_baseline,1,scored,False,False,False,False,,0,saved_cache,a5_quality121/results/per_input_status.jsonl,11
cycle1,a5_quality121,M4,baseline,d00011,False,True,cached_baseline,1,scored,False,False,False,False,,0,saved_cache,a5_quality121/results/per_input_status.jsonl,12
cycle1,a5_quality121,M4,baseline,d00012,True,True,cached_baseline,1,scored,False,False,False,False,,0,saved_cache,a5_quality121/results/per_input_status.jsonl,13
cycle1,a5_quality121,M4,baseline,d00013,True,True,cached_baseline,1,scored,False,False,False,False,,0,saved_cache,a5_quality121/results/per_input_status.jsonl,14
cycle1,a5_quality121,M4,baseline,d00014,True,True,cached_baseline,1,scored,False,False,False,False,,0,saved_cache,a5_quality121/results/per_input_status.jsonl,15
cycle1,a5_quality121,M4,baseline,d00015,False,True,cached_baseline,1,scored,False,False,False,False,,0,saved_cache,a5_quality121/results/per_input_status.jsonl,16
cycle1,a5_quality121,M4,baseline,d00016,True,True,cached_baseline,2,scored,False,False,False,False,,0,saved_cache,a5_quality121/results/per_input_status.jsonl,17
cycle1,a5_quality121,M4,baseline,d00017,True,True,cached_baseline,1,scored,False,False,False,False,,0,saved_cache,a5_quality121/results/per_input_status.jsonl,18
cycle1,a5_quality121,M4,baseline,d00018,True,True,cached_baseline,1,scored,False,False,False,False,,0,saved_cache,a5_quality121/results/per_input_status.jsonl,19
cycle1,a5_quality121,M4,baseline,d00019,True,True,cached_baseline,1,scored,False,False,False,False,,0,saved_cache,a5_quality121/results/per_input_status.jsonl,20
cycle1,a5_quality121,M4,baseline,d00020,True,True,cached_baseline,1,scored,False,False,False,False,,0,saved_cache,a5_quality121/results/per_input_status.jsonl,21
cycle1,a5_quality121,M4,baseline,d00021,True,True,cached_baseline,1,scored,False,False,False,False,,0,saved_cache,a5_quality121/results/per_input_status.jsonl,22
cycle1,a5_quality121,M4,baseline,d00022,True,True,cached_baseline,2,scored,False,False,False,False,,0,saved_cache,a5_quality121/results/per_input_status.jsonl,23
cycle1,a5_quality121,M4,baseline,d00023,True,True,cached_baseline,1,scored,False,False,False,False,,0,saved_cache,a5_quality121/results/per_input_status.jsonl,24
cycle1,a5_quality121,M4,baseline,d00024,True,True,cached_baseline,1,scored,False,False,False,False,,0,saved_cache,a5_quality121/results/per_input_status.jsonl,25
cycle1,a5_quality121,M4,baseline,d00025,True,True,cached_baseline,1,scored,False,False,False,False,,0,saved_cache,a5_quality121/results/per_input_status.jsonl,26
cycle1,a5_quality121,M4,baseline,d00026,True,True,cached_baseline,1,scored,False,False,False,False,,0,saved_cache,a5_quality121/results/per_input_status.jsonl,27
cycle1,a5_quality121,M4,baseline,d00027,True,True,cached_baseline,2,scored,False,False,False,False,,0,saved_cache,a5_quality121/results/per_input_status.jsonl,28
cycle1,a5_quality121,M4,baseline,d00028,True,True,cached_baseline,1,scored,False,False,False,False,,0,saved_cache,a5_quality121/results/per_input_status.jsonl,29
cycle1,a5_quality121,M4,baseline,d00029,True,True,cached_baseline,1,scored,False,False,False,False,,0,saved_cache,a5_quality121/results/per_input_status.jsonl,30
cycle1,a5_quality121,M4,baseline,d00030,False,True,cached_baseline,1,scored,False,False,False,False,,0,saved_cache,a5_quality121/results/per_input_status.jsonl,31
cycle1,a5_quality121,M4,baseline,d00031,True,True,cached_baseline,1,scored,False,False,False,False,,0,saved_cache,a5_quality121/results/per_input_status.jsonl,32
cycle1,a5_quality121,M4,baseline,d00032,False,True,cached_baseline,1,scored,False,False,False,False,,0,saved_cache,a5_quality121/results/per_input_status.jsonl,33
cycle1,a5_quality121,M4,baseline,d00033,True,True,cached_baseline,1,scored,False,False,False,False,,0,saved_cache,a5_quality121/results/per_input_status.jsonl,34
cycle1,a5_quality121,M4,baseline,d00034,True,True,cached_baseline,1,scored,False,False,False,False,,0,saved_cache,a5_quality121/results/per_input_status.jsonl,35
cycle1,a5_quality121,M4,baseline,d00035,False,True,cached_baseline,1,scored,False,False,False,False,,0,saved_cache,a5_quality121/results/per_input_status.jsonl,36
cycle1,a5_quality121,M4,baseline,d00036,False,True,cached_baseline,1,scored,False,False,False,False,,0,saved_cache,a5_quality121/results/per_input_status.jsonl,37
cycle1,a5_quality121,M4,baseline,d00037,True,True,cached_baseline,2,scored,False,False,False,False,,0,saved_cache,a5_quality121/results/per_input_status.jsonl,38
cycle1,a5_quality121,M4,baseline,d00038,True,True,cached_baseline,1,scored,False,False,False,False,,0,saved_cache,a5_quality121/results/per_input_status.jsonl,39
cycle1,a5_quality121,M4,baseline,d00039,False,True,cached_baseline,4,scored,False,False,False,False,,0,saved_cache,a5_quality121/results/per_input_status.jsonl,40
cycle1,a5_quality121,M4,baseline,d00040,False,True,cached_baseline,1,scored,False,False,False,False,,0,saved_cache,a5_quality121/results/per_input_status.jsonl,41
cycle1,a5_quality121,M4,baseline,d00041,True,True,cached_baseline,1,scored,False,False,False,False,,0,saved_cache,a5_quality121/results/per_input_status.jsonl,42
cycle1,a5_quality121,M4,baseline,d00042,True,True,cached_baseline,1,scored,False,False,False,False,,0,saved_cache,a5_quality121/results/per_input_status.jsonl,43
cycle1,a5_quality121,M4,baseline,d00043,True,True,cached_baseline,1,scored,False,False,False,False,,0,saved_cache,a5_quality121/results/per_input_status.jsonl,44
cycle1,a5_quality121,M4,baseline,d00044,True,True,cached_baseline,1,scored,False,False,False,False,,0,saved_cache,a5_quality121/results/per_input_status.jsonl,45
cycle1,a5_quality121,M4,baseline,d00045,True,True,cached_baseline,5,scored,False,False,False,False,,0,saved_cache,a5_quality121/results/per_input_status.jsonl,46
cycle1,a5_quality121,M4,baseline,d00046,True,True,cached_baseline,1,scored,False,False,False,False,,0,saved_cache,a5_quality121/results/per_input_status.jsonl,47
cycle1,a5_quality121,M4,baseline,d00047,True,True,cached_baseline,1,scored,False,False,False,False,,0,saved_cache,a5_quality121/results/per_input_status.jsonl,48
cycle1,a5_quality121,M4,baseline,d00048,True,True,cached_baseline,1,scored,False,False,False,False,,0,saved_cache,a5_quality121/results/per_input_status.jsonl,49
cycle1,a5_quality121,M4,baseline,d00049,False,True,cached_baseline,1,scored,False,False,False,False,,0,saved_cache,a5_quality121/results/per_input_status.jsonl,50
cycle1,a5_quality121,M4,baseline,d00050,False,True,cached_baseline,1,scored,False,False,False,False,,0,saved_cache,a5_quality121/results/per_input_status.jsonl,51
cycle1,a5_quality121,M4,baseline,d00051,False,True,cached_baseline,1,scored,False,False,False,False,,0,saved_cache,a5_quality121/results/per_input_status.jsonl,52
cycle1,a5_quality121,M4,baseline,d00052,True,True,cached_baseline,1,scored,False,False,False,False,,0,saved_cache,a5_quality121/results/per_input_status.jsonl,53
cycle1,a5_quality121,M4,baseline,d00053,True,True,cached_baseline,1,scored,False,False,False,False,,0,saved_cache,a5_quality121/results/per_input_status.jsonl,54
cycle1,a5_quality121,M4,baseline,d00054,False,True,cached_baseline,1,scored,False,False,False,False,,0,saved_cache,a5_quality121/results/per_input_status.jsonl,55
cycle1,a5_quality121,M4,baseline,d00055,True,True,cached_baseline,3,scored,False,False,False,False,,0,saved_cache,a5_quality121/results/per_input_status.jsonl,56
cycle1,a5_quality121,M4,baseline,d00056,True,True,cached_baseline,1,scored,False,False,False,False,,0,saved_cache,a5_quality121/results/per_input_status.jsonl,57
cycle1,a5_quality121,M4,baseline,d00057,True,True,cached_baseline,1,scored,False,False,False,False,,0,saved_cache,a5_quality121/results/per_input_status.jsonl,58
cycle1,a5_quality121,M4,baseline,d00058,False,True,cached_baseline,3,scored,False,False,False,False,,0,saved_cache,a5_quality121/results/per_input_status.jsonl,59
cycle1,a5_quality121,M4,baseline,d00059,False,True,cached_baseline,1,scored,False,False,False,False,,0,saved_cache,a5_quality121/results/per_input_status.jsonl,60
cycle1,a5_quality121,M4,baseline,d00060,False,True,cached_baseline,1,scored,False,False,False,False,,0,saved_cache,a5_quality121/results/per_input_status.jsonl,61
cycle1,a5_quality121,M4,baseline,d00061,True,True,cached_baseline,1,scored,False,False,False,False,,0,saved_cache,a5_quality121/results/per_input_status.jsonl,62
cycle1,a5_quality121,M4,baseline,d00062,True,True,cached_baseline,1,scored,False,False,False,False,,0,saved_cache,a5_quality121/results/per_input_status.jsonl,63
cycle1,a5_quality121,M4,baseline,d00063,False,True,cached_baseline,1,scored,False,False,False,False,,0,saved_cache,a5_quality121/results/per_input_status.jsonl,64
cycle1,a5_quality121,M4,baseline,d00064,True,True,cached_baseline,1,scored,False,False,False,False,,0,saved_cache,a5_quality121/results/per_input_status.jsonl,65
cycle1,a5_quality121,M4,baseline,d00065,False,True,cached_baseline,1,scored,False,False,False,False,,0,saved_cache,a5_quality121/results/per_input_status.jsonl,66
cycle1,a5_quality121,M4,baseline,d00066,True,True,cached_baseline,1,scored,False,False,False,False,,0,saved_cache,a5_quality121/results/per_input_status.jsonl,67
cycle1,a5_quality121,M4,baseline,d00067,True,True,cached_baseline,2,scored,False,False,False,False,,0,saved_cache,a5_quality121/results/per_input_status.jsonl,68
cycle1,a5_quality121,M4,baseline,d00068,True,True,cached_baseline,1,scored,False,False,False,False,,0,saved_cache,a5_quality121/results/per_input_status.jsonl,69
cycle1,a5_quality121,M4,baseline,d00069,True,True,cached_baseline,1,scored,False,False,False,False,,0,saved_cache,a5_quality121/results/per_input_status.jsonl,70
cycle1,a5_quality121,M4,baseline,d00070,False,True,cached_baseline,1,scored,False,False,False,False,,0,saved_cache,a5_quality121/results/per_input_status.jsonl,71
cycle1,a5_quality121,M4,baseline,d00071,False,True,cached_baseline,1,scored,False,False,False,False,,0,saved_cache,a5_quality121/results/per_input_status.jsonl,72
cycle1,a5_quality121,M4,baseline,d00072,False,True,cached_baseline,1,scored,False,False,False,False,,0,saved_cache,a5_quality121/results/per_input_status.jsonl,73
cycle1,a5_quality121,M4,baseline,d00073,True,True,cached_baseline,1,scored,False,False,False,False,,0,saved_cache,a5_quality121/results/per_input_status.jsonl,74
cycle1,a5_quality121,M4,baseline,d00074,True,True,cached_baseline,1,scored,False,False,False,False,,0,saved_cache,a5_quality121/results/per_input_status.jsonl,75
cycle1,a5_quality121,M4,baseline,d00075,False,True,cached_baseline,6,scored,False,False,False,False,,0,saved_cache,a5_quality121/results/per_input_status.jsonl,76
cycle1,a5_quality121,M4,baseline,d00076,False,True,cached_baseline,1,scored,False,False,False,False,,0,saved_cache,a5_quality121/results/per_input_status.jsonl,77
cycle1,a5_quality121,M4,baseline,d00077,True,True,cached_baseline,1,scored,False,False,False,False,,0,saved_cache,a5_quality121/results/per_input_status.jsonl,78
cycle1,a5_quality121,M4,baseline,d00078,True,True,cached_baseline,1,scored,False,False,False,False,,0,saved_cache,a5_quality121/results/per_input_status.jsonl,79
cycle1,a5_quality121,M4,baseline,d00079,True,True,cached_baseline,1,scored,False,False,False,False,,0,saved_cache,a5_quality121/results/per_input_status.jsonl,80
cycle1,a5_quality121,M4,baseline,d00080,True,True,cached_baseline,1,scored,False,False,False,False,,0,saved_cache,a5_quality121/results/per_input_status.jsonl,81
cycle1,a5_quality121,M4,baseline,d00081,True,True,cached_baseline,1,scored,False,False,False,False,,0,saved_cache,a5_quality121/results/per_input_status.jsonl,82
cycle1,a5_quality121,M4,baseline,d00082,False,True,cached_baseline,1,scored,False,False,False,False,,0,saved_cache,a5_quality121/results/per_input_status.jsonl,83
cycle1,a5_quality121,M4,baseline,d00083,True,True,cached_baseline,1,scored,False,False,False,False,,0,saved_cache,a5_quality121/results/per_input_status.jsonl,84
cycle1,a5_quality121,M4,baseline,d00084,False,True,cached_baseline,4,scored,False,False,False,False,,0,saved_cache,a5_quality121/results/per_input_status.jsonl,85
cycle1,a5_quality121,M4,baseline,d00085,True,True,cached_baseline,1,scored,False,False,False,False,,0,saved_cache,a5_quality121/results/per_input_status.jsonl,86
cycle1,a5_quality121,M4,baseline,d00086,True,True,cached_baseline,1,scored,False,False,False,False,,0,saved_cache,a5_quality121/results/per_input_status.jsonl,87
cycle1,a5_quality121,M4,baseline,d00087,True,True,cached_baseline,1,scored,False,False,False,False,,0,saved_cache,a5_quality121/results/per_input_status.jsonl,88
cycle1,a5_quality121,M4,baseline,d00088,True,True,cached_baseline,1,scored,False,False,False,False,,0,saved_cache,a5_quality121/results/per_input_status.jsonl,89
cycle1,a5_quality121,M4,baseline,d00089,False,True,cached_baseline,1,scored,False,False,False,False,,0,saved_cache,a5_quality121/results/per_input_status.jsonl,90
cycle1,a5_quality121,M4,baseline,d00090,True,True,cached_baseline,1,scored,False,False,False,False,,0,saved_cache,a5_quality121/results/per_input_status.jsonl,91
cycle1,a5_quality121,M4,baseline,d00091,True,True,cached_baseline,1,scored,False,False,False,False,,0,saved_cache,a5_quality121/results/per_input_status.jsonl,92
cycle1,a5_quality121,M4,baseline,d00092,True,True,cached_baseline,1,scored,False,False,False,False,,0,saved_cache,a5_quality121/results/per_input_status.jsonl,93
cycle1,a5_quality121,M4,baseline,d00093,True,True,cached_baseline,1,scored,False,False,False,False,,0,saved_cache,a5_quality121/results/per_input_status.jsonl,94
cycle1,a5_quality121,M4,baseline,d00094,True,True,cached_baseline,1,scored,False,False,False,False,,0,saved_cache,a5_quality121/results/per_input_status.jsonl,95
cycle1,a5_quality121,M4,baseline,d00095,True,True,cached_baseline,1,scored,False,False,False,False,,0,saved_cache,a5_quality121/results/per_input_status.jsonl,96
cycle1,a5_quality121,M4,baseline,d00096,True,True,cached_baseline,1,scored,False,False,False,False,,0,saved_cache,a5_quality121/results/per_input_status.jsonl,97
cycle1,a5_quality121,M4,baseline,d00097,True,True,cached_baseline,1,scored,False,False,False,False,,0,saved_cache,a5_quality121/results/per_input_status.jsonl,98
cycle1,a5_quality121,M4,baseline,d00098,True,True,cached_baseline,1,scored,False,False,False,False,,0,saved_cache,a5_quality121/results/per_input_status.jsonl,99
cycle1,a5_quality121,M4,baseline,d00099,True,True,cached_baseline,1,scored,False,False,False,False,,0,saved_cache,a5_quality121/results/per_input_status.jsonl,100
cycle1,a5_quality121,M4,baseline,d00100,True,True,cached_baseline,1,scored,False,False,False,False,,0,saved_cache,a5_quality121/results/per_input_status.jsonl,101
cycle1,a5_quality121,M4,baseline,d00101,False,True,cached_baseline,1,scored,False,False,False,False,,0,saved_cache,a5_quality121/results/per_input_status.jsonl,102
cycle1,a5_quality121,M4,baseline,d00102,True,True,cached_baseline,1,scored,False,False,False,False,,0,saved_cache,a5_quality121/results/per_input_status.jsonl,103
cycle1,a5_quality121,M4,baseline,d00103,True,True,cached_baseline,1,scored,False,False,False,False,,0,saved_cache,a5_quality121/results/per_input_status.jsonl,104
cycle1,a5_quality121,M4,baseline,d00104,True,True,cached_baseline,1,scored,False,False,False,False,,0,saved_cache,a5_quality121/results/per_input_status.jsonl,105
cycle1,a5_quality121,M4,baseline,d00105,True,True,cached_baseline,8,scored,False,False,False,False,,0,saved_cache,a5_quality121/results/per_input_status.jsonl,106
cycle1,a5_quality121,M4,baseline,d00106,True,True,cached_baseline,1,scored,False,False,False,False,,0,saved_cache,a5_quality121/results/per_input_status.jsonl,107
cycle1,a5_quality121,M4,baseline,d00107,False,True,cached_baseline,1,scored,False,False,False,False,,0,saved_cache,a5_quality121/results/per_input_status.jsonl,108
cycle1,a5_quality121,M4,baseline,d00108,True,True,cached_baseline,1,scored,False,False,False,False,,0,saved_cache,a5_quality121/results/per_input_status.jsonl,109
cycle1,a5_quality121,M4,baseline,d00109,True,True,cached_baseline,1,scored,False,False,False,False,,0,saved_cache,a5_quality121/results/per_input_status.jsonl,110
cycle1,a5_quality121,M4,baseline,d00110,False,True,cached_baseline,1,scored,False,False,False,False,,0,saved_cache,a5_quality121/results/per_input_status.jsonl,111
cycle1,a5_quality121,M4,baseline,d00111,True,True,cached_baseline,1,scored,False,False,False,False,,0,saved_cache,a5_quality121/results/per_input_status.jsonl,112
cycle1,a5_quality121,M4,baseline,d00112,True,True,cached_baseline,4,scored,False,False,False,False,,0,saved_cache,a5_quality121/results/per_input_status.jsonl,113
cycle1,a5_quality121,M4,baseline,d00113,True,True,cached_baseline,1,scored,False,False,False,False,,0,saved_cache,a5_quality121/results/per_input_status.jsonl,114
cycle1,a5_quality121,M4,baseline,d00114,False,True,cached_baseline,1,scored,False,False,False,False,,0,saved_cache,a5_quality121/results/per_input_status.jsonl,115
cycle1,a5_quality121,M4,baseline,d00115,True,True,cached_baseline,1,scored,False,False,False,False,,0,saved_cache,a5_quality121/results/per_input_status.jsonl,116
cycle1,a5_quality121,M4,baseline,d00116,False,True,cached_baseline,1,scored,False,False,False,False,,0,saved_cache,a5_quality121/results/per_input_status.jsonl,117
cycle1,a5_quality121,M4,baseline,d00117,True,True,cached_baseline,1,scored,False,False,False,False,,0,saved_cache,a5_quality121/results/per_input_status.jsonl,118
cycle1,a5_quality121,M4,baseline,d00118,True,True,cached_baseline,1,scored,False,False,False,False,,0,saved_cache,a5_quality121/results/per_input_status.jsonl,119
cycle1,a5_quality121,M4,baseline,d00119,True,True,cached_baseline,1,scored,False,False,False,False,,0,saved_cache,a5_quality121/results/per_input_status.jsonl,120
cycle1,a5_quality121,M4,baseline,d00120,True,True,cached_baseline,1,scored,False,False,False,False,,0,saved_cache,a5_quality121/results/per_input_status.jsonl,121
cycle1,a5_quality121,M4,a5_premise,d00000,True,True,complete,1,scored,False,False,False,False,,1,current_run,a5_quality121/results/per_input_status.jsonl,122
cycle1,a5_quality121,M4,a5_premise,d00001,True,True,complete,1,scored,False,False,False,False,,0,current_run,a5_quality121/results/per_input_status.jsonl,123
cycle1,a5_quality121,M4,a5_premise,d00002,True,True,complete,3,scored,False,False,False,False,,0,current_run,a5_quality121/results/per_input_status.jsonl,124
cycle1,a5_quality121,M4,a5_premise,d00003,True,True,complete,1,scored,False,False,False,False,,0,current_run,a5_quality121/results/per_input_status.jsonl,125
cycle1,a5_quality121,M4,a5_premise,d00004,False,True,complete,1,scored,False,False,False,False,,0,current_run,a5_quality121/results/per_input_status.jsonl,126
cycle1,a5_quality121,M4,a5_premise,d00005,True,True,complete,1,scored,False,False,False,False,,0,current_run,a5_quality121/results/per_input_status.jsonl,127
cycle1,a5_quality121,M4,a5_premise,d00006,True,True,complete,1,scored,False,False,False,False,,0,current_run,a5_quality121/results/per_input_status.jsonl,128
cycle1,a5_quality121,M4,a5_premise,d00007,False,True,complete,1,scored,False,False,False,False,,0,current_run,a5_quality121/results/per_input_status.jsonl,129
cycle1,a5_quality121,M4,a5_premise,d00008,False,True,complete,1,scored,False,False,False,False,,1,current_run,a5_quality121/results/per_input_status.jsonl,130
cycle1,a5_quality121,M4,a5_premise,d00009,True,True,complete,1,scored,False,False,False,False,,0,current_run,a5_quality121/results/per_input_status.jsonl,131
cycle1,a5_quality121,M4,a5_premise,d00010,False,True,complete,1,scored,False,False,False,False,,0,current_run,a5_quality121/results/per_input_status.jsonl,132
cycle1,a5_quality121,M4,a5_premise,d00011,False,True,complete,1,scored,False,False,False,False,,1,current_run,a5_quality121/results/per_input_status.jsonl,133
cycle1,a5_quality121,M4,a5_premise,d00012,True,True,complete,1,scored,False,False,False,False,,0,current_run,a5_quality121/results/per_input_status.jsonl,134
cycle1,a5_quality121,M4,a5_premise,d00013,True,True,complete,1,scored,False,False,False,False,,0,current_run,a5_quality121/results/per_input_status.jsonl,135
cycle1,a5_quality121,M4,a5_premise,d00014,True,True,complete,1,scored,False,False,False,False,,0,current_run,a5_quality121/results/per_input_status.jsonl,136
cycle1,a5_quality121,M4,a5_premise,d00015,False,True,complete,1,scored,False,False,True,False,,0,current_run,a5_quality121/results/per_input_status.jsonl,137
cycle1,a5_quality121,M4,a5_premise,d00016,True,True,complete,2,scored,False,False,False,False,,0,current_run,a5_quality121/results/per_input_status.jsonl,138
cycle1,a5_quality121,M4,a5_premise,d00017,True,True,complete,1,scored,False,False,False,False,,0,current_run,a5_quality121/results/per_input_status.jsonl,139
cycle1,a5_quality121,M4,a5_premise,d00018,True,True,complete,1,scored,False,False,False,False,,1,current_run,a5_quality121/results/per_input_status.jsonl,140
cycle1,a5_quality121,M4,a5_premise,d00019,True,True,complete,1,scored,False,False,False,False,,0,current_run,a5_quality121/results/per_input_status.jsonl,141
cycle1,a5_quality121,M4,a5_premise,d00020,True,True,complete,1,scored,False,False,False,False,,0,current_run,a5_quality121/results/per_input_status.jsonl,142
cycle1,a5_quality121,M4,a5_premise,d00021,True,True,complete,1,scored,False,False,False,False,,1,current_run,a5_quality121/results/per_input_status.jsonl,143
cycle1,a5_quality121,M4,a5_premise,d00022,True,True,complete,2,scored,False,False,False,False,,0,current_run,a5_quality121/results/per_input_status.jsonl,144
cycle1,a5_quality121,M4,a5_premise,d00023,True,True,complete,1,scored,False,False,False,False,,0,current_run,a5_quality121/results/per_input_status.jsonl,145
cycle1,a5_quality121,M4,a5_premise,d00024,True,True,complete,1,scored,False,False,False,False,,0,current_run,a5_quality121/results/per_input_status.jsonl,146
cycle1,a5_quality121,M4,a5_premise,d00025,True,True,complete,1,scored,False,False,False,False,,0,current_run,a5_quality121/results/per_input_status.jsonl,147
cycle1,a5_quality121,M4,a5_premise,d00026,True,True,complete,1,scored,False,False,False,False,,0,current_run,a5_quality121/results/per_input_status.jsonl,148
cycle1,a5_quality121,M4,a5_premise,d00027,True,True,complete,2,scored,False,False,False,False,,0,current_run,a5_quality121/results/per_input_status.jsonl,149
cycle1,a5_quality121,M4,a5_premise,d00028,False,True,complete,1,scored,False,False,True,False,,0,current_run,a5_quality121/results/per_input_status.jsonl,150
cycle1,a5_quality121,M4,a5_premise,d00029,True,True,complete,1,scored,False,False,False,False,,0,current_run,a5_quality121/results/per_input_status.jsonl,151
cycle1,a5_quality121,M4,a5_premise,d00030,False,True,complete,1,scored,False,False,False,False,,0,current_run,a5_quality121/results/per_input_status.jsonl,152
cycle1,a5_quality121,M4,a5_premise,d00031,True,True,complete,1,scored,False,False,False,False,,0,current_run,a5_quality121/results/per_input_status.jsonl,153
cycle1,a5_quality121,M4,a5_premise,d00032,True,True,complete,1,scored,False,False,True,False,,0,current_run,a5_quality121/results/per_input_status.jsonl,154
cycle1,a5_quality121,M4,a5_premise,d00033,True,True,complete,1,scored,False,False,False,False,,0,current_run,a5_quality121/results/per_input_status.jsonl,155
cycle1,a5_quality121,M4,a5_premise,d00034,True,True,complete,1,scored,False,False,False,False,,0,current_run,a5_quality121/results/per_input_status.jsonl,156
cycle1,a5_quality121,M4,a5_premise,d00035,False,True,complete,1,scored,False,False,False,False,,1,current_run,a5_quality121/results/per_input_status.jsonl,157
cycle1,a5_quality121,M4,a5_premise,d00036,False,True,complete,1,scored,False,False,False,False,,0,current_run,a5_quality121/results/per_input_status.jsonl,158
cycle1,a5_quality121,M4,a5_premise,d00037,True,True,complete,2,scored,False,False,False,False,,0,current_run,a5_quality121/results/per_input_status.jsonl,159
cycle1,a5_quality121,M4,a5_premise,d00038,True,True,complete,1,scored,False,False,False,False,,0,current_run,a5_quality121/results/per_input_status.jsonl,160
cycle1,a5_quality121,M4,a5_premise,d00039,False,True,complete,4,scored,False,False,False,False,,0,current_run,a5_quality121/results/per_input_status.jsonl,161
cycle1,a5_quality121,M4,a5_premise,d00040,False,True,complete,1,scored,False,False,False,False,,0,current_run,a5_quality121/results/per_input_status.jsonl,162
cycle1,a5_quality121,M4,a5_premise,d00041,True,True,complete,1,scored,False,False,False,False,,0,current_run,a5_quality121/results/per_input_status.jsonl,163
cycle1,a5_quality121,M4,a5_premise,d00042,True,True,complete,1,scored,False,False,False,False,,0,current_run,a5_quality121/results/per_input_status.jsonl,164
cycle1,a5_quality121,M4,a5_premise,d00043,True,True,complete,1,scored,False,False,False,False,,0,current_run,a5_quality121/results/per_input_status.jsonl,165
cycle1,a5_quality121,M4,a5_premise,d00044,True,True,complete,1,scored,False,False,False,False,,0,current_run,a5_quality121/results/per_input_status.jsonl,166
cycle1,a5_quality121,M4,a5_premise,d00045,True,True,complete,5,scored,False,False,False,False,,0,current_run,a5_quality121/results/per_input_status.jsonl,167
cycle1,a5_quality121,M4,a5_premise,d00046,True,True,complete,1,scored,False,False,False,False,,0,current_run,a5_quality121/results/per_input_status.jsonl,168
cycle1,a5_quality121,M4,a5_premise,d00047,True,True,complete,1,scored,False,False,False,False,,1,current_run,a5_quality121/results/per_input_status.jsonl,169
cycle1,a5_quality121,M4,a5_premise,d00048,True,True,complete,1,scored,False,False,False,False,,0,current_run,a5_quality121/results/per_input_status.jsonl,170
cycle1,a5_quality121,M4,a5_premise,d00049,False,True,complete,1,scored,False,False,False,False,,0,current_run,a5_quality121/results/per_input_status.jsonl,171
cycle1,a5_quality121,M4,a5_premise,d00050,False,True,complete,1,scored,False,False,False,False,,1,current_run,a5_quality121/results/per_input_status.jsonl,172
cycle1,a5_quality121,M4,a5_premise,d00051,False,True,complete,1,scored,False,False,False,False,,1,current_run,a5_quality121/results/per_input_status.jsonl,173
cycle1,a5_quality121,M4,a5_premise,d00052,True,True,complete,1,scored,False,False,False,False,,1,current_run,a5_quality121/results/per_input_status.jsonl,174
cycle1,a5_quality121,M4,a5_premise,d00053,True,True,complete,1,scored,False,False,False,False,,0,current_run,a5_quality121/results/per_input_status.jsonl,175
cycle1,a5_quality121,M4,a5_premise,d00054,False,True,complete,1,scored,False,False,True,False,,0,current_run,a5_quality121/results/per_input_status.jsonl,176
cycle1,a5_quality121,M4,a5_premise,d00055,True,True,complete,3,scored,False,False,False,False,,0,current_run,a5_quality121/results/per_input_status.jsonl,177
cycle1,a5_quality121,M4,a5_premise,d00056,True,True,complete,1,scored,False,False,False,False,,0,current_run,a5_quality121/results/per_input_status.jsonl,178
cycle1,a5_quality121,M4,a5_premise,d00057,True,True,complete,1,scored,False,False,False,False,,0,current_run,a5_quality121/results/per_input_status.jsonl,179
cycle1,a5_quality121,M4,a5_premise,d00058,False,True,complete,3,scored,False,False,False,False,,0,current_run,a5_quality121/results/per_input_status.jsonl,180
cycle1,a5_quality121,M4,a5_premise,d00059,False,True,complete,1,scored,False,False,False,False,,0,current_run,a5_quality121/results/per_input_status.jsonl,181
cycle1,a5_quality121,M4,a5_premise,d00060,False,True,complete,1,scored,False,False,False,False,,0,current_run,a5_quality121/results/per_input_status.jsonl,182
cycle1,a5_quality121,M4,a5_premise,d00061,True,True,complete,1,scored,False,False,False,False,,0,current_run,a5_quality121/results/per_input_status.jsonl,183
cycle1,a5_quality121,M4,a5_premise,d00062,True,True,complete,1,scored,False,False,False,False,,0,current_run,a5_quality121/results/per_input_status.jsonl,184
cycle1,a5_quality121,M4,a5_premise,d00063,True,True,complete,1,scored,False,False,True,False,,0,current_run,a5_quality121/results/per_input_status.jsonl,185
cycle1,a5_quality121,M4,a5_premise,d00064,True,True,complete,1,scored,False,False,False,False,,0,current_run,a5_quality121/results/per_input_status.jsonl,186
cycle1,a5_quality121,M4,a5_premise,d00065,False,True,complete,1,scored,False,False,True,False,,0,current_run,a5_quality121/results/per_input_status.jsonl,187
cycle1,a5_quality121,M4,a5_premise,d00066,True,True,complete,1,scored,False,False,False,False,,0,current_run,a5_quality121/results/per_input_status.jsonl,188
cycle1,a5_quality121,M4,a5_premise,d00067,True,True,complete,2,scored,False,False,False,False,,0,current_run,a5_quality121/results/per_input_status.jsonl,189
cycle1,a5_quality121,M4,a5_premise,d00068,True,True,complete,1,scored,False,False,False,False,,1,current_run,a5_quality121/results/per_input_status.jsonl,190
cycle1,a5_quality121,M4,a5_premise,d00069,True,True,complete,1,scored,False,False,False,False,,0,current_run,a5_quality121/results/per_input_status.jsonl,191
cycle1,a5_quality121,M4,a5_premise,d00070,False,True,complete,1,scored,False,False,False,False,,1,current_run,a5_quality121/results/per_input_status.jsonl,192
cycle1,a5_quality121,M4,a5_premise,d00071,False,True,complete,1,scored,False,False,False,False,,0,current_run,a5_quality121/results/per_input_status.jsonl,193
cycle1,a5_quality121,M4,a5_premise,d00072,False,True,complete,1,scored,False,False,False,False,,0,current_run,a5_quality121/results/per_input_status.jsonl,194
cycle1,a5_quality121,M4,a5_premise,d00073,True,True,complete,1,scored,False,False,False,False,,0,current_run,a5_quality121/results/per_input_status.jsonl,195
cycle1,a5_quality121,M4,a5_premise,d00074,True,True,complete,1,scored,False,False,False,False,,0,current_run,a5_quality121/results/per_input_status.jsonl,196
cycle1,a5_quality121,M4,a5_premise,d00075,False,True,complete,6,scored,False,False,False,False,,0,current_run,a5_quality121/results/per_input_status.jsonl,197
cycle1,a5_quality121,M4,a5_premise,d00076,False,True,complete,1,scored,False,False,False,False,,0,current_run,a5_quality121/results/per_input_status.jsonl,198
cycle1,a5_quality121,M4,a5_premise,d00077,True,True,complete,1,scored,False,False,False,False,,1,current_run,a5_quality121/results/per_input_status.jsonl,199
cycle1,a5_quality121,M4,a5_premise,d00078,True,True,complete,1,scored,False,False,False,False,,0,current_run,a5_quality121/results/per_input_status.jsonl,200
cycle1,a5_quality121,M4,a5_premise,d00079,True,True,complete,1,scored,False,False,False,False,,0,current_run,a5_quality121/results/per_input_status.jsonl,201
cycle1,a5_quality121,M4,a5_premise,d00080,True,True,complete,1,scored,False,False,False,False,,0,current_run,a5_quality121/results/per_input_status.jsonl,202
cycle1,a5_quality121,M4,a5_premise,d00081,True,True,complete,1,scored,False,False,False,False,,0,current_run,a5_quality121/results/per_input_status.jsonl,203
cycle1,a5_quality121,M4,a5_premise,d00082,False,True,complete,1,scored,False,False,False,False,,0,current_run,a5_quality121/results/per_input_status.jsonl,204
cycle1,a5_quality121,M4,a5_premise,d00083,True,True,complete,1,scored,False,False,False,False,,0,current_run,a5_quality121/results/per_input_status.jsonl,205
cycle1,a5_quality121,M4,a5_premise,d00084,False,True,complete,4,scored,False,False,False,False,,0,current_run,a5_quality121/results/per_input_status.jsonl,206
cycle1,a5_quality121,M4,a5_premise,d00085,True,True,complete,1,scored,False,False,False,False,,0,current_run,a5_quality121/results/per_input_status.jsonl,207
cycle1,a5_quality121,M4,a5_premise,d00086,True,True,complete,1,scored,False,False,False,False,,0,current_run,a5_quality121/results/per_input_status.jsonl,208
cycle1,a5_quality121,M4,a5_premise,d00087,True,True,complete,1,scored,False,False,False,False,,0,current_run,a5_quality121/results/per_input_status.jsonl,209
cycle1,a5_quality121,M4,a5_premise,d00088,True,True,complete,1,scored,False,False,False,False,,0,current_run,a5_quality121/results/per_input_status.jsonl,210
cycle1,a5_quality121,M4,a5_premise,d00089,False,True,complete,1,scored,False,False,True,False,,0,current_run,a5_quality121/results/per_input_status.jsonl,211
cycle1,a5_quality121,M4,a5_premise,d00090,True,True,complete,1,scored,False,False,False,False,,0,current_run,a5_quality121/results/per_input_status.jsonl,212
cycle1,a5_quality121,M4,a5_premise,d00091,True,True,complete,1,scored,False,False,False,False,,0,current_run,a5_quality121/results/per_input_status.jsonl,213
cycle1,a5_quality121,M4,a5_premise,d00092,True,True,complete,1,scored,False,False,False,False,,0,current_run,a5_quality121/results/per_input_status.jsonl,214
cycle1,a5_quality121,M4,a5_premise,d00093,True,True,complete,1,scored,False,False,False,False,,0,current_run,a5_quality121/results/per_input_status.jsonl,215
cycle1,a5_quality121,M4,a5_premise,d00094,True,True,complete,1,scored,False,False,False,False,,0,current_run,a5_quality121/results/per_input_status.jsonl,216
cycle1,a5_quality121,M4,a5_premise,d00095,True,True,complete,1,scored,False,False,False,False,,1,current_run,a5_quality121/results/per_input_status.jsonl,217
cycle1,a5_quality121,M4,a5_premise,d00096,True,True,complete,1,scored,False,False,False,False,,1,current_run,a5_quality121/results/per_input_status.jsonl,218
cycle1,a5_quality121,M4,a5_premise,d00097,True,True,complete,1,scored,False,False,False,False,,0,current_run,a5_quality121/results/per_input_status.jsonl,219
cycle1,a5_quality121,M4,a5_premise,d00098,True,True,complete,1,scored,False,False,False,False,,1,current_run,a5_quality121/results/per_input_status.jsonl,220
cycle1,a5_quality121,M4,a5_premise,d00099,True,True,complete,1,scored,False,False,False,False,,0,current_run,a5_quality121/results/per_input_status.jsonl,221
cycle1,a5_quality121,M4,a5_premise,d00100,True,True,complete,1,scored,False,False,False,False,,0,current_run,a5_quality121/results/per_input_status.jsonl,222
cycle1,a5_quality121,M4,a5_premise,d00101,True,True,complete,1,scored,False,False,True,False,,0,current_run,a5_quality121/results/per_input_status.jsonl,223
cycle1,a5_quality121,M4,a5_premise,d00102,True,True,complete,1,scored,False,False,False,False,,0,current_run,a5_quality121/results/per_input_status.jsonl,224
cycle1,a5_quality121,M4,a5_premise,d00103,True,True,complete,1,scored,False,False,False,False,,1,current_run,a5_quality121/results/per_input_status.jsonl,225
cycle1,a5_quality121,M4,a5_premise,d00104,True,True,complete,1,scored,False,False,False,False,,0,current_run,a5_quality121/results/per_input_status.jsonl,226
cycle1,a5_quality121,M4,a5_premise,d00105,True,True,complete,8,scored,False,False,False,False,,0,current_run,a5_quality121/results/per_input_status.jsonl,227
cycle1,a5_quality121,M4,a5_premise,d00106,True,True,complete,1,scored,False,False,False,False,,0,current_run,a5_quality121/results/per_input_status.jsonl,228
cycle1,a5_quality121,M4,a5_premise,d00107,False,True,complete,1,scored,False,False,True,False,,0,current_run,a5_quality121/results/per_input_status.jsonl,229
cycle1,a5_quality121,M4,a5_premise,d00108,True,True,complete,1,scored,False,False,False,False,,0,current_run,a5_quality121/results/per_input_status.jsonl,230
cycle1,a5_quality121,M4,a5_premise,d00109,True,True,complete,1,scored,False,False,False,False,,0,current_run,a5_quality121/results/per_input_status.jsonl,231
cycle1,a5_quality121,M4,a5_premise,d00110,True,True,complete,1,scored,False,False,True,False,,0,current_run,a5_quality121/results/per_input_status.jsonl,232
cycle1,a5_quality121,M4,a5_premise,d00111,True,True,complete,1,scored,False,False,False,False,,0,current_run,a5_quality121/results/per_input_status.jsonl,233
cycle1,a5_quality121,M4,a5_premise,d00112,True,True,complete,4,scored,False,False,False,False,,0,current_run,a5_quality121/results/per_input_status.jsonl,234
cycle1,a5_quality121,M4,a5_premise,d00113,True,True,complete,1,scored,False,False,False,False,,0,current_run,a5_quality121/results/per_input_status.jsonl,235
cycle1,a5_quality121,M4,a5_premise,d00114,False,True,complete,1,scored,False,False,False,False,,0,current_run,a5_quality121/results/per_input_status.jsonl,236
cycle1,a5_quality121,M4,a5_premise,d00115,True,True,complete,1,scored,False,False,False,False,,0,current_run,a5_quality121/results/per_input_status.jsonl,237
cycle1,a5_quality121,M4,a5_premise,d00116,False,True,complete,1,scored,False,False,False,False,,0,current_run,a5_quality121/results/per_input_status.jsonl,238
cycle1,a5_quality121,M4,a5_premise,d00117,True,True,complete,1,scored,False,False,False,False,,0,current_run,a5_quality121/results/per_input_status.jsonl,239
cycle1,a5_quality121,M4,a5_premise,d00118,True,True,complete,1,scored,False,False,False,False,,0,current_run,a5_quality121/results/per_input_status.jsonl,240
cycle1,a5_quality121,M4,a5_premise,d00119,True,True,complete,1,scored,False,False,False,False,,0,current_run,a5_quality121/results/per_input_status.jsonl,241
cycle1,a5_quality121,M4,a5_premise,d00120,False,True,complete,1,scored,False,False,True,False,,0,current_run,a5_quality121/results/per_input_status.jsonl,242
cycle1,a5_quality121,M4,a5_reanswer,d00000,True,True,complete,1,scored,False,False,False,False,,1,current_run,a5_quality121/results/per_input_status.jsonl,243
cycle1,a5_quality121,M4,a5_reanswer,d00001,True,True,complete,1,scored,False,False,False,False,,0,current_run,a5_quality121/results/per_input_status.jsonl,244
cycle1,a5_quality121,M4,a5_reanswer,d00002,True,True,complete,3,scored,False,False,False,False,,0,current_run,a5_quality121/results/per_input_status.jsonl,245
cycle1,a5_quality121,M4,a5_reanswer,d00003,True,True,complete,1,scored,False,False,False,False,,0,current_run,a5_quality121/results/per_input_status.jsonl,246
cycle1,a5_quality121,M4,a5_reanswer,d00004,False,True,complete,1,scored,False,False,False,False,,0,current_run,a5_quality121/results/per_input_status.jsonl,247
cycle1,a5_quality121,M4,a5_reanswer,d00005,True,True,complete,1,scored,False,False,False,False,,0,current_run,a5_quality121/results/per_input_status.jsonl,248
cycle1,a5_quality121,M4,a5_reanswer,d00006,True,True,complete,1,scored,False,False,False,False,,0,current_run,a5_quality121/results/per_input_status.jsonl,249
cycle1,a5_quality121,M4,a5_reanswer,d00007,False,True,complete,1,scored,False,False,False,False,,0,current_run,a5_quality121/results/per_input_status.jsonl,250
cycle1,a5_quality121,M4,a5_reanswer,d00008,False,True,complete,1,scored,False,False,False,False,,1,current_run,a5_quality121/results/per_input_status.jsonl,251
cycle1,a5_quality121,M4,a5_reanswer,d00009,True,True,complete,1,scored,False,False,False,False,,0,current_run,a5_quality121/results/per_input_status.jsonl,252
cycle1,a5_quality121,M4,a5_reanswer,d00010,False,True,complete,1,scored,False,False,False,False,,0,current_run,a5_quality121/results/per_input_status.jsonl,253
cycle1,a5_quality121,M4,a5_reanswer,d00011,False,True,complete,1,scored,False,False,False,False,,1,current_run,a5_quality121/results/per_input_status.jsonl,254
cycle1,a5_quality121,M4,a5_reanswer,d00012,True,True,complete,1,scored,False,False,False,False,,0,current_run,a5_quality121/results/per_input_status.jsonl,255
cycle1,a5_quality121,M4,a5_reanswer,d00013,True,True,complete,1,scored,False,False,False,False,,0,current_run,a5_quality121/results/per_input_status.jsonl,256
cycle1,a5_quality121,M4,a5_reanswer,d00014,True,True,complete,1,scored,False,False,False,False,,0,current_run,a5_quality121/results/per_input_status.jsonl,257
cycle1,a5_quality121,M4,a5_reanswer,d00015,False,True,complete,1,scored,False,False,True,False,,0,current_run,a5_quality121/results/per_input_status.jsonl,258
cycle1,a5_quality121,M4,a5_reanswer,d00016,True,True,complete,2,scored,False,False,False,False,,0,current_run,a5_quality121/results/per_input_status.jsonl,259
cycle1,a5_quality121,M4,a5_reanswer,d00017,True,True,complete,1,scored,False,False,False,False,,0,current_run,a5_quality121/results/per_input_status.jsonl,260
cycle1,a5_quality121,M4,a5_reanswer,d00018,True,True,complete,1,scored,False,False,False,False,,1,current_run,a5_quality121/results/per_input_status.jsonl,261
cycle1,a5_quality121,M4,a5_reanswer,d00019,True,True,complete,1,scored,False,False,False,False,,0,current_run,a5_quality121/results/per_input_status.jsonl,262
cycle1,a5_quality121,M4,a5_reanswer,d00020,True,True,complete,1,scored,False,False,False,False,,0,current_run,a5_quality121/results/per_input_status.jsonl,263
cycle1,a5_quality121,M4,a5_reanswer,d00021,True,True,complete,1,scored,False,False,False,False,,1,current_run,a5_quality121/results/per_input_status.jsonl,264
cycle1,a5_quality121,M4,a5_reanswer,d00022,True,True,complete,2,scored,False,False,False,False,,0,current_run,a5_quality121/results/per_input_status.jsonl,265
cycle1,a5_quality121,M4,a5_reanswer,d00023,True,True,complete,1,scored,False,False,False,False,,0,current_run,a5_quality121/results/per_input_status.jsonl,266
cycle1,a5_quality121,M4,a5_reanswer,d00024,True,True,complete,1,scored,False,False,False,False,,0,current_run,a5_quality121/results/per_input_status.jsonl,267
cycle1,a5_quality121,M4,a5_reanswer,d00025,True,True,complete,1,scored,False,False,False,False,,0,current_run,a5_quality121/results/per_input_status.jsonl,268
cycle1,a5_quality121,M4,a5_reanswer,d00026,True,True,complete,1,scored,False,False,False,False,,0,current_run,a5_quality121/results/per_input_status.jsonl,269
cycle1,a5_quality121,M4,a5_reanswer,d00027,True,True,complete,2,scored,False,False,False,False,,0,current_run,a5_quality121/results/per_input_status.jsonl,270
cycle1,a5_quality121,M4,a5_reanswer,d00028,False,True,complete,1,scored,False,False,True,False,,0,current_run,a5_quality121/results/per_input_status.jsonl,271
cycle1,a5_quality121,M4,a5_reanswer,d00029,True,True,complete,1,scored,False,False,False,False,,0,current_run,a5_quality121/results/per_input_status.jsonl,272
cycle1,a5_quality121,M4,a5_reanswer,d00030,False,True,complete,1,scored,False,False,False,False,,0,current_run,a5_quality121/results/per_input_status.jsonl,273
cycle1,a5_quality121,M4,a5_reanswer,d00031,True,True,complete,1,scored,False,False,False,False,,0,current_run,a5_quality121/results/per_input_status.jsonl,274
cycle1,a5_quality121,M4,a5_reanswer,d00032,True,True,complete,1,scored,False,False,True,False,,0,current_run,a5_quality121/results/per_input_status.jsonl,275
cycle1,a5_quality121,M4,a5_reanswer,d00033,True,True,complete,1,scored,False,False,False,False,,0,current_run,a5_quality121/results/per_input_status.jsonl,276
cycle1,a5_quality121,M4,a5_reanswer,d00034,True,True,complete,1,scored,False,False,False,False,,0,current_run,a5_quality121/results/per_input_status.jsonl,277
cycle1,a5_quality121,M4,a5_reanswer,d00035,False,True,complete,1,scored,False,False,False,False,,1,current_run,a5_quality121/results/per_input_status.jsonl,278
cycle1,a5_quality121,M4,a5_reanswer,d00036,False,True,complete,1,scored,False,False,False,False,,0,current_run,a5_quality121/results/per_input_status.jsonl,279
cycle1,a5_quality121,M4,a5_reanswer,d00037,True,True,complete,2,scored,False,False,False,False,,0,current_run,a5_quality121/results/per_input_status.jsonl,280
cycle1,a5_quality121,M4,a5_reanswer,d00038,True,True,complete,1,scored,False,False,False,False,,0,current_run,a5_quality121/results/per_input_status.jsonl,281
cycle1,a5_quality121,M4,a5_reanswer,d00039,False,True,complete,4,scored,False,False,False,False,,0,current_run,a5_quality121/results/per_input_status.jsonl,282
cycle1,a5_quality121,M4,a5_reanswer,d00040,False,True,complete,1,scored,False,False,False,False,,0,current_run,a5_quality121/results/per_input_status.jsonl,283
cycle1,a5_quality121,M4,a5_reanswer,d00041,True,True,complete,1,scored,False,False,False,False,,0,current_run,a5_quality121/results/per_input_status.jsonl,284
cycle1,a5_quality121,M4,a5_reanswer,d00042,True,True,complete,1,scored,False,False,False,False,,0,current_run,a5_quality121/results/per_input_status.jsonl,285
cycle1,a5_quality121,M4,a5_reanswer,d00043,True,True,complete,1,scored,False,False,False,False,,0,current_run,a5_quality121/results/per_input_status.jsonl,286
cycle1,a5_quality121,M4,a5_reanswer,d00044,True,True,complete,1,scored,False,False,False,False,,0,current_run,a5_quality121/results/per_input_status.jsonl,287
cycle1,a5_quality121,M4,a5_reanswer,d00045,True,True,complete,5,scored,False,False,False,False,,0,current_run,a5_quality121/results/per_input_status.jsonl,288
cycle1,a5_quality121,M4,a5_reanswer,d00046,True,True,complete,1,scored,False,False,False,False,,0,current_run,a5_quality121/results/per_input_status.jsonl,289
cycle1,a5_quality121,M4,a5_reanswer,d00047,True,True,complete,1,scored,False,False,False,False,,1,current_run,a5_quality121/results/per_input_status.jsonl,290
cycle1,a5_quality121,M4,a5_reanswer,d00048,True,True,complete,1,scored,False,False,False,False,,0,current_run,a5_quality121/results/per_input_status.jsonl,291
cycle1,a5_quality121,M4,a5_reanswer,d00049,False,True,complete,1,scored,False,False,False,False,,0,current_run,a5_quality121/results/per_input_status.jsonl,292
cycle1,a5_quality121,M4,a5_reanswer,d00050,False,True,complete,1,scored,False,False,False,False,,1,current_run,a5_quality121/results/per_input_status.jsonl,293
cycle1,a5_quality121,M4,a5_reanswer,d00051,False,True,complete,1,scored,False,False,False,False,,1,current_run,a5_quality121/results/per_input_status.jsonl,294
cycle1,a5_quality121,M4,a5_reanswer,d00052,True,True,complete,1,scored,False,False,False,False,,1,current_run,a5_quality121/results/per_input_status.jsonl,295
cycle1,a5_quality121,M4,a5_reanswer,d00053,True,True,complete,1,scored,False,False,False,False,,0,current_run,a5_quality121/results/per_input_status.jsonl,296
cycle1,a5_quality121,M4,a5_reanswer,d00054,False,True,complete,1,scored,False,False,True,False,,0,current_run,a5_quality121/results/per_input_status.jsonl,297
cycle1,a5_quality121,M4,a5_reanswer,d00055,True,True,complete,3,scored,False,False,False,False,,0,current_run,a5_quality121/results/per_input_status.jsonl,298
cycle1,a5_quality121,M4,a5_reanswer,d00056,True,True,complete,1,scored,False,False,False,False,,0,current_run,a5_quality121/results/per_input_status.jsonl,299
cycle1,a5_quality121,M4,a5_reanswer,d00057,True,True,complete,1,scored,False,False,False,False,,0,current_run,a5_quality121/results/per_input_status.jsonl,300
cycle1,a5_quality121,M4,a5_reanswer,d00058,False,True,complete,3,scored,False,False,False,False,,0,current_run,a5_quality121/results/per_input_status.jsonl,301
cycle1,a5_quality121,M4,a5_reanswer,d00059,False,True,complete,1,scored,False,False,False,False,,0,current_run,a5_quality121/results/per_input_status.jsonl,302
cycle1,a5_quality121,M4,a5_reanswer,d00060,False,True,complete,1,scored,False,False,False,False,,0,current_run,a5_quality121/results/per_input_status.jsonl,303
cycle1,a5_quality121,M4,a5_reanswer,d00061,True,True,complete,1,scored,False,False,False,False,,0,current_run,a5_quality121/results/per_input_status.jsonl,304
cycle1,a5_quality121,M4,a5_reanswer,d00062,True,True,complete,1,scored,False,False,False,False,,0,current_run,a5_quality121/results/per_input_status.jsonl,305
cycle1,a5_quality121,M4,a5_reanswer,d00063,True,True,complete,1,scored,False,False,True,False,,0,current_run,a5_quality121/results/per_input_status.jsonl,306
cycle1,a5_quality121,M4,a5_reanswer,d00064,True,True,complete,1,scored,False,False,False,False,,0,current_run,a5_quality121/results/per_input_status.jsonl,307
cycle1,a5_quality121,M4,a5_reanswer,d00065,False,True,complete,1,scored,False,False,True,False,,0,current_run,a5_quality121/results/per_input_status.jsonl,308
cycle1,a5_quality121,M4,a5_reanswer,d00066,True,True,complete,1,scored,False,False,False,False,,0,current_run,a5_quality121/results/per_input_status.jsonl,309
cycle1,a5_quality121,M4,a5_reanswer,d00067,True,True,complete,2,scored,False,False,False,False,,0,current_run,a5_quality121/results/per_input_status.jsonl,310
cycle1,a5_quality121,M4,a5_reanswer,d00068,True,True,complete,1,scored,False,False,False,False,,1,current_run,a5_quality121/results/per_input_status.jsonl,311
cycle1,a5_quality121,M4,a5_reanswer,d00069,True,True,complete,1,scored,False,False,False,False,,0,current_run,a5_quality121/results/per_input_status.jsonl,312
cycle1,a5_quality121,M4,a5_reanswer,d00070,False,True,complete,1,scored,False,False,False,False,,1,current_run,a5_quality121/results/per_input_status.jsonl,313
cycle1,a5_quality121,M4,a5_reanswer,d00071,False,True,complete,1,scored,False,False,False,False,,0,current_run,a5_quality121/results/per_input_status.jsonl,314
cycle1,a5_quality121,M4,a5_reanswer,d00072,False,True,complete,1,scored,False,False,False,False,,0,current_run,a5_quality121/results/per_input_status.jsonl,315
cycle1,a5_quality121,M4,a5_reanswer,d00073,True,True,complete,1,scored,False,False,False,False,,0,current_run,a5_quality121/results/per_input_status.jsonl,316
cycle1,a5_quality121,M4,a5_reanswer,d00074,True,True,complete,1,scored,False,False,False,False,,0,current_run,a5_quality121/results/per_input_status.jsonl,317
cycle1,a5_quality121,M4,a5_reanswer,d00075,False,True,complete,6,scored,False,False,False,False,,0,current_run,a5_quality121/results/per_input_status.jsonl,318
cycle1,a5_quality121,M4,a5_reanswer,d00076,False,True,complete,1,scored,False,False,False,False,,0,current_run,a5_quality121/results/per_input_status.jsonl,319
cycle1,a5_quality121,M4,a5_reanswer,d00077,True,True,complete,1,scored,False,False,False,False,,1,current_run,a5_quality121/results/per_input_status.jsonl,320
cycle1,a5_quality121,M4,a5_reanswer,d00078,True,True,complete,1,scored,False,False,False,False,,0,current_run,a5_quality121/results/per_input_status.jsonl,321
cycle1,a5_quality121,M4,a5_reanswer,d00079,True,True,complete,1,scored,False,False,False,False,,0,current_run,a5_quality121/results/per_input_status.jsonl,322
cycle1,a5_quality121,M4,a5_reanswer,d00080,True,True,complete,1,scored,False,False,False,False,,0,current_run,a5_quality121/results/per_input_status.jsonl,323
cycle1,a5_quality121,M4,a5_reanswer,d00081,True,True,complete,1,scored,False,False,False,False,,0,current_run,a5_quality121/results/per_input_status.jsonl,324
cycle1,a5_quality121,M4,a5_reanswer,d00082,False,True,complete,1,scored,False,False,False,False,,0,current_run,a5_quality121/results/per_input_status.jsonl,325
cycle1,a5_quality121,M4,a5_reanswer,d00083,True,True,complete,1,scored,False,False,False,False,,0,current_run,a5_quality121/results/per_input_status.jsonl,326
cycle1,a5_quality121,M4,a5_reanswer,d00084,False,True,complete,4,scored,False,False,False,False,,0,current_run,a5_quality121/results/per_input_status.jsonl,327
cycle1,a5_quality121,M4,a5_reanswer,d00085,True,True,complete,1,scored,False,False,False,False,,0,current_run,a5_quality121/results/per_input_status.jsonl,328
cycle1,a5_quality121,M4,a5_reanswer,d00086,True,True,complete,1,scored,False,False,False,False,,0,current_run,a5_quality121/results/per_input_status.jsonl,329
cycle1,a5_quality121,M4,a5_reanswer,d00087,True,True,complete,1,scored,False,False,False,False,,0,current_run,a5_quality121/results/per_input_status.jsonl,330
cycle1,a5_quality121,M4,a5_reanswer,d00088,True,True,complete,1,scored,False,False,False,False,,0,current_run,a5_quality121/results/per_input_status.jsonl,331
cycle1,a5_quality121,M4,a5_reanswer,d00089,False,True,complete,1,scored,False,False,True,False,,0,current_run,a5_quality121/results/per_input_status.jsonl,332
cycle1,a5_quality121,M4,a5_reanswer,d00090,True,True,complete,1,scored,False,False,False,False,,0,current_run,a5_quality121/results/per_input_status.jsonl,333
cycle1,a5_quality121,M4,a5_reanswer,d00091,True,True,complete,1,scored,False,False,False,False,,0,current_run,a5_quality121/results/per_input_status.jsonl,334
cycle1,a5_quality121,M4,a5_reanswer,d00092,True,True,complete,1,scored,False,False,False,False,,0,current_run,a5_quality121/results/per_input_status.jsonl,335
cycle1,a5_quality121,M4,a5_reanswer,d00093,True,True,complete,1,scored,False,False,False,False,,0,current_run,a5_quality121/results/per_input_status.jsonl,336
cycle1,a5_quality121,M4,a5_reanswer,d00094,True,True,complete,1,scored,False,False,False,False,,0,current_run,a5_quality121/results/per_input_status.jsonl,337
cycle1,a5_quality121,M4,a5_reanswer,d00095,True,True,complete,1,scored,False,False,False,False,,1,current_run,a5_quality121/results/per_input_status.jsonl,338
cycle1,a5_quality121,M4,a5_reanswer,d00096,True,True,complete,1,scored,False,False,False,False,,1,current_run,a5_quality121/results/per_input_status.jsonl,339
cycle1,a5_quality121,M4,a5_reanswer,d00097,True,True,complete,1,scored,False,False,False,False,,0,current_run,a5_quality121/results/per_input_status.jsonl,340
cycle1,a5_quality121,M4,a5_reanswer,d00098,True,True,complete,1,scored,False,False,False,False,,1,current_run,a5_quality121/results/per_input_status.jsonl,341
cycle1,a5_quality121,M4,a5_reanswer,d00099,True,True,complete,1,scored,False,False,False,False,,0,current_run,a5_quality121/results/per_input_status.jsonl,342
cycle1,a5_quality121,M4,a5_reanswer,d00100,True,True,complete,1,scored,False,False,False,False,,0,current_run,a5_quality121/results/per_input_status.jsonl,343
cycle1,a5_quality121,M4,a5_reanswer,d00101,True,True,complete,1,scored,False,False,True,False,,0,current_run,a5_quality121/results/per_input_status.jsonl,344
cycle1,a5_quality121,M4,a5_reanswer,d00102,True,True,complete,1,scored,False,False,False,False,,0,current_run,a5_quality121/results/per_input_status.jsonl,345
cycle1,a5_quality121,M4,a5_reanswer,d00103,True,True,complete,1,scored,False,False,False,False,,1,current_run,a5_quality121/results/per_input_status.jsonl,346
cycle1,a5_quality121,M4,a5_reanswer,d00104,True,True,complete,1,scored,False,False,False,False,,0,current_run,a5_quality121/results/per_input_status.jsonl,347
cycle1,a5_quality121,M4,a5_reanswer,d00105,True,True,complete,8,scored,False,False,False,False,,0,current_run,a5_quality121/results/per_input_status.jsonl,348
cycle1,a5_quality121,M4,a5_reanswer,d00106,True,True,complete,1,scored,False,False,False,False,,0,current_run,a5_quality121/results/per_input_status.jsonl,349
cycle1,a5_quality121,M4,a5_reanswer,d00107,False,True,complete,1,scored,False,False,True,False,,0,current_run,a5_quality121/results/per_input_status.jsonl,350
cycle1,a5_quality121,M4,a5_reanswer,d00108,True,True,complete,1,scored,False,False,False,False,,0,current_run,a5_quality121/results/per_input_status.jsonl,351
cycle1,a5_quality121,M4,a5_reanswer,d00109,True,True,complete,1,scored,False,False,False,False,,0,current_run,a5_quality121/results/per_input_status.jsonl,352
cycle1,a5_quality121,M4,a5_reanswer,d00110,True,True,complete,1,scored,False,False,True,False,,0,current_run,a5_quality121/results/per_input_status.jsonl,353
cycle1,a5_quality121,M4,a5_reanswer,d00111,True,True,complete,1,scored,False,False,False,False,,0,current_run,a5_quality121/results/per_input_status.jsonl,354
cycle1,a5_quality121,M4,a5_reanswer,d00112,True,True,complete,4,scored,False,False,False,False,,0,current_run,a5_quality121/results/per_input_status.jsonl,355
cycle1,a5_quality121,M4,a5_reanswer,d00113,True,True,complete,1,scored,False,False,False,False,,0,current_run,a5_quality121/results/per_input_status.jsonl,356
cycle1,a5_quality121,M4,a5_reanswer,d00114,False,True,complete,1,scored,False,False,False,False,,0,current_run,a5_quality121/results/per_input_status.jsonl,357
cycle1,a5_quality121,M4,a5_reanswer,d00115,True,True,complete,1,scored,False,False,False,False,,0,current_run,a5_quality121/results/per_input_status.jsonl,358
cycle1,a5_quality121,M4,a5_reanswer,d00116,False,True,complete,1,scored,False,False,False,False,,0,current_run,a5_quality121/results/per_input_status.jsonl,359
cycle1,a5_quality121,M4,a5_reanswer,d00117,True,True,complete,1,scored,False,False,False,False,,0,current_run,a5_quality121/results/per_input_status.jsonl,360
cycle1,a5_quality121,M4,a5_reanswer,d00118,True,True,complete,1,scored,False,False,False,False,,0,current_run,a5_quality121/results/per_input_status.jsonl,361
cycle1,a5_quality121,M4,a5_reanswer,d00119,True,True,complete,1,scored,False,False,False,False,,0,current_run,a5_quality121/results/per_input_status.jsonl,362
cycle1,a5_quality121,M4,a5_reanswer,d00120,False,True,complete,1,scored,False,False,True,False,,0,current_run,a5_quality121/results/per_input_status.jsonl,363
cycle1,a5_quality121,M5,baseline,d00000,True,True,cached_baseline,1,scored,False,False,False,False,,0,saved_cache,a5_quality121/results/per_input_status.jsonl,364
cycle1,a5_quality121,M5,baseline,d00001,True,True,cached_baseline,1,scored,False,False,False,False,,0,saved_cache,a5_quality121/results/per_input_status.jsonl,365
cycle1,a5_quality121,M5,baseline,d00002,True,True,cached_baseline,3,scored,False,False,False,False,,0,saved_cache,a5_quality121/results/per_input_status.jsonl,366
cycle1,a5_quality121,M5,baseline,d00003,True,True,cached_baseline,1,scored,False,False,False,False,,0,saved_cache,a5_quality121/results/per_input_status.jsonl,367
cycle1,a5_quality121,M5,baseline,d00004,False,True,cached_baseline,1,scored,False,False,False,False,,0,saved_cache,a5_quality121/results/per_input_status.jsonl,368
cycle1,a5_quality121,M5,baseline,d00005,True,True,cached_baseline,1,scored,False,False,False,False,,0,saved_cache,a5_quality121/results/per_input_status.jsonl,369
cycle1,a5_quality121,M5,baseline,d00006,True,True,cached_baseline,1,scored,False,False,False,False,,0,saved_cache,a5_quality121/results/per_input_status.jsonl,370
cycle1,a5_quality121,M5,baseline,d00007,False,True,cached_baseline,1,scored,False,False,False,False,,0,saved_cache,a5_quality121/results/per_input_status.jsonl,371
cycle1,a5_quality121,M5,baseline,d00008,True,True,cached_baseline,1,scored,False,False,False,False,,0,saved_cache,a5_quality121/results/per_input_status.jsonl,372
cycle1,a5_quality121,M5,baseline,d00009,True,True,cached_baseline,1,scored,False,False,False,False,,0,saved_cache,a5_quality121/results/per_input_status.jsonl,373
cycle1,a5_quality121,M5,baseline,d00010,False,True,cached_baseline,1,scored,False,False,False,False,,0,saved_cache,a5_quality121/results/per_input_status.jsonl,374
cycle1,a5_quality121,M5,baseline,d00011,False,True,cached_baseline,1,scored,False,False,False,False,,0,saved_cache,a5_quality121/results/per_input_status.jsonl,375
cycle1,a5_quality121,M5,baseline,d00012,True,True,cached_baseline,1,scored,False,False,False,False,,0,saved_cache,a5_quality121/results/per_input_status.jsonl,376
cycle1,a5_quality121,M5,baseline,d00013,True,True,cached_baseline,1,scored,False,False,False,False,,0,saved_cache,a5_quality121/results/per_input_status.jsonl,377
cycle1,a5_quality121,M5,baseline,d00014,True,True,cached_baseline,1,scored,False,False,False,False,,0,saved_cache,a5_quality121/results/per_input_status.jsonl,378
cycle1,a5_quality121,M5,baseline,d00015,False,True,cached_baseline,1,scored,False,False,False,False,,0,saved_cache,a5_quality121/results/per_input_status.jsonl,379
cycle1,a5_quality121,M5,baseline,d00016,True,True,cached_baseline,2,scored,False,False,False,False,,0,saved_cache,a5_quality121/results/per_input_status.jsonl,380
cycle1,a5_quality121,M5,baseline,d00017,True,True,cached_baseline,1,scored,False,False,False,False,,0,saved_cache,a5_quality121/results/per_input_status.jsonl,381
cycle1,a5_quality121,M5,baseline,d00018,True,True,cached_baseline,1,scored,False,False,False,False,,0,saved_cache,a5_quality121/results/per_input_status.jsonl,382
cycle1,a5_quality121,M5,baseline,d00019,True,True,cached_baseline,1,scored,False,False,False,False,,0,saved_cache,a5_quality121/results/per_input_status.jsonl,383
cycle1,a5_quality121,M5,baseline,d00020,True,True,cached_baseline,1,scored,False,False,False,False,,0,saved_cache,a5_quality121/results/per_input_status.jsonl,384
cycle1,a5_quality121,M5,baseline,d00021,True,True,cached_baseline,1,scored,False,False,False,False,,0,saved_cache,a5_quality121/results/per_input_status.jsonl,385
cycle1,a5_quality121,M5,baseline,d00022,True,True,cached_baseline,2,scored,False,False,False,False,,0,saved_cache,a5_quality121/results/per_input_status.jsonl,386
cycle1,a5_quality121,M5,baseline,d00023,True,True,cached_baseline,1,scored,False,False,False,False,,0,saved_cache,a5_quality121/results/per_input_status.jsonl,387
cycle1,a5_quality121,M5,baseline,d00024,True,True,cached_baseline,1,scored,False,False,False,False,,0,saved_cache,a5_quality121/results/per_input_status.jsonl,388
cycle1,a5_quality121,M5,baseline,d00025,True,True,cached_baseline,1,scored,False,False,False,False,,0,saved_cache,a5_quality121/results/per_input_status.jsonl,389
cycle1,a5_quality121,M5,baseline,d00026,False,True,cached_baseline,1,scored,False,False,False,False,,0,saved_cache,a5_quality121/results/per_input_status.jsonl,390
cycle1,a5_quality121,M5,baseline,d00027,True,True,cached_baseline,2,scored,False,False,False,False,,0,saved_cache,a5_quality121/results/per_input_status.jsonl,391
cycle1,a5_quality121,M5,baseline,d00028,True,True,cached_baseline,1,scored,False,False,False,False,,0,saved_cache,a5_quality121/results/per_input_status.jsonl,392
cycle1,a5_quality121,M5,baseline,d00029,True,True,cached_baseline,1,scored,False,False,False,False,,0,saved_cache,a5_quality121/results/per_input_status.jsonl,393
cycle1,a5_quality121,M5,baseline,d00030,False,True,cached_baseline,1,scored,False,False,False,False,,0,saved_cache,a5_quality121/results/per_input_status.jsonl,394
cycle1,a5_quality121,M5,baseline,d00031,True,True,cached_baseline,1,scored,False,False,False,False,,0,saved_cache,a5_quality121/results/per_input_status.jsonl,395
cycle1,a5_quality121,M5,baseline,d00032,True,True,cached_baseline,1,scored,False,False,False,False,,0,saved_cache,a5_quality121/results/per_input_status.jsonl,396
cycle1,a5_quality121,M5,baseline,d00033,False,True,cached_baseline,1,scored,False,False,False,False,,0,saved_cache,a5_quality121/results/per_input_status.jsonl,397
cycle1,a5_quality121,M5,baseline,d00034,True,True,cached_baseline,1,scored,False,False,False,False,,0,saved_cache,a5_quality121/results/per_input_status.jsonl,398
cycle1,a5_quality121,M5,baseline,d00035,False,True,cached_baseline,1,scored,False,False,False,False,,0,saved_cache,a5_quality121/results/per_input_status.jsonl,399
cycle1,a5_quality121,M5,baseline,d00036,False,True,cached_baseline,1,scored,False,False,False,False,,0,saved_cache,a5_quality121/results/per_input_status.jsonl,400
cycle1,a5_quality121,M5,baseline,d00037,True,True,cached_baseline,2,scored,False,False,False,False,,0,saved_cache,a5_quality121/results/per_input_status.jsonl,401
cycle1,a5_quality121,M5,baseline,d00038,True,True,cached_baseline,1,scored,False,False,False,False,,0,saved_cache,a5_quality121/results/per_input_status.jsonl,402
cycle1,a5_quality121,M5,baseline,d00039,False,True,cached_baseline,4,scored,False,False,False,False,,0,saved_cache,a5_quality121/results/per_input_status.jsonl,403
cycle1,a5_quality121,M5,baseline,d00040,True,True,cached_baseline,1,scored,False,False,False,False,,0,saved_cache,a5_quality121/results/per_input_status.jsonl,404
cycle1,a5_quality121,M5,baseline,d00041,True,True,cached_baseline,1,scored,False,False,False,False,,0,saved_cache,a5_quality121/results/per_input_status.jsonl,405
cycle1,a5_quality121,M5,baseline,d00042,False,True,cached_baseline,1,scored,False,False,False,False,,0,saved_cache,a5_quality121/results/per_input_status.jsonl,406
cycle1,a5_quality121,M5,baseline,d00043,True,True,cached_baseline,1,scored,False,False,False,False,,0,saved_cache,a5_quality121/results/per_input_status.jsonl,407
cycle1,a5_quality121,M5,baseline,d00044,True,True,cached_baseline,1,scored,False,False,False,False,,0,saved_cache,a5_quality121/results/per_input_status.jsonl,408
cycle1,a5_quality121,M5,baseline,d00045,True,True,cached_baseline,5,scored,False,False,False,False,,0,saved_cache,a5_quality121/results/per_input_status.jsonl,409
cycle1,a5_quality121,M5,baseline,d00046,True,True,cached_baseline,1,scored,False,False,False,False,,0,saved_cache,a5_quality121/results/per_input_status.jsonl,410
cycle1,a5_quality121,M5,baseline,d00047,True,True,cached_baseline,1,scored,False,False,False,False,,0,saved_cache,a5_quality121/results/per_input_status.jsonl,411
cycle1,a5_quality121,M5,baseline,d00048,True,True,cached_baseline,1,scored,False,False,False,False,,0,saved_cache,a5_quality121/results/per_input_status.jsonl,412
cycle1,a5_quality121,M5,baseline,d00049,False,True,cached_baseline,1,scored,False,False,False,False,,0,saved_cache,a5_quality121/results/per_input_status.jsonl,413
cycle1,a5_quality121,M5,baseline,d00050,,False,cached_baseline,1,not_scored,False,False,False,False,baseline_native_schema_invalid,0,saved_cache,a5_quality121/results/per_input_status.jsonl,414
cycle1,a5_quality121,M5,baseline,d00051,False,True,cached_baseline,1,scored,False,False,False,False,,0,saved_cache,a5_quality121/results/per_input_status.jsonl,415
cycle1,a5_quality121,M5,baseline,d00052,True,True,cached_baseline,1,scored,False,False,False,False,,0,saved_cache,a5_quality121/results/per_input_status.jsonl,416
cycle1,a5_quality121,M5,baseline,d00053,False,True,cached_baseline,1,scored,False,False,False,False,,0,saved_cache,a5_quality121/results/per_input_status.jsonl,417
cycle1,a5_quality121,M5,baseline,d00054,True,True,cached_baseline,1,scored,False,False,False,False,,0,saved_cache,a5_quality121/results/per_input_status.jsonl,418
cycle1,a5_quality121,M5,baseline,d00055,True,True,cached_baseline,3,scored,False,False,False,False,,0,saved_cache,a5_quality121/results/per_input_status.jsonl,419
cycle1,a5_quality121,M5,baseline,d00056,True,True,cached_baseline,1,scored,False,False,False,False,,0,saved_cache,a5_quality121/results/per_input_status.jsonl,420
cycle1,a5_quality121,M5,baseline,d00057,False,True,cached_baseline,1,scored,False,False,False,False,,0,saved_cache,a5_quality121/results/per_input_status.jsonl,421
cycle1,a5_quality121,M5,baseline,d00058,True,True,cached_baseline,3,scored,False,False,False,False,,0,saved_cache,a5_quality121/results/per_input_status.jsonl,422
cycle1,a5_quality121,M5,baseline,d00059,False,True,cached_baseline,1,scored,False,False,False,False,,0,saved_cache,a5_quality121/results/per_input_status.jsonl,423
cycle1,a5_quality121,M5,baseline,d00060,False,True,cached_baseline,1,scored,False,False,False,False,,0,saved_cache,a5_quality121/results/per_input_status.jsonl,424
cycle1,a5_quality121,M5,baseline,d00061,True,True,cached_baseline,1,scored,False,False,False,False,,0,saved_cache,a5_quality121/results/per_input_status.jsonl,425
cycle1,a5_quality121,M5,baseline,d00062,True,True,cached_baseline,1,scored,False,False,False,False,,0,saved_cache,a5_quality121/results/per_input_status.jsonl,426
cycle1,a5_quality121,M5,baseline,d00063,True,True,cached_baseline,1,scored,False,False,False,False,,0,saved_cache,a5_quality121/results/per_input_status.jsonl,427
cycle1,a5_quality121,M5,baseline,d00064,True,True,cached_baseline,1,scored,False,False,False,False,,0,saved_cache,a5_quality121/results/per_input_status.jsonl,428
cycle1,a5_quality121,M5,baseline,d00065,False,True,cached_baseline,1,scored,False,False,False,False,,0,saved_cache,a5_quality121/results/per_input_status.jsonl,429
cycle1,a5_quality121,M5,baseline,d00066,True,True,cached_baseline,1,scored,False,False,False,False,,0,saved_cache,a5_quality121/results/per_input_status.jsonl,430
cycle1,a5_quality121,M5,baseline,d00067,True,True,cached_baseline,2,scored,False,False,False,False,,0,saved_cache,a5_quality121/results/per_input_status.jsonl,431
cycle1,a5_quality121,M5,baseline,d00068,True,True,cached_baseline,1,scored,False,False,False,False,,0,saved_cache,a5_quality121/results/per_input_status.jsonl,432
cycle1,a5_quality121,M5,baseline,d00069,True,True,cached_baseline,1,scored,False,False,False,False,,0,saved_cache,a5_quality121/results/per_input_status.jsonl,433
cycle1,a5_quality121,M5,baseline,d00070,False,True,cached_baseline,1,scored,False,False,False,False,,0,saved_cache,a5_quality121/results/per_input_status.jsonl,434
cycle1,a5_quality121,M5,baseline,d00071,False,True,cached_baseline,1,scored,False,False,False,False,,0,saved_cache,a5_quality121/results/per_input_status.jsonl,435
cycle1,a5_quality121,M5,baseline,d00072,False,True,cached_baseline,1,scored,False,False,False,False,,0,saved_cache,a5_quality121/results/per_input_status.jsonl,436
cycle1,a5_quality121,M5,baseline,d00073,True,True,cached_baseline,1,scored,False,False,False,False,,0,saved_cache,a5_quality121/results/per_input_status.jsonl,437
cycle1,a5_quality121,M5,baseline,d00074,True,True,cached_baseline,1,scored,False,False,False,False,,0,saved_cache,a5_quality121/results/per_input_status.jsonl,438
cycle1,a5_quality121,M5,baseline,d00075,False,True,cached_baseline,6,scored,False,False,False,False,,0,saved_cache,a5_quality121/results/per_input_status.jsonl,439
cycle1,a5_quality121,M5,baseline,d00076,False,True,cached_baseline,1,scored,False,False,False,False,,0,saved_cache,a5_quality121/results/per_input_status.jsonl,440
cycle1,a5_quality121,M5,baseline,d00077,True,True,cached_baseline,1,scored,False,False,False,False,,0,saved_cache,a5_quality121/results/per_input_status.jsonl,441
cycle1,a5_quality121,M5,baseline,d00078,True,True,cached_baseline,1,scored,False,False,False,False,,0,saved_cache,a5_quality121/results/per_input_status.jsonl,442
cycle1,a5_quality121,M5,baseline,d00079,True,True,cached_baseline,1,scored,False,False,False,False,,0,saved_cache,a5_quality121/results/per_input_status.jsonl,443
cycle1,a5_quality121,M5,baseline,d00080,True,True,cached_baseline,1,scored,False,False,False,False,,0,saved_cache,a5_quality121/results/per_input_status.jsonl,444
cycle1,a5_quality121,M5,baseline,d00081,False,True,cached_baseline,1,scored,False,False,False,False,,0,saved_cache,a5_quality121/results/per_input_status.jsonl,445
cycle1,a5_quality121,M5,baseline,d00082,False,True,cached_baseline,1,scored,False,False,False,False,,0,saved_cache,a5_quality121/results/per_input_status.jsonl,446
cycle1,a5_quality121,M5,baseline,d00083,True,True,cached_baseline,1,scored,False,False,False,False,,0,saved_cache,a5_quality121/results/per_input_status.jsonl,447
cycle1,a5_quality121,M5,baseline,d00084,False,True,cached_baseline,4,scored,False,False,False,False,,0,saved_cache,a5_quality121/results/per_input_status.jsonl,448
cycle1,a5_quality121,M5,baseline,d00085,True,True,cached_baseline,1,scored,False,False,False,False,,0,saved_cache,a5_quality121/results/per_input_status.jsonl,449
cycle1,a5_quality121,M5,baseline,d00086,True,True,cached_baseline,1,scored,False,False,False,False,,0,saved_cache,a5_quality121/results/per_input_status.jsonl,450
cycle1,a5_quality121,M5,baseline,d00087,False,True,cached_baseline,1,scored,False,False,False,False,,0,saved_cache,a5_quality121/results/per_input_status.jsonl,451
cycle1,a5_quality121,M5,baseline,d00088,False,True,cached_baseline,1,scored,False,False,False,False,,0,saved_cache,a5_quality121/results/per_input_status.jsonl,452
cycle1,a5_quality121,M5,baseline,d00089,False,True,cached_baseline,1,scored,False,False,False,False,,0,saved_cache,a5_quality121/results/per_input_status.jsonl,453
cycle1,a5_quality121,M5,baseline,d00090,True,True,cached_baseline,1,scored,False,False,False,False,,0,saved_cache,a5_quality121/results/per_input_status.jsonl,454
cycle1,a5_quality121,M5,baseline,d00091,True,True,cached_baseline,1,scored,False,False,False,False,,0,saved_cache,a5_quality121/results/per_input_status.jsonl,455
cycle1,a5_quality121,M5,baseline,d00092,True,True,cached_baseline,1,scored,False,False,False,False,,0,saved_cache,a5_quality121/results/per_input_status.jsonl,456
cycle1,a5_quality121,M5,baseline,d00093,True,True,cached_baseline,1,scored,False,False,False,False,,0,saved_cache,a5_quality121/results/per_input_status.jsonl,457
cycle1,a5_quality121,M5,baseline,d00094,False,True,cached_baseline,1,scored,False,False,False,False,,0,saved_cache,a5_quality121/results/per_input_status.jsonl,458
cycle1,a5_quality121,M5,baseline,d00095,True,True,cached_baseline,1,scored,False,False,False,False,,0,saved_cache,a5_quality121/results/per_input_status.jsonl,459
cycle1,a5_quality121,M5,baseline,d00096,True,True,cached_baseline,1,scored,False,False,False,False,,0,saved_cache,a5_quality121/results/per_input_status.jsonl,460
cycle1,a5_quality121,M5,baseline,d00097,False,True,cached_baseline,1,scored,False,False,False,False,,0,saved_cache,a5_quality121/results/per_input_status.jsonl,461
cycle1,a5_quality121,M5,baseline,d00098,True,True,cached_baseline,1,scored,False,False,False,False,,0,saved_cache,a5_quality121/results/per_input_status.jsonl,462
cycle1,a5_quality121,M5,baseline,d00099,True,True,cached_baseline,1,scored,False,False,False,False,,0,saved_cache,a5_quality121/results/per_input_status.jsonl,463
cycle1,a5_quality121,M5,baseline,d00100,True,True,cached_baseline,1,scored,False,False,False,False,,0,saved_cache,a5_quality121/results/per_input_status.jsonl,464
cycle1,a5_quality121,M5,baseline,d00101,False,True,cached_baseline,1,scored,False,False,False,False,,0,saved_cache,a5_quality121/results/per_input_status.jsonl,465
cycle1,a5_quality121,M5,baseline,d00102,True,True,cached_baseline,1,scored,False,False,False,False,,0,saved_cache,a5_quality121/results/per_input_status.jsonl,466
cycle1,a5_quality121,M5,baseline,d00103,True,True,cached_baseline,1,scored,False,False,False,False,,0,saved_cache,a5_quality121/results/per_input_status.jsonl,467
cycle1,a5_quality121,M5,baseline,d00104,True,True,cached_baseline,1,scored,False,False,False,False,,0,saved_cache,a5_quality121/results/per_input_status.jsonl,468
cycle1,a5_quality121,M5,baseline,d00105,True,True,cached_baseline,8,scored,False,False,False,False,,0,saved_cache,a5_quality121/results/per_input_status.jsonl,469
cycle1,a5_quality121,M5,baseline,d00106,True,True,cached_baseline,1,scored,False,False,False,False,,0,saved_cache,a5_quality121/results/per_input_status.jsonl,470
cycle1,a5_quality121,M5,baseline,d00107,False,True,cached_baseline,1,scored,False,False,False,False,,0,saved_cache,a5_quality121/results/per_input_status.jsonl,471
cycle1,a5_quality121,M5,baseline,d00108,True,True,cached_baseline,1,scored,False,False,False,False,,0,saved_cache,a5_quality121/results/per_input_status.jsonl,472
cycle1,a5_quality121,M5,baseline,d00109,True,True,cached_baseline,1,scored,False,False,False,False,,0,saved_cache,a5_quality121/results/per_input_status.jsonl,473
cycle1,a5_quality121,M5,baseline,d00110,False,True,cached_baseline,1,scored,False,False,False,False,,0,saved_cache,a5_quality121/results/per_input_status.jsonl,474
cycle1,a5_quality121,M5,baseline,d00111,True,True,cached_baseline,1,scored,False,False,False,False,,0,saved_cache,a5_quality121/results/per_input_status.jsonl,475
cycle1,a5_quality121,M5,baseline,d00112,True,True,cached_baseline,4,scored,False,False,False,False,,0,saved_cache,a5_quality121/results/per_input_status.jsonl,476
cycle1,a5_quality121,M5,baseline,d00113,True,True,cached_baseline,1,scored,False,False,False,False,,0,saved_cache,a5_quality121/results/per_input_status.jsonl,477
cycle1,a5_quality121,M5,baseline,d00114,False,True,cached_baseline,1,scored,False,False,False,False,,0,saved_cache,a5_quality121/results/per_input_status.jsonl,478
cycle1,a5_quality121,M5,baseline,d00115,True,True,cached_baseline,1,scored,False,False,False,False,,0,saved_cache,a5_quality121/results/per_input_status.jsonl,479
cycle1,a5_quality121,M5,baseline,d00116,False,True,cached_baseline,1,scored,False,False,False,False,,0,saved_cache,a5_quality121/results/per_input_status.jsonl,480
cycle1,a5_quality121,M5,baseline,d00117,True,True,cached_baseline,1,scored,False,False,False,False,,0,saved_cache,a5_quality121/results/per_input_status.jsonl,481
cycle1,a5_quality121,M5,baseline,d00118,True,True,cached_baseline,1,scored,False,False,False,False,,0,saved_cache,a5_quality121/results/per_input_status.jsonl,482
cycle1,a5_quality121,M5,baseline,d00119,False,True,cached_baseline,1,scored,False,False,False,False,,0,saved_cache,a5_quality121/results/per_input_status.jsonl,483
cycle1,a5_quality121,M5,baseline,d00120,True,True,cached_baseline,1,scored,False,False,False,False,,0,saved_cache,a5_quality121/results/per_input_status.jsonl,484
cycle1,a5_quality121,M5,a5_premise,d00000,True,True,complete,1,scored,False,False,False,False,,1,current_run,a5_quality121/results/per_input_status.jsonl,485
cycle1,a5_quality121,M5,a5_premise,d00001,True,True,complete,1,scored,False,False,False,False,,0,current_run,a5_quality121/results/per_input_status.jsonl,486
cycle1,a5_quality121,M5,a5_premise,d00002,True,True,complete,3,scored,False,False,False,False,,0,current_run,a5_quality121/results/per_input_status.jsonl,487
cycle1,a5_quality121,M5,a5_premise,d00003,True,True,complete,1,scored,False,False,False,False,,0,current_run,a5_quality121/results/per_input_status.jsonl,488
cycle1,a5_quality121,M5,a5_premise,d00004,False,True,complete,1,scored,False,False,False,False,,0,current_run,a5_quality121/results/per_input_status.jsonl,489
cycle1,a5_quality121,M5,a5_premise,d00005,True,True,complete,1,scored,False,False,False,False,,0,current_run,a5_quality121/results/per_input_status.jsonl,490
cycle1,a5_quality121,M5,a5_premise,d00006,True,True,complete,1,scored,False,False,False,False,,0,current_run,a5_quality121/results/per_input_status.jsonl,491
cycle1,a5_quality121,M5,a5_premise,d00007,False,True,complete,1,scored,False,False,False,False,,0,current_run,a5_quality121/results/per_input_status.jsonl,492
cycle1,a5_quality121,M5,a5_premise,d00008,True,True,complete,1,scored,False,False,False,False,,1,current_run,a5_quality121/results/per_input_status.jsonl,493
cycle1,a5_quality121,M5,a5_premise,d00009,True,True,complete,1,scored,False,False,False,False,,0,current_run,a5_quality121/results/per_input_status.jsonl,494
cycle1,a5_quality121,M5,a5_premise,d00010,False,True,complete,1,scored,False,False,False,False,,0,current_run,a5_quality121/results/per_input_status.jsonl,495
cycle1,a5_quality121,M5,a5_premise,d00011,False,True,complete,1,scored,False,False,False,False,,1,current_run,a5_quality121/results/per_input_status.jsonl,496
cycle1,a5_quality121,M5,a5_premise,d00012,True,True,complete,1,scored,False,False,False,False,,0,current_run,a5_quality121/results/per_input_status.jsonl,497
cycle1,a5_quality121,M5,a5_premise,d00013,True,True,complete,1,scored,False,False,False,False,,0,current_run,a5_quality121/results/per_input_status.jsonl,498
cycle1,a5_quality121,M5,a5_premise,d00014,True,True,complete,1,scored,False,False,False,False,,0,current_run,a5_quality121/results/per_input_status.jsonl,499
cycle1,a5_quality121,M5,a5_premise,d00015,False,True,complete,1,scored,False,False,False,False,,0,current_run,a5_quality121/results/per_input_status.jsonl,500
cycle1,a5_quality121,M5,a5_premise,d00016,True,True,complete,2,scored,False,False,False,False,,0,current_run,a5_quality121/results/per_input_status.jsonl,501
cycle1,a5_quality121,M5,a5_premise,d00017,True,True,complete,1,scored,False,False,False,False,,0,current_run,a5_quality121/results/per_input_status.jsonl,502
cycle1,a5_quality121,M5,a5_premise,d00018,True,True,complete,1,scored,False,False,False,False,,1,current_run,a5_quality121/results/per_input_status.jsonl,503
cycle1,a5_quality121,M5,a5_premise,d00019,True,True,complete,1,scored,False,False,False,False,,0,current_run,a5_quality121/results/per_input_status.jsonl,504
cycle1,a5_quality121,M5,a5_premise,d00020,True,True,complete,1,scored,False,False,False,False,,0,current_run,a5_quality121/results/per_input_status.jsonl,505
cycle1,a5_quality121,M5,a5_premise,d00021,True,True,complete,1,scored,False,False,False,False,,1,current_run,a5_quality121/results/per_input_status.jsonl,506
cycle1,a5_quality121,M5,a5_premise,d00022,True,True,complete,2,scored,False,False,False,False,,0,current_run,a5_quality121/results/per_input_status.jsonl,507
cycle1,a5_quality121,M5,a5_premise,d00023,True,True,complete,1,scored,False,False,False,False,,0,current_run,a5_quality121/results/per_input_status.jsonl,508
cycle1,a5_quality121,M5,a5_premise,d00024,True,True,complete,1,scored,False,False,False,False,,0,current_run,a5_quality121/results/per_input_status.jsonl,509
cycle1,a5_quality121,M5,a5_premise,d00025,True,True,complete,1,scored,False,False,False,False,,0,current_run,a5_quality121/results/per_input_status.jsonl,510
cycle1,a5_quality121,M5,a5_premise,d00026,False,True,complete,1,scored,False,False,False,False,,0,current_run,a5_quality121/results/per_input_status.jsonl,511
cycle1,a5_quality121,M5,a5_premise,d00027,True,True,complete,2,scored,False,False,False,False,,0,current_run,a5_quality121/results/per_input_status.jsonl,512
cycle1,a5_quality121,M5,a5_premise,d00028,True,True,complete,1,scored,False,False,False,False,,0,current_run,a5_quality121/results/per_input_status.jsonl,513
cycle1,a5_quality121,M5,a5_premise,d00029,True,True,complete,1,scored,False,False,False,False,,0,current_run,a5_quality121/results/per_input_status.jsonl,514
cycle1,a5_quality121,M5,a5_premise,d00030,False,True,complete,1,scored,False,False,False,False,,0,current_run,a5_quality121/results/per_input_status.jsonl,515
cycle1,a5_quality121,M5,a5_premise,d00031,True,True,complete,1,scored,False,False,False,False,,0,current_run,a5_quality121/results/per_input_status.jsonl,516
cycle1,a5_quality121,M5,a5_premise,d00032,False,True,complete,1,scored,False,False,True,False,,0,current_run,a5_quality121/results/per_input_status.jsonl,517
cycle1,a5_quality121,M5,a5_premise,d00033,False,True,complete,1,scored,False,False,False,False,,0,current_run,a5_quality121/results/per_input_status.jsonl,518
cycle1,a5_quality121,M5,a5_premise,d00034,True,True,complete,1,scored,False,False,False,False,,0,current_run,a5_quality121/results/per_input_status.jsonl,519
cycle1,a5_quality121,M5,a5_premise,d00035,False,True,complete,1,scored,False,False,False,False,,1,current_run,a5_quality121/results/per_input_status.jsonl,520
cycle1,a5_quality121,M5,a5_premise,d00036,False,True,complete,1,scored,False,False,False,False,,0,current_run,a5_quality121/results/per_input_status.jsonl,521
cycle1,a5_quality121,M5,a5_premise,d00037,True,True,complete,2,scored,False,False,False,False,,0,current_run,a5_quality121/results/per_input_status.jsonl,522
cycle1,a5_quality121,M5,a5_premise,d00038,True,True,complete,1,scored,False,False,False,False,,0,current_run,a5_quality121/results/per_input_status.jsonl,523
cycle1,a5_quality121,M5,a5_premise,d00039,False,True,complete,4,scored,False,False,False,False,,0,current_run,a5_quality121/results/per_input_status.jsonl,524
cycle1,a5_quality121,M5,a5_premise,d00040,True,True,complete,1,scored,False,False,False,False,,0,current_run,a5_quality121/results/per_input_status.jsonl,525
cycle1,a5_quality121,M5,a5_premise,d00041,True,True,complete,1,scored,False,False,False,False,,0,current_run,a5_quality121/results/per_input_status.jsonl,526
cycle1,a5_quality121,M5,a5_premise,d00042,True,True,complete,1,scored,False,False,True,False,,0,current_run,a5_quality121/results/per_input_status.jsonl,527
cycle1,a5_quality121,M5,a5_premise,d00043,True,True,complete,1,scored,False,False,False,False,,0,current_run,a5_quality121/results/per_input_status.jsonl,528
cycle1,a5_quality121,M5,a5_premise,d00044,True,True,complete,1,scored,False,False,False,False,,0,current_run,a5_quality121/results/per_input_status.jsonl,529
cycle1,a5_quality121,M5,a5_premise,d00045,True,True,complete,5,scored,False,False,False,False,,0,current_run,a5_quality121/results/per_input_status.jsonl,530
cycle1,a5_quality121,M5,a5_premise,d00046,True,True,complete,1,scored,False,False,False,False,,0,current_run,a5_quality121/results/per_input_status.jsonl,531
cycle1,a5_quality121,M5,a5_premise,d00047,True,True,complete,1,scored,False,False,False,False,,1,current_run,a5_quality121/results/per_input_status.jsonl,532
cycle1,a5_quality121,M5,a5_premise,d00048,True,True,complete,1,scored,False,False,False,False,,0,current_run,a5_quality121/results/per_input_status.jsonl,533
cycle1,a5_quality121,M5,a5_premise,d00049,False,True,complete,1,scored,False,False,False,False,,0,current_run,a5_quality121/results/per_input_status.jsonl,534
cycle1,a5_quality121,M5,a5_premise,d00050,,False,unavailable,1,not_scored,False,False,False,False,,1,current_run,a5_quality121/results/per_input_status.jsonl,535
cycle1,a5_quality121,M5,a5_premise,d00051,False,True,complete,1,scored,False,False,False,False,,1,current_run,a5_quality121/results/per_input_status.jsonl,536
cycle1,a5_quality121,M5,a5_premise,d00052,True,True,complete,1,scored,False,False,False,False,,1,current_run,a5_quality121/results/per_input_status.jsonl,537
cycle1,a5_quality121,M5,a5_premise,d00053,False,True,complete,1,scored,False,False,False,False,,0,current_run,a5_quality121/results/per_input_status.jsonl,538
cycle1,a5_quality121,M5,a5_premise,d00054,True,True,complete,1,scored,False,False,False,False,,0,current_run,a5_quality121/results/per_input_status.jsonl,539
cycle1,a5_quality121,M5,a5_premise,d00055,True,True,complete,3,scored,False,False,False,False,,0,current_run,a5_quality121/results/per_input_status.jsonl,540
cycle1,a5_quality121,M5,a5_premise,d00056,True,True,complete,1,scored,False,False,False,False,,0,current_run,a5_quality121/results/per_input_status.jsonl,541
cycle1,a5_quality121,M5,a5_premise,d00057,False,True,complete,1,scored,False,False,False,False,,0,current_run,a5_quality121/results/per_input_status.jsonl,542
cycle1,a5_quality121,M5,a5_premise,d00058,False,True,complete,3,scored,False,False,True,False,,0,current_run,a5_quality121/results/per_input_status.jsonl,543
cycle1,a5_quality121,M5,a5_premise,d00059,False,True,complete,1,scored,False,False,False,False,,0,current_run,a5_quality121/results/per_input_status.jsonl,544
cycle1,a5_quality121,M5,a5_premise,d00060,False,True,complete,1,scored,False,False,False,False,,0,current_run,a5_quality121/results/per_input_status.jsonl,545
cycle1,a5_quality121,M5,a5_premise,d00061,True,True,complete,1,scored,False,False,False,False,,0,current_run,a5_quality121/results/per_input_status.jsonl,546
cycle1,a5_quality121,M5,a5_premise,d00062,True,True,complete,1,scored,False,False,False,False,,0,current_run,a5_quality121/results/per_input_status.jsonl,547
cycle1,a5_quality121,M5,a5_premise,d00063,True,True,complete,1,scored,False,False,False,False,,0,current_run,a5_quality121/results/per_input_status.jsonl,548
cycle1,a5_quality121,M5,a5_premise,d00064,True,True,complete,1,scored,False,False,False,False,,0,current_run,a5_quality121/results/per_input_status.jsonl,549
cycle1,a5_quality121,M5,a5_premise,d00065,False,True,complete,1,scored,False,False,False,False,,0,current_run,a5_quality121/results/per_input_status.jsonl,550
cycle1,a5_quality121,M5,a5_premise,d00066,True,True,complete,1,scored,False,False,False,False,,0,current_run,a5_quality121/results/per_input_status.jsonl,551
cycle1,a5_quality121,M5,a5_premise,d00067,True,True,complete,2,scored,False,False,False,False,,0,current_run,a5_quality121/results/per_input_status.jsonl,552
cycle1,a5_quality121,M5,a5_premise,d00068,True,True,complete,1,scored,False,False,False,False,,1,current_run,a5_quality121/results/per_input_status.jsonl,553
cycle1,a5_quality121,M5,a5_premise,d00069,True,True,complete,1,scored,False,False,False,False,,0,current_run,a5_quality121/results/per_input_status.jsonl,554
cycle1,a5_quality121,M5,a5_premise,d00070,False,True,complete,1,scored,False,False,False,False,,1,current_run,a5_quality121/results/per_input_status.jsonl,555
cycle1,a5_quality121,M5,a5_premise,d00071,False,True,complete,1,scored,False,False,False,False,,0,current_run,a5_quality121/results/per_input_status.jsonl,556
cycle1,a5_quality121,M5,a5_premise,d00072,False,True,complete,1,scored,False,False,False,False,,0,current_run,a5_quality121/results/per_input_status.jsonl,557
cycle1,a5_quality121,M5,a5_premise,d00073,True,True,complete,1,scored,False,False,False,False,,0,current_run,a5_quality121/results/per_input_status.jsonl,558
cycle1,a5_quality121,M5,a5_premise,d00074,True,True,complete,1,scored,False,False,False,False,,0,current_run,a5_quality121/results/per_input_status.jsonl,559
cycle1,a5_quality121,M5,a5_premise,d00075,False,True,complete,6,scored,False,False,True,False,,0,current_run,a5_quality121/results/per_input_status.jsonl,560
cycle1,a5_quality121,M5,a5_premise,d00076,False,True,complete,1,scored,False,False,True,False,,0,current_run,a5_quality121/results/per_input_status.jsonl,561
cycle1,a5_quality121,M5,a5_premise,d00077,True,True,complete,1,scored,False,False,False,False,,1,current_run,a5_quality121/results/per_input_status.jsonl,562
cycle1,a5_quality121,M5,a5_premise,d00078,True,True,complete,1,scored,False,False,False,False,,0,current_run,a5_quality121/results/per_input_status.jsonl,563
cycle1,a5_quality121,M5,a5_premise,d00079,True,True,complete,1,scored,False,False,False,False,,0,current_run,a5_quality121/results/per_input_status.jsonl,564
cycle1,a5_quality121,M5,a5_premise,d00080,True,True,complete,1,scored,False,False,False,False,,0,current_run,a5_quality121/results/per_input_status.jsonl,565
cycle1,a5_quality121,M5,a5_premise,d00081,False,True,complete,1,scored,False,False,False,False,,0,current_run,a5_quality121/results/per_input_status.jsonl,566
cycle1,a5_quality121,M5,a5_premise,d00082,False,True,complete,1,scored,False,False,True,False,,0,current_run,a5_quality121/results/per_input_status.jsonl,567
cycle1,a5_quality121,M5,a5_premise,d00083,True,True,complete,1,scored,False,False,False,False,,0,current_run,a5_quality121/results/per_input_status.jsonl,568
cycle1,a5_quality121,M5,a5_premise,d00084,False,True,complete,4,scored,False,False,False,False,,0,current_run,a5_quality121/results/per_input_status.jsonl,569
cycle1,a5_quality121,M5,a5_premise,d00085,True,True,complete,1,scored,False,False,False,False,,0,current_run,a5_quality121/results/per_input_status.jsonl,570
cycle1,a5_quality121,M5,a5_premise,d00086,True,True,complete,1,scored,False,False,False,False,,0,current_run,a5_quality121/results/per_input_status.jsonl,571
cycle1,a5_quality121,M5,a5_premise,d00087,False,True,complete,1,scored,False,False,False,False,,0,current_run,a5_quality121/results/per_input_status.jsonl,572
cycle1,a5_quality121,M5,a5_premise,d00088,True,True,complete,1,scored,False,False,True,False,,0,current_run,a5_quality121/results/per_input_status.jsonl,573
cycle1,a5_quality121,M5,a5_premise,d00089,False,True,complete,1,scored,False,False,False,False,,0,current_run,a5_quality121/results/per_input_status.jsonl,574
cycle1,a5_quality121,M5,a5_premise,d00090,True,True,complete,1,scored,False,False,False,False,,0,current_run,a5_quality121/results/per_input_status.jsonl,575
cycle1,a5_quality121,M5,a5_premise,d00091,True,True,complete,1,scored,False,False,False,False,,0,current_run,a5_quality121/results/per_input_status.jsonl,576
cycle1,a5_quality121,M5,a5_premise,d00092,True,True,complete,1,scored,False,False,False,False,,0,current_run,a5_quality121/results/per_input_status.jsonl,577
cycle1,a5_quality121,M5,a5_premise,d00093,True,True,complete,1,scored,False,False,False,False,,0,current_run,a5_quality121/results/per_input_status.jsonl,578
cycle1,a5_quality121,M5,a5_premise,d00094,True,True,complete,1,scored,False,False,True,False,,0,current_run,a5_quality121/results/per_input_status.jsonl,579
cycle1,a5_quality121,M5,a5_premise,d00095,True,True,complete,1,scored,False,False,False,False,,1,current_run,a5_quality121/results/per_input_status.jsonl,580
cycle1,a5_quality121,M5,a5_premise,d00096,True,True,complete,1,scored,False,False,False,False,,1,current_run,a5_quality121/results/per_input_status.jsonl,581
cycle1,a5_quality121,M5,a5_premise,d00097,False,True,complete,1,scored,False,False,False,False,,0,current_run,a5_quality121/results/per_input_status.jsonl,582
cycle1,a5_quality121,M5,a5_premise,d00098,True,True,complete,1,scored,False,False,False,False,,1,current_run,a5_quality121/results/per_input_status.jsonl,583
cycle1,a5_quality121,M5,a5_premise,d00099,True,True,complete,1,scored,False,False,False,False,,0,current_run,a5_quality121/results/per_input_status.jsonl,584
cycle1,a5_quality121,M5,a5_premise,d00100,True,True,complete,1,scored,False,False,False,False,,0,current_run,a5_quality121/results/per_input_status.jsonl,585
cycle1,a5_quality121,M5,a5_premise,d00101,False,True,complete,1,scored,False,False,False,False,,0,current_run,a5_quality121/results/per_input_status.jsonl,586
cycle1,a5_quality121,M5,a5_premise,d00102,True,True,complete,1,scored,False,False,False,False,,0,current_run,a5_quality121/results/per_input_status.jsonl,587
cycle1,a5_quality121,M5,a5_premise,d00103,True,True,complete,1,scored,False,False,False,False,,1,current_run,a5_quality121/results/per_input_status.jsonl,588
cycle1,a5_quality121,M5,a5_premise,d00104,True,True,complete,1,scored,False,False,False,False,,0,current_run,a5_quality121/results/per_input_status.jsonl,589
cycle1,a5_quality121,M5,a5_premise,d00105,True,True,complete,8,scored,False,False,False,False,,0,current_run,a5_quality121/results/per_input_status.jsonl,590
cycle1,a5_quality121,M5,a5_premise,d00106,True,True,complete,1,scored,False,False,False,False,,0,current_run,a5_quality121/results/per_input_status.jsonl,591
cycle1,a5_quality121,M5,a5_premise,d00107,False,True,complete,1,scored,False,False,False,False,,0,current_run,a5_quality121/results/per_input_status.jsonl,592
cycle1,a5_quality121,M5,a5_premise,d00108,True,True,complete,1,scored,False,False,False,False,,0,current_run,a5_quality121/results/per_input_status.jsonl,593
cycle1,a5_quality121,M5,a5_premise,d00109,True,True,complete,1,scored,False,False,False,False,,0,current_run,a5_quality121/results/per_input_status.jsonl,594
cycle1,a5_quality121,M5,a5_premise,d00110,False,True,complete,1,scored,False,False,False,False,,0,current_run,a5_quality121/results/per_input_status.jsonl,595
cycle1,a5_quality121,M5,a5_premise,d00111,True,True,complete,1,scored,False,False,False,False,,0,current_run,a5_quality121/results/per_input_status.jsonl,596
cycle1,a5_quality121,M5,a5_premise,d00112,True,True,complete,4,scored,False,False,False,False,,0,current_run,a5_quality121/results/per_input_status.jsonl,597
cycle1,a5_quality121,M5,a5_premise,d00113,True,True,complete,1,scored,False,False,False,False,,0,current_run,a5_quality121/results/per_input_status.jsonl,598
cycle1,a5_quality121,M5,a5_premise,d00114,False,True,complete,1,scored,False,False,False,False,,0,current_run,a5_quality121/results/per_input_status.jsonl,599
cycle1,a5_quality121,M5,a5_premise,d00115,True,True,complete,1,scored,False,False,False,False,,0,current_run,a5_quality121/results/per_input_status.jsonl,600
cycle1,a5_quality121,M5,a5_premise,d00116,False,True,complete,1,scored,False,False,False,False,,0,current_run,a5_quality121/results/per_input_status.jsonl,601
cycle1,a5_quality121,M5,a5_premise,d00117,True,True,complete,1,scored,False,False,False,False,,0,current_run,a5_quality121/results/per_input_status.jsonl,602
cycle1,a5_quality121,M5,a5_premise,d00118,True,True,complete,1,scored,False,False,False,False,,0,current_run,a5_quality121/results/per_input_status.jsonl,603
cycle1,a5_quality121,M5,a5_premise,d00119,False,True,complete,1,scored,False,False,False,False,,0,current_run,a5_quality121/results/per_input_status.jsonl,604
cycle1,a5_quality121,M5,a5_premise,d00120,True,True,complete,1,scored,False,False,False,False,,0,current_run,a5_quality121/results/per_input_status.jsonl,605
cycle1,a5_quality121,M5,a5_reanswer,d00000,True,True,complete,1,scored,False,False,False,False,,1,current_run,a5_quality121/results/per_input_status.jsonl,606
cycle1,a5_quality121,M5,a5_reanswer,d00001,True,True,complete,1,scored,False,False,False,False,,0,current_run,a5_quality121/results/per_input_status.jsonl,607
cycle1,a5_quality121,M5,a5_reanswer,d00002,True,True,complete,3,scored,False,False,False,False,,0,current_run,a5_quality121/results/per_input_status.jsonl,608
cycle1,a5_quality121,M5,a5_reanswer,d00003,True,True,complete,1,scored,False,False,False,False,,0,current_run,a5_quality121/results/per_input_status.jsonl,609
cycle1,a5_quality121,M5,a5_reanswer,d00004,False,True,complete,1,scored,False,False,False,False,,0,current_run,a5_quality121/results/per_input_status.jsonl,610
cycle1,a5_quality121,M5,a5_reanswer,d00005,True,True,complete,1,scored,False,False,False,False,,0,current_run,a5_quality121/results/per_input_status.jsonl,611
cycle1,a5_quality121,M5,a5_reanswer,d00006,True,True,complete,1,scored,False,False,False,False,,0,current_run,a5_quality121/results/per_input_status.jsonl,612
cycle1,a5_quality121,M5,a5_reanswer,d00007,False,True,complete,1,scored,False,False,False,False,,0,current_run,a5_quality121/results/per_input_status.jsonl,613
cycle1,a5_quality121,M5,a5_reanswer,d00008,True,True,complete,1,scored,False,False,False,False,,1,current_run,a5_quality121/results/per_input_status.jsonl,614
cycle1,a5_quality121,M5,a5_reanswer,d00009,True,True,complete,1,scored,False,False,False,False,,0,current_run,a5_quality121/results/per_input_status.jsonl,615
cycle1,a5_quality121,M5,a5_reanswer,d00010,False,True,complete,1,scored,False,False,False,False,,0,current_run,a5_quality121/results/per_input_status.jsonl,616
cycle1,a5_quality121,M5,a5_reanswer,d00011,False,True,complete,1,scored,False,False,False,False,,1,current_run,a5_quality121/results/per_input_status.jsonl,617
cycle1,a5_quality121,M5,a5_reanswer,d00012,True,True,complete,1,scored,False,False,False,False,,0,current_run,a5_quality121/results/per_input_status.jsonl,618
cycle1,a5_quality121,M5,a5_reanswer,d00013,True,True,complete,1,scored,False,False,False,False,,0,current_run,a5_quality121/results/per_input_status.jsonl,619
cycle1,a5_quality121,M5,a5_reanswer,d00014,True,True,complete,1,scored,False,False,False,False,,0,current_run,a5_quality121/results/per_input_status.jsonl,620
cycle1,a5_quality121,M5,a5_reanswer,d00015,True,True,complete,1,scored,False,False,True,False,,0,current_run,a5_quality121/results/per_input_status.jsonl,621
cycle1,a5_quality121,M5,a5_reanswer,d00016,True,True,complete,2,scored,False,False,False,False,,0,current_run,a5_quality121/results/per_input_status.jsonl,622
cycle1,a5_quality121,M5,a5_reanswer,d00017,True,True,complete,1,scored,False,False,False,False,,0,current_run,a5_quality121/results/per_input_status.jsonl,623
cycle1,a5_quality121,M5,a5_reanswer,d00018,True,True,complete,1,scored,False,False,False,False,,1,current_run,a5_quality121/results/per_input_status.jsonl,624
cycle1,a5_quality121,M5,a5_reanswer,d00019,True,True,complete,1,scored,False,False,False,False,,0,current_run,a5_quality121/results/per_input_status.jsonl,625
cycle1,a5_quality121,M5,a5_reanswer,d00020,True,True,complete,1,scored,False,False,False,False,,0,current_run,a5_quality121/results/per_input_status.jsonl,626
cycle1,a5_quality121,M5,a5_reanswer,d00021,True,True,complete,1,scored,False,False,False,False,,1,current_run,a5_quality121/results/per_input_status.jsonl,627
cycle1,a5_quality121,M5,a5_reanswer,d00022,True,True,complete,2,scored,False,False,False,False,,0,current_run,a5_quality121/results/per_input_status.jsonl,628
cycle1,a5_quality121,M5,a5_reanswer,d00023,True,True,complete,1,scored,False,False,False,False,,0,current_run,a5_quality121/results/per_input_status.jsonl,629
cycle1,a5_quality121,M5,a5_reanswer,d00024,True,True,complete,1,scored,False,False,False,False,,0,current_run,a5_quality121/results/per_input_status.jsonl,630
cycle1,a5_quality121,M5,a5_reanswer,d00025,True,True,complete,1,scored,False,False,False,False,,0,current_run,a5_quality121/results/per_input_status.jsonl,631
cycle1,a5_quality121,M5,a5_reanswer,d00026,False,True,complete,1,scored,False,False,False,False,,0,current_run,a5_quality121/results/per_input_status.jsonl,632
cycle1,a5_quality121,M5,a5_reanswer,d00027,True,True,complete,2,scored,False,False,False,False,,0,current_run,a5_quality121/results/per_input_status.jsonl,633
cycle1,a5_quality121,M5,a5_reanswer,d00028,True,True,complete,1,scored,False,False,False,False,,0,current_run,a5_quality121/results/per_input_status.jsonl,634
cycle1,a5_quality121,M5,a5_reanswer,d00029,True,True,complete,1,scored,False,False,False,False,,0,current_run,a5_quality121/results/per_input_status.jsonl,635
cycle1,a5_quality121,M5,a5_reanswer,d00030,False,True,complete,1,scored,False,False,True,False,,0,current_run,a5_quality121/results/per_input_status.jsonl,636
cycle1,a5_quality121,M5,a5_reanswer,d00031,True,True,complete,1,scored,False,False,False,False,,0,current_run,a5_quality121/results/per_input_status.jsonl,637
cycle1,a5_quality121,M5,a5_reanswer,d00032,False,True,complete,1,scored,False,False,True,False,,0,current_run,a5_quality121/results/per_input_status.jsonl,638
cycle1,a5_quality121,M5,a5_reanswer,d00033,False,True,complete,1,scored,False,False,False,False,,0,current_run,a5_quality121/results/per_input_status.jsonl,639
cycle1,a5_quality121,M5,a5_reanswer,d00034,True,True,complete,1,scored,False,False,False,False,,0,current_run,a5_quality121/results/per_input_status.jsonl,640
cycle1,a5_quality121,M5,a5_reanswer,d00035,False,True,complete,1,scored,False,False,False,False,,1,current_run,a5_quality121/results/per_input_status.jsonl,641
cycle1,a5_quality121,M5,a5_reanswer,d00036,False,True,complete,1,scored,False,False,False,False,,0,current_run,a5_quality121/results/per_input_status.jsonl,642
cycle1,a5_quality121,M5,a5_reanswer,d00037,True,True,complete,2,scored,False,False,False,False,,0,current_run,a5_quality121/results/per_input_status.jsonl,643
cycle1,a5_quality121,M5,a5_reanswer,d00038,True,True,complete,1,scored,False,False,False,False,,0,current_run,a5_quality121/results/per_input_status.jsonl,644
cycle1,a5_quality121,M5,a5_reanswer,d00039,False,True,complete,4,scored,False,False,False,False,,0,current_run,a5_quality121/results/per_input_status.jsonl,645
cycle1,a5_quality121,M5,a5_reanswer,d00040,True,True,complete,1,scored,False,False,False,False,,0,current_run,a5_quality121/results/per_input_status.jsonl,646
cycle1,a5_quality121,M5,a5_reanswer,d00041,True,True,complete,1,scored,False,False,False,False,,0,current_run,a5_quality121/results/per_input_status.jsonl,647
cycle1,a5_quality121,M5,a5_reanswer,d00042,True,True,complete,1,scored,False,False,True,False,,0,current_run,a5_quality121/results/per_input_status.jsonl,648
cycle1,a5_quality121,M5,a5_reanswer,d00043,True,True,complete,1,scored,False,False,False,False,,0,current_run,a5_quality121/results/per_input_status.jsonl,649
cycle1,a5_quality121,M5,a5_reanswer,d00044,True,True,complete,1,scored,False,False,False,False,,0,current_run,a5_quality121/results/per_input_status.jsonl,650
cycle1,a5_quality121,M5,a5_reanswer,d00045,True,True,complete,5,scored,False,False,False,False,,0,current_run,a5_quality121/results/per_input_status.jsonl,651
cycle1,a5_quality121,M5,a5_reanswer,d00046,True,True,complete,1,scored,False,False,False,False,,0,current_run,a5_quality121/results/per_input_status.jsonl,652
cycle1,a5_quality121,M5,a5_reanswer,d00047,True,True,complete,1,scored,False,False,False,False,,1,current_run,a5_quality121/results/per_input_status.jsonl,653
cycle1,a5_quality121,M5,a5_reanswer,d00048,True,True,complete,1,scored,False,False,False,False,,0,current_run,a5_quality121/results/per_input_status.jsonl,654
cycle1,a5_quality121,M5,a5_reanswer,d00049,False,True,complete,1,scored,False,False,False,False,,0,current_run,a5_quality121/results/per_input_status.jsonl,655
cycle1,a5_quality121,M5,a5_reanswer,d00050,,False,unavailable,1,not_scored,False,False,False,False,,1,current_run,a5_quality121/results/per_input_status.jsonl,656
cycle1,a5_quality121,M5,a5_reanswer,d00051,False,True,complete,1,scored,False,False,False,False,,1,current_run,a5_quality121/results/per_input_status.jsonl,657
cycle1,a5_quality121,M5,a5_reanswer,d00052,True,True,complete,1,scored,False,False,False,False,,1,current_run,a5_quality121/results/per_input_status.jsonl,658
cycle1,a5_quality121,M5,a5_reanswer,d00053,False,True,complete,1,scored,False,False,False,False,,0,current_run,a5_quality121/results/per_input_status.jsonl,659
cycle1,a5_quality121,M5,a5_reanswer,d00054,True,True,complete,1,scored,False,False,False,False,,0,current_run,a5_quality121/results/per_input_status.jsonl,660
cycle1,a5_quality121,M5,a5_reanswer,d00055,True,True,complete,3,scored,False,False,False,False,,0,current_run,a5_quality121/results/per_input_status.jsonl,661
cycle1,a5_quality121,M5,a5_reanswer,d00056,True,True,complete,1,scored,False,False,False,False,,0,current_run,a5_quality121/results/per_input_status.jsonl,662
cycle1,a5_quality121,M5,a5_reanswer,d00057,True,True,complete,1,scored,False,False,True,False,,0,current_run,a5_quality121/results/per_input_status.jsonl,663
cycle1,a5_quality121,M5,a5_reanswer,d00058,False,True,complete,3,scored,False,False,True,False,,0,current_run,a5_quality121/results/per_input_status.jsonl,664
cycle1,a5_quality121,M5,a5_reanswer,d00059,False,True,complete,1,scored,False,False,False,False,,0,current_run,a5_quality121/results/per_input_status.jsonl,665
cycle1,a5_quality121,M5,a5_reanswer,d00060,False,True,complete,1,scored,False,False,False,False,,0,current_run,a5_quality121/results/per_input_status.jsonl,666
cycle1,a5_quality121,M5,a5_reanswer,d00061,True,True,complete,1,scored,False,False,False,False,,0,current_run,a5_quality121/results/per_input_status.jsonl,667
cycle1,a5_quality121,M5,a5_reanswer,d00062,True,True,complete,1,scored,False,False,False,False,,0,current_run,a5_quality121/results/per_input_status.jsonl,668
cycle1,a5_quality121,M5,a5_reanswer,d00063,True,True,complete,1,scored,False,False,False,False,,0,current_run,a5_quality121/results/per_input_status.jsonl,669
cycle1,a5_quality121,M5,a5_reanswer,d00064,False,True,complete,1,scored,False,False,True,False,,0,current_run,a5_quality121/results/per_input_status.jsonl,670
cycle1,a5_quality121,M5,a5_reanswer,d00065,False,True,complete,1,scored,False,False,False,False,,0,current_run,a5_quality121/results/per_input_status.jsonl,671
cycle1,a5_quality121,M5,a5_reanswer,d00066,True,True,complete,1,scored,False,False,False,False,,0,current_run,a5_quality121/results/per_input_status.jsonl,672
cycle1,a5_quality121,M5,a5_reanswer,d00067,True,True,complete,2,scored,False,False,False,False,,0,current_run,a5_quality121/results/per_input_status.jsonl,673
cycle1,a5_quality121,M5,a5_reanswer,d00068,True,True,complete,1,scored,False,False,False,False,,1,current_run,a5_quality121/results/per_input_status.jsonl,674
cycle1,a5_quality121,M5,a5_reanswer,d00069,True,True,complete,1,scored,False,False,False,False,,0,current_run,a5_quality121/results/per_input_status.jsonl,675
cycle1,a5_quality121,M5,a5_reanswer,d00070,False,True,complete,1,scored,False,False,False,False,,1,current_run,a5_quality121/results/per_input_status.jsonl,676
cycle1,a5_quality121,M5,a5_reanswer,d00071,False,True,complete,1,scored,False,False,False,False,,0,current_run,a5_quality121/results/per_input_status.jsonl,677
cycle1,a5_quality121,M5,a5_reanswer,d00072,False,True,complete,1,scored,False,False,False,False,,0,current_run,a5_quality121/results/per_input_status.jsonl,678
cycle1,a5_quality121,M5,a5_reanswer,d00073,True,True,complete,1,scored,False,False,False,False,,0,current_run,a5_quality121/results/per_input_status.jsonl,679
cycle1,a5_quality121,M5,a5_reanswer,d00074,True,True,complete,1,scored,False,False,False,False,,0,current_run,a5_quality121/results/per_input_status.jsonl,680
cycle1,a5_quality121,M5,a5_reanswer,d00075,False,True,complete,6,scored,False,False,True,False,,0,current_run,a5_quality121/results/per_input_status.jsonl,681
cycle1,a5_quality121,M5,a5_reanswer,d00076,False,True,complete,1,scored,False,False,True,False,,0,current_run,a5_quality121/results/per_input_status.jsonl,682
cycle1,a5_quality121,M5,a5_reanswer,d00077,True,True,complete,1,scored,False,False,False,False,,1,current_run,a5_quality121/results/per_input_status.jsonl,683
cycle1,a5_quality121,M5,a5_reanswer,d00078,True,True,complete,1,scored,False,False,False,False,,0,current_run,a5_quality121/results/per_input_status.jsonl,684
cycle1,a5_quality121,M5,a5_reanswer,d00079,True,True,complete,1,scored,False,False,False,False,,0,current_run,a5_quality121/results/per_input_status.jsonl,685
cycle1,a5_quality121,M5,a5_reanswer,d00080,True,True,complete,1,scored,False,False,False,False,,0,current_run,a5_quality121/results/per_input_status.jsonl,686
cycle1,a5_quality121,M5,a5_reanswer,d00081,False,True,complete,1,scored,False,False,False,False,,0,current_run,a5_quality121/results/per_input_status.jsonl,687
cycle1,a5_quality121,M5,a5_reanswer,d00082,False,True,complete,1,scored,False,False,True,False,,0,current_run,a5_quality121/results/per_input_status.jsonl,688
cycle1,a5_quality121,M5,a5_reanswer,d00083,True,True,complete,1,scored,False,False,False,False,,0,current_run,a5_quality121/results/per_input_status.jsonl,689
cycle1,a5_quality121,M5,a5_reanswer,d00084,False,True,complete,4,scored,False,False,False,False,,0,current_run,a5_quality121/results/per_input_status.jsonl,690
cycle1,a5_quality121,M5,a5_reanswer,d00085,True,True,complete,1,scored,False,False,False,False,,0,current_run,a5_quality121/results/per_input_status.jsonl,691
cycle1,a5_quality121,M5,a5_reanswer,d00086,True,True,complete,1,scored,False,False,False,False,,0,current_run,a5_quality121/results/per_input_status.jsonl,692
cycle1,a5_quality121,M5,a5_reanswer,d00087,False,True,complete,1,scored,False,False,False,False,,0,current_run,a5_quality121/results/per_input_status.jsonl,693
cycle1,a5_quality121,M5,a5_reanswer,d00088,False,True,complete,1,scored,False,False,False,False,,0,current_run,a5_quality121/results/per_input_status.jsonl,694
cycle1,a5_quality121,M5,a5_reanswer,d00089,False,True,complete,1,scored,False,False,False,False,,0,current_run,a5_quality121/results/per_input_status.jsonl,695
cycle1,a5_quality121,M5,a5_reanswer,d00090,True,True,complete,1,scored,False,False,False,False,,0,current_run,a5_quality121/results/per_input_status.jsonl,696
cycle1,a5_quality121,M5,a5_reanswer,d00091,True,True,complete,1,scored,False,False,False,False,,0,current_run,a5_quality121/results/per_input_status.jsonl,697
cycle1,a5_quality121,M5,a5_reanswer,d00092,True,True,complete,1,scored,False,False,False,False,,0,current_run,a5_quality121/results/per_input_status.jsonl,698
cycle1,a5_quality121,M5,a5_reanswer,d00093,True,True,complete,1,scored,False,False,False,False,,0,current_run,a5_quality121/results/per_input_status.jsonl,699
cycle1,a5_quality121,M5,a5_reanswer,d00094,True,True,complete,1,scored,False,False,True,False,,0,current_run,a5_quality121/results/per_input_status.jsonl,700
cycle1,a5_quality121,M5,a5_reanswer,d00095,True,True,complete,1,scored,False,False,False,False,,1,current_run,a5_quality121/results/per_input_status.jsonl,701
cycle1,a5_quality121,M5,a5_reanswer,d00096,True,True,complete,1,scored,False,False,False,False,,1,current_run,a5_quality121/results/per_input_status.jsonl,702
cycle1,a5_quality121,M5,a5_reanswer,d00097,False,True,complete,1,scored,False,False,False,False,,0,current_run,a5_quality121/results/per_input_status.jsonl,703
cycle1,a5_quality121,M5,a5_reanswer,d00098,True,True,complete,1,scored,False,False,False,False,,1,current_run,a5_quality121/results/per_input_status.jsonl,704
cycle1,a5_quality121,M5,a5_reanswer,d00099,True,True,complete,1,scored,False,False,False,False,,0,current_run,a5_quality121/results/per_input_status.jsonl,705
cycle1,a5_quality121,M5,a5_reanswer,d00100,True,True,complete,1,scored,False,False,False,False,,0,current_run,a5_quality121/results/per_input_status.jsonl,706
cycle1,a5_quality121,M5,a5_reanswer,d00101,False,True,complete,1,scored,False,False,False,False,,0,current_run,a5_quality121/results/per_input_status.jsonl,707
cycle1,a5_quality121,M5,a5_reanswer,d00102,True,True,complete,1,scored,False,False,False,False,,0,current_run,a5_quality121/results/per_input_status.jsonl,708
cycle1,a5_quality121,M5,a5_reanswer,d00103,True,True,complete,1,scored,False,False,False,False,,1,current_run,a5_quality121/results/per_input_status.jsonl,709
cycle1,a5_quality121,M5,a5_reanswer,d00104,True,True,complete,1,scored,False,False,False,False,,0,current_run,a5_quality121/results/per_input_status.jsonl,710
cycle1,a5_quality121,M5,a5_reanswer,d00105,True,True,complete,8,scored,False,False,False,False,,0,current_run,a5_quality121/results/per_input_status.jsonl,711
cycle1,a5_quality121,M5,a5_reanswer,d00106,True,True,complete,1,scored,False,False,False,False,,0,current_run,a5_quality121/results/per_input_status.jsonl,712
cycle1,a5_quality121,M5,a5_reanswer,d00107,False,True,complete,1,scored,False,False,False,False,,0,current_run,a5_quality121/results/per_input_status.jsonl,713
cycle1,a5_quality121,M5,a5_reanswer,d00108,True,True,complete,1,scored,False,False,False,False,,0,current_run,a5_quality121/results/per_input_status.jsonl,714
cycle1,a5_quality121,M5,a5_reanswer,d00109,True,True,complete,1,scored,False,False,False,False,,0,current_run,a5_quality121/results/per_input_status.jsonl,715
cycle1,a5_quality121,M5,a5_reanswer,d00110,False,True,complete,1,scored,False,False,False,False,,0,current_run,a5_quality121/results/per_input_status.jsonl,716
cycle1,a5_quality121,M5,a5_reanswer,d00111,True,True,complete,1,scored,False,False,False,False,,0,current_run,a5_quality121/results/per_input_status.jsonl,717
cycle1,a5_quality121,M5,a5_reanswer,d00112,True,True,complete,4,scored,False,False,False,False,,0,current_run,a5_quality121/results/per_input_status.jsonl,718
cycle1,a5_quality121,M5,a5_reanswer,d00113,True,True,complete,1,scored,False,False,False,False,,0,current_run,a5_quality121/results/per_input_status.jsonl,719
cycle1,a5_quality121,M5,a5_reanswer,d00114,False,True,complete,1,scored,False,False,False,False,,0,current_run,a5_quality121/results/per_input_status.jsonl,720
cycle1,a5_quality121,M5,a5_reanswer,d00115,True,True,complete,1,scored,False,False,False,False,,0,current_run,a5_quality121/results/per_input_status.jsonl,721
cycle1,a5_quality121,M5,a5_reanswer,d00116,False,True,complete,1,scored,False,False,False,False,,0,current_run,a5_quality121/results/per_input_status.jsonl,722
cycle1,a5_quality121,M5,a5_reanswer,d00117,True,True,complete,1,scored,False,False,False,False,,0,current_run,a5_quality121/results/per_input_status.jsonl,723
cycle1,a5_quality121,M5,a5_reanswer,d00118,True,True,complete,1,scored,False,False,False,False,,0,current_run,a5_quality121/results/per_input_status.jsonl,724
cycle1,a5_quality121,M5,a5_reanswer,d00119,False,True,complete,1,scored,False,False,False,False,,0,current_run,a5_quality121/results/per_input_status.jsonl,725
cycle1,a5_quality121,M5,a5_reanswer,d00120,True,True,complete,1,scored,False,False,False,False,,0,current_run,a5_quality121/results/per_input_status.jsonl,726
cycle1,readout_multi9_extension,M4,baseline,d00000,True,True,cached_baseline,1,scored,False,False,False,False,,0,saved_cache,readout_multi9_r2/results/per_input_status.jsonl,1
cycle1,readout_multi9_extension,M4,baseline,d00018,True,True,cached_baseline,1,scored,False,False,False,False,,0,saved_cache,readout_multi9_r2/results/per_input_status.jsonl,2
cycle1,readout_multi9_extension,M4,baseline,d00047,True,True,cached_baseline,1,scored,False,False,False,False,,0,saved_cache,readout_multi9_r2/results/per_input_status.jsonl,3
cycle1,readout_multi9_extension,M4,baseline,d00050,False,True,cached_baseline,1,scored,False,False,False,False,,0,saved_cache,readout_multi9_r2/results/per_input_status.jsonl,4
cycle1,readout_multi9_extension,M4,baseline,d00052,True,True,cached_baseline,1,scored,False,False,False,False,,0,saved_cache,readout_multi9_r2/results/per_input_status.jsonl,5
cycle1,readout_multi9_extension,M4,baseline,d00095,True,True,cached_baseline,1,scored,False,False,False,False,,0,saved_cache,readout_multi9_r2/results/per_input_status.jsonl,6
cycle1,readout_multi9_extension,M4,baseline,d00096,True,True,cached_baseline,1,scored,False,False,False,False,,0,saved_cache,readout_multi9_r2/results/per_input_status.jsonl,7
cycle1,readout_multi9_extension,M4,baseline,d00098,True,True,cached_baseline,1,scored,False,False,False,False,,0,saved_cache,readout_multi9_r2/results/per_input_status.jsonl,8
cycle1,readout_multi9_extension,M4,baseline,d00103,True,True,cached_baseline,1,scored,False,False,False,False,,0,saved_cache,readout_multi9_r2/results/per_input_status.jsonl,9
cycle1,readout_multi9_extension,M4,readout_short,d00000,True,True,complete,1,scored,True,True,False,False,,1,current_run,readout_multi9_r2/results/per_input_status.jsonl,10
cycle1,readout_multi9_extension,M4,readout_short,d00018,True,True,complete,1,scored,True,True,False,False,,1,current_run,readout_multi9_r2/results/per_input_status.jsonl,11
cycle1,readout_multi9_extension,M4,readout_short,d00047,True,True,complete,1,scored,True,True,False,False,,1,current_run,readout_multi9_r2/results/per_input_status.jsonl,12
cycle1,readout_multi9_extension,M4,readout_short,d00050,False,True,complete,1,scored,True,True,True,False,,1,current_run,readout_multi9_r2/results/per_input_status.jsonl,13
cycle1,readout_multi9_extension,M4,readout_short,d00052,False,True,complete,1,scored,True,True,True,False,,1,current_run,readout_multi9_r2/results/per_input_status.jsonl,14
cycle1,readout_multi9_extension,M4,readout_short,d00095,False,True,complete,1,scored,True,True,True,False,,1,current_run,readout_multi9_r2/results/per_input_status.jsonl,15
cycle1,readout_multi9_extension,M4,readout_short,d00096,False,True,complete,1,scored,True,True,True,False,,1,current_run,readout_multi9_r2/results/per_input_status.jsonl,16
cycle1,readout_multi9_extension,M4,readout_short,d00098,False,True,complete,1,scored,True,True,True,False,,1,current_run,readout_multi9_r2/results/per_input_status.jsonl,17
cycle1,readout_multi9_extension,M4,readout_short,d00103,True,True,complete,1,scored,True,True,False,False,,1,current_run,readout_multi9_r2/results/per_input_status.jsonl,18
cycle1,readout_multi9_extension,M4,readout_free,d00018,False,True,complete,1,scored,True,True,True,False,,1,current_run,readout_multi9_r2/results/per_input_status.jsonl,19
cycle1,readout_multi9_extension,M4,readout_free,d00047,False,True,complete,1,scored,True,True,True,False,,1,current_run,readout_multi9_r2/results/per_input_status.jsonl,20
cycle1,readout_multi9_extension,M4,readout_free,d00050,False,True,complete,1,scored,True,True,False,False,,1,current_run,readout_multi9_r2/results/per_input_status.jsonl,21
cycle1,readout_multi9_extension,M4,readout_free,d00096,False,True,complete,1,scored,True,True,True,False,,1,current_run,readout_multi9_r2/results/per_input_status.jsonl,22
cycle1,readout_multi9_extension,M4,readout_free,d00098,False,True,complete,1,scored,True,True,True,False,,1,current_run,readout_multi9_r2/results/per_input_status.jsonl,23
cycle1,readout_multi9_extension,M5,baseline,d00000,True,True,cached_baseline,1,scored,False,False,False,False,,0,saved_cache,readout_multi9_r2/results/per_input_status.jsonl,24
cycle1,readout_multi9_extension,M5,baseline,d00018,True,True,cached_baseline,1,scored,False,False,False,False,,0,saved_cache,readout_multi9_r2/results/per_input_status.jsonl,25
cycle1,readout_multi9_extension,M5,baseline,d00047,True,True,cached_baseline,1,scored,False,False,False,False,,0,saved_cache,readout_multi9_r2/results/per_input_status.jsonl,26
cycle1,readout_multi9_extension,M5,baseline,d00050,,False,cached_baseline,1,not_scored,False,False,False,False,baseline_native_schema_invalid,0,saved_cache,readout_multi9_r2/results/per_input_status.jsonl,27
cycle1,readout_multi9_extension,M5,baseline,d00052,True,True,cached_baseline,1,scored,False,False,False,False,,0,saved_cache,readout_multi9_r2/results/per_input_status.jsonl,28
cycle1,readout_multi9_extension,M5,baseline,d00095,True,True,cached_baseline,1,scored,False,False,False,False,,0,saved_cache,readout_multi9_r2/results/per_input_status.jsonl,29
cycle1,readout_multi9_extension,M5,baseline,d00096,True,True,cached_baseline,1,scored,False,False,False,False,,0,saved_cache,readout_multi9_r2/results/per_input_status.jsonl,30
cycle1,readout_multi9_extension,M5,baseline,d00098,True,True,cached_baseline,1,scored,False,False,False,False,,0,saved_cache,readout_multi9_r2/results/per_input_status.jsonl,31
cycle1,readout_multi9_extension,M5,baseline,d00103,True,True,cached_baseline,1,scored,False,False,False,False,,0,saved_cache,readout_multi9_r2/results/per_input_status.jsonl,32
cycle1,readout_multi9_extension,M5,readout_short,d00000,True,True,complete,1,scored,True,True,False,False,,1,current_run,readout_multi9_r2/results/per_input_status.jsonl,33
cycle1,readout_multi9_extension,M5,readout_short,d00018,False,True,complete,1,scored,True,True,True,False,,1,current_run,readout_multi9_r2/results/per_input_status.jsonl,34
cycle1,readout_multi9_extension,M5,readout_short,d00047,False,True,complete,1,scored,True,True,True,False,,1,current_run,readout_multi9_r2/results/per_input_status.jsonl,35
cycle1,readout_multi9_extension,M5,readout_short,d00050,,False,unavailable,1,not_scored,False,False,False,False,baseline_native_invalid,0,current_run,readout_multi9_r2/results/per_input_status.jsonl,36
cycle1,readout_multi9_extension,M5,readout_short,d00052,False,True,complete,1,scored,True,True,True,False,,1,current_run,readout_multi9_r2/results/per_input_status.jsonl,37
cycle1,readout_multi9_extension,M5,readout_short,d00095,False,True,complete,1,scored,True,True,True,False,,1,current_run,readout_multi9_r2/results/per_input_status.jsonl,38
cycle1,readout_multi9_extension,M5,readout_short,d00096,True,True,complete,1,scored,True,True,False,True,,1,current_run,readout_multi9_r2/results/per_input_status.jsonl,39
cycle1,readout_multi9_extension,M5,readout_short,d00098,False,True,complete,1,scored,True,True,True,False,,1,current_run,readout_multi9_r2/results/per_input_status.jsonl,40
cycle1,readout_multi9_extension,M5,readout_short,d00103,False,True,complete,1,scored,True,True,True,False,,1,current_run,readout_multi9_r2/results/per_input_status.jsonl,41
cycle1,readout_multi9_extension,M5,readout_free,d00018,False,True,complete,1,scored,True,True,True,False,,1,current_run,readout_multi9_r2/results/per_input_status.jsonl,42
cycle1,readout_multi9_extension,M5,readout_free,d00047,False,True,complete,1,scored,True,True,True,False,,1,current_run,readout_multi9_r2/results/per_input_status.jsonl,43
cycle1,readout_multi9_extension,M5,readout_free,d00050,,False,unavailable,1,not_scored,False,False,False,False,baseline_native_invalid,0,current_run,readout_multi9_r2/results/per_input_status.jsonl,44
cycle1,readout_multi9_extension,M5,readout_free,d00096,True,True,complete,1,scored,True,True,False,False,,1,current_run,readout_multi9_r2/results/per_input_status.jsonl,45
cycle1,readout_multi9_extension,M5,readout_free,d00098,False,True,complete,1,scored,True,True,True,False,,1,current_run,readout_multi9_r2/results/per_input_status.jsonl,46
cycle1,readout_multi9_composite,M4,baseline,d00000,True,True,cached_baseline,1,scored,False,False,False,False,,0,saved_cache,readout_multi9_r2/composite_results/per_input_status.jsonl,1
cycle1,readout_multi9_composite,M4,baseline,d00018,True,True,cached_baseline,1,scored,False,False,False,False,,0,saved_cache,readout_multi9_r2/composite_results/per_input_status.jsonl,2
cycle1,readout_multi9_composite,M4,baseline,d00047,True,True,cached_baseline,1,scored,False,False,False,False,,0,saved_cache,readout_multi9_r2/composite_results/per_input_status.jsonl,3
cycle1,readout_multi9_composite,M4,baseline,d00050,False,True,cached_baseline,1,scored,False,False,False,False,,0,saved_cache,readout_multi9_r2/composite_results/per_input_status.jsonl,4
cycle1,readout_multi9_composite,M4,baseline,d00052,True,True,cached_baseline,1,scored,False,False,False,False,,0,saved_cache,readout_multi9_r2/composite_results/per_input_status.jsonl,5
cycle1,readout_multi9_composite,M4,baseline,d00095,True,True,cached_baseline,1,scored,False,False,False,False,,0,saved_cache,readout_multi9_r2/composite_results/per_input_status.jsonl,6
cycle1,readout_multi9_composite,M4,baseline,d00096,True,True,cached_baseline,1,scored,False,False,False,False,,0,saved_cache,readout_multi9_r2/composite_results/per_input_status.jsonl,7
cycle1,readout_multi9_composite,M4,baseline,d00098,True,True,cached_baseline,1,scored,False,False,False,False,,0,saved_cache,readout_multi9_r2/composite_results/per_input_status.jsonl,8
cycle1,readout_multi9_composite,M4,baseline,d00103,True,True,cached_baseline,1,scored,False,False,False,False,,0,saved_cache,readout_multi9_r2/composite_results/per_input_status.jsonl,9
cycle1,readout_multi9_composite,M4,readout_free,d00000,True,True,complete,1,scored,True,True,False,False,,1,current_run,readout_multi9_r2/composite_results/per_input_status.jsonl,10
cycle1,readout_multi9_composite,M4,readout_free,d00018,False,True,complete,1,scored,True,True,True,False,,1,current_run,readout_multi9_r2/composite_results/per_input_status.jsonl,11
cycle1,readout_multi9_composite,M4,readout_free,d00047,False,True,complete,1,scored,True,True,True,False,,1,current_run,readout_multi9_r2/composite_results/per_input_status.jsonl,12
cycle1,readout_multi9_composite,M4,readout_free,d00050,False,True,complete,1,scored,True,True,False,False,,1,current_run,readout_multi9_r2/composite_results/per_input_status.jsonl,13
cycle1,readout_multi9_composite,M4,readout_free,d00052,True,True,complete,1,scored,True,True,False,False,,1,current_run,readout_multi9_r2/composite_results/per_input_status.jsonl,14
cycle1,readout_multi9_composite,M4,readout_free,d00095,True,True,complete,1,scored,True,True,False,False,,1,current_run,readout_multi9_r2/composite_results/per_input_status.jsonl,15
cycle1,readout_multi9_composite,M4,readout_free,d00096,False,True,complete,1,scored,True,True,True,False,,1,current_run,readout_multi9_r2/composite_results/per_input_status.jsonl,16
cycle1,readout_multi9_composite,M4,readout_free,d00098,False,True,complete,1,scored,True,True,True,False,,1,current_run,readout_multi9_r2/composite_results/per_input_status.jsonl,17
cycle1,readout_multi9_composite,M4,readout_free,d00103,False,True,complete,1,scored,True,True,True,False,,1,current_run,readout_multi9_r2/composite_results/per_input_status.jsonl,18
cycle1,readout_multi9_composite,M4,readout_short,d00000,True,True,complete,1,scored,True,True,False,False,,1,current_run,readout_multi9_r2/composite_results/per_input_status.jsonl,19
cycle1,readout_multi9_composite,M4,readout_short,d00018,True,True,complete,1,scored,True,True,False,False,,1,current_run,readout_multi9_r2/composite_results/per_input_status.jsonl,20
cycle1,readout_multi9_composite,M4,readout_short,d00047,True,True,complete,1,scored,True,True,False,False,,1,current_run,readout_multi9_r2/composite_results/per_input_status.jsonl,21
cycle1,readout_multi9_composite,M4,readout_short,d00050,False,True,complete,1,scored,True,True,True,False,,1,current_run,readout_multi9_r2/composite_results/per_input_status.jsonl,22
cycle1,readout_multi9_composite,M4,readout_short,d00052,False,True,complete,1,scored,True,True,True,False,,1,current_run,readout_multi9_r2/composite_results/per_input_status.jsonl,23
cycle1,readout_multi9_composite,M4,readout_short,d00095,False,True,complete,1,scored,True,True,True,False,,1,current_run,readout_multi9_r2/composite_results/per_input_status.jsonl,24
cycle1,readout_multi9_composite,M4,readout_short,d00096,False,True,complete,1,scored,True,True,True,False,,1,current_run,readout_multi9_r2/composite_results/per_input_status.jsonl,25
cycle1,readout_multi9_composite,M4,readout_short,d00098,False,True,complete,1,scored,True,True,True,False,,1,current_run,readout_multi9_r2/composite_results/per_input_status.jsonl,26
cycle1,readout_multi9_composite,M4,readout_short,d00103,True,True,complete,1,scored,True,True,False,False,,1,current_run,readout_multi9_r2/composite_results/per_input_status.jsonl,27
cycle1,readout_multi9_composite,M5,baseline,d00000,True,True,cached_baseline,1,scored,False,False,False,False,,0,saved_cache,readout_multi9_r2/composite_results/per_input_status.jsonl,28
cycle1,readout_multi9_composite,M5,baseline,d00018,True,True,cached_baseline,1,scored,False,False,False,False,,0,saved_cache,readout_multi9_r2/composite_results/per_input_status.jsonl,29
cycle1,readout_multi9_composite,M5,baseline,d00047,True,True,cached_baseline,1,scored,False,False,False,False,,0,saved_cache,readout_multi9_r2/composite_results/per_input_status.jsonl,30
cycle1,readout_multi9_composite,M5,baseline,d00050,,False,cached_baseline,1,not_scored,False,False,False,False,baseline_native_schema_invalid,0,saved_cache,readout_multi9_r2/composite_results/per_input_status.jsonl,31
cycle1,readout_multi9_composite,M5,baseline,d00052,True,True,cached_baseline,1,scored,False,False,False,False,,0,saved_cache,readout_multi9_r2/composite_results/per_input_status.jsonl,32
cycle1,readout_multi9_composite,M5,baseline,d00095,True,True,cached_baseline,1,scored,False,False,False,False,,0,saved_cache,readout_multi9_r2/composite_results/per_input_status.jsonl,33
cycle1,readout_multi9_composite,M5,baseline,d00096,True,True,cached_baseline,1,scored,False,False,False,False,,0,saved_cache,readout_multi9_r2/composite_results/per_input_status.jsonl,34
cycle1,readout_multi9_composite,M5,baseline,d00098,True,True,cached_baseline,1,scored,False,False,False,False,,0,saved_cache,readout_multi9_r2/composite_results/per_input_status.jsonl,35
cycle1,readout_multi9_composite,M5,baseline,d00103,True,True,cached_baseline,1,scored,False,False,False,False,,0,saved_cache,readout_multi9_r2/composite_results/per_input_status.jsonl,36
cycle1,readout_multi9_composite,M5,readout_free,d00000,True,True,complete,1,scored,True,True,False,False,,1,current_run,readout_multi9_r2/composite_results/per_input_status.jsonl,37
cycle1,readout_multi9_composite,M5,readout_free,d00018,False,True,complete,1,scored,True,True,True,False,,1,current_run,readout_multi9_r2/composite_results/per_input_status.jsonl,38
cycle1,readout_multi9_composite,M5,readout_free,d00047,False,True,complete,1,scored,True,True,True,False,,1,current_run,readout_multi9_r2/composite_results/per_input_status.jsonl,39
cycle1,readout_multi9_composite,M5,readout_free,d00050,,False,unavailable,1,not_scored,False,False,False,False,baseline_native_invalid,0,current_run,readout_multi9_r2/composite_results/per_input_status.jsonl,40
cycle1,readout_multi9_composite,M5,readout_free,d00052,True,True,complete,1,scored,True,True,False,False,,1,current_run,readout_multi9_r2/composite_results/per_input_status.jsonl,41
cycle1,readout_multi9_composite,M5,readout_free,d00095,False,True,complete,1,scored,True,True,True,False,,1,current_run,readout_multi9_r2/composite_results/per_input_status.jsonl,42
cycle1,readout_multi9_composite,M5,readout_free,d00096,True,True,complete,1,scored,True,True,False,False,,1,current_run,readout_multi9_r2/composite_results/per_input_status.jsonl,43
cycle1,readout_multi9_composite,M5,readout_free,d00098,False,True,complete,1,scored,True,True,True,False,,1,current_run,readout_multi9_r2/composite_results/per_input_status.jsonl,44
cycle1,readout_multi9_composite,M5,readout_free,d00103,False,True,complete,1,scored,True,True,True,False,,1,current_run,readout_multi9_r2/composite_results/per_input_status.jsonl,45
cycle1,readout_multi9_composite,M5,readout_short,d00000,True,True,complete,1,scored,True,True,False,False,,1,current_run,readout_multi9_r2/composite_results/per_input_status.jsonl,46
cycle1,readout_multi9_composite,M5,readout_short,d00018,False,True,complete,1,scored,True,True,True,False,,1,current_run,readout_multi9_r2/composite_results/per_input_status.jsonl,47
cycle1,readout_multi9_composite,M5,readout_short,d00047,False,True,complete,1,scored,True,True,True,False,,1,current_run,readout_multi9_r2/composite_results/per_input_status.jsonl,48
cycle1,readout_multi9_composite,M5,readout_short,d00050,,False,unavailable,1,not_scored,False,False,False,False,baseline_native_invalid,0,current_run,readout_multi9_r2/composite_results/per_input_status.jsonl,49
cycle1,readout_multi9_composite,M5,readout_short,d00052,False,True,complete,1,scored,True,True,True,False,,1,current_run,readout_multi9_r2/composite_results/per_input_status.jsonl,50
cycle1,readout_multi9_composite,M5,readout_short,d00095,False,True,complete,1,scored,True,True,True,False,,1,current_run,readout_multi9_r2/composite_results/per_input_status.jsonl,51
cycle1,readout_multi9_composite,M5,readout_short,d00096,True,True,complete,1,scored,True,True,False,True,,1,current_run,readout_multi9_r2/composite_results/per_input_status.jsonl,52
cycle1,readout_multi9_composite,M5,readout_short,d00098,False,True,complete,1,scored,True,True,True,False,,1,current_run,readout_multi9_r2/composite_results/per_input_status.jsonl,53
cycle1,readout_multi9_composite,M5,readout_short,d00103,False,True,complete,1,scored,True,True,True,False,,1,current_run,readout_multi9_r2/composite_results/per_input_status.jsonl,54
cycle2,a1_target34,M4,baseline,d00000,True,True,cached_baseline,1,scored,False,False,False,False,,0,saved_cache,cycle2/a1_target34/results/per_input_status.jsonl,1
cycle2,a1_target34,M4,baseline,d00003,True,True,cached_baseline,1,scored,False,False,False,False,,0,saved_cache,cycle2/a1_target34/results/per_input_status.jsonl,2
cycle2,a1_target34,M4,baseline,d00004,False,True,cached_baseline,1,scored,False,False,False,False,,0,saved_cache,cycle2/a1_target34/results/per_input_status.jsonl,3
cycle2,a1_target34,M4,baseline,d00005,True,True,cached_baseline,1,scored,False,False,False,False,,0,saved_cache,cycle2/a1_target34/results/per_input_status.jsonl,4
cycle2,a1_target34,M4,baseline,d00006,True,True,cached_baseline,1,scored,False,False,False,False,,0,saved_cache,cycle2/a1_target34/results/per_input_status.jsonl,5
cycle2,a1_target34,M4,baseline,d00008,False,True,cached_baseline,1,scored,False,False,False,False,,0,saved_cache,cycle2/a1_target34/results/per_input_status.jsonl,6
cycle2,a1_target34,M4,baseline,d00009,True,True,cached_baseline,1,scored,False,False,False,False,,0,saved_cache,cycle2/a1_target34/results/per_input_status.jsonl,7
cycle2,a1_target34,M4,baseline,d00011,False,True,cached_baseline,1,scored,False,False,False,False,,0,saved_cache,cycle2/a1_target34/results/per_input_status.jsonl,8
cycle2,a1_target34,M4,baseline,d00013,True,True,cached_baseline,1,scored,False,False,False,False,,0,saved_cache,cycle2/a1_target34/results/per_input_status.jsonl,9
cycle2,a1_target34,M4,baseline,d00014,True,True,cached_baseline,1,scored,False,False,False,False,,0,saved_cache,cycle2/a1_target34/results/per_input_status.jsonl,10
cycle2,a1_target34,M4,baseline,d00023,True,True,cached_baseline,1,scored,False,False,False,False,,0,saved_cache,cycle2/a1_target34/results/per_input_status.jsonl,11
cycle2,a1_target34,M4,baseline,d00032,False,True,cached_baseline,1,scored,False,False,False,False,,0,saved_cache,cycle2/a1_target34/results/per_input_status.jsonl,12
cycle2,a1_target34,M4,baseline,d00038,True,True,cached_baseline,1,scored,False,False,False,False,,0,saved_cache,cycle2/a1_target34/results/per_input_status.jsonl,13
cycle2,a1_target34,M4,baseline,d00040,False,True,cached_baseline,1,scored,False,False,False,False,,0,saved_cache,cycle2/a1_target34/results/per_input_status.jsonl,14
cycle2,a1_target34,M4,baseline,d00043,True,True,cached_baseline,1,scored,False,False,False,False,,0,saved_cache,cycle2/a1_target34/results/per_input_status.jsonl,15
cycle2,a1_target34,M4,baseline,d00051,False,True,cached_baseline,1,scored,False,False,False,False,,0,saved_cache,cycle2/a1_target34/results/per_input_status.jsonl,16
cycle2,a1_target34,M4,baseline,d00052,True,True,cached_baseline,1,scored,False,False,False,False,,0,saved_cache,cycle2/a1_target34/results/per_input_status.jsonl,17
cycle2,a1_target34,M4,baseline,d00063,False,True,cached_baseline,1,scored,False,False,False,False,,0,saved_cache,cycle2/a1_target34/results/per_input_status.jsonl,18
cycle2,a1_target34,M4,baseline,d00064,True,True,cached_baseline,1,scored,False,False,False,False,,0,saved_cache,cycle2/a1_target34/results/per_input_status.jsonl,19
cycle2,a1_target34,M4,baseline,d00070,False,True,cached_baseline,1,scored,False,False,False,False,,0,saved_cache,cycle2/a1_target34/results/per_input_status.jsonl,20
cycle2,a1_target34,M4,baseline,d00071,False,True,cached_baseline,1,scored,False,False,False,False,,0,saved_cache,cycle2/a1_target34/results/per_input_status.jsonl,21
cycle2,a1_target34,M4,baseline,d00073,True,True,cached_baseline,1,scored,False,False,False,False,,0,saved_cache,cycle2/a1_target34/results/per_input_status.jsonl,22
cycle2,a1_target34,M4,baseline,d00080,True,True,cached_baseline,1,scored,False,False,False,False,,0,saved_cache,cycle2/a1_target34/results/per_input_status.jsonl,23
cycle2,a1_target34,M4,baseline,d00083,True,True,cached_baseline,1,scored,False,False,False,False,,0,saved_cache,cycle2/a1_target34/results/per_input_status.jsonl,24
cycle2,a1_target34,M4,baseline,d00091,True,True,cached_baseline,1,scored,False,False,False,False,,0,saved_cache,cycle2/a1_target34/results/per_input_status.jsonl,25
cycle2,a1_target34,M4,baseline,d00095,True,True,cached_baseline,1,scored,False,False,False,False,,0,saved_cache,cycle2/a1_target34/results/per_input_status.jsonl,26
cycle2,a1_target34,M4,baseline,d00099,True,True,cached_baseline,1,scored,False,False,False,False,,0,saved_cache,cycle2/a1_target34/results/per_input_status.jsonl,27
cycle2,a1_target34,M4,baseline,d00101,False,True,cached_baseline,1,scored,False,False,False,False,,0,saved_cache,cycle2/a1_target34/results/per_input_status.jsonl,28
cycle2,a1_target34,M4,baseline,d00103,True,True,cached_baseline,1,scored,False,False,False,False,,0,saved_cache,cycle2/a1_target34/results/per_input_status.jsonl,29
cycle2,a1_target34,M4,baseline,d00104,True,True,cached_baseline,1,scored,False,False,False,False,,0,saved_cache,cycle2/a1_target34/results/per_input_status.jsonl,30
cycle2,a1_target34,M4,baseline,d00108,True,True,cached_baseline,1,scored,False,False,False,False,,0,saved_cache,cycle2/a1_target34/results/per_input_status.jsonl,31
cycle2,a1_target34,M4,baseline,d00112,True,True,cached_baseline,4,scored,False,False,False,False,,0,saved_cache,cycle2/a1_target34/results/per_input_status.jsonl,32
cycle2,a1_target34,M4,baseline,d00117,True,True,cached_baseline,1,scored,False,False,False,False,,0,saved_cache,cycle2/a1_target34/results/per_input_status.jsonl,33
cycle2,a1_target34,M4,baseline,d00118,True,True,cached_baseline,1,scored,False,False,False,False,,0,saved_cache,cycle2/a1_target34/results/per_input_status.jsonl,34
cycle2,a1_target34,M4,a1_target_evidence,d00000,False,True,complete,1,scored,True,True,True,False,,2,current_run,cycle2/a1_target34/results/per_input_status.jsonl,35
cycle2,a1_target34,M4,a1_target_evidence,d00003,True,True,complete,1,scored,True,True,False,False,,3,current_run,cycle2/a1_target34/results/per_input_status.jsonl,36
cycle2,a1_target34,M4,a1_target_evidence,d00004,False,True,complete,1,scored,True,True,False,False,,0,current_run,cycle2/a1_target34/results/per_input_status.jsonl,37
cycle2,a1_target34,M4,a1_target_evidence,d00005,False,True,complete,1,scored,True,True,True,False,,3,current_run,cycle2/a1_target34/results/per_input_status.jsonl,38
cycle2,a1_target34,M4,a1_target_evidence,d00006,True,True,complete,1,scored,True,True,False,False,,0,current_run,cycle2/a1_target34/results/per_input_status.jsonl,39
cycle2,a1_target34,M4,a1_target_evidence,d00008,False,True,complete,1,scored,True,True,True,False,,2,current_run,cycle2/a1_target34/results/per_input_status.jsonl,40
cycle2,a1_target34,M4,a1_target_evidence,d00009,True,True,complete,1,scored,True,True,False,False,,0,current_run,cycle2/a1_target34/results/per_input_status.jsonl,41
cycle2,a1_target34,M4,a1_target_evidence,d00011,False,True,complete,1,scored,True,True,True,False,,2,current_run,cycle2/a1_target34/results/per_input_status.jsonl,42
cycle2,a1_target34,M4,a1_target_evidence,d00013,True,True,complete,1,scored,True,True,False,False,,1,current_run,cycle2/a1_target34/results/per_input_status.jsonl,43
cycle2,a1_target34,M4,a1_target_evidence,d00014,False,True,complete,1,scored,True,True,True,False,,12,current_run,cycle2/a1_target34/results/per_input_status.jsonl,44
cycle2,a1_target34,M4,a1_target_evidence,d00023,True,True,complete,1,scored,True,True,False,False,,0,current_run,cycle2/a1_target34/results/per_input_status.jsonl,45
cycle2,a1_target34,M4,a1_target_evidence,d00032,False,True,complete,1,scored,True,True,False,False,,0,current_run,cycle2/a1_target34/results/per_input_status.jsonl,46
cycle2,a1_target34,M4,a1_target_evidence,d00038,True,True,complete,1,scored,True,True,False,False,,1,current_run,cycle2/a1_target34/results/per_input_status.jsonl,47
cycle2,a1_target34,M4,a1_target_evidence,d00040,True,True,complete,1,scored,True,True,True,False,,0,current_run,cycle2/a1_target34/results/per_input_status.jsonl,48
cycle2,a1_target34,M4,a1_target_evidence,d00043,True,True,complete,1,scored,True,True,False,False,,4,current_run,cycle2/a1_target34/results/per_input_status.jsonl,49
cycle2,a1_target34,M4,a1_target_evidence,d00051,False,True,complete,1,scored,True,True,False,False,,5,current_run,cycle2/a1_target34/results/per_input_status.jsonl,50
cycle2,a1_target34,M4,a1_target_evidence,d00052,True,True,complete,1,scored,True,True,False,True,,4,current_run,cycle2/a1_target34/results/per_input_status.jsonl,51
cycle2,a1_target34,M4,a1_target_evidence,d00063,False,True,complete,1,scored,True,True,True,False,,1,current_run,cycle2/a1_target34/results/per_input_status.jsonl,52
cycle2,a1_target34,M4,a1_target_evidence,d00064,True,True,complete,1,scored,True,True,False,False,,0,current_run,cycle2/a1_target34/results/per_input_status.jsonl,53
cycle2,a1_target34,M4,a1_target_evidence,d00070,False,True,complete,1,scored,True,True,True,False,,4,current_run,cycle2/a1_target34/results/per_input_status.jsonl,54
cycle2,a1_target34,M4,a1_target_evidence,d00071,False,True,complete,1,scored,True,True,False,False,,3,current_run,cycle2/a1_target34/results/per_input_status.jsonl,55
cycle2,a1_target34,M4,a1_target_evidence,d00073,True,True,complete,1,scored,True,True,False,False,,3,current_run,cycle2/a1_target34/results/per_input_status.jsonl,56
cycle2,a1_target34,M4,a1_target_evidence,d00080,True,True,complete,1,scored,True,True,False,False,,13,current_run,cycle2/a1_target34/results/per_input_status.jsonl,57
cycle2,a1_target34,M4,a1_target_evidence,d00083,True,True,complete,1,scored,True,True,False,False,,0,current_run,cycle2/a1_target34/results/per_input_status.jsonl,58
cycle2,a1_target34,M4,a1_target_evidence,d00091,True,True,complete,1,scored,True,True,False,False,,2,current_run,cycle2/a1_target34/results/per_input_status.jsonl,59
cycle2,a1_target34,M4,a1_target_evidence,d00095,False,True,complete,1,scored,True,True,True,False,,1,current_run,cycle2/a1_target34/results/per_input_status.jsonl,60
cycle2,a1_target34,M4,a1_target_evidence,d00099,True,True,complete,1,scored,True,True,False,False,,0,current_run,cycle2/a1_target34/results/per_input_status.jsonl,61
cycle2,a1_target34,M4,a1_target_evidence,d00101,False,True,complete,1,scored,True,True,False,False,,0,current_run,cycle2/a1_target34/results/per_input_status.jsonl,62
cycle2,a1_target34,M4,a1_target_evidence,d00103,False,True,complete,1,scored,True,True,True,False,,4,current_run,cycle2/a1_target34/results/per_input_status.jsonl,63
cycle2,a1_target34,M4,a1_target_evidence,d00104,True,True,complete,1,scored,True,True,False,False,,1,current_run,cycle2/a1_target34/results/per_input_status.jsonl,64
cycle2,a1_target34,M4,a1_target_evidence,d00108,True,True,complete,1,scored,True,True,False,False,,2,current_run,cycle2/a1_target34/results/per_input_status.jsonl,65
cycle2,a1_target34,M4,a1_target_evidence,d00112,True,True,complete,4,scored,True,True,False,False,,0,current_run,cycle2/a1_target34/results/per_input_status.jsonl,66
cycle2,a1_target34,M4,a1_target_evidence,d00117,False,True,complete,1,scored,True,True,True,False,,0,current_run,cycle2/a1_target34/results/per_input_status.jsonl,67
cycle2,a1_target34,M4,a1_target_evidence,d00118,True,True,complete,1,scored,True,True,False,False,,1,current_run,cycle2/a1_target34/results/per_input_status.jsonl,68
cycle2,a1_target34,M4,a1_target_reanswer,d00000,False,True,complete,1,scored,True,True,True,False,,0,current_run,cycle2/a1_target34/results/per_input_status.jsonl,69
cycle2,a1_target34,M4,a1_target_reanswer,d00003,True,True,complete,1,scored,True,True,False,False,,0,current_run,cycle2/a1_target34/results/per_input_status.jsonl,70
cycle2,a1_target34,M4,a1_target_reanswer,d00004,False,True,complete,1,scored,True,True,False,False,,0,current_run,cycle2/a1_target34/results/per_input_status.jsonl,71
cycle2,a1_target34,M4,a1_target_reanswer,d00005,True,True,complete,1,scored,True,True,False,False,,0,current_run,cycle2/a1_target34/results/per_input_status.jsonl,72
cycle2,a1_target34,M4,a1_target_reanswer,d00006,True,True,complete,1,scored,True,True,False,False,,0,current_run,cycle2/a1_target34/results/per_input_status.jsonl,73
cycle2,a1_target34,M4,a1_target_reanswer,d00008,False,True,complete,1,scored,True,True,False,False,,0,current_run,cycle2/a1_target34/results/per_input_status.jsonl,74
cycle2,a1_target34,M4,a1_target_reanswer,d00009,True,True,complete,1,scored,True,True,False,False,,0,current_run,cycle2/a1_target34/results/per_input_status.jsonl,75
cycle2,a1_target34,M4,a1_target_reanswer,d00011,False,True,complete,1,scored,True,True,False,False,,0,current_run,cycle2/a1_target34/results/per_input_status.jsonl,76
cycle2,a1_target34,M4,a1_target_reanswer,d00013,True,True,complete,1,scored,True,True,False,False,,0,current_run,cycle2/a1_target34/results/per_input_status.jsonl,77
cycle2,a1_target34,M4,a1_target_reanswer,d00014,True,True,complete,1,scored,True,True,False,False,,0,current_run,cycle2/a1_target34/results/per_input_status.jsonl,78
cycle2,a1_target34,M4,a1_target_reanswer,d00023,True,True,complete,1,scored,True,True,False,False,,0,current_run,cycle2/a1_target34/results/per_input_status.jsonl,79
cycle2,a1_target34,M4,a1_target_reanswer,d00032,False,True,complete,1,scored,True,True,False,False,,0,current_run,cycle2/a1_target34/results/per_input_status.jsonl,80
cycle2,a1_target34,M4,a1_target_reanswer,d00038,True,True,complete,1,scored,True,True,False,False,,0,current_run,cycle2/a1_target34/results/per_input_status.jsonl,81
cycle2,a1_target34,M4,a1_target_reanswer,d00040,True,True,complete,1,scored,True,True,True,False,,0,current_run,cycle2/a1_target34/results/per_input_status.jsonl,82
cycle2,a1_target34,M4,a1_target_reanswer,d00043,True,True,complete,1,scored,True,True,False,False,,0,current_run,cycle2/a1_target34/results/per_input_status.jsonl,83
cycle2,a1_target34,M4,a1_target_reanswer,d00051,False,True,complete,1,scored,True,True,False,False,,0,current_run,cycle2/a1_target34/results/per_input_status.jsonl,84
cycle2,a1_target34,M4,a1_target_reanswer,d00052,True,True,complete,1,scored,True,True,False,True,,0,current_run,cycle2/a1_target34/results/per_input_status.jsonl,85
cycle2,a1_target34,M4,a1_target_reanswer,d00063,False,True,complete,1,scored,True,True,False,False,,0,current_run,cycle2/a1_target34/results/per_input_status.jsonl,86
cycle2,a1_target34,M4,a1_target_reanswer,d00064,True,True,complete,1,scored,True,True,False,False,,0,current_run,cycle2/a1_target34/results/per_input_status.jsonl,87
cycle2,a1_target34,M4,a1_target_reanswer,d00070,False,True,complete,1,scored,True,True,True,False,,0,current_run,cycle2/a1_target34/results/per_input_status.jsonl,88
cycle2,a1_target34,M4,a1_target_reanswer,d00071,False,True,complete,1,scored,True,True,False,False,,0,current_run,cycle2/a1_target34/results/per_input_status.jsonl,89
cycle2,a1_target34,M4,a1_target_reanswer,d00073,True,True,complete,1,scored,True,True,False,False,,0,current_run,cycle2/a1_target34/results/per_input_status.jsonl,90
cycle2,a1_target34,M4,a1_target_reanswer,d00080,True,True,complete,1,scored,True,True,False,False,,0,current_run,cycle2/a1_target34/results/per_input_status.jsonl,91
cycle2,a1_target34,M4,a1_target_reanswer,d00083,True,True,complete,1,scored,True,True,False,False,,0,current_run,cycle2/a1_target34/results/per_input_status.jsonl,92
cycle2,a1_target34,M4,a1_target_reanswer,d00091,True,True,complete,1,scored,True,True,False,False,,0,current_run,cycle2/a1_target34/results/per_input_status.jsonl,93
cycle2,a1_target34,M4,a1_target_reanswer,d00095,False,True,complete,1,scored,True,True,True,False,,0,current_run,cycle2/a1_target34/results/per_input_status.jsonl,94
cycle2,a1_target34,M4,a1_target_reanswer,d00099,True,True,complete,1,scored,True,True,False,False,,0,current_run,cycle2/a1_target34/results/per_input_status.jsonl,95
cycle2,a1_target34,M4,a1_target_reanswer,d00101,False,True,complete,1,scored,True,True,False,False,,0,current_run,cycle2/a1_target34/results/per_input_status.jsonl,96
cycle2,a1_target34,M4,a1_target_reanswer,d00103,False,True,complete,1,scored,True,True,True,False,,0,current_run,cycle2/a1_target34/results/per_input_status.jsonl,97
cycle2,a1_target34,M4,a1_target_reanswer,d00104,True,True,complete,1,scored,True,True,False,False,,0,current_run,cycle2/a1_target34/results/per_input_status.jsonl,98
cycle2,a1_target34,M4,a1_target_reanswer,d00108,True,True,complete,1,scored,True,True,False,False,,0,current_run,cycle2/a1_target34/results/per_input_status.jsonl,99
cycle2,a1_target34,M4,a1_target_reanswer,d00112,True,True,complete,4,scored,True,True,False,False,,0,current_run,cycle2/a1_target34/results/per_input_status.jsonl,100
cycle2,a1_target34,M4,a1_target_reanswer,d00117,False,True,complete,1,scored,True,True,True,False,,0,current_run,cycle2/a1_target34/results/per_input_status.jsonl,101
cycle2,a1_target34,M4,a1_target_reanswer,d00118,True,True,complete,1,scored,True,True,False,False,,0,current_run,cycle2/a1_target34/results/per_input_status.jsonl,102
cycle2,a1_target34,M5,baseline,d00000,True,True,cached_baseline,1,scored,False,False,False,False,,0,saved_cache,cycle2/a1_target34/results/per_input_status.jsonl,103
cycle2,a1_target34,M5,baseline,d00003,True,True,cached_baseline,1,scored,False,False,False,False,,0,saved_cache,cycle2/a1_target34/results/per_input_status.jsonl,104
cycle2,a1_target34,M5,baseline,d00004,False,True,cached_baseline,1,scored,False,False,False,False,,0,saved_cache,cycle2/a1_target34/results/per_input_status.jsonl,105
cycle2,a1_target34,M5,baseline,d00005,True,True,cached_baseline,1,scored,False,False,False,False,,0,saved_cache,cycle2/a1_target34/results/per_input_status.jsonl,106
cycle2,a1_target34,M5,baseline,d00006,True,True,cached_baseline,1,scored,False,False,False,False,,0,saved_cache,cycle2/a1_target34/results/per_input_status.jsonl,107
cycle2,a1_target34,M5,baseline,d00008,True,True,cached_baseline,1,scored,False,False,False,False,,0,saved_cache,cycle2/a1_target34/results/per_input_status.jsonl,108
cycle2,a1_target34,M5,baseline,d00009,True,True,cached_baseline,1,scored,False,False,False,False,,0,saved_cache,cycle2/a1_target34/results/per_input_status.jsonl,109
cycle2,a1_target34,M5,baseline,d00011,False,True,cached_baseline,1,scored,False,False,False,False,,0,saved_cache,cycle2/a1_target34/results/per_input_status.jsonl,110
cycle2,a1_target34,M5,baseline,d00013,True,True,cached_baseline,1,scored,False,False,False,False,,0,saved_cache,cycle2/a1_target34/results/per_input_status.jsonl,111
cycle2,a1_target34,M5,baseline,d00014,True,True,cached_baseline,1,scored,False,False,False,False,,0,saved_cache,cycle2/a1_target34/results/per_input_status.jsonl,112
cycle2,a1_target34,M5,baseline,d00023,True,True,cached_baseline,1,scored,False,False,False,False,,0,saved_cache,cycle2/a1_target34/results/per_input_status.jsonl,113
cycle2,a1_target34,M5,baseline,d00032,True,True,cached_baseline,1,scored,False,False,False,False,,0,saved_cache,cycle2/a1_target34/results/per_input_status.jsonl,114
cycle2,a1_target34,M5,baseline,d00038,True,True,cached_baseline,1,scored,False,False,False,False,,0,saved_cache,cycle2/a1_target34/results/per_input_status.jsonl,115
cycle2,a1_target34,M5,baseline,d00040,True,True,cached_baseline,1,scored,False,False,False,False,,0,saved_cache,cycle2/a1_target34/results/per_input_status.jsonl,116
cycle2,a1_target34,M5,baseline,d00043,True,True,cached_baseline,1,scored,False,False,False,False,,0,saved_cache,cycle2/a1_target34/results/per_input_status.jsonl,117
cycle2,a1_target34,M5,baseline,d00051,False,True,cached_baseline,1,scored,False,False,False,False,,0,saved_cache,cycle2/a1_target34/results/per_input_status.jsonl,118
cycle2,a1_target34,M5,baseline,d00052,True,True,cached_baseline,1,scored,False,False,False,False,,0,saved_cache,cycle2/a1_target34/results/per_input_status.jsonl,119
cycle2,a1_target34,M5,baseline,d00063,True,True,cached_baseline,1,scored,False,False,False,False,,0,saved_cache,cycle2/a1_target34/results/per_input_status.jsonl,120
cycle2,a1_target34,M5,baseline,d00064,True,True,cached_baseline,1,scored,False,False,False,False,,0,saved_cache,cycle2/a1_target34/results/per_input_status.jsonl,121
cycle2,a1_target34,M5,baseline,d00070,False,True,cached_baseline,1,scored,False,False,False,False,,0,saved_cache,cycle2/a1_target34/results/per_input_status.jsonl,122
cycle2,a1_target34,M5,baseline,d00071,False,True,cached_baseline,1,scored,False,False,False,False,,0,saved_cache,cycle2/a1_target34/results/per_input_status.jsonl,123
cycle2,a1_target34,M5,baseline,d00073,True,True,cached_baseline,1,scored,False,False,False,False,,0,saved_cache,cycle2/a1_target34/results/per_input_status.jsonl,124
cycle2,a1_target34,M5,baseline,d00080,True,True,cached_baseline,1,scored,False,False,False,False,,0,saved_cache,cycle2/a1_target34/results/per_input_status.jsonl,125
cycle2,a1_target34,M5,baseline,d00083,True,True,cached_baseline,1,scored,False,False,False,False,,0,saved_cache,cycle2/a1_target34/results/per_input_status.jsonl,126
cycle2,a1_target34,M5,baseline,d00091,True,True,cached_baseline,1,scored,False,False,False,False,,0,saved_cache,cycle2/a1_target34/results/per_input_status.jsonl,127
cycle2,a1_target34,M5,baseline,d00095,True,True,cached_baseline,1,scored,False,False,False,False,,0,saved_cache,cycle2/a1_target34/results/per_input_status.jsonl,128
cycle2,a1_target34,M5,baseline,d00099,True,True,cached_baseline,1,scored,False,False,False,False,,0,saved_cache,cycle2/a1_target34/results/per_input_status.jsonl,129
cycle2,a1_target34,M5,baseline,d00101,False,True,cached_baseline,1,scored,False,False,False,False,,0,saved_cache,cycle2/a1_target34/results/per_input_status.jsonl,130
cycle2,a1_target34,M5,baseline,d00103,True,True,cached_baseline,1,scored,False,False,False,False,,0,saved_cache,cycle2/a1_target34/results/per_input_status.jsonl,131
cycle2,a1_target34,M5,baseline,d00104,True,True,cached_baseline,1,scored,False,False,False,False,,0,saved_cache,cycle2/a1_target34/results/per_input_status.jsonl,132
cycle2,a1_target34,M5,baseline,d00108,True,True,cached_baseline,1,scored,False,False,False,False,,0,saved_cache,cycle2/a1_target34/results/per_input_status.jsonl,133
cycle2,a1_target34,M5,baseline,d00112,True,True,cached_baseline,4,scored,False,False,False,False,,0,saved_cache,cycle2/a1_target34/results/per_input_status.jsonl,134
cycle2,a1_target34,M5,baseline,d00117,True,True,cached_baseline,1,scored,False,False,False,False,,0,saved_cache,cycle2/a1_target34/results/per_input_status.jsonl,135
cycle2,a1_target34,M5,baseline,d00118,True,True,cached_baseline,1,scored,False,False,False,False,,0,saved_cache,cycle2/a1_target34/results/per_input_status.jsonl,136
cycle2,a1_target34,M5,a1_target_evidence,d00000,True,True,complete,1,scored,True,True,False,False,,2,current_run,cycle2/a1_target34/results/per_input_status.jsonl,137
cycle2,a1_target34,M5,a1_target_evidence,d00003,True,True,complete,1,scored,True,True,False,False,,2,current_run,cycle2/a1_target34/results/per_input_status.jsonl,138
cycle2,a1_target34,M5,a1_target_evidence,d00004,False,True,complete,1,scored,True,True,False,False,,2,current_run,cycle2/a1_target34/results/per_input_status.jsonl,139
cycle2,a1_target34,M5,a1_target_evidence,d00005,True,True,complete,1,scored,True,True,False,False,,3,current_run,cycle2/a1_target34/results/per_input_status.jsonl,140
cycle2,a1_target34,M5,a1_target_evidence,d00006,True,True,complete,1,scored,True,True,False,False,,1,current_run,cycle2/a1_target34/results/per_input_status.jsonl,141
cycle2,a1_target34,M5,a1_target_evidence,d00008,False,True,complete,1,scored,True,True,True,False,,0,current_run,cycle2/a1_target34/results/per_input_status.jsonl,142
cycle2,a1_target34,M5,a1_target_evidence,d00009,True,True,complete,1,scored,True,True,False,False,,2,current_run,cycle2/a1_target34/results/per_input_status.jsonl,143
cycle2,a1_target34,M5,a1_target_evidence,d00011,False,True,complete,1,scored,True,True,False,False,,2,current_run,cycle2/a1_target34/results/per_input_status.jsonl,144
cycle2,a1_target34,M5,a1_target_evidence,d00013,True,True,complete,1,scored,True,True,False,False,,2,current_run,cycle2/a1_target34/results/per_input_status.jsonl,145
cycle2,a1_target34,M5,a1_target_evidence,d00014,True,True,complete,1,scored,True,True,False,False,,1,current_run,cycle2/a1_target34/results/per_input_status.jsonl,146
cycle2,a1_target34,M5,a1_target_evidence,d00023,True,True,complete,1,scored,True,True,False,False,,3,current_run,cycle2/a1_target34/results/per_input_status.jsonl,147
cycle2,a1_target34,M5,a1_target_evidence,d00032,False,True,complete,1,scored,True,True,True,False,,2,current_run,cycle2/a1_target34/results/per_input_status.jsonl,148
cycle2,a1_target34,M5,a1_target_evidence,d00038,True,True,complete,1,scored,True,True,False,False,,2,current_run,cycle2/a1_target34/results/per_input_status.jsonl,149
cycle2,a1_target34,M5,a1_target_evidence,d00040,True,True,complete,1,scored,True,True,False,False,,1,current_run,cycle2/a1_target34/results/per_input_status.jsonl,150
cycle2,a1_target34,M5,a1_target_evidence,d00043,False,True,complete,1,scored,True,True,True,False,,1,current_run,cycle2/a1_target34/results/per_input_status.jsonl,151
cycle2,a1_target34,M5,a1_target_evidence,d00051,False,True,complete,1,scored,True,True,False,False,,2,current_run,cycle2/a1_target34/results/per_input_status.jsonl,152
cycle2,a1_target34,M5,a1_target_evidence,d00052,True,True,complete,1,scored,True,True,False,False,,2,current_run,cycle2/a1_target34/results/per_input_status.jsonl,153
cycle2,a1_target34,M5,a1_target_evidence,d00063,True,True,complete,1,scored,True,True,False,False,,2,current_run,cycle2/a1_target34/results/per_input_status.jsonl,154
cycle2,a1_target34,M5,a1_target_evidence,d00064,False,True,complete,1,scored,True,True,True,False,,2,current_run,cycle2/a1_target34/results/per_input_status.jsonl,155
cycle2,a1_target34,M5,a1_target_evidence,d00070,False,True,complete,1,scored,True,True,True,False,,1,current_run,cycle2/a1_target34/results/per_input_status.jsonl,156
cycle2,a1_target34,M5,a1_target_evidence,d00071,False,True,complete,1,scored,True,True,False,False,,1,current_run,cycle2/a1_target34/results/per_input_status.jsonl,157
cycle2,a1_target34,M5,a1_target_evidence,d00073,True,True,complete,1,scored,True,True,False,False,,1,current_run,cycle2/a1_target34/results/per_input_status.jsonl,158
cycle2,a1_target34,M5,a1_target_evidence,d00080,True,True,complete,1,scored,True,True,False,False,,1,current_run,cycle2/a1_target34/results/per_input_status.jsonl,159
cycle2,a1_target34,M5,a1_target_evidence,d00083,True,True,complete,1,scored,True,True,False,False,,2,current_run,cycle2/a1_target34/results/per_input_status.jsonl,160
cycle2,a1_target34,M5,a1_target_evidence,d00091,True,True,complete,1,scored,True,True,False,False,,4,current_run,cycle2/a1_target34/results/per_input_status.jsonl,161
cycle2,a1_target34,M5,a1_target_evidence,d00095,True,True,complete,1,scored,True,True,False,False,,2,current_run,cycle2/a1_target34/results/per_input_status.jsonl,162
cycle2,a1_target34,M5,a1_target_evidence,d00099,True,True,complete,1,scored,True,True,False,False,,0,current_run,cycle2/a1_target34/results/per_input_status.jsonl,163
cycle2,a1_target34,M5,a1_target_evidence,d00101,False,True,complete,1,scored,True,True,False,False,,2,current_run,cycle2/a1_target34/results/per_input_status.jsonl,164
cycle2,a1_target34,M5,a1_target_evidence,d00103,True,True,complete,1,scored,True,True,False,False,,2,current_run,cycle2/a1_target34/results/per_input_status.jsonl,165
cycle2,a1_target34,M5,a1_target_evidence,d00104,True,True,complete,1,scored,True,True,False,False,,1,current_run,cycle2/a1_target34/results/per_input_status.jsonl,166
cycle2,a1_target34,M5,a1_target_evidence,d00108,True,True,complete,1,scored,True,True,False,False,,4,current_run,cycle2/a1_target34/results/per_input_status.jsonl,167
cycle2,a1_target34,M5,a1_target_evidence,d00112,True,True,complete,4,scored,True,True,False,False,,2,current_run,cycle2/a1_target34/results/per_input_status.jsonl,168
cycle2,a1_target34,M5,a1_target_evidence,d00117,True,True,complete,1,scored,True,True,False,False,,1,current_run,cycle2/a1_target34/results/per_input_status.jsonl,169
cycle2,a1_target34,M5,a1_target_evidence,d00118,False,True,complete,1,scored,True,True,True,False,,1,current_run,cycle2/a1_target34/results/per_input_status.jsonl,170
cycle2,a1_target34,M5,a1_target_reanswer,d00000,True,True,complete,1,scored,True,True,False,False,,0,current_run,cycle2/a1_target34/results/per_input_status.jsonl,171
cycle2,a1_target34,M5,a1_target_reanswer,d00003,True,True,complete,1,scored,True,True,False,False,,0,current_run,cycle2/a1_target34/results/per_input_status.jsonl,172
cycle2,a1_target34,M5,a1_target_reanswer,d00004,False,True,complete,1,scored,True,True,False,False,,0,current_run,cycle2/a1_target34/results/per_input_status.jsonl,173
cycle2,a1_target34,M5,a1_target_reanswer,d00005,True,True,complete,1,scored,True,True,False,False,,0,current_run,cycle2/a1_target34/results/per_input_status.jsonl,174
cycle2,a1_target34,M5,a1_target_reanswer,d00006,False,True,complete,1,scored,True,True,True,False,,0,current_run,cycle2/a1_target34/results/per_input_status.jsonl,175
cycle2,a1_target34,M5,a1_target_reanswer,d00008,False,True,complete,1,scored,True,True,True,False,,0,current_run,cycle2/a1_target34/results/per_input_status.jsonl,176
cycle2,a1_target34,M5,a1_target_reanswer,d00009,True,True,complete,1,scored,True,True,False,False,,0,current_run,cycle2/a1_target34/results/per_input_status.jsonl,177
cycle2,a1_target34,M5,a1_target_reanswer,d00011,False,True,complete,1,scored,True,True,False,False,,0,current_run,cycle2/a1_target34/results/per_input_status.jsonl,178
cycle2,a1_target34,M5,a1_target_reanswer,d00013,True,True,complete,1,scored,True,True,False,False,,0,current_run,cycle2/a1_target34/results/per_input_status.jsonl,179
cycle2,a1_target34,M5,a1_target_reanswer,d00014,True,True,complete,1,scored,True,True,False,False,,0,current_run,cycle2/a1_target34/results/per_input_status.jsonl,180
cycle2,a1_target34,M5,a1_target_reanswer,d00023,True,True,complete,1,scored,True,True,False,False,,0,current_run,cycle2/a1_target34/results/per_input_status.jsonl,181
cycle2,a1_target34,M5,a1_target_reanswer,d00032,True,True,complete,1,scored,True,True,False,False,,0,current_run,cycle2/a1_target34/results/per_input_status.jsonl,182
cycle2,a1_target34,M5,a1_target_reanswer,d00038,True,True,complete,1,scored,True,True,False,False,,0,current_run,cycle2/a1_target34/results/per_input_status.jsonl,183
cycle2,a1_target34,M5,a1_target_reanswer,d00040,True,True,complete,1,scored,True,True,False,False,,0,current_run,cycle2/a1_target34/results/per_input_status.jsonl,184
cycle2,a1_target34,M5,a1_target_reanswer,d00043,False,True,complete,1,scored,True,True,True,False,,0,current_run,cycle2/a1_target34/results/per_input_status.jsonl,185
cycle2,a1_target34,M5,a1_target_reanswer,d00051,False,True,complete,1,scored,True,True,False,False,,0,current_run,cycle2/a1_target34/results/per_input_status.jsonl,186
cycle2,a1_target34,M5,a1_target_reanswer,d00052,True,True,complete,1,scored,True,True,False,False,,0,current_run,cycle2/a1_target34/results/per_input_status.jsonl,187
cycle2,a1_target34,M5,a1_target_reanswer,d00063,True,True,complete,1,scored,True,True,False,False,,0,current_run,cycle2/a1_target34/results/per_input_status.jsonl,188
cycle2,a1_target34,M5,a1_target_reanswer,d00064,False,True,complete,1,scored,True,True,True,False,,0,current_run,cycle2/a1_target34/results/per_input_status.jsonl,189
cycle2,a1_target34,M5,a1_target_reanswer,d00070,False,True,complete,1,scored,True,True,True,False,,0,current_run,cycle2/a1_target34/results/per_input_status.jsonl,190
cycle2,a1_target34,M5,a1_target_reanswer,d00071,False,True,complete,1,scored,True,True,False,False,,0,current_run,cycle2/a1_target34/results/per_input_status.jsonl,191
cycle2,a1_target34,M5,a1_target_reanswer,d00073,True,True,complete,1,scored,True,True,False,False,,0,current_run,cycle2/a1_target34/results/per_input_status.jsonl,192
cycle2,a1_target34,M5,a1_target_reanswer,d00080,True,True,complete,1,scored,True,True,False,False,,0,current_run,cycle2/a1_target34/results/per_input_status.jsonl,193
cycle2,a1_target34,M5,a1_target_reanswer,d00083,True,True,complete,1,scored,True,True,False,False,,0,current_run,cycle2/a1_target34/results/per_input_status.jsonl,194
cycle2,a1_target34,M5,a1_target_reanswer,d00091,True,True,complete,1,scored,True,True,False,False,,0,current_run,cycle2/a1_target34/results/per_input_status.jsonl,195
cycle2,a1_target34,M5,a1_target_reanswer,d00095,True,True,complete,1,scored,True,True,False,False,,0,current_run,cycle2/a1_target34/results/per_input_status.jsonl,196
cycle2,a1_target34,M5,a1_target_reanswer,d00099,True,True,complete,1,scored,True,True,False,False,,0,current_run,cycle2/a1_target34/results/per_input_status.jsonl,197
cycle2,a1_target34,M5,a1_target_reanswer,d00101,False,True,complete,1,scored,True,True,False,False,,0,current_run,cycle2/a1_target34/results/per_input_status.jsonl,198
cycle2,a1_target34,M5,a1_target_reanswer,d00103,True,True,complete,1,scored,True,True,False,False,,0,current_run,cycle2/a1_target34/results/per_input_status.jsonl,199
cycle2,a1_target34,M5,a1_target_reanswer,d00104,True,True,complete,1,scored,True,True,False,False,,0,current_run,cycle2/a1_target34/results/per_input_status.jsonl,200
cycle2,a1_target34,M5,a1_target_reanswer,d00108,True,True,complete,1,scored,True,True,False,False,,0,current_run,cycle2/a1_target34/results/per_input_status.jsonl,201
cycle2,a1_target34,M5,a1_target_reanswer,d00112,True,True,complete,4,scored,True,True,False,False,,0,current_run,cycle2/a1_target34/results/per_input_status.jsonl,202
cycle2,a1_target34,M5,a1_target_reanswer,d00117,True,True,complete,1,scored,True,True,False,False,,0,current_run,cycle2/a1_target34/results/per_input_status.jsonl,203
cycle2,a1_target34,M5,a1_target_reanswer,d00118,False,True,complete,1,scored,True,True,True,False,,0,current_run,cycle2/a1_target34/results/per_input_status.jsonl,204
cycle2,a1_direct_verdict_posthoc,M4,a1_direct_verdict_readout_v1,d00000,True,True,complete,1,scored,,,,,,,,cycle2/a1_target34/direct_verdict_readout/results/per_input_status.jsonl,1
cycle2,a1_direct_verdict_posthoc,M4,a1_direct_verdict_readout_v1,d00003,True,True,complete,1,scored,,,,,,,,cycle2/a1_target34/direct_verdict_readout/results/per_input_status.jsonl,2
cycle2,a1_direct_verdict_posthoc,M4,a1_direct_verdict_readout_v1,d00004,False,True,complete,1,scored,,,,,,,,cycle2/a1_target34/direct_verdict_readout/results/per_input_status.jsonl,3
cycle2,a1_direct_verdict_posthoc,M4,a1_direct_verdict_readout_v1,d00005,,False,unavailable,1,not_scored,,,,,target_status_unresolved,,,cycle2/a1_target34/direct_verdict_readout/results/per_input_status.jsonl,4
cycle2,a1_direct_verdict_posthoc,M4,a1_direct_verdict_readout_v1,d00006,True,True,complete,1,scored,,,,,,,,cycle2/a1_target34/direct_verdict_readout/results/per_input_status.jsonl,5
cycle2,a1_direct_verdict_posthoc,M4,a1_direct_verdict_readout_v1,d00008,False,True,complete,1,scored,,,,,,,,cycle2/a1_target34/direct_verdict_readout/results/per_input_status.jsonl,6
cycle2,a1_direct_verdict_posthoc,M4,a1_direct_verdict_readout_v1,d00009,True,True,complete,1,scored,,,,,,,,cycle2/a1_target34/direct_verdict_readout/results/per_input_status.jsonl,7
cycle2,a1_direct_verdict_posthoc,M4,a1_direct_verdict_readout_v1,d00011,False,True,complete,1,scored,,,,,,,,cycle2/a1_target34/direct_verdict_readout/results/per_input_status.jsonl,8
cycle2,a1_direct_verdict_posthoc,M4,a1_direct_verdict_readout_v1,d00013,,False,unavailable,1,not_scored,,,,,diagnostic_unparsed,,,cycle2/a1_target34/direct_verdict_readout/results/per_input_status.jsonl,9
cycle2,a1_direct_verdict_posthoc,M4,a1_direct_verdict_readout_v1,d00014,,False,unavailable,1,not_scored,,,,,target_status_unresolved,,,cycle2/a1_target34/direct_verdict_readout/results/per_input_status.jsonl,10
cycle2,a1_direct_verdict_posthoc,M4,a1_direct_verdict_readout_v1,d00023,,False,unavailable,1,not_scored,,,,,target_status_unresolved,,,cycle2/a1_target34/direct_verdict_readout/results/per_input_status.jsonl,11
cycle2,a1_direct_verdict_posthoc,M4,a1_direct_verdict_readout_v1,d00032,,False,unavailable,1,not_scored,,,,,target_status_unresolved,,,cycle2/a1_target34/direct_verdict_readout/results/per_input_status.jsonl,12
cycle2,a1_direct_verdict_posthoc,M4,a1_direct_verdict_readout_v1,d00038,True,True,complete,1,scored,,,,,,,,cycle2/a1_target34/direct_verdict_readout/results/per_input_status.jsonl,13
cycle2,a1_direct_verdict_posthoc,M4,a1_direct_verdict_readout_v1,d00040,False,True,complete,1,scored,,,,,,,,cycle2/a1_target34/direct_verdict_readout/results/per_input_status.jsonl,14
cycle2,a1_direct_verdict_posthoc,M4,a1_direct_verdict_readout_v1,d00043,True,True,complete,1,scored,,,,,,,,cycle2/a1_target34/direct_verdict_readout/results/per_input_status.jsonl,15
cycle2,a1_direct_verdict_posthoc,M4,a1_direct_verdict_readout_v1,d00051,False,True,complete,1,scored,,,,,,,,cycle2/a1_target34/direct_verdict_readout/results/per_input_status.jsonl,16
cycle2,a1_direct_verdict_posthoc,M4,a1_direct_verdict_readout_v1,d00052,True,True,complete,1,scored,,,,,,,,cycle2/a1_target34/direct_verdict_readout/results/per_input_status.jsonl,17
cycle2,a1_direct_verdict_posthoc,M4,a1_direct_verdict_readout_v1,d00063,,False,unavailable,1,not_scored,,,,,diagnostic_unparsed,,,cycle2/a1_target34/direct_verdict_readout/results/per_input_status.jsonl,18
cycle2,a1_direct_verdict_posthoc,M4,a1_direct_verdict_readout_v1,d00064,True,True,complete,1,scored,,,,,,,,cycle2/a1_target34/direct_verdict_readout/results/per_input_status.jsonl,19
cycle2,a1_direct_verdict_posthoc,M4,a1_direct_verdict_readout_v1,d00070,False,True,complete,1,scored,,,,,,,,cycle2/a1_target34/direct_verdict_readout/results/per_input_status.jsonl,20
cycle2,a1_direct_verdict_posthoc,M4,a1_direct_verdict_readout_v1,d00071,False,True,complete,1,scored,,,,,,,,cycle2/a1_target34/direct_verdict_readout/results/per_input_status.jsonl,21
cycle2,a1_direct_verdict_posthoc,M4,a1_direct_verdict_readout_v1,d00073,True,True,complete,1,scored,,,,,,,,cycle2/a1_target34/direct_verdict_readout/results/per_input_status.jsonl,22
cycle2,a1_direct_verdict_posthoc,M4,a1_direct_verdict_readout_v1,d00080,True,True,complete,1,scored,,,,,,,,cycle2/a1_target34/direct_verdict_readout/results/per_input_status.jsonl,23
cycle2,a1_direct_verdict_posthoc,M4,a1_direct_verdict_readout_v1,d00083,True,True,complete,1,scored,,,,,,,,cycle2/a1_target34/direct_verdict_readout/results/per_input_status.jsonl,24
cycle2,a1_direct_verdict_posthoc,M4,a1_direct_verdict_readout_v1,d00091,True,True,complete,1,scored,,,,,,,,cycle2/a1_target34/direct_verdict_readout/results/per_input_status.jsonl,25
cycle2,a1_direct_verdict_posthoc,M4,a1_direct_verdict_readout_v1,d00095,,False,unavailable,1,not_scored,,,,,diagnostic_unparsed,,,cycle2/a1_target34/direct_verdict_readout/results/per_input_status.jsonl,26
cycle2,a1_direct_verdict_posthoc,M4,a1_direct_verdict_readout_v1,d00099,True,True,complete,1,scored,,,,,,,,cycle2/a1_target34/direct_verdict_readout/results/per_input_status.jsonl,27
cycle2,a1_direct_verdict_posthoc,M4,a1_direct_verdict_readout_v1,d00101,,False,unavailable,1,not_scored,,,,,target_status_unresolved,,,cycle2/a1_target34/direct_verdict_readout/results/per_input_status.jsonl,28
cycle2,a1_direct_verdict_posthoc,M4,a1_direct_verdict_readout_v1,d00103,True,True,complete,1,scored,,,,,,,,cycle2/a1_target34/direct_verdict_readout/results/per_input_status.jsonl,29
cycle2,a1_direct_verdict_posthoc,M4,a1_direct_verdict_readout_v1,d00104,,False,unavailable,1,not_scored,,,,,diagnostic_unparsed,,,cycle2/a1_target34/direct_verdict_readout/results/per_input_status.jsonl,30
cycle2,a1_direct_verdict_posthoc,M4,a1_direct_verdict_readout_v1,d00108,False,True,complete,1,scored,,,,,,,,cycle2/a1_target34/direct_verdict_readout/results/per_input_status.jsonl,31
cycle2,a1_direct_verdict_posthoc,M4,a1_direct_verdict_readout_v1,d00112,,False,unavailable,4,not_scored,,,,,target_status_unresolved,,,cycle2/a1_target34/direct_verdict_readout/results/per_input_status.jsonl,32
cycle2,a1_direct_verdict_posthoc,M4,a1_direct_verdict_readout_v1,d00117,,False,unavailable,1,not_scored,,,,,target_status_unresolved,,,cycle2/a1_target34/direct_verdict_readout/results/per_input_status.jsonl,33
cycle2,a1_direct_verdict_posthoc,M4,a1_direct_verdict_readout_v1,d00118,True,True,complete,1,scored,,,,,,,,cycle2/a1_target34/direct_verdict_readout/results/per_input_status.jsonl,34
cycle2,a1_direct_verdict_posthoc,M5,a1_direct_verdict_readout_v1,d00000,True,True,complete,1,scored,,,,,,,,cycle2/a1_target34/direct_verdict_readout/results/per_input_status.jsonl,35
cycle2,a1_direct_verdict_posthoc,M5,a1_direct_verdict_readout_v1,d00003,,False,unavailable,1,not_scored,,,,,nonselect_ambiguous_alternative,,,cycle2/a1_target34/direct_verdict_readout/results/per_input_status.jsonl,36
cycle2,a1_direct_verdict_posthoc,M5,a1_direct_verdict_readout_v1,d00004,False,True,complete,1,scored,,,,,,,,cycle2/a1_target34/direct_verdict_readout/results/per_input_status.jsonl,37
cycle2,a1_direct_verdict_posthoc,M5,a1_direct_verdict_readout_v1,d00005,True,True,complete,1,scored,,,,,,,,cycle2/a1_target34/direct_verdict_readout/results/per_input_status.jsonl,38
cycle2,a1_direct_verdict_posthoc,M5,a1_direct_verdict_readout_v1,d00006,True,True,complete,1,scored,,,,,,,,cycle2/a1_target34/direct_verdict_readout/results/per_input_status.jsonl,39
cycle2,a1_direct_verdict_posthoc,M5,a1_direct_verdict_readout_v1,d00008,,False,unavailable,1,not_scored,,,,,nonselect_ambiguous_alternative,,,cycle2/a1_target34/direct_verdict_readout/results/per_input_status.jsonl,40
cycle2,a1_direct_verdict_posthoc,M5,a1_direct_verdict_readout_v1,d00009,,False,unavailable,1,not_scored,,,,,nonselect_ambiguous_alternative,,,cycle2/a1_target34/direct_verdict_readout/results/per_input_status.jsonl,41
cycle2,a1_direct_verdict_posthoc,M5,a1_direct_verdict_readout_v1,d00011,False,True,complete,1,scored,,,,,,,,cycle2/a1_target34/direct_verdict_readout/results/per_input_status.jsonl,42
cycle2,a1_direct_verdict_posthoc,M5,a1_direct_verdict_readout_v1,d00013,,False,unavailable,1,not_scored,,,,,nonselect_ambiguous_alternative,,,cycle2/a1_target34/direct_verdict_readout/results/per_input_status.jsonl,43
cycle2,a1_direct_verdict_posthoc,M5,a1_direct_verdict_readout_v1,d00014,True,True,complete,1,scored,,,,,,,,cycle2/a1_target34/direct_verdict_readout/results/per_input_status.jsonl,44
cycle2,a1_direct_verdict_posthoc,M5,a1_direct_verdict_readout_v1,d00023,True,True,complete,1,scored,,,,,,,,cycle2/a1_target34/direct_verdict_readout/results/per_input_status.jsonl,45
cycle2,a1_direct_verdict_posthoc,M5,a1_direct_verdict_readout_v1,d00032,,False,unavailable,1,not_scored,,,,,nonselect_ambiguous_alternative,,,cycle2/a1_target34/direct_verdict_readout/results/per_input_status.jsonl,46
cycle2,a1_direct_verdict_posthoc,M5,a1_direct_verdict_readout_v1,d00038,,False,unavailable,1,not_scored,,,,,nonselect_ambiguous_alternative,,,cycle2/a1_target34/direct_verdict_readout/results/per_input_status.jsonl,47
cycle2,a1_direct_verdict_posthoc,M5,a1_direct_verdict_readout_v1,d00040,True,True,complete,1,scored,,,,,,,,cycle2/a1_target34/direct_verdict_readout/results/per_input_status.jsonl,48
cycle2,a1_direct_verdict_posthoc,M5,a1_direct_verdict_readout_v1,d00043,True,True,complete,1,scored,,,,,,,,cycle2/a1_target34/direct_verdict_readout/results/per_input_status.jsonl,49
cycle2,a1_direct_verdict_posthoc,M5,a1_direct_verdict_readout_v1,d00051,False,True,complete,1,scored,,,,,,,,cycle2/a1_target34/direct_verdict_readout/results/per_input_status.jsonl,50
cycle2,a1_direct_verdict_posthoc,M5,a1_direct_verdict_readout_v1,d00052,True,True,complete,1,scored,,,,,,,,cycle2/a1_target34/direct_verdict_readout/results/per_input_status.jsonl,51
cycle2,a1_direct_verdict_posthoc,M5,a1_direct_verdict_readout_v1,d00063,True,True,complete,1,scored,,,,,,,,cycle2/a1_target34/direct_verdict_readout/results/per_input_status.jsonl,52
cycle2,a1_direct_verdict_posthoc,M5,a1_direct_verdict_readout_v1,d00064,True,True,complete,1,scored,,,,,,,,cycle2/a1_target34/direct_verdict_readout/results/per_input_status.jsonl,53
cycle2,a1_direct_verdict_posthoc,M5,a1_direct_verdict_readout_v1,d00070,,False,unavailable,1,not_scored,,,,,nonselect_ambiguous_alternative,,,cycle2/a1_target34/direct_verdict_readout/results/per_input_status.jsonl,54
cycle2,a1_direct_verdict_posthoc,M5,a1_direct_verdict_readout_v1,d00071,False,True,complete,1,scored,,,,,,,,cycle2/a1_target34/direct_verdict_readout/results/per_input_status.jsonl,55
cycle2,a1_direct_verdict_posthoc,M5,a1_direct_verdict_readout_v1,d00073,,False,unavailable,1,not_scored,,,,,nonselect_ambiguous_alternative,,,cycle2/a1_target34/direct_verdict_readout/results/per_input_status.jsonl,56
cycle2,a1_direct_verdict_posthoc,M5,a1_direct_verdict_readout_v1,d00080,,False,unavailable,1,not_scored,,,,,diagnostic_unparsed,,,cycle2/a1_target34/direct_verdict_readout/results/per_input_status.jsonl,57
cycle2,a1_direct_verdict_posthoc,M5,a1_direct_verdict_readout_v1,d00083,True,True,complete,1,scored,,,,,,,,cycle2/a1_target34/direct_verdict_readout/results/per_input_status.jsonl,58
cycle2,a1_direct_verdict_posthoc,M5,a1_direct_verdict_readout_v1,d00091,True,True,complete,1,scored,,,,,,,,cycle2/a1_target34/direct_verdict_readout/results/per_input_status.jsonl,59
cycle2,a1_direct_verdict_posthoc,M5,a1_direct_verdict_readout_v1,d00095,False,True,complete,1,scored,,,,,,,,cycle2/a1_target34/direct_verdict_readout/results/per_input_status.jsonl,60
cycle2,a1_direct_verdict_posthoc,M5,a1_direct_verdict_readout_v1,d00099,True,True,complete,1,scored,,,,,,,,cycle2/a1_target34/direct_verdict_readout/results/per_input_status.jsonl,61
cycle2,a1_direct_verdict_posthoc,M5,a1_direct_verdict_readout_v1,d00101,,False,unavailable,1,not_scored,,,,,nonselect_ambiguous_alternative,,,cycle2/a1_target34/direct_verdict_readout/results/per_input_status.jsonl,62
cycle2,a1_direct_verdict_posthoc,M5,a1_direct_verdict_readout_v1,d00103,False,True,complete,1,scored,,,,,,,,cycle2/a1_target34/direct_verdict_readout/results/per_input_status.jsonl,63
cycle2,a1_direct_verdict_posthoc,M5,a1_direct_verdict_readout_v1,d00104,True,True,complete,1,scored,,,,,,,,cycle2/a1_target34/direct_verdict_readout/results/per_input_status.jsonl,64
cycle2,a1_direct_verdict_posthoc,M5,a1_direct_verdict_readout_v1,d00108,True,True,complete,1,scored,,,,,,,,cycle2/a1_target34/direct_verdict_readout/results/per_input_status.jsonl,65
cycle2,a1_direct_verdict_posthoc,M5,a1_direct_verdict_readout_v1,d00112,True,True,complete,4,scored,,,,,,,,cycle2/a1_target34/direct_verdict_readout/results/per_input_status.jsonl,66
cycle2,a1_direct_verdict_posthoc,M5,a1_direct_verdict_readout_v1,d00117,True,True,complete,1,scored,,,,,,,,cycle2/a1_target34/direct_verdict_readout/results/per_input_status.jsonl,67
cycle2,a1_direct_verdict_posthoc,M5,a1_direct_verdict_readout_v1,d00118,True,True,complete,1,scored,,,,,,,,cycle2/a1_target34/direct_verdict_readout/results/per_input_status.jsonl,68
cycle2,a3_original8,M4,baseline,d00008,False,True,cached_baseline,1,scored,False,False,False,False,,0,saved_cache,cycle2/a3_original8/results/per_input_status.jsonl,1
cycle2,a3_original8,M4,baseline,d00011,False,True,cached_baseline,1,scored,False,False,False,False,,0,saved_cache,cycle2/a3_original8/results/per_input_status.jsonl,2
cycle2,a3_original8,M4,baseline,d00021,True,True,cached_baseline,1,scored,False,False,False,False,,0,saved_cache,cycle2/a3_original8/results/per_input_status.jsonl,3
cycle2,a3_original8,M4,baseline,d00035,False,True,cached_baseline,1,scored,False,False,False,False,,0,saved_cache,cycle2/a3_original8/results/per_input_status.jsonl,4
cycle2,a3_original8,M4,baseline,d00051,False,True,cached_baseline,1,scored,False,False,False,False,,0,saved_cache,cycle2/a3_original8/results/per_input_status.jsonl,5
cycle2,a3_original8,M4,baseline,d00068,True,True,cached_baseline,1,scored,False,False,False,False,,0,saved_cache,cycle2/a3_original8/results/per_input_status.jsonl,6
cycle2,a3_original8,M4,baseline,d00070,False,True,cached_baseline,1,scored,False,False,False,False,,0,saved_cache,cycle2/a3_original8/results/per_input_status.jsonl,7
cycle2,a3_original8,M4,baseline,d00077,True,True,cached_baseline,1,scored,False,False,False,False,,0,saved_cache,cycle2/a3_original8/results/per_input_status.jsonl,8
cycle2,a3_original8,M4,a3_original_compare,d00008,False,True,complete,1,scored,True,False,False,False,,0,current_run,cycle2/a3_original8/results/per_input_status.jsonl,9
cycle2,a3_original8,M4,a3_original_compare,d00011,False,True,complete,1,scored,True,False,False,False,,0,current_run,cycle2/a3_original8/results/per_input_status.jsonl,10
cycle2,a3_original8,M4,a3_original_compare,d00021,False,True,complete,1,scored,True,False,True,False,,0,current_run,cycle2/a3_original8/results/per_input_status.jsonl,11
cycle2,a3_original8,M4,a3_original_compare,d00035,False,True,complete,1,scored,True,False,True,False,,0,current_run,cycle2/a3_original8/results/per_input_status.jsonl,12
cycle2,a3_original8,M4,a3_original_compare,d00051,False,True,complete,1,scored,True,False,False,False,,0,current_run,cycle2/a3_original8/results/per_input_status.jsonl,13
cycle2,a3_original8,M4,a3_original_compare,d00068,True,True,complete,1,scored,True,False,False,False,,0,current_run,cycle2/a3_original8/results/per_input_status.jsonl,14
cycle2,a3_original8,M4,a3_original_compare,d00070,False,True,complete,1,scored,True,False,False,False,,0,current_run,cycle2/a3_original8/results/per_input_status.jsonl,15
cycle2,a3_original8,M4,a3_original_compare,d00077,True,True,complete,1,scored,True,False,False,False,,0,current_run,cycle2/a3_original8/results/per_input_status.jsonl,16
cycle2,a3_original8,M4,a3_original_reanswer,d00008,False,True,complete,1,scored,True,False,False,False,,0,current_run,cycle2/a3_original8/results/per_input_status.jsonl,17
cycle2,a3_original8,M4,a3_original_reanswer,d00011,False,True,complete,1,scored,True,False,False,False,,0,current_run,cycle2/a3_original8/results/per_input_status.jsonl,18
cycle2,a3_original8,M4,a3_original_reanswer,d00021,True,True,complete,1,scored,True,False,False,False,,0,current_run,cycle2/a3_original8/results/per_input_status.jsonl,19
cycle2,a3_original8,M4,a3_original_reanswer,d00035,False,True,complete,1,scored,True,False,False,False,,0,current_run,cycle2/a3_original8/results/per_input_status.jsonl,20
cycle2,a3_original8,M4,a3_original_reanswer,d00051,False,True,complete,1,scored,True,False,False,False,,0,current_run,cycle2/a3_original8/results/per_input_status.jsonl,21
cycle2,a3_original8,M4,a3_original_reanswer,d00068,True,True,complete,1,scored,True,False,False,False,,0,current_run,cycle2/a3_original8/results/per_input_status.jsonl,22
cycle2,a3_original8,M4,a3_original_reanswer,d00070,False,True,complete,1,scored,True,False,False,False,,0,current_run,cycle2/a3_original8/results/per_input_status.jsonl,23
cycle2,a3_original8,M4,a3_original_reanswer,d00077,True,True,complete,1,scored,True,False,False,False,,0,current_run,cycle2/a3_original8/results/per_input_status.jsonl,24
cycle2,a3_original8,M5,baseline,d00008,True,True,cached_baseline,1,scored,False,False,False,False,,0,saved_cache,cycle2/a3_original8/results/per_input_status.jsonl,25
cycle2,a3_original8,M5,baseline,d00011,False,True,cached_baseline,1,scored,False,False,False,False,,0,saved_cache,cycle2/a3_original8/results/per_input_status.jsonl,26
cycle2,a3_original8,M5,baseline,d00021,True,True,cached_baseline,1,scored,False,False,False,False,,0,saved_cache,cycle2/a3_original8/results/per_input_status.jsonl,27
cycle2,a3_original8,M5,baseline,d00035,False,True,cached_baseline,1,scored,False,False,False,False,,0,saved_cache,cycle2/a3_original8/results/per_input_status.jsonl,28
cycle2,a3_original8,M5,baseline,d00051,False,True,cached_baseline,1,scored,False,False,False,False,,0,saved_cache,cycle2/a3_original8/results/per_input_status.jsonl,29
cycle2,a3_original8,M5,baseline,d00068,True,True,cached_baseline,1,scored,False,False,False,False,,0,saved_cache,cycle2/a3_original8/results/per_input_status.jsonl,30
cycle2,a3_original8,M5,baseline,d00070,False,True,cached_baseline,1,scored,False,False,False,False,,0,saved_cache,cycle2/a3_original8/results/per_input_status.jsonl,31
cycle2,a3_original8,M5,baseline,d00077,True,True,cached_baseline,1,scored,False,False,False,False,,0,saved_cache,cycle2/a3_original8/results/per_input_status.jsonl,32
cycle2,a3_original8,M5,a3_original_compare,d00008,False,True,complete,1,scored,True,False,True,False,,0,current_run,cycle2/a3_original8/results/per_input_status.jsonl,33
cycle2,a3_original8,M5,a3_original_compare,d00011,False,True,complete,1,scored,True,False,False,False,,0,current_run,cycle2/a3_original8/results/per_input_status.jsonl,34
cycle2,a3_original8,M5,a3_original_compare,d00021,True,True,complete,1,scored,True,False,False,False,,0,current_run,cycle2/a3_original8/results/per_input_status.jsonl,35
cycle2,a3_original8,M5,a3_original_compare,d00035,False,True,complete,1,scored,True,False,False,False,,0,current_run,cycle2/a3_original8/results/per_input_status.jsonl,36
cycle2,a3_original8,M5,a3_original_compare,d00051,False,True,complete,1,scored,True,False,False,False,,0,current_run,cycle2/a3_original8/results/per_input_status.jsonl,37
cycle2,a3_original8,M5,a3_original_compare,d00068,True,True,complete,1,scored,True,False,False,False,,0,current_run,cycle2/a3_original8/results/per_input_status.jsonl,38
cycle2,a3_original8,M5,a3_original_compare,d00070,False,True,complete,1,scored,True,False,False,False,,0,current_run,cycle2/a3_original8/results/per_input_status.jsonl,39
cycle2,a3_original8,M5,a3_original_compare,d00077,True,True,complete,1,scored,True,False,False,False,,0,current_run,cycle2/a3_original8/results/per_input_status.jsonl,40
cycle2,a3_original8,M5,a3_original_reanswer,d00008,True,True,complete,1,scored,True,False,False,False,,0,current_run,cycle2/a3_original8/results/per_input_status.jsonl,41
cycle2,a3_original8,M5,a3_original_reanswer,d00011,False,True,complete,1,scored,True,False,False,False,,0,current_run,cycle2/a3_original8/results/per_input_status.jsonl,42
cycle2,a3_original8,M5,a3_original_reanswer,d00021,True,True,complete,1,scored,True,False,False,False,,0,current_run,cycle2/a3_original8/results/per_input_status.jsonl,43
cycle2,a3_original8,M5,a3_original_reanswer,d00035,False,True,complete,1,scored,True,False,False,False,,0,current_run,cycle2/a3_original8/results/per_input_status.jsonl,44
cycle2,a3_original8,M5,a3_original_reanswer,d00051,False,True,complete,1,scored,True,False,False,False,,0,current_run,cycle2/a3_original8/results/per_input_status.jsonl,45
cycle2,a3_original8,M5,a3_original_reanswer,d00068,True,True,complete,1,scored,True,False,False,False,,0,current_run,cycle2/a3_original8/results/per_input_status.jsonl,46
cycle2,a3_original8,M5,a3_original_reanswer,d00070,False,True,complete,1,scored,True,False,False,False,,0,current_run,cycle2/a3_original8/results/per_input_status.jsonl,47
cycle2,a3_original8,M5,a3_original_reanswer,d00077,True,True,complete,1,scored,True,False,False,False,,0,current_run,cycle2/a3_original8/results/per_input_status.jsonl,48
cycle3,answer34,M4,baseline,d00010,False,True,cached_baseline,1,scored,False,False,False,False,,0,saved_cache,cycle3/answer34/results/per_input_status.jsonl,1
cycle3,answer34,M4,baseline,d00015,False,True,cached_baseline,1,scored,False,False,False,False,,0,saved_cache,cycle3/answer34/results/per_input_status.jsonl,2
cycle3,answer34,M4,baseline,d00018,True,True,cached_baseline,1,scored,False,False,False,False,,0,saved_cache,cycle3/answer34/results/per_input_status.jsonl,3
cycle3,answer34,M4,baseline,d00019,True,True,cached_baseline,1,scored,False,False,False,False,,0,saved_cache,cycle3/answer34/results/per_input_status.jsonl,4
cycle3,answer34,M4,baseline,d00021,True,True,cached_baseline,1,scored,False,False,False,False,,0,saved_cache,cycle3/answer34/results/per_input_status.jsonl,5
cycle3,answer34,M4,baseline,d00026,True,True,cached_baseline,1,scored,False,False,False,False,,0,saved_cache,cycle3/answer34/results/per_input_status.jsonl,6
cycle3,answer34,M4,baseline,d00035,False,True,cached_baseline,1,scored,False,False,False,False,,0,saved_cache,cycle3/answer34/results/per_input_status.jsonl,7
cycle3,answer34,M4,baseline,d00036,False,True,cached_baseline,1,scored,False,False,False,False,,0,saved_cache,cycle3/answer34/results/per_input_status.jsonl,8
cycle3,answer34,M4,baseline,d00042,True,True,cached_baseline,1,scored,False,False,False,False,,0,saved_cache,cycle3/answer34/results/per_input_status.jsonl,9
cycle3,answer34,M4,baseline,d00046,True,True,cached_baseline,1,scored,False,False,False,False,,0,saved_cache,cycle3/answer34/results/per_input_status.jsonl,10
cycle3,answer34,M4,baseline,d00047,True,True,cached_baseline,1,scored,False,False,False,False,,0,saved_cache,cycle3/answer34/results/per_input_status.jsonl,11
cycle3,answer34,M4,baseline,d00050,False,True,cached_baseline,1,scored,False,False,False,False,,0,saved_cache,cycle3/answer34/results/per_input_status.jsonl,12
cycle3,answer34,M4,baseline,d00054,False,True,cached_baseline,1,scored,False,False,False,False,,0,saved_cache,cycle3/answer34/results/per_input_status.jsonl,13
cycle3,answer34,M4,baseline,d00055,True,True,cached_baseline,3,scored,False,False,False,False,,0,saved_cache,cycle3/answer34/results/per_input_status.jsonl,14
cycle3,answer34,M4,baseline,d00057,True,True,cached_baseline,1,scored,False,False,False,False,,0,saved_cache,cycle3/answer34/results/per_input_status.jsonl,15
cycle3,answer34,M4,baseline,d00058,False,True,cached_baseline,3,scored,False,False,False,False,,0,saved_cache,cycle3/answer34/results/per_input_status.jsonl,16
cycle3,answer34,M4,baseline,d00059,False,True,cached_baseline,1,scored,False,False,False,False,,0,saved_cache,cycle3/answer34/results/per_input_status.jsonl,17
cycle3,answer34,M4,baseline,d00062,True,True,cached_baseline,1,scored,False,False,False,False,,0,saved_cache,cycle3/answer34/results/per_input_status.jsonl,18
cycle3,answer34,M4,baseline,d00068,True,True,cached_baseline,1,scored,False,False,False,False,,0,saved_cache,cycle3/answer34/results/per_input_status.jsonl,19
cycle3,answer34,M4,baseline,d00072,False,True,cached_baseline,1,scored,False,False,False,False,,0,saved_cache,cycle3/answer34/results/per_input_status.jsonl,20
cycle3,answer34,M4,baseline,d00077,True,True,cached_baseline,1,scored,False,False,False,False,,0,saved_cache,cycle3/answer34/results/per_input_status.jsonl,21
cycle3,answer34,M4,baseline,d00078,True,True,cached_baseline,1,scored,False,False,False,False,,0,saved_cache,cycle3/answer34/results/per_input_status.jsonl,22
cycle3,answer34,M4,baseline,d00081,True,True,cached_baseline,1,scored,False,False,False,False,,0,saved_cache,cycle3/answer34/results/per_input_status.jsonl,23
cycle3,answer34,M4,baseline,d00084,False,True,cached_baseline,4,scored,False,False,False,False,,0,saved_cache,cycle3/answer34/results/per_input_status.jsonl,24
cycle3,answer34,M4,baseline,d00088,True,True,cached_baseline,1,scored,False,False,False,False,,0,saved_cache,cycle3/answer34/results/per_input_status.jsonl,25
cycle3,answer34,M4,baseline,d00089,False,True,cached_baseline,1,scored,False,False,False,False,,0,saved_cache,cycle3/answer34/results/per_input_status.jsonl,26
cycle3,answer34,M4,baseline,d00090,True,True,cached_baseline,1,scored,False,False,False,False,,0,saved_cache,cycle3/answer34/results/per_input_status.jsonl,27
cycle3,answer34,M4,baseline,d00094,True,True,cached_baseline,1,scored,False,False,False,False,,0,saved_cache,cycle3/answer34/results/per_input_status.jsonl,28
cycle3,answer34,M4,baseline,d00096,True,True,cached_baseline,1,scored,False,False,False,False,,0,saved_cache,cycle3/answer34/results/per_input_status.jsonl,29
cycle3,answer34,M4,baseline,d00100,True,True,cached_baseline,1,scored,False,False,False,False,,0,saved_cache,cycle3/answer34/results/per_input_status.jsonl,30
cycle3,answer34,M4,baseline,d00106,True,True,cached_baseline,1,scored,False,False,False,False,,0,saved_cache,cycle3/answer34/results/per_input_status.jsonl,31
cycle3,answer34,M4,baseline,d00113,True,True,cached_baseline,1,scored,False,False,False,False,,0,saved_cache,cycle3/answer34/results/per_input_status.jsonl,32
cycle3,answer34,M4,baseline,d00115,True,True,cached_baseline,1,scored,False,False,False,False,,0,saved_cache,cycle3/answer34/results/per_input_status.jsonl,33
cycle3,answer34,M4,baseline,d00120,True,True,cached_baseline,1,scored,False,False,False,False,,0,saved_cache,cycle3/answer34/results/per_input_status.jsonl,34
cycle3,answer34,M4,a1_search_evidence,d00010,False,True,complete,1,scored,False,False,False,False,,1,current_run,cycle3/answer34/results/per_input_status.jsonl,35
cycle3,answer34,M4,a1_search_evidence,d00015,False,True,complete,1,scored,False,False,False,False,,1,current_run,cycle3/answer34/results/per_input_status.jsonl,36
cycle3,answer34,M4,a1_search_evidence,d00018,False,True,complete,1,scored,False,False,True,False,,2,current_run,cycle3/answer34/results/per_input_status.jsonl,37
cycle3,answer34,M4,a1_search_evidence,d00019,True,True,complete,1,scored,False,False,False,False,,1,current_run,cycle3/answer34/results/per_input_status.jsonl,38
cycle3,answer34,M4,a1_search_evidence,d00021,True,True,complete,1,scored,False,False,False,False,,1,current_run,cycle3/answer34/results/per_input_status.jsonl,39
cycle3,answer34,M4,a1_search_evidence,d00026,True,True,complete,1,scored,False,False,False,False,,1,current_run,cycle3/answer34/results/per_input_status.jsonl,40
cycle3,answer34,M4,a1_search_evidence,d00035,False,True,complete,1,scored,False,False,True,False,,1,current_run,cycle3/answer34/results/per_input_status.jsonl,41
cycle3,answer34,M4,a1_search_evidence,d00036,False,True,complete,1,scored,False,False,False,False,,1,current_run,cycle3/answer34/results/per_input_status.jsonl,42
cycle3,answer34,M4,a1_search_evidence,d00042,True,True,complete,1,scored,False,False,False,False,,1,current_run,cycle3/answer34/results/per_input_status.jsonl,43
cycle3,answer34,M4,a1_search_evidence,d00046,True,True,complete,1,scored,False,False,False,False,,1,current_run,cycle3/answer34/results/per_input_status.jsonl,44
cycle3,answer34,M4,a1_search_evidence,d00047,True,True,complete,1,scored,False,False,False,False,,1,current_run,cycle3/answer34/results/per_input_status.jsonl,45
cycle3,answer34,M4,a1_search_evidence,d00050,False,True,complete,1,scored,False,False,True,False,,1,current_run,cycle3/answer34/results/per_input_status.jsonl,46
cycle3,answer34,M4,a1_search_evidence,d00054,False,True,complete,1,scored,False,False,False,False,,2,current_run,cycle3/answer34/results/per_input_status.jsonl,47
cycle3,answer34,M4,a1_search_evidence,d00055,True,True,complete,3,scored,False,False,False,False,,1,current_run,cycle3/answer34/results/per_input_status.jsonl,48
cycle3,answer34,M4,a1_search_evidence,d00057,True,True,complete,1,scored,False,False,False,False,,1,current_run,cycle3/answer34/results/per_input_status.jsonl,49
cycle3,answer34,M4,a1_search_evidence,d00058,False,True,complete,3,scored,False,False,False,False,,1,current_run,cycle3/answer34/results/per_input_status.jsonl,50
cycle3,answer34,M4,a1_search_evidence,d00059,False,True,complete,1,scored,False,False,False,False,,1,current_run,cycle3/answer34/results/per_input_status.jsonl,51
cycle3,answer34,M4,a1_search_evidence,d00062,True,True,complete,1,scored,False,False,False,False,,2,current_run,cycle3/answer34/results/per_input_status.jsonl,52
cycle3,answer34,M4,a1_search_evidence,d00068,False,True,complete,1,scored,False,False,True,False,,1,current_run,cycle3/answer34/results/per_input_status.jsonl,53
cycle3,answer34,M4,a1_search_evidence,d00072,False,True,complete,1,scored,False,False,False,False,,1,current_run,cycle3/answer34/results/per_input_status.jsonl,54
cycle3,answer34,M4,a1_search_evidence,d00077,True,True,complete,1,scored,False,False,False,False,,2,current_run,cycle3/answer34/results/per_input_status.jsonl,55
cycle3,answer34,M4,a1_search_evidence,d00078,True,True,complete,1,scored,False,False,False,False,,1,current_run,cycle3/answer34/results/per_input_status.jsonl,56
cycle3,answer34,M4,a1_search_evidence,d00081,True,True,complete,1,scored,False,False,False,False,,1,current_run,cycle3/answer34/results/per_input_status.jsonl,57
cycle3,answer34,M4,a1_search_evidence,d00084,True,True,complete,4,scored,False,False,True,False,,1,current_run,cycle3/answer34/results/per_input_status.jsonl,58
cycle3,answer34,M4,a1_search_evidence,d00088,True,True,complete,1,scored,False,False,False,False,,1,current_run,cycle3/answer34/results/per_input_status.jsonl,59
cycle3,answer34,M4,a1_search_evidence,d00089,False,True,complete,1,scored,False,False,False,False,,1,current_run,cycle3/answer34/results/per_input_status.jsonl,60
cycle3,answer34,M4,a1_search_evidence,d00090,True,True,complete,1,scored,False,False,False,False,,1,current_run,cycle3/answer34/results/per_input_status.jsonl,61
cycle3,answer34,M4,a1_search_evidence,d00094,True,True,complete,1,scored,False,False,False,False,,1,current_run,cycle3/answer34/results/per_input_status.jsonl,62
cycle3,answer34,M4,a1_search_evidence,d00096,False,True,complete,1,scored,False,False,True,False,,1,current_run,cycle3/answer34/results/per_input_status.jsonl,63
cycle3,answer34,M4,a1_search_evidence,d00100,True,True,complete,1,scored,False,False,False,False,,1,current_run,cycle3/answer34/results/per_input_status.jsonl,64
cycle3,answer34,M4,a1_search_evidence,d00106,True,True,complete,1,scored,False,False,False,False,,1,current_run,cycle3/answer34/results/per_input_status.jsonl,65
cycle3,answer34,M4,a1_search_evidence,d00113,True,True,complete,1,scored,False,False,False,False,,1,current_run,cycle3/answer34/results/per_input_status.jsonl,66
cycle3,answer34,M4,a1_search_evidence,d00115,True,True,complete,1,scored,False,False,False,False,,1,current_run,cycle3/answer34/results/per_input_status.jsonl,67
cycle3,answer34,M4,a1_search_evidence,d00120,True,True,complete,1,scored,False,False,False,False,,1,current_run,cycle3/answer34/results/per_input_status.jsonl,68
cycle3,answer34,M4,a1_search_reanswer,d00010,False,True,complete,1,scored,False,False,False,False,,1,current_run,cycle3/answer34/results/per_input_status.jsonl,69
cycle3,answer34,M4,a1_search_reanswer,d00015,False,True,complete,1,scored,False,False,False,False,,1,current_run,cycle3/answer34/results/per_input_status.jsonl,70
cycle3,answer34,M4,a1_search_reanswer,d00018,False,True,complete,1,scored,False,False,True,False,,2,current_run,cycle3/answer34/results/per_input_status.jsonl,71
cycle3,answer34,M4,a1_search_reanswer,d00019,True,True,complete,1,scored,False,False,False,False,,1,current_run,cycle3/answer34/results/per_input_status.jsonl,72
cycle3,answer34,M4,a1_search_reanswer,d00021,True,True,complete,1,scored,False,False,False,False,,1,current_run,cycle3/answer34/results/per_input_status.jsonl,73
cycle3,answer34,M4,a1_search_reanswer,d00026,True,True,complete,1,scored,False,False,False,False,,1,current_run,cycle3/answer34/results/per_input_status.jsonl,74
cycle3,answer34,M4,a1_search_reanswer,d00035,False,True,complete,1,scored,False,False,True,False,,1,current_run,cycle3/answer34/results/per_input_status.jsonl,75
cycle3,answer34,M4,a1_search_reanswer,d00036,False,True,complete,1,scored,False,False,False,False,,1,current_run,cycle3/answer34/results/per_input_status.jsonl,76
cycle3,answer34,M4,a1_search_reanswer,d00042,True,True,complete,1,scored,False,False,False,False,,1,current_run,cycle3/answer34/results/per_input_status.jsonl,77
cycle3,answer34,M4,a1_search_reanswer,d00046,True,True,complete,1,scored,False,False,False,False,,1,current_run,cycle3/answer34/results/per_input_status.jsonl,78
cycle3,answer34,M4,a1_search_reanswer,d00047,True,True,complete,1,scored,False,False,False,False,,1,current_run,cycle3/answer34/results/per_input_status.jsonl,79
cycle3,answer34,M4,a1_search_reanswer,d00050,False,True,complete,1,scored,False,False,True,False,,1,current_run,cycle3/answer34/results/per_input_status.jsonl,80
cycle3,answer34,M4,a1_search_reanswer,d00054,False,True,complete,1,scored,False,False,False,False,,2,current_run,cycle3/answer34/results/per_input_status.jsonl,81
cycle3,answer34,M4,a1_search_reanswer,d00055,True,True,complete,3,scored,False,False,False,False,,1,current_run,cycle3/answer34/results/per_input_status.jsonl,82
cycle3,answer34,M4,a1_search_reanswer,d00057,True,True,complete,1,scored,False,False,False,False,,1,current_run,cycle3/answer34/results/per_input_status.jsonl,83
cycle3,answer34,M4,a1_search_reanswer,d00058,False,True,complete,3,scored,False,False,False,False,,1,current_run,cycle3/answer34/results/per_input_status.jsonl,84
cycle3,answer34,M4,a1_search_reanswer,d00059,False,True,complete,1,scored,False,False,False,False,,1,current_run,cycle3/answer34/results/per_input_status.jsonl,85
cycle3,answer34,M4,a1_search_reanswer,d00062,True,True,complete,1,scored,False,False,False,False,,2,current_run,cycle3/answer34/results/per_input_status.jsonl,86
cycle3,answer34,M4,a1_search_reanswer,d00068,False,True,complete,1,scored,False,False,True,False,,1,current_run,cycle3/answer34/results/per_input_status.jsonl,87
cycle3,answer34,M4,a1_search_reanswer,d00072,False,True,complete,1,scored,False,False,False,False,,1,current_run,cycle3/answer34/results/per_input_status.jsonl,88
cycle3,answer34,M4,a1_search_reanswer,d00077,True,True,complete,1,scored,False,False,False,False,,2,current_run,cycle3/answer34/results/per_input_status.jsonl,89
cycle3,answer34,M4,a1_search_reanswer,d00078,True,True,complete,1,scored,False,False,False,False,,1,current_run,cycle3/answer34/results/per_input_status.jsonl,90
cycle3,answer34,M4,a1_search_reanswer,d00081,True,True,complete,1,scored,False,False,False,False,,1,current_run,cycle3/answer34/results/per_input_status.jsonl,91
cycle3,answer34,M4,a1_search_reanswer,d00084,True,True,complete,4,scored,False,False,True,False,,1,current_run,cycle3/answer34/results/per_input_status.jsonl,92
cycle3,answer34,M4,a1_search_reanswer,d00088,True,True,complete,1,scored,False,False,False,False,,1,current_run,cycle3/answer34/results/per_input_status.jsonl,93
cycle3,answer34,M4,a1_search_reanswer,d00089,False,True,complete,1,scored,False,False,False,False,,1,current_run,cycle3/answer34/results/per_input_status.jsonl,94
cycle3,answer34,M4,a1_search_reanswer,d00090,True,True,complete,1,scored,False,False,False,False,,1,current_run,cycle3/answer34/results/per_input_status.jsonl,95
cycle3,answer34,M4,a1_search_reanswer,d00094,True,True,complete,1,scored,False,False,False,False,,1,current_run,cycle3/answer34/results/per_input_status.jsonl,96
cycle3,answer34,M4,a1_search_reanswer,d00096,False,True,complete,1,scored,False,False,True,False,,1,current_run,cycle3/answer34/results/per_input_status.jsonl,97
cycle3,answer34,M4,a1_search_reanswer,d00100,True,True,complete,1,scored,False,False,False,False,,1,current_run,cycle3/answer34/results/per_input_status.jsonl,98
cycle3,answer34,M4,a1_search_reanswer,d00106,True,True,complete,1,scored,False,False,False,False,,1,current_run,cycle3/answer34/results/per_input_status.jsonl,99
cycle3,answer34,M4,a1_search_reanswer,d00113,True,True,complete,1,scored,False,False,False,False,,1,current_run,cycle3/answer34/results/per_input_status.jsonl,100
cycle3,answer34,M4,a1_search_reanswer,d00115,True,True,complete,1,scored,False,False,False,False,,1,current_run,cycle3/answer34/results/per_input_status.jsonl,101
cycle3,answer34,M4,a1_search_reanswer,d00120,True,True,complete,1,scored,False,False,False,False,,1,current_run,cycle3/answer34/results/per_input_status.jsonl,102
cycle3,answer34,M4,a1_search_no_evidence,d00010,False,True,complete,1,scored,False,False,False,False,,2,current_run,cycle3/answer34/results/per_input_status.jsonl,103
cycle3,answer34,M4,a1_search_no_evidence,d00015,False,True,complete,1,scored,False,False,False,False,,2,current_run,cycle3/answer34/results/per_input_status.jsonl,104
cycle3,answer34,M4,a1_search_no_evidence,d00018,False,True,complete,1,scored,False,False,True,False,,2,current_run,cycle3/answer34/results/per_input_status.jsonl,105
cycle3,answer34,M4,a1_search_no_evidence,d00019,True,True,complete,1,scored,False,False,False,False,,2,current_run,cycle3/answer34/results/per_input_status.jsonl,106
cycle3,answer34,M4,a1_search_no_evidence,d00021,True,True,complete,1,scored,False,False,False,False,,2,current_run,cycle3/answer34/results/per_input_status.jsonl,107
cycle3,answer34,M4,a1_search_no_evidence,d00026,True,True,complete,1,scored,False,False,False,False,,2,current_run,cycle3/answer34/results/per_input_status.jsonl,108
cycle3,answer34,M4,a1_search_no_evidence,d00035,False,True,complete,1,scored,False,False,True,False,,2,current_run,cycle3/answer34/results/per_input_status.jsonl,109
cycle3,answer34,M4,a1_search_no_evidence,d00036,False,True,complete,1,scored,False,False,False,False,,2,current_run,cycle3/answer34/results/per_input_status.jsonl,110
cycle3,answer34,M4,a1_search_no_evidence,d00042,True,True,complete,1,scored,False,False,False,False,,2,current_run,cycle3/answer34/results/per_input_status.jsonl,111
cycle3,answer34,M4,a1_search_no_evidence,d00046,True,True,complete,1,scored,False,False,False,False,,2,current_run,cycle3/answer34/results/per_input_status.jsonl,112
cycle3,answer34,M4,a1_search_no_evidence,d00047,False,True,complete,1,scored,False,False,True,False,,2,current_run,cycle3/answer34/results/per_input_status.jsonl,113
cycle3,answer34,M4,a1_search_no_evidence,d00050,False,True,complete,1,scored,False,False,True,False,,2,current_run,cycle3/answer34/results/per_input_status.jsonl,114
cycle3,answer34,M4,a1_search_no_evidence,d00054,False,True,complete,1,scored,False,False,False,False,,2,current_run,cycle3/answer34/results/per_input_status.jsonl,115
cycle3,answer34,M4,a1_search_no_evidence,d00055,True,True,complete,3,scored,False,False,False,False,,2,current_run,cycle3/answer34/results/per_input_status.jsonl,116
cycle3,answer34,M4,a1_search_no_evidence,d00057,True,True,complete,1,scored,False,False,False,False,,2,current_run,cycle3/answer34/results/per_input_status.jsonl,117
cycle3,answer34,M4,a1_search_no_evidence,d00058,False,True,complete,3,scored,False,False,False,False,,2,current_run,cycle3/answer34/results/per_input_status.jsonl,118
cycle3,answer34,M4,a1_search_no_evidence,d00059,False,True,complete,1,scored,False,False,False,False,,2,current_run,cycle3/answer34/results/per_input_status.jsonl,119
cycle3,answer34,M4,a1_search_no_evidence,d00062,True,True,complete,1,scored,False,False,False,False,,2,current_run,cycle3/answer34/results/per_input_status.jsonl,120
cycle3,answer34,M4,a1_search_no_evidence,d00068,False,True,complete,1,scored,False,False,True,False,,2,current_run,cycle3/answer34/results/per_input_status.jsonl,121
cycle3,answer34,M4,a1_search_no_evidence,d00072,False,True,complete,1,scored,False,False,False,False,,2,current_run,cycle3/answer34/results/per_input_status.jsonl,122
cycle3,answer34,M4,a1_search_no_evidence,d00077,True,True,complete,1,scored,False,False,False,False,,2,current_run,cycle3/answer34/results/per_input_status.jsonl,123
cycle3,answer34,M4,a1_search_no_evidence,d00078,True,True,complete,1,scored,False,False,False,False,,2,current_run,cycle3/answer34/results/per_input_status.jsonl,124
cycle3,answer34,M4,a1_search_no_evidence,d00081,True,True,complete,1,scored,False,False,False,False,,2,current_run,cycle3/answer34/results/per_input_status.jsonl,125
cycle3,answer34,M4,a1_search_no_evidence,d00084,True,True,complete,4,scored,False,False,True,False,,2,current_run,cycle3/answer34/results/per_input_status.jsonl,126
cycle3,answer34,M4,a1_search_no_evidence,d00088,True,True,complete,1,scored,False,False,False,False,,2,current_run,cycle3/answer34/results/per_input_status.jsonl,127
cycle3,answer34,M4,a1_search_no_evidence,d00089,False,True,complete,1,scored,False,False,False,False,,2,current_run,cycle3/answer34/results/per_input_status.jsonl,128
cycle3,answer34,M4,a1_search_no_evidence,d00090,True,True,complete,1,scored,False,False,False,False,,2,current_run,cycle3/answer34/results/per_input_status.jsonl,129
cycle3,answer34,M4,a1_search_no_evidence,d00094,True,True,complete,1,scored,False,False,False,False,,2,current_run,cycle3/answer34/results/per_input_status.jsonl,130
cycle3,answer34,M4,a1_search_no_evidence,d00096,False,True,complete,1,scored,False,False,True,False,,2,current_run,cycle3/answer34/results/per_input_status.jsonl,131
cycle3,answer34,M4,a1_search_no_evidence,d00100,True,True,complete,1,scored,False,False,False,False,,2,current_run,cycle3/answer34/results/per_input_status.jsonl,132
cycle3,answer34,M4,a1_search_no_evidence,d00106,True,True,complete,1,scored,False,False,False,False,,2,current_run,cycle3/answer34/results/per_input_status.jsonl,133
cycle3,answer34,M4,a1_search_no_evidence,d00113,True,True,complete,1,scored,False,False,False,False,,2,current_run,cycle3/answer34/results/per_input_status.jsonl,134
cycle3,answer34,M4,a1_search_no_evidence,d00115,True,True,complete,1,scored,False,False,False,False,,2,current_run,cycle3/answer34/results/per_input_status.jsonl,135
cycle3,answer34,M4,a1_search_no_evidence,d00120,False,True,complete,1,scored,False,False,True,False,,2,current_run,cycle3/answer34/results/per_input_status.jsonl,136
cycle3,answer34,M5,baseline,d00010,False,True,cached_baseline,1,scored,False,False,False,False,,0,saved_cache,cycle3/answer34/results/per_input_status.jsonl,137
cycle3,answer34,M5,baseline,d00015,False,True,cached_baseline,1,scored,False,False,False,False,,0,saved_cache,cycle3/answer34/results/per_input_status.jsonl,138
cycle3,answer34,M5,baseline,d00018,True,True,cached_baseline,1,scored,False,False,False,False,,0,saved_cache,cycle3/answer34/results/per_input_status.jsonl,139
cycle3,answer34,M5,baseline,d00019,True,True,cached_baseline,1,scored,False,False,False,False,,0,saved_cache,cycle3/answer34/results/per_input_status.jsonl,140
cycle3,answer34,M5,baseline,d00021,True,True,cached_baseline,1,scored,False,False,False,False,,0,saved_cache,cycle3/answer34/results/per_input_status.jsonl,141
cycle3,answer34,M5,baseline,d00026,False,True,cached_baseline,1,scored,False,False,False,False,,0,saved_cache,cycle3/answer34/results/per_input_status.jsonl,142
cycle3,answer34,M5,baseline,d00035,False,True,cached_baseline,1,scored,False,False,False,False,,0,saved_cache,cycle3/answer34/results/per_input_status.jsonl,143
cycle3,answer34,M5,baseline,d00036,False,True,cached_baseline,1,scored,False,False,False,False,,0,saved_cache,cycle3/answer34/results/per_input_status.jsonl,144
cycle3,answer34,M5,baseline,d00042,False,True,cached_baseline,1,scored,False,False,False,False,,0,saved_cache,cycle3/answer34/results/per_input_status.jsonl,145
cycle3,answer34,M5,baseline,d00046,True,True,cached_baseline,1,scored,False,False,False,False,,0,saved_cache,cycle3/answer34/results/per_input_status.jsonl,146
cycle3,answer34,M5,baseline,d00047,True,True,cached_baseline,1,scored,False,False,False,False,,0,saved_cache,cycle3/answer34/results/per_input_status.jsonl,147
cycle3,answer34,M5,baseline,d00050,,False,cached_baseline,1,not_scored,False,False,False,False,baseline_native_schema_invalid,0,saved_cache,cycle3/answer34/results/per_input_status.jsonl,148
cycle3,answer34,M5,baseline,d00054,True,True,cached_baseline,1,scored,False,False,False,False,,0,saved_cache,cycle3/answer34/results/per_input_status.jsonl,149
cycle3,answer34,M5,baseline,d00055,True,True,cached_baseline,3,scored,False,False,False,False,,0,saved_cache,cycle3/answer34/results/per_input_status.jsonl,150
cycle3,answer34,M5,baseline,d00057,False,True,cached_baseline,1,scored,False,False,False,False,,0,saved_cache,cycle3/answer34/results/per_input_status.jsonl,151
cycle3,answer34,M5,baseline,d00058,True,True,cached_baseline,3,scored,False,False,False,False,,0,saved_cache,cycle3/answer34/results/per_input_status.jsonl,152
cycle3,answer34,M5,baseline,d00059,False,True,cached_baseline,1,scored,False,False,False,False,,0,saved_cache,cycle3/answer34/results/per_input_status.jsonl,153
cycle3,answer34,M5,baseline,d00062,True,True,cached_baseline,1,scored,False,False,False,False,,0,saved_cache,cycle3/answer34/results/per_input_status.jsonl,154
cycle3,answer34,M5,baseline,d00068,True,True,cached_baseline,1,scored,False,False,False,False,,0,saved_cache,cycle3/answer34/results/per_input_status.jsonl,155
cycle3,answer34,M5,baseline,d00072,False,True,cached_baseline,1,scored,False,False,False,False,,0,saved_cache,cycle3/answer34/results/per_input_status.jsonl,156
cycle3,answer34,M5,baseline,d00077,True,True,cached_baseline,1,scored,False,False,False,False,,0,saved_cache,cycle3/answer34/results/per_input_status.jsonl,157
cycle3,answer34,M5,baseline,d00078,True,True,cached_baseline,1,scored,False,False,False,False,,0,saved_cache,cycle3/answer34/results/per_input_status.jsonl,158
cycle3,answer34,M5,baseline,d00081,False,True,cached_baseline,1,scored,False,False,False,False,,0,saved_cache,cycle3/answer34/results/per_input_status.jsonl,159
cycle3,answer34,M5,baseline,d00084,False,True,cached_baseline,4,scored,False,False,False,False,,0,saved_cache,cycle3/answer34/results/per_input_status.jsonl,160
cycle3,answer34,M5,baseline,d00088,False,True,cached_baseline,1,scored,False,False,False,False,,0,saved_cache,cycle3/answer34/results/per_input_status.jsonl,161
cycle3,answer34,M5,baseline,d00089,False,True,cached_baseline,1,scored,False,False,False,False,,0,saved_cache,cycle3/answer34/results/per_input_status.jsonl,162
cycle3,answer34,M5,baseline,d00090,True,True,cached_baseline,1,scored,False,False,False,False,,0,saved_cache,cycle3/answer34/results/per_input_status.jsonl,163
cycle3,answer34,M5,baseline,d00094,False,True,cached_baseline,1,scored,False,False,False,False,,0,saved_cache,cycle3/answer34/results/per_input_status.jsonl,164
cycle3,answer34,M5,baseline,d00096,True,True,cached_baseline,1,scored,False,False,False,False,,0,saved_cache,cycle3/answer34/results/per_input_status.jsonl,165
cycle3,answer34,M5,baseline,d00100,True,True,cached_baseline,1,scored,False,False,False,False,,0,saved_cache,cycle3/answer34/results/per_input_status.jsonl,166
cycle3,answer34,M5,baseline,d00106,True,True,cached_baseline,1,scored,False,False,False,False,,0,saved_cache,cycle3/answer34/results/per_input_status.jsonl,167
cycle3,answer34,M5,baseline,d00113,True,True,cached_baseline,1,scored,False,False,False,False,,0,saved_cache,cycle3/answer34/results/per_input_status.jsonl,168
cycle3,answer34,M5,baseline,d00115,True,True,cached_baseline,1,scored,False,False,False,False,,0,saved_cache,cycle3/answer34/results/per_input_status.jsonl,169
cycle3,answer34,M5,baseline,d00120,True,True,cached_baseline,1,scored,False,False,False,False,,0,saved_cache,cycle3/answer34/results/per_input_status.jsonl,170
cycle3,answer34,M5,a1_search_evidence,d00010,True,True,complete,1,scored,False,False,True,False,,1,current_run,cycle3/answer34/results/per_input_status.jsonl,171
cycle3,answer34,M5,a1_search_evidence,d00015,True,True,complete,1,scored,False,False,True,False,,1,current_run,cycle3/answer34/results/per_input_status.jsonl,172
cycle3,answer34,M5,a1_search_evidence,d00018,False,True,complete,1,scored,False,False,True,False,,1,current_run,cycle3/answer34/results/per_input_status.jsonl,173
cycle3,answer34,M5,a1_search_evidence,d00019,True,True,complete,1,scored,False,False,False,False,,1,current_run,cycle3/answer34/results/per_input_status.jsonl,174
cycle3,answer34,M5,a1_search_evidence,d00021,True,True,complete,1,scored,False,False,False,False,,1,current_run,cycle3/answer34/results/per_input_status.jsonl,175
cycle3,answer34,M5,a1_search_evidence,d00026,False,True,complete,1,scored,False,False,False,False,,1,current_run,cycle3/answer34/results/per_input_status.jsonl,176
cycle3,answer34,M5,a1_search_evidence,d00035,False,True,complete,1,scored,False,False,False,False,,1,current_run,cycle3/answer34/results/per_input_status.jsonl,177
cycle3,answer34,M5,a1_search_evidence,d00036,False,True,complete,1,scored,False,False,False,False,,1,current_run,cycle3/answer34/results/per_input_status.jsonl,178
cycle3,answer34,M5,a1_search_evidence,d00042,False,True,complete,1,scored,False,False,False,False,,1,current_run,cycle3/answer34/results/per_input_status.jsonl,179
cycle3,answer34,M5,a1_search_evidence,d00046,True,True,complete,1,scored,False,False,False,False,,1,current_run,cycle3/answer34/results/per_input_status.jsonl,180
cycle3,answer34,M5,a1_search_evidence,d00047,False,True,complete,1,scored,False,False,True,False,,1,current_run,cycle3/answer34/results/per_input_status.jsonl,181
cycle3,answer34,M5,a1_search_evidence,d00050,,False,unavailable,1,not_scored,False,False,False,False,baseline_native_invalid,0,current_run,cycle3/answer34/results/per_input_status.jsonl,182
cycle3,answer34,M5,a1_search_evidence,d00054,True,True,complete,1,scored,False,False,False,False,,1,current_run,cycle3/answer34/results/per_input_status.jsonl,183
cycle3,answer34,M5,a1_search_evidence,d00055,True,True,complete,3,scored,False,False,False,False,,1,current_run,cycle3/answer34/results/per_input_status.jsonl,184
cycle3,answer34,M5,a1_search_evidence,d00057,False,True,complete,1,scored,False,False,False,False,,1,current_run,cycle3/answer34/results/per_input_status.jsonl,185
cycle3,answer34,M5,a1_search_evidence,d00058,False,True,complete,3,scored,False,False,True,False,,1,current_run,cycle3/answer34/results/per_input_status.jsonl,186
cycle3,answer34,M5,a1_search_evidence,d00059,False,True,complete,1,scored,False,False,False,False,,1,current_run,cycle3/answer34/results/per_input_status.jsonl,187
cycle3,answer34,M5,a1_search_evidence,d00062,True,True,complete,1,scored,False,False,False,False,,1,current_run,cycle3/answer34/results/per_input_status.jsonl,188
cycle3,answer34,M5,a1_search_evidence,d00068,True,True,complete,1,scored,False,False,False,False,,1,current_run,cycle3/answer34/results/per_input_status.jsonl,189
cycle3,answer34,M5,a1_search_evidence,d00072,False,True,complete,1,scored,False,False,False,False,,1,current_run,cycle3/answer34/results/per_input_status.jsonl,190
cycle3,answer34,M5,a1_search_evidence,d00077,True,True,complete,1,scored,False,False,False,False,,1,current_run,cycle3/answer34/results/per_input_status.jsonl,191
cycle3,answer34,M5,a1_search_evidence,d00078,True,True,complete,1,scored,False,False,False,False,,1,current_run,cycle3/answer34/results/per_input_status.jsonl,192
cycle3,answer34,M5,a1_search_evidence,d00081,False,True,complete,1,scored,False,False,False,False,,1,current_run,cycle3/answer34/results/per_input_status.jsonl,193
cycle3,answer34,M5,a1_search_evidence,d00084,False,True,complete,4,scored,False,False,False,False,,1,current_run,cycle3/answer34/results/per_input_status.jsonl,194
cycle3,answer34,M5,a1_search_evidence,d00088,False,True,complete,1,scored,False,False,False,False,,1,current_run,cycle3/answer34/results/per_input_status.jsonl,195
cycle3,answer34,M5,a1_search_evidence,d00089,False,True,complete,1,scored,False,False,False,False,,1,current_run,cycle3/answer34/results/per_input_status.jsonl,196
cycle3,answer34,M5,a1_search_evidence,d00090,True,True,complete,1,scored,False,False,False,False,,1,current_run,cycle3/answer34/results/per_input_status.jsonl,197
cycle3,answer34,M5,a1_search_evidence,d00094,False,True,complete,1,scored,False,False,False,False,,1,current_run,cycle3/answer34/results/per_input_status.jsonl,198
cycle3,answer34,M5,a1_search_evidence,d00096,True,True,complete,1,scored,False,False,False,False,,1,current_run,cycle3/answer34/results/per_input_status.jsonl,199
cycle3,answer34,M5,a1_search_evidence,d00100,True,True,complete,1,scored,False,False,False,False,,1,current_run,cycle3/answer34/results/per_input_status.jsonl,200
cycle3,answer34,M5,a1_search_evidence,d00106,True,True,complete,1,scored,False,False,False,False,,1,current_run,cycle3/answer34/results/per_input_status.jsonl,201
cycle3,answer34,M5,a1_search_evidence,d00113,True,True,complete,1,scored,False,False,False,False,,1,current_run,cycle3/answer34/results/per_input_status.jsonl,202
cycle3,answer34,M5,a1_search_evidence,d00115,True,True,complete,1,scored,False,False,False,False,,1,current_run,cycle3/answer34/results/per_input_status.jsonl,203
cycle3,answer34,M5,a1_search_evidence,d00120,False,True,complete,1,scored,False,False,True,False,,1,current_run,cycle3/answer34/results/per_input_status.jsonl,204
cycle3,answer34,M5,a1_search_reanswer,d00010,False,True,complete,1,scored,False,False,False,False,,1,current_run,cycle3/answer34/results/per_input_status.jsonl,205
cycle3,answer34,M5,a1_search_reanswer,d00015,True,True,complete,1,scored,False,False,True,False,,1,current_run,cycle3/answer34/results/per_input_status.jsonl,206
cycle3,answer34,M5,a1_search_reanswer,d00018,False,True,complete,1,scored,False,False,True,False,,1,current_run,cycle3/answer34/results/per_input_status.jsonl,207
cycle3,answer34,M5,a1_search_reanswer,d00019,True,True,complete,1,scored,False,False,False,False,,1,current_run,cycle3/answer34/results/per_input_status.jsonl,208
cycle3,answer34,M5,a1_search_reanswer,d00021,True,True,complete,1,scored,False,False,False,False,,1,current_run,cycle3/answer34/results/per_input_status.jsonl,209
cycle3,answer34,M5,a1_search_reanswer,d00026,False,True,complete,1,scored,False,False,False,False,,1,current_run,cycle3/answer34/results/per_input_status.jsonl,210
cycle3,answer34,M5,a1_search_reanswer,d00035,False,True,complete,1,scored,False,False,False,False,,1,current_run,cycle3/answer34/results/per_input_status.jsonl,211
cycle3,answer34,M5,a1_search_reanswer,d00036,False,True,complete,1,scored,False,False,False,False,,1,current_run,cycle3/answer34/results/per_input_status.jsonl,212
cycle3,answer34,M5,a1_search_reanswer,d00042,False,True,complete,1,scored,False,False,False,False,,1,current_run,cycle3/answer34/results/per_input_status.jsonl,213
cycle3,answer34,M5,a1_search_reanswer,d00046,True,True,complete,1,scored,False,False,False,False,,1,current_run,cycle3/answer34/results/per_input_status.jsonl,214
cycle3,answer34,M5,a1_search_reanswer,d00047,True,True,complete,1,scored,False,False,False,False,,1,current_run,cycle3/answer34/results/per_input_status.jsonl,215
cycle3,answer34,M5,a1_search_reanswer,d00050,,False,unavailable,1,not_scored,False,False,False,False,baseline_native_invalid,0,current_run,cycle3/answer34/results/per_input_status.jsonl,216
cycle3,answer34,M5,a1_search_reanswer,d00054,True,True,complete,1,scored,False,False,False,False,,1,current_run,cycle3/answer34/results/per_input_status.jsonl,217
cycle3,answer34,M5,a1_search_reanswer,d00055,True,True,complete,3,scored,False,False,False,False,,1,current_run,cycle3/answer34/results/per_input_status.jsonl,218
cycle3,answer34,M5,a1_search_reanswer,d00057,False,True,complete,1,scored,False,False,False,False,,1,current_run,cycle3/answer34/results/per_input_status.jsonl,219
cycle3,answer34,M5,a1_search_reanswer,d00058,False,True,complete,3,scored,False,False,True,False,,1,current_run,cycle3/answer34/results/per_input_status.jsonl,220
cycle3,answer34,M5,a1_search_reanswer,d00059,False,True,complete,1,scored,False,False,False,False,,1,current_run,cycle3/answer34/results/per_input_status.jsonl,221
cycle3,answer34,M5,a1_search_reanswer,d00062,True,True,complete,1,scored,False,False,False,False,,1,current_run,cycle3/answer34/results/per_input_status.jsonl,222
cycle3,answer34,M5,a1_search_reanswer,d00068,True,True,complete,1,scored,False,False,False,False,,1,current_run,cycle3/answer34/results/per_input_status.jsonl,223
cycle3,answer34,M5,a1_search_reanswer,d00072,False,True,complete,1,scored,False,False,False,False,,1,current_run,cycle3/answer34/results/per_input_status.jsonl,224
cycle3,answer34,M5,a1_search_reanswer,d00077,True,True,complete,1,scored,False,False,False,False,,1,current_run,cycle3/answer34/results/per_input_status.jsonl,225
cycle3,answer34,M5,a1_search_reanswer,d00078,True,True,complete,1,scored,False,False,False,False,,1,current_run,cycle3/answer34/results/per_input_status.jsonl,226
cycle3,answer34,M5,a1_search_reanswer,d00081,False,True,complete,1,scored,False,False,False,False,,1,current_run,cycle3/answer34/results/per_input_status.jsonl,227
cycle3,answer34,M5,a1_search_reanswer,d00084,False,True,complete,4,scored,False,False,False,False,,1,current_run,cycle3/answer34/results/per_input_status.jsonl,228
cycle3,answer34,M5,a1_search_reanswer,d00088,False,True,complete,1,scored,False,False,False,False,,1,current_run,cycle3/answer34/results/per_input_status.jsonl,229
cycle3,answer34,M5,a1_search_reanswer,d00089,False,True,complete,1,scored,False,False,False,False,,1,current_run,cycle3/answer34/results/per_input_status.jsonl,230
cycle3,answer34,M5,a1_search_reanswer,d00090,True,True,complete,1,scored,False,False,False,False,,1,current_run,cycle3/answer34/results/per_input_status.jsonl,231
cycle3,answer34,M5,a1_search_reanswer,d00094,False,True,complete,1,scored,False,False,False,False,,1,current_run,cycle3/answer34/results/per_input_status.jsonl,232
cycle3,answer34,M5,a1_search_reanswer,d00096,True,True,complete,1,scored,False,False,False,False,,1,current_run,cycle3/answer34/results/per_input_status.jsonl,233
cycle3,answer34,M5,a1_search_reanswer,d00100,True,True,complete,1,scored,False,False,False,False,,1,current_run,cycle3/answer34/results/per_input_status.jsonl,234
cycle3,answer34,M5,a1_search_reanswer,d00106,True,True,complete,1,scored,False,False,False,False,,1,current_run,cycle3/answer34/results/per_input_status.jsonl,235
cycle3,answer34,M5,a1_search_reanswer,d00113,True,True,complete,1,scored,False,False,False,False,,1,current_run,cycle3/answer34/results/per_input_status.jsonl,236
cycle3,answer34,M5,a1_search_reanswer,d00115,True,True,complete,1,scored,False,False,False,False,,1,current_run,cycle3/answer34/results/per_input_status.jsonl,237
cycle3,answer34,M5,a1_search_reanswer,d00120,False,True,complete,1,scored,False,False,True,False,,1,current_run,cycle3/answer34/results/per_input_status.jsonl,238
cycle3,answer34,M5,a1_search_no_evidence,d00010,True,True,complete,1,scored,False,False,True,False,,2,current_run,cycle3/answer34/results/per_input_status.jsonl,239
cycle3,answer34,M5,a1_search_no_evidence,d00015,False,True,complete,1,scored,False,False,False,False,,2,current_run,cycle3/answer34/results/per_input_status.jsonl,240
cycle3,answer34,M5,a1_search_no_evidence,d00018,False,True,complete,1,scored,False,False,True,False,,2,current_run,cycle3/answer34/results/per_input_status.jsonl,241
cycle3,answer34,M5,a1_search_no_evidence,d00019,True,True,complete,1,scored,False,False,False,False,,2,current_run,cycle3/answer34/results/per_input_status.jsonl,242
cycle3,answer34,M5,a1_search_no_evidence,d00021,True,True,complete,1,scored,False,False,False,False,,2,current_run,cycle3/answer34/results/per_input_status.jsonl,243
cycle3,answer34,M5,a1_search_no_evidence,d00026,False,True,complete,1,scored,False,False,False,False,,2,current_run,cycle3/answer34/results/per_input_status.jsonl,244
cycle3,answer34,M5,a1_search_no_evidence,d00035,False,True,complete,1,scored,False,False,False,False,,2,current_run,cycle3/answer34/results/per_input_status.jsonl,245
cycle3,answer34,M5,a1_search_no_evidence,d00036,False,True,complete,1,scored,False,False,False,False,,2,current_run,cycle3/answer34/results/per_input_status.jsonl,246
cycle3,answer34,M5,a1_search_no_evidence,d00042,False,True,complete,1,scored,False,False,False,False,,2,current_run,cycle3/answer34/results/per_input_status.jsonl,247
cycle3,answer34,M5,a1_search_no_evidence,d00046,True,True,complete,1,scored,False,False,False,False,,2,current_run,cycle3/answer34/results/per_input_status.jsonl,248
cycle3,answer34,M5,a1_search_no_evidence,d00047,False,True,complete,1,scored,False,False,True,False,,2,current_run,cycle3/answer34/results/per_input_status.jsonl,249
cycle3,answer34,M5,a1_search_no_evidence,d00050,,False,unavailable,1,not_scored,False,False,False,False,baseline_native_invalid,0,current_run,cycle3/answer34/results/per_input_status.jsonl,250
cycle3,answer34,M5,a1_search_no_evidence,d00054,True,True,complete,1,scored,False,False,False,False,,2,current_run,cycle3/answer34/results/per_input_status.jsonl,251
cycle3,answer34,M5,a1_search_no_evidence,d00055,True,True,complete,3,scored,False,False,False,False,,2,current_run,cycle3/answer34/results/per_input_status.jsonl,252
cycle3,answer34,M5,a1_search_no_evidence,d00057,False,True,complete,1,scored,False,False,False,False,,2,current_run,cycle3/answer34/results/per_input_status.jsonl,253
cycle3,answer34,M5,a1_search_no_evidence,d00058,False,True,complete,3,scored,False,False,True,False,,2,current_run,cycle3/answer34/results/per_input_status.jsonl,254
cycle3,answer34,M5,a1_search_no_evidence,d00059,False,True,complete,1,scored,False,False,False,False,,2,current_run,cycle3/answer34/results/per_input_status.jsonl,255
cycle3,answer34,M5,a1_search_no_evidence,d00062,False,True,complete,1,scored,False,False,True,False,,2,current_run,cycle3/answer34/results/per_input_status.jsonl,256
cycle3,answer34,M5,a1_search_no_evidence,d00068,True,True,complete,1,scored,False,False,False,False,,2,current_run,cycle3/answer34/results/per_input_status.jsonl,257
cycle3,answer34,M5,a1_search_no_evidence,d00072,False,True,complete,1,scored,False,False,False,False,,2,current_run,cycle3/answer34/results/per_input_status.jsonl,258
cycle3,answer34,M5,a1_search_no_evidence,d00077,True,True,complete,1,scored,False,False,False,False,,2,current_run,cycle3/answer34/results/per_input_status.jsonl,259
cycle3,answer34,M5,a1_search_no_evidence,d00078,True,True,complete,1,scored,False,False,False,False,,2,current_run,cycle3/answer34/results/per_input_status.jsonl,260
cycle3,answer34,M5,a1_search_no_evidence,d00081,False,True,complete,1,scored,False,False,False,False,,2,current_run,cycle3/answer34/results/per_input_status.jsonl,261
cycle3,answer34,M5,a1_search_no_evidence,d00084,False,True,complete,4,scored,False,False,False,False,,2,current_run,cycle3/answer34/results/per_input_status.jsonl,262
cycle3,answer34,M5,a1_search_no_evidence,d00088,False,True,complete,1,scored,False,False,False,False,,2,current_run,cycle3/answer34/results/per_input_status.jsonl,263
cycle3,answer34,M5,a1_search_no_evidence,d00089,False,True,complete,1,scored,False,False,False,False,,2,current_run,cycle3/answer34/results/per_input_status.jsonl,264
cycle3,answer34,M5,a1_search_no_evidence,d00090,True,True,complete,1,scored,False,False,False,False,,2,current_run,cycle3/answer34/results/per_input_status.jsonl,265
cycle3,answer34,M5,a1_search_no_evidence,d00094,False,True,complete,1,scored,False,False,False,False,,2,current_run,cycle3/answer34/results/per_input_status.jsonl,266
cycle3,answer34,M5,a1_search_no_evidence,d00096,True,True,complete,1,scored,False,False,False,False,,2,current_run,cycle3/answer34/results/per_input_status.jsonl,267
cycle3,answer34,M5,a1_search_no_evidence,d00100,True,True,complete,1,scored,False,False,False,False,,2,current_run,cycle3/answer34/results/per_input_status.jsonl,268
cycle3,answer34,M5,a1_search_no_evidence,d00106,True,True,complete,1,scored,False,False,False,False,,2,current_run,cycle3/answer34/results/per_input_status.jsonl,269
cycle3,answer34,M5,a1_search_no_evidence,d00113,True,True,complete,1,scored,False,False,False,False,,2,current_run,cycle3/answer34/results/per_input_status.jsonl,270
cycle3,answer34,M5,a1_search_no_evidence,d00115,True,True,complete,1,scored,False,False,False,False,,2,current_run,cycle3/answer34/results/per_input_status.jsonl,271
cycle3,answer34,M5,a1_search_no_evidence,d00120,False,True,complete,1,scored,False,False,True,False,,2,current_run,cycle3/answer34/results/per_input_status.jsonl,272
cycle4,answer34,M4,baseline,d00010,False,True,cached_baseline,1,scored,False,False,False,False,,0,saved_cache,cycle4/answer34/results/per_input_status.jsonl,1
cycle4,answer34,M4,baseline,d00015,False,True,cached_baseline,1,scored,False,False,False,False,,0,saved_cache,cycle4/answer34/results/per_input_status.jsonl,2
cycle4,answer34,M4,baseline,d00018,True,True,cached_baseline,1,scored,False,False,False,False,,0,saved_cache,cycle4/answer34/results/per_input_status.jsonl,3
cycle4,answer34,M4,baseline,d00019,True,True,cached_baseline,1,scored,False,False,False,False,,0,saved_cache,cycle4/answer34/results/per_input_status.jsonl,4
cycle4,answer34,M4,baseline,d00021,True,True,cached_baseline,1,scored,False,False,False,False,,0,saved_cache,cycle4/answer34/results/per_input_status.jsonl,5
cycle4,answer34,M4,baseline,d00026,True,True,cached_baseline,1,scored,False,False,False,False,,0,saved_cache,cycle4/answer34/results/per_input_status.jsonl,6
cycle4,answer34,M4,baseline,d00035,False,True,cached_baseline,1,scored,False,False,False,False,,0,saved_cache,cycle4/answer34/results/per_input_status.jsonl,7
cycle4,answer34,M4,baseline,d00036,False,True,cached_baseline,1,scored,False,False,False,False,,0,saved_cache,cycle4/answer34/results/per_input_status.jsonl,8
cycle4,answer34,M4,baseline,d00042,True,True,cached_baseline,1,scored,False,False,False,False,,0,saved_cache,cycle4/answer34/results/per_input_status.jsonl,9
cycle4,answer34,M4,baseline,d00046,True,True,cached_baseline,1,scored,False,False,False,False,,0,saved_cache,cycle4/answer34/results/per_input_status.jsonl,10
cycle4,answer34,M4,baseline,d00047,True,True,cached_baseline,1,scored,False,False,False,False,,0,saved_cache,cycle4/answer34/results/per_input_status.jsonl,11
cycle4,answer34,M4,baseline,d00050,False,True,cached_baseline,1,scored,False,False,False,False,,0,saved_cache,cycle4/answer34/results/per_input_status.jsonl,12
cycle4,answer34,M4,baseline,d00054,False,True,cached_baseline,1,scored,False,False,False,False,,0,saved_cache,cycle4/answer34/results/per_input_status.jsonl,13
cycle4,answer34,M4,baseline,d00055,True,True,cached_baseline,3,scored,False,False,False,False,,0,saved_cache,cycle4/answer34/results/per_input_status.jsonl,14
cycle4,answer34,M4,baseline,d00057,True,True,cached_baseline,1,scored,False,False,False,False,,0,saved_cache,cycle4/answer34/results/per_input_status.jsonl,15
cycle4,answer34,M4,baseline,d00058,False,True,cached_baseline,3,scored,False,False,False,False,,0,saved_cache,cycle4/answer34/results/per_input_status.jsonl,16
cycle4,answer34,M4,baseline,d00059,False,True,cached_baseline,1,scored,False,False,False,False,,0,saved_cache,cycle4/answer34/results/per_input_status.jsonl,17
cycle4,answer34,M4,baseline,d00062,True,True,cached_baseline,1,scored,False,False,False,False,,0,saved_cache,cycle4/answer34/results/per_input_status.jsonl,18
cycle4,answer34,M4,baseline,d00068,True,True,cached_baseline,1,scored,False,False,False,False,,0,saved_cache,cycle4/answer34/results/per_input_status.jsonl,19
cycle4,answer34,M4,baseline,d00072,False,True,cached_baseline,1,scored,False,False,False,False,,0,saved_cache,cycle4/answer34/results/per_input_status.jsonl,20
cycle4,answer34,M4,baseline,d00077,True,True,cached_baseline,1,scored,False,False,False,False,,0,saved_cache,cycle4/answer34/results/per_input_status.jsonl,21
cycle4,answer34,M4,baseline,d00078,True,True,cached_baseline,1,scored,False,False,False,False,,0,saved_cache,cycle4/answer34/results/per_input_status.jsonl,22
cycle4,answer34,M4,baseline,d00081,True,True,cached_baseline,1,scored,False,False,False,False,,0,saved_cache,cycle4/answer34/results/per_input_status.jsonl,23
cycle4,answer34,M4,baseline,d00084,False,True,cached_baseline,4,scored,False,False,False,False,,0,saved_cache,cycle4/answer34/results/per_input_status.jsonl,24
cycle4,answer34,M4,baseline,d00088,True,True,cached_baseline,1,scored,False,False,False,False,,0,saved_cache,cycle4/answer34/results/per_input_status.jsonl,25
cycle4,answer34,M4,baseline,d00089,False,True,cached_baseline,1,scored,False,False,False,False,,0,saved_cache,cycle4/answer34/results/per_input_status.jsonl,26
cycle4,answer34,M4,baseline,d00090,True,True,cached_baseline,1,scored,False,False,False,False,,0,saved_cache,cycle4/answer34/results/per_input_status.jsonl,27
cycle4,answer34,M4,baseline,d00094,True,True,cached_baseline,1,scored,False,False,False,False,,0,saved_cache,cycle4/answer34/results/per_input_status.jsonl,28
cycle4,answer34,M4,baseline,d00096,True,True,cached_baseline,1,scored,False,False,False,False,,0,saved_cache,cycle4/answer34/results/per_input_status.jsonl,29
cycle4,answer34,M4,baseline,d00100,True,True,cached_baseline,1,scored,False,False,False,False,,0,saved_cache,cycle4/answer34/results/per_input_status.jsonl,30
cycle4,answer34,M4,baseline,d00106,True,True,cached_baseline,1,scored,False,False,False,False,,0,saved_cache,cycle4/answer34/results/per_input_status.jsonl,31
cycle4,answer34,M4,baseline,d00113,True,True,cached_baseline,1,scored,False,False,False,False,,0,saved_cache,cycle4/answer34/results/per_input_status.jsonl,32
cycle4,answer34,M4,baseline,d00115,True,True,cached_baseline,1,scored,False,False,False,False,,0,saved_cache,cycle4/answer34/results/per_input_status.jsonl,33
cycle4,answer34,M4,baseline,d00120,True,True,cached_baseline,1,scored,False,False,False,False,,0,saved_cache,cycle4/answer34/results/per_input_status.jsonl,34
cycle4,answer34,M4,a1_binding_scoped,d00010,False,True,complete,1,scored,True,True,False,False,,1,current_run,cycle4/answer34/results/per_input_status.jsonl,35
cycle4,answer34,M4,a1_binding_scoped,d00015,False,True,complete,1,scored,True,True,False,False,,1,current_run,cycle4/answer34/results/per_input_status.jsonl,36
cycle4,answer34,M4,a1_binding_scoped,d00018,False,True,complete,1,scored,True,True,True,False,,2,current_run,cycle4/answer34/results/per_input_status.jsonl,37
cycle4,answer34,M4,a1_binding_scoped,d00019,False,True,complete,1,scored,True,True,True,False,,1,current_run,cycle4/answer34/results/per_input_status.jsonl,38
cycle4,answer34,M4,a1_binding_scoped,d00021,False,True,complete,1,scored,True,True,True,False,,1,current_run,cycle4/answer34/results/per_input_status.jsonl,39
cycle4,answer34,M4,a1_binding_scoped,d00026,True,True,complete,1,scored,True,True,False,False,,1,current_run,cycle4/answer34/results/per_input_status.jsonl,40
cycle4,answer34,M4,a1_binding_scoped,d00035,False,True,complete,1,scored,True,True,True,False,,1,current_run,cycle4/answer34/results/per_input_status.jsonl,41
cycle4,answer34,M4,a1_binding_scoped,d00036,False,True,complete,1,scored,True,True,False,False,,1,current_run,cycle4/answer34/results/per_input_status.jsonl,42
cycle4,answer34,M4,a1_binding_scoped,d00042,False,True,complete,1,scored,True,True,True,False,,1,current_run,cycle4/answer34/results/per_input_status.jsonl,43
cycle4,answer34,M4,a1_binding_scoped,d00046,True,True,complete,1,scored,True,True,False,False,,1,current_run,cycle4/answer34/results/per_input_status.jsonl,44
cycle4,answer34,M4,a1_binding_scoped,d00047,True,True,complete,1,scored,True,True,False,False,,1,current_run,cycle4/answer34/results/per_input_status.jsonl,45
cycle4,answer34,M4,a1_binding_scoped,d00050,False,True,complete,1,scored,True,True,True,False,,1,current_run,cycle4/answer34/results/per_input_status.jsonl,46
cycle4,answer34,M4,a1_binding_scoped,d00054,False,True,complete,1,scored,True,True,False,False,,2,current_run,cycle4/answer34/results/per_input_status.jsonl,47
cycle4,answer34,M4,a1_binding_scoped,d00055,True,True,complete,3,scored,True,True,False,False,,1,current_run,cycle4/answer34/results/per_input_status.jsonl,48
cycle4,answer34,M4,a1_binding_scoped,d00057,True,True,complete,1,scored,True,True,False,False,,1,current_run,cycle4/answer34/results/per_input_status.jsonl,49
cycle4,answer34,M4,a1_binding_scoped,d00058,False,True,complete,3,scored,True,True,False,False,,1,current_run,cycle4/answer34/results/per_input_status.jsonl,50
cycle4,answer34,M4,a1_binding_scoped,d00059,False,True,complete,1,scored,True,True,False,False,,1,current_run,cycle4/answer34/results/per_input_status.jsonl,51
cycle4,answer34,M4,a1_binding_scoped,d00062,True,True,complete,1,scored,True,True,False,False,,2,current_run,cycle4/answer34/results/per_input_status.jsonl,52
cycle4,answer34,M4,a1_binding_scoped,d00068,True,True,complete,1,scored,True,True,False,False,,1,current_run,cycle4/answer34/results/per_input_status.jsonl,53
cycle4,answer34,M4,a1_binding_scoped,d00072,False,True,complete,1,scored,True,True,False,False,,1,current_run,cycle4/answer34/results/per_input_status.jsonl,54
cycle4,answer34,M4,a1_binding_scoped,d00077,,False,unavailable,1,not_scored,True,True,False,True,native_output_invalid_after_one_repair,2,current_run,cycle4/answer34/results/per_input_status.jsonl,55
cycle4,answer34,M4,a1_binding_scoped,d00078,True,True,complete,1,scored,True,True,False,False,,1,current_run,cycle4/answer34/results/per_input_status.jsonl,56
cycle4,answer34,M4,a1_binding_scoped,d00081,True,True,complete,1,scored,True,True,False,False,,1,current_run,cycle4/answer34/results/per_input_status.jsonl,57
cycle4,answer34,M4,a1_binding_scoped,d00084,True,True,complete,4,scored,True,True,True,False,,1,current_run,cycle4/answer34/results/per_input_status.jsonl,58
cycle4,answer34,M4,a1_binding_scoped,d00088,True,True,complete,1,scored,True,True,False,False,,1,current_run,cycle4/answer34/results/per_input_status.jsonl,59
cycle4,answer34,M4,a1_binding_scoped,d00089,False,True,complete,1,scored,True,True,False,False,,1,current_run,cycle4/answer34/results/per_input_status.jsonl,60
cycle4,answer34,M4,a1_binding_scoped,d00090,True,True,complete,1,scored,True,True,False,False,,1,current_run,cycle4/answer34/results/per_input_status.jsonl,61
cycle4,answer34,M4,a1_binding_scoped,d00094,True,True,complete,1,scored,True,True,False,False,,1,current_run,cycle4/answer34/results/per_input_status.jsonl,62
cycle4,answer34,M4,a1_binding_scoped,d00096,False,True,complete,1,scored,True,True,True,False,,1,current_run,cycle4/answer34/results/per_input_status.jsonl,63
cycle4,answer34,M4,a1_binding_scoped,d00100,True,True,complete,1,scored,True,True,False,False,,1,current_run,cycle4/answer34/results/per_input_status.jsonl,64
cycle4,answer34,M4,a1_binding_scoped,d00106,True,True,complete,1,scored,True,True,False,False,,1,current_run,cycle4/answer34/results/per_input_status.jsonl,65
cycle4,answer34,M4,a1_binding_scoped,d00113,True,True,complete,1,scored,True,True,False,False,,1,current_run,cycle4/answer34/results/per_input_status.jsonl,66
cycle4,answer34,M4,a1_binding_scoped,d00115,True,True,complete,1,scored,True,True,False,False,,1,current_run,cycle4/answer34/results/per_input_status.jsonl,67
cycle4,answer34,M4,a1_binding_scoped,d00120,True,True,complete,1,scored,True,True,False,False,,1,current_run,cycle4/answer34/results/per_input_status.jsonl,68
cycle4,answer34,M4,a1_binding_ordinary,d00010,False,True,complete,1,scored,True,True,False,False,,1,current_run,cycle4/answer34/results/per_input_status.jsonl,69
cycle4,answer34,M4,a1_binding_ordinary,d00015,False,True,complete,1,scored,True,True,False,False,,1,current_run,cycle4/answer34/results/per_input_status.jsonl,70
cycle4,answer34,M4,a1_binding_ordinary,d00018,False,True,complete,1,scored,True,True,True,False,,2,current_run,cycle4/answer34/results/per_input_status.jsonl,71
cycle4,answer34,M4,a1_binding_ordinary,d00019,True,True,complete,1,scored,True,True,False,False,,1,current_run,cycle4/answer34/results/per_input_status.jsonl,72
cycle4,answer34,M4,a1_binding_ordinary,d00021,False,True,complete,1,scored,True,True,True,False,,1,current_run,cycle4/answer34/results/per_input_status.jsonl,73
cycle4,answer34,M4,a1_binding_ordinary,d00026,True,True,complete,1,scored,True,True,False,False,,1,current_run,cycle4/answer34/results/per_input_status.jsonl,74
cycle4,answer34,M4,a1_binding_ordinary,d00035,False,True,complete,1,scored,True,True,True,False,,1,current_run,cycle4/answer34/results/per_input_status.jsonl,75
cycle4,answer34,M4,a1_binding_ordinary,d00036,False,True,complete,1,scored,True,True,False,False,,1,current_run,cycle4/answer34/results/per_input_status.jsonl,76
cycle4,answer34,M4,a1_binding_ordinary,d00042,True,True,complete,1,scored,True,True,False,False,,1,current_run,cycle4/answer34/results/per_input_status.jsonl,77
cycle4,answer34,M4,a1_binding_ordinary,d00046,True,True,complete,1,scored,True,True,False,False,,1,current_run,cycle4/answer34/results/per_input_status.jsonl,78
cycle4,answer34,M4,a1_binding_ordinary,d00047,True,True,complete,1,scored,True,True,False,False,,1,current_run,cycle4/answer34/results/per_input_status.jsonl,79
cycle4,answer34,M4,a1_binding_ordinary,d00050,False,True,complete,1,scored,True,True,True,False,,1,current_run,cycle4/answer34/results/per_input_status.jsonl,80
cycle4,answer34,M4,a1_binding_ordinary,d00054,False,True,complete,1,scored,True,True,False,False,,2,current_run,cycle4/answer34/results/per_input_status.jsonl,81
cycle4,answer34,M4,a1_binding_ordinary,d00055,True,True,complete,3,scored,True,True,False,False,,1,current_run,cycle4/answer34/results/per_input_status.jsonl,82
cycle4,answer34,M4,a1_binding_ordinary,d00057,True,True,complete,1,scored,True,True,False,False,,1,current_run,cycle4/answer34/results/per_input_status.jsonl,83
cycle4,answer34,M4,a1_binding_ordinary,d00058,False,True,complete,3,scored,True,True,False,False,,1,current_run,cycle4/answer34/results/per_input_status.jsonl,84
cycle4,answer34,M4,a1_binding_ordinary,d00059,False,True,complete,1,scored,True,True,False,False,,1,current_run,cycle4/answer34/results/per_input_status.jsonl,85
cycle4,answer34,M4,a1_binding_ordinary,d00062,True,True,complete,1,scored,True,True,False,False,,2,current_run,cycle4/answer34/results/per_input_status.jsonl,86
cycle4,answer34,M4,a1_binding_ordinary,d00068,True,True,complete,1,scored,True,True,False,False,,1,current_run,cycle4/answer34/results/per_input_status.jsonl,87
cycle4,answer34,M4,a1_binding_ordinary,d00072,False,True,complete,1,scored,True,True,False,False,,1,current_run,cycle4/answer34/results/per_input_status.jsonl,88
cycle4,answer34,M4,a1_binding_ordinary,d00077,,False,unavailable,1,not_scored,True,True,False,True,native_output_invalid_after_one_repair,2,current_run,cycle4/answer34/results/per_input_status.jsonl,89
cycle4,answer34,M4,a1_binding_ordinary,d00078,True,True,complete,1,scored,True,True,False,False,,1,current_run,cycle4/answer34/results/per_input_status.jsonl,90
cycle4,answer34,M4,a1_binding_ordinary,d00081,True,True,complete,1,scored,True,True,False,False,,1,current_run,cycle4/answer34/results/per_input_status.jsonl,91
cycle4,answer34,M4,a1_binding_ordinary,d00084,True,True,complete,4,scored,True,True,True,False,,1,current_run,cycle4/answer34/results/per_input_status.jsonl,92
cycle4,answer34,M4,a1_binding_ordinary,d00088,True,True,complete,1,scored,True,True,False,False,,1,current_run,cycle4/answer34/results/per_input_status.jsonl,93
cycle4,answer34,M4,a1_binding_ordinary,d00089,False,True,complete,1,scored,True,True,False,False,,1,current_run,cycle4/answer34/results/per_input_status.jsonl,94
cycle4,answer34,M4,a1_binding_ordinary,d00090,True,True,complete,1,scored,True,True,False,False,,1,current_run,cycle4/answer34/results/per_input_status.jsonl,95
cycle4,answer34,M4,a1_binding_ordinary,d00094,True,True,complete,1,scored,True,True,False,False,,1,current_run,cycle4/answer34/results/per_input_status.jsonl,96
cycle4,answer34,M4,a1_binding_ordinary,d00096,False,True,complete,1,scored,True,True,True,False,,1,current_run,cycle4/answer34/results/per_input_status.jsonl,97
cycle4,answer34,M4,a1_binding_ordinary,d00100,True,True,complete,1,scored,True,True,False,False,,1,current_run,cycle4/answer34/results/per_input_status.jsonl,98
cycle4,answer34,M4,a1_binding_ordinary,d00106,True,True,complete,1,scored,True,True,False,False,,1,current_run,cycle4/answer34/results/per_input_status.jsonl,99
cycle4,answer34,M4,a1_binding_ordinary,d00113,True,True,complete,1,scored,True,True,False,False,,1,current_run,cycle4/answer34/results/per_input_status.jsonl,100
cycle4,answer34,M4,a1_binding_ordinary,d00115,True,True,complete,1,scored,True,True,False,False,,1,current_run,cycle4/answer34/results/per_input_status.jsonl,101
cycle4,answer34,M4,a1_binding_ordinary,d00120,True,True,complete,1,scored,True,True,False,False,,1,current_run,cycle4/answer34/results/per_input_status.jsonl,102
cycle4,answer34,M4,a1_binding_verdict_only,d00010,False,True,complete,1,scored,True,True,False,False,,1,current_run,cycle4/answer34/results/per_input_status.jsonl,103
cycle4,answer34,M4,a1_binding_verdict_only,d00015,False,True,complete,1,scored,True,True,False,False,,1,current_run,cycle4/answer34/results/per_input_status.jsonl,104
cycle4,answer34,M4,a1_binding_verdict_only,d00018,False,True,complete,1,scored,True,True,True,False,,2,current_run,cycle4/answer34/results/per_input_status.jsonl,105
cycle4,answer34,M4,a1_binding_verdict_only,d00019,True,True,complete,1,scored,True,True,False,False,,1,current_run,cycle4/answer34/results/per_input_status.jsonl,106
cycle4,answer34,M4,a1_binding_verdict_only,d00021,True,True,complete,1,scored,True,True,False,False,,1,current_run,cycle4/answer34/results/per_input_status.jsonl,107
cycle4,answer34,M4,a1_binding_verdict_only,d00026,True,True,complete,1,scored,True,True,False,False,,1,current_run,cycle4/answer34/results/per_input_status.jsonl,108
cycle4,answer34,M4,a1_binding_verdict_only,d00035,False,True,complete,1,scored,True,True,True,False,,1,current_run,cycle4/answer34/results/per_input_status.jsonl,109
cycle4,answer34,M4,a1_binding_verdict_only,d00036,False,True,complete,1,scored,True,True,False,False,,1,current_run,cycle4/answer34/results/per_input_status.jsonl,110
cycle4,answer34,M4,a1_binding_verdict_only,d00042,True,True,complete,1,scored,True,True,False,False,,1,current_run,cycle4/answer34/results/per_input_status.jsonl,111
cycle4,answer34,M4,a1_binding_verdict_only,d00046,True,True,complete,1,scored,True,True,False,False,,1,current_run,cycle4/answer34/results/per_input_status.jsonl,112
cycle4,answer34,M4,a1_binding_verdict_only,d00047,True,True,complete,1,scored,True,True,False,False,,1,current_run,cycle4/answer34/results/per_input_status.jsonl,113
cycle4,answer34,M4,a1_binding_verdict_only,d00050,False,True,complete,1,scored,True,True,True,False,,1,current_run,cycle4/answer34/results/per_input_status.jsonl,114
cycle4,answer34,M4,a1_binding_verdict_only,d00054,False,True,complete,1,scored,True,True,False,False,,2,current_run,cycle4/answer34/results/per_input_status.jsonl,115
cycle4,answer34,M4,a1_binding_verdict_only,d00055,True,True,complete,3,scored,True,True,False,False,,1,current_run,cycle4/answer34/results/per_input_status.jsonl,116
cycle4,answer34,M4,a1_binding_verdict_only,d00057,True,True,complete,1,scored,True,True,False,False,,1,current_run,cycle4/answer34/results/per_input_status.jsonl,117
cycle4,answer34,M4,a1_binding_verdict_only,d00058,False,True,complete,3,scored,True,True,False,False,,1,current_run,cycle4/answer34/results/per_input_status.jsonl,118
cycle4,answer34,M4,a1_binding_verdict_only,d00059,False,True,complete,1,scored,True,True,False,False,,1,current_run,cycle4/answer34/results/per_input_status.jsonl,119
cycle4,answer34,M4,a1_binding_verdict_only,d00062,True,True,complete,1,scored,True,True,False,False,,2,current_run,cycle4/answer34/results/per_input_status.jsonl,120
cycle4,answer34,M4,a1_binding_verdict_only,d00068,False,True,complete,1,scored,True,True,True,False,,1,current_run,cycle4/answer34/results/per_input_status.jsonl,121
cycle4,answer34,M4,a1_binding_verdict_only,d00072,False,True,complete,1,scored,True,True,False,False,,1,current_run,cycle4/answer34/results/per_input_status.jsonl,122
cycle4,answer34,M4,a1_binding_verdict_only,d00077,,False,unavailable,1,not_scored,True,True,False,True,native_output_invalid_after_one_repair,2,current_run,cycle4/answer34/results/per_input_status.jsonl,123
cycle4,answer34,M4,a1_binding_verdict_only,d00078,True,True,complete,1,scored,True,True,False,False,,1,current_run,cycle4/answer34/results/per_input_status.jsonl,124
cycle4,answer34,M4,a1_binding_verdict_only,d00081,True,True,complete,1,scored,True,True,False,False,,1,current_run,cycle4/answer34/results/per_input_status.jsonl,125
cycle4,answer34,M4,a1_binding_verdict_only,d00084,True,True,complete,4,scored,True,True,True,False,,1,current_run,cycle4/answer34/results/per_input_status.jsonl,126
cycle4,answer34,M4,a1_binding_verdict_only,d00088,True,True,complete,1,scored,True,True,False,False,,1,current_run,cycle4/answer34/results/per_input_status.jsonl,127
cycle4,answer34,M4,a1_binding_verdict_only,d00089,False,True,complete,1,scored,True,True,False,False,,1,current_run,cycle4/answer34/results/per_input_status.jsonl,128
cycle4,answer34,M4,a1_binding_verdict_only,d00090,True,True,complete,1,scored,True,True,False,False,,1,current_run,cycle4/answer34/results/per_input_status.jsonl,129
cycle4,answer34,M4,a1_binding_verdict_only,d00094,True,True,complete,1,scored,True,True,False,False,,1,current_run,cycle4/answer34/results/per_input_status.jsonl,130
cycle4,answer34,M4,a1_binding_verdict_only,d00096,False,True,complete,1,scored,True,True,True,False,,1,current_run,cycle4/answer34/results/per_input_status.jsonl,131
cycle4,answer34,M4,a1_binding_verdict_only,d00100,True,True,complete,1,scored,True,True,False,False,,1,current_run,cycle4/answer34/results/per_input_status.jsonl,132
cycle4,answer34,M4,a1_binding_verdict_only,d00106,True,True,complete,1,scored,True,True,False,False,,1,current_run,cycle4/answer34/results/per_input_status.jsonl,133
cycle4,answer34,M4,a1_binding_verdict_only,d00113,True,True,complete,1,scored,True,True,False,False,,1,current_run,cycle4/answer34/results/per_input_status.jsonl,134
cycle4,answer34,M4,a1_binding_verdict_only,d00115,True,True,complete,1,scored,True,True,False,False,,1,current_run,cycle4/answer34/results/per_input_status.jsonl,135
cycle4,answer34,M4,a1_binding_verdict_only,d00120,True,True,complete,1,scored,True,True,False,False,,1,current_run,cycle4/answer34/results/per_input_status.jsonl,136
cycle4,answer34,M5,baseline,d00010,False,True,cached_baseline,1,scored,False,False,False,False,,0,saved_cache,cycle4/answer34/results/per_input_status.jsonl,137
cycle4,answer34,M5,baseline,d00015,False,True,cached_baseline,1,scored,False,False,False,False,,0,saved_cache,cycle4/answer34/results/per_input_status.jsonl,138
cycle4,answer34,M5,baseline,d00018,True,True,cached_baseline,1,scored,False,False,False,False,,0,saved_cache,cycle4/answer34/results/per_input_status.jsonl,139
cycle4,answer34,M5,baseline,d00019,True,True,cached_baseline,1,scored,False,False,False,False,,0,saved_cache,cycle4/answer34/results/per_input_status.jsonl,140
cycle4,answer34,M5,baseline,d00021,True,True,cached_baseline,1,scored,False,False,False,False,,0,saved_cache,cycle4/answer34/results/per_input_status.jsonl,141
cycle4,answer34,M5,baseline,d00026,False,True,cached_baseline,1,scored,False,False,False,False,,0,saved_cache,cycle4/answer34/results/per_input_status.jsonl,142
cycle4,answer34,M5,baseline,d00035,False,True,cached_baseline,1,scored,False,False,False,False,,0,saved_cache,cycle4/answer34/results/per_input_status.jsonl,143
cycle4,answer34,M5,baseline,d00036,False,True,cached_baseline,1,scored,False,False,False,False,,0,saved_cache,cycle4/answer34/results/per_input_status.jsonl,144
cycle4,answer34,M5,baseline,d00042,False,True,cached_baseline,1,scored,False,False,False,False,,0,saved_cache,cycle4/answer34/results/per_input_status.jsonl,145
cycle4,answer34,M5,baseline,d00046,True,True,cached_baseline,1,scored,False,False,False,False,,0,saved_cache,cycle4/answer34/results/per_input_status.jsonl,146
cycle4,answer34,M5,baseline,d00047,True,True,cached_baseline,1,scored,False,False,False,False,,0,saved_cache,cycle4/answer34/results/per_input_status.jsonl,147
cycle4,answer34,M5,baseline,d00050,,False,cached_baseline,1,not_scored,False,False,False,False,baseline_native_schema_invalid,0,saved_cache,cycle4/answer34/results/per_input_status.jsonl,148
cycle4,answer34,M5,baseline,d00054,True,True,cached_baseline,1,scored,False,False,False,False,,0,saved_cache,cycle4/answer34/results/per_input_status.jsonl,149
cycle4,answer34,M5,baseline,d00055,True,True,cached_baseline,3,scored,False,False,False,False,,0,saved_cache,cycle4/answer34/results/per_input_status.jsonl,150
cycle4,answer34,M5,baseline,d00057,False,True,cached_baseline,1,scored,False,False,False,False,,0,saved_cache,cycle4/answer34/results/per_input_status.jsonl,151
cycle4,answer34,M5,baseline,d00058,True,True,cached_baseline,3,scored,False,False,False,False,,0,saved_cache,cycle4/answer34/results/per_input_status.jsonl,152
cycle4,answer34,M5,baseline,d00059,False,True,cached_baseline,1,scored,False,False,False,False,,0,saved_cache,cycle4/answer34/results/per_input_status.jsonl,153
cycle4,answer34,M5,baseline,d00062,True,True,cached_baseline,1,scored,False,False,False,False,,0,saved_cache,cycle4/answer34/results/per_input_status.jsonl,154
cycle4,answer34,M5,baseline,d00068,True,True,cached_baseline,1,scored,False,False,False,False,,0,saved_cache,cycle4/answer34/results/per_input_status.jsonl,155
cycle4,answer34,M5,baseline,d00072,False,True,cached_baseline,1,scored,False,False,False,False,,0,saved_cache,cycle4/answer34/results/per_input_status.jsonl,156
cycle4,answer34,M5,baseline,d00077,True,True,cached_baseline,1,scored,False,False,False,False,,0,saved_cache,cycle4/answer34/results/per_input_status.jsonl,157
cycle4,answer34,M5,baseline,d00078,True,True,cached_baseline,1,scored,False,False,False,False,,0,saved_cache,cycle4/answer34/results/per_input_status.jsonl,158
cycle4,answer34,M5,baseline,d00081,False,True,cached_baseline,1,scored,False,False,False,False,,0,saved_cache,cycle4/answer34/results/per_input_status.jsonl,159
cycle4,answer34,M5,baseline,d00084,False,True,cached_baseline,4,scored,False,False,False,False,,0,saved_cache,cycle4/answer34/results/per_input_status.jsonl,160
cycle4,answer34,M5,baseline,d00088,False,True,cached_baseline,1,scored,False,False,False,False,,0,saved_cache,cycle4/answer34/results/per_input_status.jsonl,161
cycle4,answer34,M5,baseline,d00089,False,True,cached_baseline,1,scored,False,False,False,False,,0,saved_cache,cycle4/answer34/results/per_input_status.jsonl,162
cycle4,answer34,M5,baseline,d00090,True,True,cached_baseline,1,scored,False,False,False,False,,0,saved_cache,cycle4/answer34/results/per_input_status.jsonl,163
cycle4,answer34,M5,baseline,d00094,False,True,cached_baseline,1,scored,False,False,False,False,,0,saved_cache,cycle4/answer34/results/per_input_status.jsonl,164
cycle4,answer34,M5,baseline,d00096,True,True,cached_baseline,1,scored,False,False,False,False,,0,saved_cache,cycle4/answer34/results/per_input_status.jsonl,165
cycle4,answer34,M5,baseline,d00100,True,True,cached_baseline,1,scored,False,False,False,False,,0,saved_cache,cycle4/answer34/results/per_input_status.jsonl,166
cycle4,answer34,M5,baseline,d00106,True,True,cached_baseline,1,scored,False,False,False,False,,0,saved_cache,cycle4/answer34/results/per_input_status.jsonl,167
cycle4,answer34,M5,baseline,d00113,True,True,cached_baseline,1,scored,False,False,False,False,,0,saved_cache,cycle4/answer34/results/per_input_status.jsonl,168
cycle4,answer34,M5,baseline,d00115,True,True,cached_baseline,1,scored,False,False,False,False,,0,saved_cache,cycle4/answer34/results/per_input_status.jsonl,169
cycle4,answer34,M5,baseline,d00120,True,True,cached_baseline,1,scored,False,False,False,False,,0,saved_cache,cycle4/answer34/results/per_input_status.jsonl,170
cycle4,answer34,M5,a1_binding_scoped,d00010,False,True,complete,1,scored,True,True,False,False,,1,current_run,cycle4/answer34/results/per_input_status.jsonl,171
cycle4,answer34,M5,a1_binding_scoped,d00015,False,True,complete,1,scored,True,True,False,False,,1,current_run,cycle4/answer34/results/per_input_status.jsonl,172
cycle4,answer34,M5,a1_binding_scoped,d00018,False,True,complete,1,scored,True,True,True,False,,1,current_run,cycle4/answer34/results/per_input_status.jsonl,173
cycle4,answer34,M5,a1_binding_scoped,d00019,True,True,complete,1,scored,True,True,False,False,,1,current_run,cycle4/answer34/results/per_input_status.jsonl,174
cycle4,answer34,M5,a1_binding_scoped,d00021,True,True,complete,1,scored,True,True,False,False,,1,current_run,cycle4/answer34/results/per_input_status.jsonl,175
cycle4,answer34,M5,a1_binding_scoped,d00026,False,True,complete,1,scored,True,True,False,False,,1,current_run,cycle4/answer34/results/per_input_status.jsonl,176
cycle4,answer34,M5,a1_binding_scoped,d00035,False,True,complete,1,scored,True,True,False,False,,1,current_run,cycle4/answer34/results/per_input_status.jsonl,177
cycle4,answer34,M5,a1_binding_scoped,d00036,False,True,complete,1,scored,True,True,False,False,,1,current_run,cycle4/answer34/results/per_input_status.jsonl,178
cycle4,answer34,M5,a1_binding_scoped,d00042,False,True,complete,1,scored,True,True,False,False,,1,current_run,cycle4/answer34/results/per_input_status.jsonl,179
cycle4,answer34,M5,a1_binding_scoped,d00046,True,True,complete,1,scored,True,True,False,False,,1,current_run,cycle4/answer34/results/per_input_status.jsonl,180
cycle4,answer34,M5,a1_binding_scoped,d00047,False,True,complete,1,scored,True,True,True,False,,1,current_run,cycle4/answer34/results/per_input_status.jsonl,181
cycle4,answer34,M5,a1_binding_scoped,d00050,,False,unavailable,1,not_scored,False,False,False,False,baseline_native_invalid,0,current_run,cycle4/answer34/results/per_input_status.jsonl,182
cycle4,answer34,M5,a1_binding_scoped,d00054,True,True,complete,1,scored,True,True,False,False,,1,current_run,cycle4/answer34/results/per_input_status.jsonl,183
cycle4,answer34,M5,a1_binding_scoped,d00055,True,True,complete,3,scored,True,True,False,False,,1,current_run,cycle4/answer34/results/per_input_status.jsonl,184
cycle4,answer34,M5,a1_binding_scoped,d00057,False,True,complete,1,scored,True,True,False,False,,1,current_run,cycle4/answer34/results/per_input_status.jsonl,185
cycle4,answer34,M5,a1_binding_scoped,d00058,False,True,complete,3,scored,True,True,True,False,,1,current_run,cycle4/answer34/results/per_input_status.jsonl,186
cycle4,answer34,M5,a1_binding_scoped,d00059,False,True,complete,1,scored,True,True,False,False,,1,current_run,cycle4/answer34/results/per_input_status.jsonl,187
cycle4,answer34,M5,a1_binding_scoped,d00062,True,True,complete,1,scored,True,True,False,False,,1,current_run,cycle4/answer34/results/per_input_status.jsonl,188
cycle4,answer34,M5,a1_binding_scoped,d00068,True,True,complete,1,scored,True,True,False,False,,1,current_run,cycle4/answer34/results/per_input_status.jsonl,189
cycle4,answer34,M5,a1_binding_scoped,d00072,False,True,complete,1,scored,True,True,False,False,,1,current_run,cycle4/answer34/results/per_input_status.jsonl,190
cycle4,answer34,M5,a1_binding_scoped,d00077,True,True,complete,1,scored,True,True,False,False,,1,current_run,cycle4/answer34/results/per_input_status.jsonl,191
cycle4,answer34,M5,a1_binding_scoped,d00078,True,True,complete,1,scored,True,True,False,False,,1,current_run,cycle4/answer34/results/per_input_status.jsonl,192
cycle4,answer34,M5,a1_binding_scoped,d00081,False,True,complete,1,scored,True,True,False,False,,1,current_run,cycle4/answer34/results/per_input_status.jsonl,193
cycle4,answer34,M5,a1_binding_scoped,d00084,False,True,complete,4,scored,True,True,False,False,,1,current_run,cycle4/answer34/results/per_input_status.jsonl,194
cycle4,answer34,M5,a1_binding_scoped,d00088,False,True,complete,1,scored,True,True,False,False,,1,current_run,cycle4/answer34/results/per_input_status.jsonl,195
cycle4,answer34,M5,a1_binding_scoped,d00089,False,True,complete,1,scored,True,True,False,False,,1,current_run,cycle4/answer34/results/per_input_status.jsonl,196
cycle4,answer34,M5,a1_binding_scoped,d00090,True,True,complete,1,scored,True,True,False,False,,1,current_run,cycle4/answer34/results/per_input_status.jsonl,197
cycle4,answer34,M5,a1_binding_scoped,d00094,False,True,complete,1,scored,True,True,False,False,,1,current_run,cycle4/answer34/results/per_input_status.jsonl,198
cycle4,answer34,M5,a1_binding_scoped,d00096,True,True,complete,1,scored,True,True,False,False,,1,current_run,cycle4/answer34/results/per_input_status.jsonl,199
cycle4,answer34,M5,a1_binding_scoped,d00100,True,True,complete,1,scored,True,True,False,False,,1,current_run,cycle4/answer34/results/per_input_status.jsonl,200
cycle4,answer34,M5,a1_binding_scoped,d00106,True,True,complete,1,scored,True,True,False,False,,1,current_run,cycle4/answer34/results/per_input_status.jsonl,201
cycle4,answer34,M5,a1_binding_scoped,d00113,True,True,complete,1,scored,True,True,False,False,,1,current_run,cycle4/answer34/results/per_input_status.jsonl,202
cycle4,answer34,M5,a1_binding_scoped,d00115,True,True,complete,1,scored,True,True,False,False,,1,current_run,cycle4/answer34/results/per_input_status.jsonl,203
cycle4,answer34,M5,a1_binding_scoped,d00120,False,True,complete,1,scored,True,True,True,False,,1,current_run,cycle4/answer34/results/per_input_status.jsonl,204
cycle4,answer34,M5,a1_binding_ordinary,d00010,False,True,complete,1,scored,True,True,False,False,,1,current_run,cycle4/answer34/results/per_input_status.jsonl,205
cycle4,answer34,M5,a1_binding_ordinary,d00015,False,True,complete,1,scored,True,True,False,False,,1,current_run,cycle4/answer34/results/per_input_status.jsonl,206
cycle4,answer34,M5,a1_binding_ordinary,d00018,False,True,complete,1,scored,True,True,True,False,,1,current_run,cycle4/answer34/results/per_input_status.jsonl,207
cycle4,answer34,M5,a1_binding_ordinary,d00019,True,True,complete,1,scored,True,True,False,False,,1,current_run,cycle4/answer34/results/per_input_status.jsonl,208
cycle4,answer34,M5,a1_binding_ordinary,d00021,True,True,complete,1,scored,True,True,False,False,,1,current_run,cycle4/answer34/results/per_input_status.jsonl,209
cycle4,answer34,M5,a1_binding_ordinary,d00026,False,True,complete,1,scored,True,True,False,False,,1,current_run,cycle4/answer34/results/per_input_status.jsonl,210
cycle4,answer34,M5,a1_binding_ordinary,d00035,False,True,complete,1,scored,True,True,False,False,,1,current_run,cycle4/answer34/results/per_input_status.jsonl,211
cycle4,answer34,M5,a1_binding_ordinary,d00036,False,True,complete,1,scored,True,True,False,False,,1,current_run,cycle4/answer34/results/per_input_status.jsonl,212
cycle4,answer34,M5,a1_binding_ordinary,d00042,False,True,complete,1,scored,True,True,False,False,,1,current_run,cycle4/answer34/results/per_input_status.jsonl,213
cycle4,answer34,M5,a1_binding_ordinary,d00046,True,True,complete,1,scored,True,True,False,False,,1,current_run,cycle4/answer34/results/per_input_status.jsonl,214
cycle4,answer34,M5,a1_binding_ordinary,d00047,False,True,complete,1,scored,True,True,True,False,,1,current_run,cycle4/answer34/results/per_input_status.jsonl,215
cycle4,answer34,M5,a1_binding_ordinary,d00050,,False,unavailable,1,not_scored,False,False,False,False,baseline_native_invalid,0,current_run,cycle4/answer34/results/per_input_status.jsonl,216
cycle4,answer34,M5,a1_binding_ordinary,d00054,True,True,complete,1,scored,True,True,False,False,,1,current_run,cycle4/answer34/results/per_input_status.jsonl,217
cycle4,answer34,M5,a1_binding_ordinary,d00055,True,True,complete,3,scored,True,True,False,False,,1,current_run,cycle4/answer34/results/per_input_status.jsonl,218
cycle4,answer34,M5,a1_binding_ordinary,d00057,False,True,complete,1,scored,True,True,False,False,,1,current_run,cycle4/answer34/results/per_input_status.jsonl,219
cycle4,answer34,M5,a1_binding_ordinary,d00058,False,True,complete,3,scored,True,True,True,False,,1,current_run,cycle4/answer34/results/per_input_status.jsonl,220
cycle4,answer34,M5,a1_binding_ordinary,d00059,False,True,complete,1,scored,True,True,False,False,,1,current_run,cycle4/answer34/results/per_input_status.jsonl,221
cycle4,answer34,M5,a1_binding_ordinary,d00062,False,True,complete,1,scored,True,True,True,False,,1,current_run,cycle4/answer34/results/per_input_status.jsonl,222
cycle4,answer34,M5,a1_binding_ordinary,d00068,True,True,complete,1,scored,True,True,False,False,,1,current_run,cycle4/answer34/results/per_input_status.jsonl,223
cycle4,answer34,M5,a1_binding_ordinary,d00072,False,True,complete,1,scored,True,True,False,False,,1,current_run,cycle4/answer34/results/per_input_status.jsonl,224
cycle4,answer34,M5,a1_binding_ordinary,d00077,True,True,complete,1,scored,True,True,False,False,,1,current_run,cycle4/answer34/results/per_input_status.jsonl,225
cycle4,answer34,M5,a1_binding_ordinary,d00078,True,True,complete,1,scored,True,True,False,False,,1,current_run,cycle4/answer34/results/per_input_status.jsonl,226
cycle4,answer34,M5,a1_binding_ordinary,d00081,False,True,complete,1,scored,True,True,False,False,,1,current_run,cycle4/answer34/results/per_input_status.jsonl,227
cycle4,answer34,M5,a1_binding_ordinary,d00084,False,True,complete,4,scored,True,True,False,False,,1,current_run,cycle4/answer34/results/per_input_status.jsonl,228
cycle4,answer34,M5,a1_binding_ordinary,d00088,False,True,complete,1,scored,True,True,False,False,,1,current_run,cycle4/answer34/results/per_input_status.jsonl,229
cycle4,answer34,M5,a1_binding_ordinary,d00089,False,True,complete,1,scored,True,True,False,False,,1,current_run,cycle4/answer34/results/per_input_status.jsonl,230
cycle4,answer34,M5,a1_binding_ordinary,d00090,True,True,complete,1,scored,True,True,False,False,,1,current_run,cycle4/answer34/results/per_input_status.jsonl,231
cycle4,answer34,M5,a1_binding_ordinary,d00094,False,True,complete,1,scored,True,True,False,False,,1,current_run,cycle4/answer34/results/per_input_status.jsonl,232
cycle4,answer34,M5,a1_binding_ordinary,d00096,True,True,complete,1,scored,True,True,False,False,,1,current_run,cycle4/answer34/results/per_input_status.jsonl,233
cycle4,answer34,M5,a1_binding_ordinary,d00100,True,True,complete,1,scored,True,True,False,False,,1,current_run,cycle4/answer34/results/per_input_status.jsonl,234
cycle4,answer34,M5,a1_binding_ordinary,d00106,True,True,complete,1,scored,True,True,False,False,,1,current_run,cycle4/answer34/results/per_input_status.jsonl,235
cycle4,answer34,M5,a1_binding_ordinary,d00113,True,True,complete,1,scored,True,True,False,False,,1,current_run,cycle4/answer34/results/per_input_status.jsonl,236
cycle4,answer34,M5,a1_binding_ordinary,d00115,True,True,complete,1,scored,True,True,False,False,,1,current_run,cycle4/answer34/results/per_input_status.jsonl,237
cycle4,answer34,M5,a1_binding_ordinary,d00120,False,True,complete,1,scored,True,True,True,False,,1,current_run,cycle4/answer34/results/per_input_status.jsonl,238
cycle4,answer34,M5,a1_binding_verdict_only,d00010,False,True,complete,1,scored,True,True,False,False,,1,current_run,cycle4/answer34/results/per_input_status.jsonl,239
cycle4,answer34,M5,a1_binding_verdict_only,d00015,False,True,complete,1,scored,True,True,False,False,,1,current_run,cycle4/answer34/results/per_input_status.jsonl,240
cycle4,answer34,M5,a1_binding_verdict_only,d00018,False,True,complete,1,scored,True,True,True,False,,1,current_run,cycle4/answer34/results/per_input_status.jsonl,241
cycle4,answer34,M5,a1_binding_verdict_only,d00019,True,True,complete,1,scored,True,True,False,False,,1,current_run,cycle4/answer34/results/per_input_status.jsonl,242
cycle4,answer34,M5,a1_binding_verdict_only,d00021,True,True,complete,1,scored,True,True,False,False,,1,current_run,cycle4/answer34/results/per_input_status.jsonl,243
cycle4,answer34,M5,a1_binding_verdict_only,d00026,False,True,complete,1,scored,True,True,False,False,,1,current_run,cycle4/answer34/results/per_input_status.jsonl,244
cycle4,answer34,M5,a1_binding_verdict_only,d00035,False,True,complete,1,scored,True,True,True,False,,1,current_run,cycle4/answer34/results/per_input_status.jsonl,245
cycle4,answer34,M5,a1_binding_verdict_only,d00036,False,True,complete,1,scored,True,True,False,False,,1,current_run,cycle4/answer34/results/per_input_status.jsonl,246
cycle4,answer34,M5,a1_binding_verdict_only,d00042,False,True,complete,1,scored,True,True,False,False,,1,current_run,cycle4/answer34/results/per_input_status.jsonl,247
cycle4,answer34,M5,a1_binding_verdict_only,d00046,True,True,complete,1,scored,True,True,False,False,,1,current_run,cycle4/answer34/results/per_input_status.jsonl,248
cycle4,answer34,M5,a1_binding_verdict_only,d00047,False,True,complete,1,scored,True,True,True,False,,1,current_run,cycle4/answer34/results/per_input_status.jsonl,249
cycle4,answer34,M5,a1_binding_verdict_only,d00050,,False,unavailable,1,not_scored,False,False,False,False,baseline_native_invalid,0,current_run,cycle4/answer34/results/per_input_status.jsonl,250
cycle4,answer34,M5,a1_binding_verdict_only,d00054,True,True,complete,1,scored,True,True,False,False,,1,current_run,cycle4/answer34/results/per_input_status.jsonl,251
cycle4,answer34,M5,a1_binding_verdict_only,d00055,True,True,complete,3,scored,True,True,False,False,,1,current_run,cycle4/answer34/results/per_input_status.jsonl,252
cycle4,answer34,M5,a1_binding_verdict_only,d00057,False,True,complete,1,scored,True,True,False,False,,1,current_run,cycle4/answer34/results/per_input_status.jsonl,253
cycle4,answer34,M5,a1_binding_verdict_only,d00058,False,True,complete,3,scored,True,True,True,False,,1,current_run,cycle4/answer34/results/per_input_status.jsonl,254
cycle4,answer34,M5,a1_binding_verdict_only,d00059,False,True,complete,1,scored,True,True,False,False,,1,current_run,cycle4/answer34/results/per_input_status.jsonl,255
cycle4,answer34,M5,a1_binding_verdict_only,d00062,True,True,complete,1,scored,True,True,False,False,,1,current_run,cycle4/answer34/results/per_input_status.jsonl,256
cycle4,answer34,M5,a1_binding_verdict_only,d00068,True,True,complete,1,scored,True,True,False,False,,1,current_run,cycle4/answer34/results/per_input_status.jsonl,257
cycle4,answer34,M5,a1_binding_verdict_only,d00072,False,True,complete,1,scored,True,True,False,False,,1,current_run,cycle4/answer34/results/per_input_status.jsonl,258
cycle4,answer34,M5,a1_binding_verdict_only,d00077,True,True,complete,1,scored,True,True,False,False,,1,current_run,cycle4/answer34/results/per_input_status.jsonl,259
cycle4,answer34,M5,a1_binding_verdict_only,d00078,True,True,complete,1,scored,True,True,False,False,,1,current_run,cycle4/answer34/results/per_input_status.jsonl,260
cycle4,answer34,M5,a1_binding_verdict_only,d00081,False,True,complete,1,scored,True,True,False,False,,1,current_run,cycle4/answer34/results/per_input_status.jsonl,261
cycle4,answer34,M5,a1_binding_verdict_only,d00084,False,True,complete,4,scored,True,True,False,False,,1,current_run,cycle4/answer34/results/per_input_status.jsonl,262
cycle4,answer34,M5,a1_binding_verdict_only,d00088,False,True,complete,1,scored,True,True,False,False,,1,current_run,cycle4/answer34/results/per_input_status.jsonl,263
cycle4,answer34,M5,a1_binding_verdict_only,d00089,False,True,complete,1,scored,True,True,False,False,,1,current_run,cycle4/answer34/results/per_input_status.jsonl,264
cycle4,answer34,M5,a1_binding_verdict_only,d00090,True,True,complete,1,scored,True,True,False,False,,1,current_run,cycle4/answer34/results/per_input_status.jsonl,265
cycle4,answer34,M5,a1_binding_verdict_only,d00094,False,True,complete,1,scored,True,True,False,False,,1,current_run,cycle4/answer34/results/per_input_status.jsonl,266
cycle4,answer34,M5,a1_binding_verdict_only,d00096,True,True,complete,1,scored,True,True,False,False,,1,current_run,cycle4/answer34/results/per_input_status.jsonl,267
cycle4,answer34,M5,a1_binding_verdict_only,d00100,True,True,complete,1,scored,True,True,False,False,,1,current_run,cycle4/answer34/results/per_input_status.jsonl,268
cycle4,answer34,M5,a1_binding_verdict_only,d00106,True,True,complete,1,scored,True,True,False,False,,1,current_run,cycle4/answer34/results/per_input_status.jsonl,269
cycle4,answer34,M5,a1_binding_verdict_only,d00113,True,True,complete,1,scored,True,True,False,False,,1,current_run,cycle4/answer34/results/per_input_status.jsonl,270
cycle4,answer34,M5,a1_binding_verdict_only,d00115,True,True,complete,1,scored,True,True,False,False,,1,current_run,cycle4/answer34/results/per_input_status.jsonl,271
cycle4,answer34,M5,a1_binding_verdict_only,d00120,False,True,complete,1,scored,True,True,True,False,,1,current_run,cycle4/answer34/results/per_input_status.jsonl,272
cycle1,synthetic8,M4,F,synth_nli_0_positive,True,True,complete,,scored,,,,,,,,synthetic_live/m4/results/per_input_scored.jsonl,1
cycle1,synthetic8,M4,F,synth_nli_0_positive_irrelevant,True,True,complete,,scored,,,,,,,,synthetic_live/m4/results/per_input_scored.jsonl,2
cycle1,synthetic8,M4,F,synth_nli_0_negative,True,True,complete,,scored,,,,,,,,synthetic_live/m4/results/per_input_scored.jsonl,3
cycle1,synthetic8,M4,F,synth_nli_0_negative_irrelevant,True,True,complete,,scored,,,,,,,,synthetic_live/m4/results/per_input_scored.jsonl,4
cycle1,synthetic8,M4,F,synth_nli_1_positive,True,True,complete,,scored,,,,,,,,synthetic_live/m4/results/per_input_scored.jsonl,5
cycle1,synthetic8,M4,F,synth_nli_1_positive_irrelevant,True,True,complete,,scored,,,,,,,,synthetic_live/m4/results/per_input_scored.jsonl,6
cycle1,synthetic8,M4,F,synth_nli_1_negative,True,True,complete,,scored,,,,,,,,synthetic_live/m4/results/per_input_scored.jsonl,7
cycle1,synthetic8,M4,F,synth_nli_1_negative_irrelevant,True,True,complete,,scored,,,,,,,,synthetic_live/m4/results/per_input_scored.jsonl,8
cycle1,synthetic8,M4,premise,synth_nli_0_positive,True,True,complete,,scored,,,,,,,,synthetic_live/m4/results/per_input_scored.jsonl,9
cycle1,synthetic8,M4,premise,synth_nli_0_positive_irrelevant,True,True,complete,,scored,,,,,,,,synthetic_live/m4/results/per_input_scored.jsonl,10
cycle1,synthetic8,M4,premise,synth_nli_0_negative,True,True,complete,,scored,,,,,,,,synthetic_live/m4/results/per_input_scored.jsonl,11
cycle1,synthetic8,M4,premise,synth_nli_0_negative_irrelevant,True,True,complete,,scored,,,,,,,,synthetic_live/m4/results/per_input_scored.jsonl,12
cycle1,synthetic8,M4,premise,synth_nli_1_positive,True,True,complete,,scored,,,,,,,,synthetic_live/m4/results/per_input_scored.jsonl,13
cycle1,synthetic8,M4,premise,synth_nli_1_positive_irrelevant,True,True,complete,,scored,,,,,,,,synthetic_live/m4/results/per_input_scored.jsonl,14
cycle1,synthetic8,M4,premise,synth_nli_1_negative,True,True,complete,,scored,,,,,,,,synthetic_live/m4/results/per_input_scored.jsonl,15
cycle1,synthetic8,M4,premise,synth_nli_1_negative_irrelevant,True,True,complete,,scored,,,,,,,,synthetic_live/m4/results/per_input_scored.jsonl,16
cycle1,synthetic8,M4,ordinary_reanswer,synth_nli_0_positive,True,True,complete,,scored,,,,,,,,synthetic_live/m4/results/per_input_scored.jsonl,17
cycle1,synthetic8,M4,ordinary_reanswer,synth_nli_0_positive_irrelevant,True,True,complete,,scored,,,,,,,,synthetic_live/m4/results/per_input_scored.jsonl,18
cycle1,synthetic8,M4,ordinary_reanswer,synth_nli_0_negative,True,True,complete,,scored,,,,,,,,synthetic_live/m4/results/per_input_scored.jsonl,19
cycle1,synthetic8,M4,ordinary_reanswer,synth_nli_0_negative_irrelevant,True,True,complete,,scored,,,,,,,,synthetic_live/m4/results/per_input_scored.jsonl,20
cycle1,synthetic8,M4,ordinary_reanswer,synth_nli_1_positive,True,True,complete,,scored,,,,,,,,synthetic_live/m4/results/per_input_scored.jsonl,21
cycle1,synthetic8,M4,ordinary_reanswer,synth_nli_1_positive_irrelevant,True,True,complete,,scored,,,,,,,,synthetic_live/m4/results/per_input_scored.jsonl,22
cycle1,synthetic8,M4,ordinary_reanswer,synth_nli_1_negative,True,True,complete,,scored,,,,,,,,synthetic_live/m4/results/per_input_scored.jsonl,23
cycle1,synthetic8,M4,ordinary_reanswer,synth_nli_1_negative_irrelevant,True,True,complete,,scored,,,,,,,,synthetic_live/m4/results/per_input_scored.jsonl,24
cycle1,synthetic8,M4,direct_premise_probe,synth_nli_0_positive,True,True,complete,,scored,,,,,,,,synthetic_live/m4/results/per_input_scored.jsonl,25
cycle1,synthetic8,M4,direct_premise_probe,synth_nli_0_positive_irrelevant,True,True,complete,,scored,,,,,,,,synthetic_live/m4/results/per_input_scored.jsonl,26
cycle1,synthetic8,M4,direct_premise_probe,synth_nli_0_negative,True,True,complete,,scored,,,,,,,,synthetic_live/m4/results/per_input_scored.jsonl,27
cycle1,synthetic8,M4,direct_premise_probe,synth_nli_0_negative_irrelevant,True,True,complete,,scored,,,,,,,,synthetic_live/m4/results/per_input_scored.jsonl,28
cycle1,synthetic8,M4,direct_premise_probe,synth_nli_1_positive,True,True,complete,,scored,,,,,,,,synthetic_live/m4/results/per_input_scored.jsonl,29
cycle1,synthetic8,M4,direct_premise_probe,synth_nli_1_positive_irrelevant,True,True,complete,,scored,,,,,,,,synthetic_live/m4/results/per_input_scored.jsonl,30
cycle1,synthetic8,M4,direct_premise_probe,synth_nli_1_negative,True,True,complete,,scored,,,,,,,,synthetic_live/m4/results/per_input_scored.jsonl,31
cycle1,synthetic8,M4,direct_premise_probe,synth_nli_1_negative_irrelevant,True,True,complete,,scored,,,,,,,,synthetic_live/m4/results/per_input_scored.jsonl,32
cycle1,synthetic8,M4,direct_ordinary_probe,synth_nli_0_positive,True,True,complete,,scored,,,,,,,,synthetic_live/m4/results/per_input_scored.jsonl,33
cycle1,synthetic8,M4,direct_ordinary_probe,synth_nli_0_positive_irrelevant,True,True,complete,,scored,,,,,,,,synthetic_live/m4/results/per_input_scored.jsonl,34
cycle1,synthetic8,M4,direct_ordinary_probe,synth_nli_0_negative,True,True,complete,,scored,,,,,,,,synthetic_live/m4/results/per_input_scored.jsonl,35
cycle1,synthetic8,M4,direct_ordinary_probe,synth_nli_0_negative_irrelevant,True,True,complete,,scored,,,,,,,,synthetic_live/m4/results/per_input_scored.jsonl,36
cycle1,synthetic8,M4,direct_ordinary_probe,synth_nli_1_positive,True,True,complete,,scored,,,,,,,,synthetic_live/m4/results/per_input_scored.jsonl,37
cycle1,synthetic8,M4,direct_ordinary_probe,synth_nli_1_positive_irrelevant,True,True,complete,,scored,,,,,,,,synthetic_live/m4/results/per_input_scored.jsonl,38
cycle1,synthetic8,M4,direct_ordinary_probe,synth_nli_1_negative,True,True,complete,,scored,,,,,,,,synthetic_live/m4/results/per_input_scored.jsonl,39
cycle1,synthetic8,M4,direct_ordinary_probe,synth_nli_1_negative_irrelevant,True,True,complete,,scored,,,,,,,,synthetic_live/m4/results/per_input_scored.jsonl,40
cycle1,synthetic8,M5,F,synth_nli_0_positive,True,True,complete,,scored,,,,,,,,synthetic_live/m5/results/per_input_scored.jsonl,1
cycle1,synthetic8,M5,F,synth_nli_0_positive_irrelevant,True,True,complete,,scored,,,,,,,,synthetic_live/m5/results/per_input_scored.jsonl,2
cycle1,synthetic8,M5,F,synth_nli_0_negative,True,True,complete,,scored,,,,,,,,synthetic_live/m5/results/per_input_scored.jsonl,3
cycle1,synthetic8,M5,F,synth_nli_0_negative_irrelevant,True,True,complete,,scored,,,,,,,,synthetic_live/m5/results/per_input_scored.jsonl,4
cycle1,synthetic8,M5,F,synth_nli_1_positive,True,True,complete,,scored,,,,,,,,synthetic_live/m5/results/per_input_scored.jsonl,5
cycle1,synthetic8,M5,F,synth_nli_1_positive_irrelevant,True,True,complete,,scored,,,,,,,,synthetic_live/m5/results/per_input_scored.jsonl,6
cycle1,synthetic8,M5,F,synth_nli_1_negative,True,True,complete,,scored,,,,,,,,synthetic_live/m5/results/per_input_scored.jsonl,7
cycle1,synthetic8,M5,F,synth_nli_1_negative_irrelevant,True,True,complete,,scored,,,,,,,,synthetic_live/m5/results/per_input_scored.jsonl,8
cycle1,synthetic8,M5,premise,synth_nli_0_positive,True,True,complete,,scored,,,,,,,,synthetic_live/m5/results/per_input_scored.jsonl,9
cycle1,synthetic8,M5,premise,synth_nli_0_positive_irrelevant,True,True,complete,,scored,,,,,,,,synthetic_live/m5/results/per_input_scored.jsonl,10
cycle1,synthetic8,M5,premise,synth_nli_0_negative,True,True,complete,,scored,,,,,,,,synthetic_live/m5/results/per_input_scored.jsonl,11
cycle1,synthetic8,M5,premise,synth_nli_0_negative_irrelevant,True,True,complete,,scored,,,,,,,,synthetic_live/m5/results/per_input_scored.jsonl,12
cycle1,synthetic8,M5,premise,synth_nli_1_positive,True,True,complete,,scored,,,,,,,,synthetic_live/m5/results/per_input_scored.jsonl,13
cycle1,synthetic8,M5,premise,synth_nli_1_positive_irrelevant,True,True,complete,,scored,,,,,,,,synthetic_live/m5/results/per_input_scored.jsonl,14
cycle1,synthetic8,M5,premise,synth_nli_1_negative,True,True,complete,,scored,,,,,,,,synthetic_live/m5/results/per_input_scored.jsonl,15
cycle1,synthetic8,M5,premise,synth_nli_1_negative_irrelevant,True,True,complete,,scored,,,,,,,,synthetic_live/m5/results/per_input_scored.jsonl,16
cycle1,synthetic8,M5,ordinary_reanswer,synth_nli_0_positive,True,True,complete,,scored,,,,,,,,synthetic_live/m5/results/per_input_scored.jsonl,17
cycle1,synthetic8,M5,ordinary_reanswer,synth_nli_0_positive_irrelevant,True,True,complete,,scored,,,,,,,,synthetic_live/m5/results/per_input_scored.jsonl,18
cycle1,synthetic8,M5,ordinary_reanswer,synth_nli_0_negative,True,True,complete,,scored,,,,,,,,synthetic_live/m5/results/per_input_scored.jsonl,19
cycle1,synthetic8,M5,ordinary_reanswer,synth_nli_0_negative_irrelevant,True,True,complete,,scored,,,,,,,,synthetic_live/m5/results/per_input_scored.jsonl,20
cycle1,synthetic8,M5,ordinary_reanswer,synth_nli_1_positive,True,True,complete,,scored,,,,,,,,synthetic_live/m5/results/per_input_scored.jsonl,21
cycle1,synthetic8,M5,ordinary_reanswer,synth_nli_1_positive_irrelevant,True,True,complete,,scored,,,,,,,,synthetic_live/m5/results/per_input_scored.jsonl,22
cycle1,synthetic8,M5,ordinary_reanswer,synth_nli_1_negative,True,True,complete,,scored,,,,,,,,synthetic_live/m5/results/per_input_scored.jsonl,23
cycle1,synthetic8,M5,ordinary_reanswer,synth_nli_1_negative_irrelevant,True,True,complete,,scored,,,,,,,,synthetic_live/m5/results/per_input_scored.jsonl,24
cycle1,synthetic8,M5,direct_premise_probe,synth_nli_0_positive,True,True,complete,,scored,,,,,,,,synthetic_live/m5/results/per_input_scored.jsonl,25
cycle1,synthetic8,M5,direct_premise_probe,synth_nli_0_positive_irrelevant,True,True,complete,,scored,,,,,,,,synthetic_live/m5/results/per_input_scored.jsonl,26
cycle1,synthetic8,M5,direct_premise_probe,synth_nli_0_negative,True,True,complete,,scored,,,,,,,,synthetic_live/m5/results/per_input_scored.jsonl,27
cycle1,synthetic8,M5,direct_premise_probe,synth_nli_0_negative_irrelevant,True,True,complete,,scored,,,,,,,,synthetic_live/m5/results/per_input_scored.jsonl,28
cycle1,synthetic8,M5,direct_premise_probe,synth_nli_1_positive,True,True,complete,,scored,,,,,,,,synthetic_live/m5/results/per_input_scored.jsonl,29
cycle1,synthetic8,M5,direct_premise_probe,synth_nli_1_positive_irrelevant,True,True,complete,,scored,,,,,,,,synthetic_live/m5/results/per_input_scored.jsonl,30
cycle1,synthetic8,M5,direct_premise_probe,synth_nli_1_negative,True,True,complete,,scored,,,,,,,,synthetic_live/m5/results/per_input_scored.jsonl,31
cycle1,synthetic8,M5,direct_premise_probe,synth_nli_1_negative_irrelevant,True,True,complete,,scored,,,,,,,,synthetic_live/m5/results/per_input_scored.jsonl,32
cycle1,synthetic8,M5,direct_ordinary_probe,synth_nli_0_positive,True,True,complete,,scored,,,,,,,,synthetic_live/m5/results/per_input_scored.jsonl,33
cycle1,synthetic8,M5,direct_ordinary_probe,synth_nli_0_positive_irrelevant,True,True,complete,,scored,,,,,,,,synthetic_live/m5/results/per_input_scored.jsonl,34
cycle1,synthetic8,M5,direct_ordinary_probe,synth_nli_0_negative,True,True,complete,,scored,,,,,,,,synthetic_live/m5/results/per_input_scored.jsonl,35
cycle1,synthetic8,M5,direct_ordinary_probe,synth_nli_0_negative_irrelevant,True,True,complete,,scored,,,,,,,,synthetic_live/m5/results/per_input_scored.jsonl,36
cycle1,synthetic8,M5,direct_ordinary_probe,synth_nli_1_positive,True,True,complete,,scored,,,,,,,,synthetic_live/m5/results/per_input_scored.jsonl,37
cycle1,synthetic8,M5,direct_ordinary_probe,synth_nli_1_positive_irrelevant,True,True,complete,,scored,,,,,,,,synthetic_live/m5/results/per_input_scored.jsonl,38
cycle1,synthetic8,M5,direct_ordinary_probe,synth_nli_1_negative,True,True,complete,,scored,,,,,,,,synthetic_live/m5/results/per_input_scored.jsonl,39
cycle1,synthetic8,M5,direct_ordinary_probe,synth_nli_1_negative_irrelevant,True,True,complete,,scored,,,,,,,,synthetic_live/m5/results/per_input_scored.jsonl,40
cycle2,synthetic32,M4,F,scope32_000,True,True,complete,,scored,,,,,,,,cycle2/a5_scope32/m4/results/per_input_scored.jsonl,1
cycle2,synthetic32,M4,F,scope32_001,True,True,complete,,scored,,,,,,,,cycle2/a5_scope32/m4/results/per_input_scored.jsonl,2
cycle2,synthetic32,M4,F,scope32_002,True,True,complete,,scored,,,,,,,,cycle2/a5_scope32/m4/results/per_input_scored.jsonl,3
cycle2,synthetic32,M4,F,scope32_003,True,True,complete,,scored,,,,,,,,cycle2/a5_scope32/m4/results/per_input_scored.jsonl,4
cycle2,synthetic32,M4,F,scope32_004,True,True,complete,,scored,,,,,,,,cycle2/a5_scope32/m4/results/per_input_scored.jsonl,5
cycle2,synthetic32,M4,F,scope32_005,False,True,complete,,scored,,,,,,,,cycle2/a5_scope32/m4/results/per_input_scored.jsonl,6
cycle2,synthetic32,M4,F,scope32_006,True,True,complete,,scored,,,,,,,,cycle2/a5_scope32/m4/results/per_input_scored.jsonl,7
cycle2,synthetic32,M4,F,scope32_007,True,True,complete,,scored,,,,,,,,cycle2/a5_scope32/m4/results/per_input_scored.jsonl,8
cycle2,synthetic32,M4,F,scope32_008,True,True,complete,,scored,,,,,,,,cycle2/a5_scope32/m4/results/per_input_scored.jsonl,9
cycle2,synthetic32,M4,F,scope32_009,True,True,complete,,scored,,,,,,,,cycle2/a5_scope32/m4/results/per_input_scored.jsonl,10
cycle2,synthetic32,M4,F,scope32_010,True,True,complete,,scored,,,,,,,,cycle2/a5_scope32/m4/results/per_input_scored.jsonl,11
cycle2,synthetic32,M4,F,scope32_011,True,True,complete,,scored,,,,,,,,cycle2/a5_scope32/m4/results/per_input_scored.jsonl,12
cycle2,synthetic32,M4,F,scope32_012,True,True,complete,,scored,,,,,,,,cycle2/a5_scope32/m4/results/per_input_scored.jsonl,13
cycle2,synthetic32,M4,F,scope32_013,True,True,complete,,scored,,,,,,,,cycle2/a5_scope32/m4/results/per_input_scored.jsonl,14
cycle2,synthetic32,M4,F,scope32_014,True,True,complete,,scored,,,,,,,,cycle2/a5_scope32/m4/results/per_input_scored.jsonl,15
cycle2,synthetic32,M4,F,scope32_015,True,True,complete,,scored,,,,,,,,cycle2/a5_scope32/m4/results/per_input_scored.jsonl,16
cycle2,synthetic32,M4,F,scope32_016,True,True,complete,,scored,,,,,,,,cycle2/a5_scope32/m4/results/per_input_scored.jsonl,17
cycle2,synthetic32,M4,F,scope32_017,True,True,complete,,scored,,,,,,,,cycle2/a5_scope32/m4/results/per_input_scored.jsonl,18
cycle2,synthetic32,M4,F,scope32_018,True,True,complete,,scored,,,,,,,,cycle2/a5_scope32/m4/results/per_input_scored.jsonl,19
cycle2,synthetic32,M4,F,scope32_019,True,True,complete,,scored,,,,,,,,cycle2/a5_scope32/m4/results/per_input_scored.jsonl,20
cycle2,synthetic32,M4,F,scope32_020,True,True,complete,,scored,,,,,,,,cycle2/a5_scope32/m4/results/per_input_scored.jsonl,21
cycle2,synthetic32,M4,F,scope32_021,True,True,complete,,scored,,,,,,,,cycle2/a5_scope32/m4/results/per_input_scored.jsonl,22
cycle2,synthetic32,M4,F,scope32_022,True,True,complete,,scored,,,,,,,,cycle2/a5_scope32/m4/results/per_input_scored.jsonl,23
cycle2,synthetic32,M4,F,scope32_023,True,True,complete,,scored,,,,,,,,cycle2/a5_scope32/m4/results/per_input_scored.jsonl,24
cycle2,synthetic32,M4,F,scope32_024,True,True,complete,,scored,,,,,,,,cycle2/a5_scope32/m4/results/per_input_scored.jsonl,25
cycle2,synthetic32,M4,F,scope32_025,True,True,complete,,scored,,,,,,,,cycle2/a5_scope32/m4/results/per_input_scored.jsonl,26
cycle2,synthetic32,M4,F,scope32_026,True,True,complete,,scored,,,,,,,,cycle2/a5_scope32/m4/results/per_input_scored.jsonl,27
cycle2,synthetic32,M4,F,scope32_027,True,True,complete,,scored,,,,,,,,cycle2/a5_scope32/m4/results/per_input_scored.jsonl,28
cycle2,synthetic32,M4,F,scope32_028,True,True,complete,,scored,,,,,,,,cycle2/a5_scope32/m4/results/per_input_scored.jsonl,29
cycle2,synthetic32,M4,F,scope32_029,True,True,complete,,scored,,,,,,,,cycle2/a5_scope32/m4/results/per_input_scored.jsonl,30
cycle2,synthetic32,M4,F,scope32_030,True,True,complete,,scored,,,,,,,,cycle2/a5_scope32/m4/results/per_input_scored.jsonl,31
cycle2,synthetic32,M4,F,scope32_031,True,True,complete,,scored,,,,,,,,cycle2/a5_scope32/m4/results/per_input_scored.jsonl,32
cycle2,synthetic32,M4,premise,scope32_000,True,True,complete,,scored,,,,,,,,cycle2/a5_scope32/m4/results/per_input_scored.jsonl,33
cycle2,synthetic32,M4,premise,scope32_001,True,True,complete,,scored,,,,,,,,cycle2/a5_scope32/m4/results/per_input_scored.jsonl,34
cycle2,synthetic32,M4,premise,scope32_002,True,True,complete,,scored,,,,,,,,cycle2/a5_scope32/m4/results/per_input_scored.jsonl,35
cycle2,synthetic32,M4,premise,scope32_003,True,True,complete,,scored,,,,,,,,cycle2/a5_scope32/m4/results/per_input_scored.jsonl,36
cycle2,synthetic32,M4,premise,scope32_004,True,True,complete,,scored,,,,,,,,cycle2/a5_scope32/m4/results/per_input_scored.jsonl,37
cycle2,synthetic32,M4,premise,scope32_005,False,True,complete,,scored,,,,,,,,cycle2/a5_scope32/m4/results/per_input_scored.jsonl,38
cycle2,synthetic32,M4,premise,scope32_006,True,True,complete,,scored,,,,,,,,cycle2/a5_scope32/m4/results/per_input_scored.jsonl,39
cycle2,synthetic32,M4,premise,scope32_007,True,True,complete,,scored,,,,,,,,cycle2/a5_scope32/m4/results/per_input_scored.jsonl,40
cycle2,synthetic32,M4,premise,scope32_008,True,True,complete,,scored,,,,,,,,cycle2/a5_scope32/m4/results/per_input_scored.jsonl,41
cycle2,synthetic32,M4,premise,scope32_009,False,True,complete,,scored,,,,,,,,cycle2/a5_scope32/m4/results/per_input_scored.jsonl,42
cycle2,synthetic32,M4,premise,scope32_010,True,True,complete,,scored,,,,,,,,cycle2/a5_scope32/m4/results/per_input_scored.jsonl,43
cycle2,synthetic32,M4,premise,scope32_011,True,True,complete,,scored,,,,,,,,cycle2/a5_scope32/m4/results/per_input_scored.jsonl,44
cycle2,synthetic32,M4,premise,scope32_012,True,True,complete,,scored,,,,,,,,cycle2/a5_scope32/m4/results/per_input_scored.jsonl,45
cycle2,synthetic32,M4,premise,scope32_013,True,True,complete,,scored,,,,,,,,cycle2/a5_scope32/m4/results/per_input_scored.jsonl,46
cycle2,synthetic32,M4,premise,scope32_014,True,True,complete,,scored,,,,,,,,cycle2/a5_scope32/m4/results/per_input_scored.jsonl,47
cycle2,synthetic32,M4,premise,scope32_015,True,True,complete,,scored,,,,,,,,cycle2/a5_scope32/m4/results/per_input_scored.jsonl,48
cycle2,synthetic32,M4,premise,scope32_016,True,True,complete,,scored,,,,,,,,cycle2/a5_scope32/m4/results/per_input_scored.jsonl,49
cycle2,synthetic32,M4,premise,scope32_017,True,True,complete,,scored,,,,,,,,cycle2/a5_scope32/m4/results/per_input_scored.jsonl,50
cycle2,synthetic32,M4,premise,scope32_018,True,True,complete,,scored,,,,,,,,cycle2/a5_scope32/m4/results/per_input_scored.jsonl,51
cycle2,synthetic32,M4,premise,scope32_019,True,True,complete,,scored,,,,,,,,cycle2/a5_scope32/m4/results/per_input_scored.jsonl,52
cycle2,synthetic32,M4,premise,scope32_020,True,True,complete,,scored,,,,,,,,cycle2/a5_scope32/m4/results/per_input_scored.jsonl,53
cycle2,synthetic32,M4,premise,scope32_021,True,True,complete,,scored,,,,,,,,cycle2/a5_scope32/m4/results/per_input_scored.jsonl,54
cycle2,synthetic32,M4,premise,scope32_022,True,True,complete,,scored,,,,,,,,cycle2/a5_scope32/m4/results/per_input_scored.jsonl,55
cycle2,synthetic32,M4,premise,scope32_023,True,True,complete,,scored,,,,,,,,cycle2/a5_scope32/m4/results/per_input_scored.jsonl,56
cycle2,synthetic32,M4,premise,scope32_024,True,True,complete,,scored,,,,,,,,cycle2/a5_scope32/m4/results/per_input_scored.jsonl,57
cycle2,synthetic32,M4,premise,scope32_025,True,True,complete,,scored,,,,,,,,cycle2/a5_scope32/m4/results/per_input_scored.jsonl,58
cycle2,synthetic32,M4,premise,scope32_026,True,True,complete,,scored,,,,,,,,cycle2/a5_scope32/m4/results/per_input_scored.jsonl,59
cycle2,synthetic32,M4,premise,scope32_027,True,True,complete,,scored,,,,,,,,cycle2/a5_scope32/m4/results/per_input_scored.jsonl,60
cycle2,synthetic32,M4,premise,scope32_028,True,True,complete,,scored,,,,,,,,cycle2/a5_scope32/m4/results/per_input_scored.jsonl,61
cycle2,synthetic32,M4,premise,scope32_029,True,True,complete,,scored,,,,,,,,cycle2/a5_scope32/m4/results/per_input_scored.jsonl,62
cycle2,synthetic32,M4,premise,scope32_030,True,True,complete,,scored,,,,,,,,cycle2/a5_scope32/m4/results/per_input_scored.jsonl,63
cycle2,synthetic32,M4,premise,scope32_031,True,True,complete,,scored,,,,,,,,cycle2/a5_scope32/m4/results/per_input_scored.jsonl,64
cycle2,synthetic32,M4,ordinary_reanswer,scope32_000,True,True,complete,,scored,,,,,,,,cycle2/a5_scope32/m4/results/per_input_scored.jsonl,65
cycle2,synthetic32,M4,ordinary_reanswer,scope32_001,True,True,complete,,scored,,,,,,,,cycle2/a5_scope32/m4/results/per_input_scored.jsonl,66
cycle2,synthetic32,M4,ordinary_reanswer,scope32_002,True,True,complete,,scored,,,,,,,,cycle2/a5_scope32/m4/results/per_input_scored.jsonl,67
cycle2,synthetic32,M4,ordinary_reanswer,scope32_003,True,True,complete,,scored,,,,,,,,cycle2/a5_scope32/m4/results/per_input_scored.jsonl,68
cycle2,synthetic32,M4,ordinary_reanswer,scope32_004,True,True,complete,,scored,,,,,,,,cycle2/a5_scope32/m4/results/per_input_scored.jsonl,69
cycle2,synthetic32,M4,ordinary_reanswer,scope32_005,False,True,complete,,scored,,,,,,,,cycle2/a5_scope32/m4/results/per_input_scored.jsonl,70
cycle2,synthetic32,M4,ordinary_reanswer,scope32_006,True,True,complete,,scored,,,,,,,,cycle2/a5_scope32/m4/results/per_input_scored.jsonl,71
cycle2,synthetic32,M4,ordinary_reanswer,scope32_007,True,True,complete,,scored,,,,,,,,cycle2/a5_scope32/m4/results/per_input_scored.jsonl,72
cycle2,synthetic32,M4,ordinary_reanswer,scope32_008,True,True,complete,,scored,,,,,,,,cycle2/a5_scope32/m4/results/per_input_scored.jsonl,73
cycle2,synthetic32,M4,ordinary_reanswer,scope32_009,False,True,complete,,scored,,,,,,,,cycle2/a5_scope32/m4/results/per_input_scored.jsonl,74
cycle2,synthetic32,M4,ordinary_reanswer,scope32_010,True,True,complete,,scored,,,,,,,,cycle2/a5_scope32/m4/results/per_input_scored.jsonl,75
cycle2,synthetic32,M4,ordinary_reanswer,scope32_011,True,True,complete,,scored,,,,,,,,cycle2/a5_scope32/m4/results/per_input_scored.jsonl,76
cycle2,synthetic32,M4,ordinary_reanswer,scope32_012,True,True,complete,,scored,,,,,,,,cycle2/a5_scope32/m4/results/per_input_scored.jsonl,77
cycle2,synthetic32,M4,ordinary_reanswer,scope32_013,True,True,complete,,scored,,,,,,,,cycle2/a5_scope32/m4/results/per_input_scored.jsonl,78
cycle2,synthetic32,M4,ordinary_reanswer,scope32_014,True,True,complete,,scored,,,,,,,,cycle2/a5_scope32/m4/results/per_input_scored.jsonl,79
cycle2,synthetic32,M4,ordinary_reanswer,scope32_015,True,True,complete,,scored,,,,,,,,cycle2/a5_scope32/m4/results/per_input_scored.jsonl,80
cycle2,synthetic32,M4,ordinary_reanswer,scope32_016,True,True,complete,,scored,,,,,,,,cycle2/a5_scope32/m4/results/per_input_scored.jsonl,81
cycle2,synthetic32,M4,ordinary_reanswer,scope32_017,True,True,complete,,scored,,,,,,,,cycle2/a5_scope32/m4/results/per_input_scored.jsonl,82
cycle2,synthetic32,M4,ordinary_reanswer,scope32_018,True,True,complete,,scored,,,,,,,,cycle2/a5_scope32/m4/results/per_input_scored.jsonl,83
cycle2,synthetic32,M4,ordinary_reanswer,scope32_019,True,True,complete,,scored,,,,,,,,cycle2/a5_scope32/m4/results/per_input_scored.jsonl,84
cycle2,synthetic32,M4,ordinary_reanswer,scope32_020,True,True,complete,,scored,,,,,,,,cycle2/a5_scope32/m4/results/per_input_scored.jsonl,85
cycle2,synthetic32,M4,ordinary_reanswer,scope32_021,True,True,complete,,scored,,,,,,,,cycle2/a5_scope32/m4/results/per_input_scored.jsonl,86
cycle2,synthetic32,M4,ordinary_reanswer,scope32_022,True,True,complete,,scored,,,,,,,,cycle2/a5_scope32/m4/results/per_input_scored.jsonl,87
cycle2,synthetic32,M4,ordinary_reanswer,scope32_023,True,True,complete,,scored,,,,,,,,cycle2/a5_scope32/m4/results/per_input_scored.jsonl,88
cycle2,synthetic32,M4,ordinary_reanswer,scope32_024,True,True,complete,,scored,,,,,,,,cycle2/a5_scope32/m4/results/per_input_scored.jsonl,89
cycle2,synthetic32,M4,ordinary_reanswer,scope32_025,True,True,complete,,scored,,,,,,,,cycle2/a5_scope32/m4/results/per_input_scored.jsonl,90
cycle2,synthetic32,M4,ordinary_reanswer,scope32_026,True,True,complete,,scored,,,,,,,,cycle2/a5_scope32/m4/results/per_input_scored.jsonl,91
cycle2,synthetic32,M4,ordinary_reanswer,scope32_027,True,True,complete,,scored,,,,,,,,cycle2/a5_scope32/m4/results/per_input_scored.jsonl,92
cycle2,synthetic32,M4,ordinary_reanswer,scope32_028,True,True,complete,,scored,,,,,,,,cycle2/a5_scope32/m4/results/per_input_scored.jsonl,93
cycle2,synthetic32,M4,ordinary_reanswer,scope32_029,True,True,complete,,scored,,,,,,,,cycle2/a5_scope32/m4/results/per_input_scored.jsonl,94
cycle2,synthetic32,M4,ordinary_reanswer,scope32_030,True,True,complete,,scored,,,,,,,,cycle2/a5_scope32/m4/results/per_input_scored.jsonl,95
cycle2,synthetic32,M4,ordinary_reanswer,scope32_031,True,True,complete,,scored,,,,,,,,cycle2/a5_scope32/m4/results/per_input_scored.jsonl,96
cycle2,synthetic32,M4,direct_premise_probe,scope32_000,True,True,complete,,scored,,,,,,,,cycle2/a5_scope32/m4/results/per_input_scored.jsonl,97
cycle2,synthetic32,M4,direct_premise_probe,scope32_001,True,True,complete,,scored,,,,,,,,cycle2/a5_scope32/m4/results/per_input_scored.jsonl,98
cycle2,synthetic32,M4,direct_premise_probe,scope32_002,True,True,complete,,scored,,,,,,,,cycle2/a5_scope32/m4/results/per_input_scored.jsonl,99
cycle2,synthetic32,M4,direct_premise_probe,scope32_003,True,True,complete,,scored,,,,,,,,cycle2/a5_scope32/m4/results/per_input_scored.jsonl,100
cycle2,synthetic32,M4,direct_premise_probe,scope32_004,True,True,complete,,scored,,,,,,,,cycle2/a5_scope32/m4/results/per_input_scored.jsonl,101
cycle2,synthetic32,M4,direct_premise_probe,scope32_005,False,True,complete,,scored,,,,,,,,cycle2/a5_scope32/m4/results/per_input_scored.jsonl,102
cycle2,synthetic32,M4,direct_premise_probe,scope32_006,True,True,complete,,scored,,,,,,,,cycle2/a5_scope32/m4/results/per_input_scored.jsonl,103
cycle2,synthetic32,M4,direct_premise_probe,scope32_007,True,True,complete,,scored,,,,,,,,cycle2/a5_scope32/m4/results/per_input_scored.jsonl,104
cycle2,synthetic32,M4,direct_premise_probe,scope32_008,True,True,complete,,scored,,,,,,,,cycle2/a5_scope32/m4/results/per_input_scored.jsonl,105
cycle2,synthetic32,M4,direct_premise_probe,scope32_009,False,True,complete,,scored,,,,,,,,cycle2/a5_scope32/m4/results/per_input_scored.jsonl,106
cycle2,synthetic32,M4,direct_premise_probe,scope32_010,True,True,complete,,scored,,,,,,,,cycle2/a5_scope32/m4/results/per_input_scored.jsonl,107
cycle2,synthetic32,M4,direct_premise_probe,scope32_011,True,True,complete,,scored,,,,,,,,cycle2/a5_scope32/m4/results/per_input_scored.jsonl,108
cycle2,synthetic32,M4,direct_premise_probe,scope32_012,True,True,complete,,scored,,,,,,,,cycle2/a5_scope32/m4/results/per_input_scored.jsonl,109
cycle2,synthetic32,M4,direct_premise_probe,scope32_013,True,True,complete,,scored,,,,,,,,cycle2/a5_scope32/m4/results/per_input_scored.jsonl,110
cycle2,synthetic32,M4,direct_premise_probe,scope32_014,True,True,complete,,scored,,,,,,,,cycle2/a5_scope32/m4/results/per_input_scored.jsonl,111
cycle2,synthetic32,M4,direct_premise_probe,scope32_015,True,True,complete,,scored,,,,,,,,cycle2/a5_scope32/m4/results/per_input_scored.jsonl,112
cycle2,synthetic32,M4,direct_premise_probe,scope32_016,True,True,complete,,scored,,,,,,,,cycle2/a5_scope32/m4/results/per_input_scored.jsonl,113
cycle2,synthetic32,M4,direct_premise_probe,scope32_017,True,True,complete,,scored,,,,,,,,cycle2/a5_scope32/m4/results/per_input_scored.jsonl,114
cycle2,synthetic32,M4,direct_premise_probe,scope32_018,True,True,complete,,scored,,,,,,,,cycle2/a5_scope32/m4/results/per_input_scored.jsonl,115
cycle2,synthetic32,M4,direct_premise_probe,scope32_019,True,True,complete,,scored,,,,,,,,cycle2/a5_scope32/m4/results/per_input_scored.jsonl,116
cycle2,synthetic32,M4,direct_premise_probe,scope32_020,True,True,complete,,scored,,,,,,,,cycle2/a5_scope32/m4/results/per_input_scored.jsonl,117
cycle2,synthetic32,M4,direct_premise_probe,scope32_021,True,True,complete,,scored,,,,,,,,cycle2/a5_scope32/m4/results/per_input_scored.jsonl,118
cycle2,synthetic32,M4,direct_premise_probe,scope32_022,True,True,complete,,scored,,,,,,,,cycle2/a5_scope32/m4/results/per_input_scored.jsonl,119
cycle2,synthetic32,M4,direct_premise_probe,scope32_023,True,True,complete,,scored,,,,,,,,cycle2/a5_scope32/m4/results/per_input_scored.jsonl,120
cycle2,synthetic32,M4,direct_premise_probe,scope32_024,True,True,complete,,scored,,,,,,,,cycle2/a5_scope32/m4/results/per_input_scored.jsonl,121
cycle2,synthetic32,M4,direct_premise_probe,scope32_025,True,True,complete,,scored,,,,,,,,cycle2/a5_scope32/m4/results/per_input_scored.jsonl,122
cycle2,synthetic32,M4,direct_premise_probe,scope32_026,True,True,complete,,scored,,,,,,,,cycle2/a5_scope32/m4/results/per_input_scored.jsonl,123
cycle2,synthetic32,M4,direct_premise_probe,scope32_027,True,True,complete,,scored,,,,,,,,cycle2/a5_scope32/m4/results/per_input_scored.jsonl,124
cycle2,synthetic32,M4,direct_premise_probe,scope32_028,True,True,complete,,scored,,,,,,,,cycle2/a5_scope32/m4/results/per_input_scored.jsonl,125
cycle2,synthetic32,M4,direct_premise_probe,scope32_029,True,True,complete,,scored,,,,,,,,cycle2/a5_scope32/m4/results/per_input_scored.jsonl,126
cycle2,synthetic32,M4,direct_premise_probe,scope32_030,True,True,complete,,scored,,,,,,,,cycle2/a5_scope32/m4/results/per_input_scored.jsonl,127
cycle2,synthetic32,M4,direct_premise_probe,scope32_031,True,True,complete,,scored,,,,,,,,cycle2/a5_scope32/m4/results/per_input_scored.jsonl,128
cycle2,synthetic32,M4,direct_ordinary_probe,scope32_000,True,True,complete,,scored,,,,,,,,cycle2/a5_scope32/m4/results/per_input_scored.jsonl,129
cycle2,synthetic32,M4,direct_ordinary_probe,scope32_001,True,True,complete,,scored,,,,,,,,cycle2/a5_scope32/m4/results/per_input_scored.jsonl,130
cycle2,synthetic32,M4,direct_ordinary_probe,scope32_002,True,True,complete,,scored,,,,,,,,cycle2/a5_scope32/m4/results/per_input_scored.jsonl,131
cycle2,synthetic32,M4,direct_ordinary_probe,scope32_003,True,True,complete,,scored,,,,,,,,cycle2/a5_scope32/m4/results/per_input_scored.jsonl,132
cycle2,synthetic32,M4,direct_ordinary_probe,scope32_004,True,True,complete,,scored,,,,,,,,cycle2/a5_scope32/m4/results/per_input_scored.jsonl,133
cycle2,synthetic32,M4,direct_ordinary_probe,scope32_005,True,True,complete,,scored,,,,,,,,cycle2/a5_scope32/m4/results/per_input_scored.jsonl,134
cycle2,synthetic32,M4,direct_ordinary_probe,scope32_006,True,True,complete,,scored,,,,,,,,cycle2/a5_scope32/m4/results/per_input_scored.jsonl,135
cycle2,synthetic32,M4,direct_ordinary_probe,scope32_007,True,True,complete,,scored,,,,,,,,cycle2/a5_scope32/m4/results/per_input_scored.jsonl,136
cycle2,synthetic32,M4,direct_ordinary_probe,scope32_008,True,True,complete,,scored,,,,,,,,cycle2/a5_scope32/m4/results/per_input_scored.jsonl,137
cycle2,synthetic32,M4,direct_ordinary_probe,scope32_009,False,True,complete,,scored,,,,,,,,cycle2/a5_scope32/m4/results/per_input_scored.jsonl,138
cycle2,synthetic32,M4,direct_ordinary_probe,scope32_010,True,True,complete,,scored,,,,,,,,cycle2/a5_scope32/m4/results/per_input_scored.jsonl,139
cycle2,synthetic32,M4,direct_ordinary_probe,scope32_011,True,True,complete,,scored,,,,,,,,cycle2/a5_scope32/m4/results/per_input_scored.jsonl,140
cycle2,synthetic32,M4,direct_ordinary_probe,scope32_012,True,True,complete,,scored,,,,,,,,cycle2/a5_scope32/m4/results/per_input_scored.jsonl,141
cycle2,synthetic32,M4,direct_ordinary_probe,scope32_013,True,True,complete,,scored,,,,,,,,cycle2/a5_scope32/m4/results/per_input_scored.jsonl,142
cycle2,synthetic32,M4,direct_ordinary_probe,scope32_014,True,True,complete,,scored,,,,,,,,cycle2/a5_scope32/m4/results/per_input_scored.jsonl,143
cycle2,synthetic32,M4,direct_ordinary_probe,scope32_015,True,True,complete,,scored,,,,,,,,cycle2/a5_scope32/m4/results/per_input_scored.jsonl,144
cycle2,synthetic32,M4,direct_ordinary_probe,scope32_016,True,True,complete,,scored,,,,,,,,cycle2/a5_scope32/m4/results/per_input_scored.jsonl,145
cycle2,synthetic32,M4,direct_ordinary_probe,scope32_017,True,True,complete,,scored,,,,,,,,cycle2/a5_scope32/m4/results/per_input_scored.jsonl,146
cycle2,synthetic32,M4,direct_ordinary_probe,scope32_018,True,True,complete,,scored,,,,,,,,cycle2/a5_scope32/m4/results/per_input_scored.jsonl,147
cycle2,synthetic32,M4,direct_ordinary_probe,scope32_019,True,True,complete,,scored,,,,,,,,cycle2/a5_scope32/m4/results/per_input_scored.jsonl,148
cycle2,synthetic32,M4,direct_ordinary_probe,scope32_020,True,True,complete,,scored,,,,,,,,cycle2/a5_scope32/m4/results/per_input_scored.jsonl,149
cycle2,synthetic32,M4,direct_ordinary_probe,scope32_021,True,True,complete,,scored,,,,,,,,cycle2/a5_scope32/m4/results/per_input_scored.jsonl,150
cycle2,synthetic32,M4,direct_ordinary_probe,scope32_022,True,True,complete,,scored,,,,,,,,cycle2/a5_scope32/m4/results/per_input_scored.jsonl,151
cycle2,synthetic32,M4,direct_ordinary_probe,scope32_023,True,True,complete,,scored,,,,,,,,cycle2/a5_scope32/m4/results/per_input_scored.jsonl,152
cycle2,synthetic32,M4,direct_ordinary_probe,scope32_024,True,True,complete,,scored,,,,,,,,cycle2/a5_scope32/m4/results/per_input_scored.jsonl,153
cycle2,synthetic32,M4,direct_ordinary_probe,scope32_025,True,True,complete,,scored,,,,,,,,cycle2/a5_scope32/m4/results/per_input_scored.jsonl,154
cycle2,synthetic32,M4,direct_ordinary_probe,scope32_026,True,True,complete,,scored,,,,,,,,cycle2/a5_scope32/m4/results/per_input_scored.jsonl,155
cycle2,synthetic32,M4,direct_ordinary_probe,scope32_027,True,True,complete,,scored,,,,,,,,cycle2/a5_scope32/m4/results/per_input_scored.jsonl,156
cycle2,synthetic32,M4,direct_ordinary_probe,scope32_028,True,True,complete,,scored,,,,,,,,cycle2/a5_scope32/m4/results/per_input_scored.jsonl,157
cycle2,synthetic32,M4,direct_ordinary_probe,scope32_029,True,True,complete,,scored,,,,,,,,cycle2/a5_scope32/m4/results/per_input_scored.jsonl,158
cycle2,synthetic32,M4,direct_ordinary_probe,scope32_030,True,True,complete,,scored,,,,,,,,cycle2/a5_scope32/m4/results/per_input_scored.jsonl,159
cycle2,synthetic32,M4,direct_ordinary_probe,scope32_031,True,True,complete,,scored,,,,,,,,cycle2/a5_scope32/m4/results/per_input_scored.jsonl,160
cycle2,synthetic32,M5,F,scope32_000,True,True,complete,,scored,,,,,,,,cycle2/a5_scope32/m5/results/per_input_scored.jsonl,1
cycle2,synthetic32,M5,F,scope32_001,True,True,complete,,scored,,,,,,,,cycle2/a5_scope32/m5/results/per_input_scored.jsonl,2
cycle2,synthetic32,M5,F,scope32_002,True,True,complete,,scored,,,,,,,,cycle2/a5_scope32/m5/results/per_input_scored.jsonl,3
cycle2,synthetic32,M5,F,scope32_003,True,True,complete,,scored,,,,,,,,cycle2/a5_scope32/m5/results/per_input_scored.jsonl,4
cycle2,synthetic32,M5,F,scope32_004,True,True,complete,,scored,,,,,,,,cycle2/a5_scope32/m5/results/per_input_scored.jsonl,5
cycle2,synthetic32,M5,F,scope32_005,False,True,complete,,scored,,,,,,,,cycle2/a5_scope32/m5/results/per_input_scored.jsonl,6
cycle2,synthetic32,M5,F,scope32_006,True,True,complete,,scored,,,,,,,,cycle2/a5_scope32/m5/results/per_input_scored.jsonl,7
cycle2,synthetic32,M5,F,scope32_007,True,True,complete,,scored,,,,,,,,cycle2/a5_scope32/m5/results/per_input_scored.jsonl,8
cycle2,synthetic32,M5,F,scope32_008,True,True,complete,,scored,,,,,,,,cycle2/a5_scope32/m5/results/per_input_scored.jsonl,9
cycle2,synthetic32,M5,F,scope32_009,True,True,complete,,scored,,,,,,,,cycle2/a5_scope32/m5/results/per_input_scored.jsonl,10
cycle2,synthetic32,M5,F,scope32_010,True,True,complete,,scored,,,,,,,,cycle2/a5_scope32/m5/results/per_input_scored.jsonl,11
cycle2,synthetic32,M5,F,scope32_011,True,True,complete,,scored,,,,,,,,cycle2/a5_scope32/m5/results/per_input_scored.jsonl,12
cycle2,synthetic32,M5,F,scope32_012,True,True,complete,,scored,,,,,,,,cycle2/a5_scope32/m5/results/per_input_scored.jsonl,13
cycle2,synthetic32,M5,F,scope32_013,True,True,complete,,scored,,,,,,,,cycle2/a5_scope32/m5/results/per_input_scored.jsonl,14
cycle2,synthetic32,M5,F,scope32_014,True,True,complete,,scored,,,,,,,,cycle2/a5_scope32/m5/results/per_input_scored.jsonl,15
cycle2,synthetic32,M5,F,scope32_015,True,True,complete,,scored,,,,,,,,cycle2/a5_scope32/m5/results/per_input_scored.jsonl,16
cycle2,synthetic32,M5,F,scope32_016,True,True,complete,,scored,,,,,,,,cycle2/a5_scope32/m5/results/per_input_scored.jsonl,17
cycle2,synthetic32,M5,F,scope32_017,True,True,complete,,scored,,,,,,,,cycle2/a5_scope32/m5/results/per_input_scored.jsonl,18
cycle2,synthetic32,M5,F,scope32_018,True,True,complete,,scored,,,,,,,,cycle2/a5_scope32/m5/results/per_input_scored.jsonl,19
cycle2,synthetic32,M5,F,scope32_019,True,True,complete,,scored,,,,,,,,cycle2/a5_scope32/m5/results/per_input_scored.jsonl,20
cycle2,synthetic32,M5,F,scope32_020,True,True,complete,,scored,,,,,,,,cycle2/a5_scope32/m5/results/per_input_scored.jsonl,21
cycle2,synthetic32,M5,F,scope32_021,True,True,complete,,scored,,,,,,,,cycle2/a5_scope32/m5/results/per_input_scored.jsonl,22
cycle2,synthetic32,M5,F,scope32_022,True,True,complete,,scored,,,,,,,,cycle2/a5_scope32/m5/results/per_input_scored.jsonl,23
cycle2,synthetic32,M5,F,scope32_023,True,True,complete,,scored,,,,,,,,cycle2/a5_scope32/m5/results/per_input_scored.jsonl,24
cycle2,synthetic32,M5,F,scope32_024,True,True,complete,,scored,,,,,,,,cycle2/a5_scope32/m5/results/per_input_scored.jsonl,25
cycle2,synthetic32,M5,F,scope32_025,True,True,complete,,scored,,,,,,,,cycle2/a5_scope32/m5/results/per_input_scored.jsonl,26
cycle2,synthetic32,M5,F,scope32_026,True,True,complete,,scored,,,,,,,,cycle2/a5_scope32/m5/results/per_input_scored.jsonl,27
cycle2,synthetic32,M5,F,scope32_027,True,True,complete,,scored,,,,,,,,cycle2/a5_scope32/m5/results/per_input_scored.jsonl,28
cycle2,synthetic32,M5,F,scope32_028,True,True,complete,,scored,,,,,,,,cycle2/a5_scope32/m5/results/per_input_scored.jsonl,29
cycle2,synthetic32,M5,F,scope32_029,True,True,complete,,scored,,,,,,,,cycle2/a5_scope32/m5/results/per_input_scored.jsonl,30
cycle2,synthetic32,M5,F,scope32_030,True,True,complete,,scored,,,,,,,,cycle2/a5_scope32/m5/results/per_input_scored.jsonl,31
cycle2,synthetic32,M5,F,scope32_031,True,True,complete,,scored,,,,,,,,cycle2/a5_scope32/m5/results/per_input_scored.jsonl,32
cycle2,synthetic32,M5,premise,scope32_000,True,True,complete,,scored,,,,,,,,cycle2/a5_scope32/m5/results/per_input_scored.jsonl,33
cycle2,synthetic32,M5,premise,scope32_001,True,True,complete,,scored,,,,,,,,cycle2/a5_scope32/m5/results/per_input_scored.jsonl,34
cycle2,synthetic32,M5,premise,scope32_002,True,True,complete,,scored,,,,,,,,cycle2/a5_scope32/m5/results/per_input_scored.jsonl,35
cycle2,synthetic32,M5,premise,scope32_003,True,True,complete,,scored,,,,,,,,cycle2/a5_scope32/m5/results/per_input_scored.jsonl,36
cycle2,synthetic32,M5,premise,scope32_004,True,True,complete,,scored,,,,,,,,cycle2/a5_scope32/m5/results/per_input_scored.jsonl,37
cycle2,synthetic32,M5,premise,scope32_005,False,True,complete,,scored,,,,,,,,cycle2/a5_scope32/m5/results/per_input_scored.jsonl,38
cycle2,synthetic32,M5,premise,scope32_006,True,True,complete,,scored,,,,,,,,cycle2/a5_scope32/m5/results/per_input_scored.jsonl,39
cycle2,synthetic32,M5,premise,scope32_007,True,True,complete,,scored,,,,,,,,cycle2/a5_scope32/m5/results/per_input_scored.jsonl,40
cycle2,synthetic32,M5,premise,scope32_008,True,True,complete,,scored,,,,,,,,cycle2/a5_scope32/m5/results/per_input_scored.jsonl,41
cycle2,synthetic32,M5,premise,scope32_009,True,True,complete,,scored,,,,,,,,cycle2/a5_scope32/m5/results/per_input_scored.jsonl,42
cycle2,synthetic32,M5,premise,scope32_010,True,True,complete,,scored,,,,,,,,cycle2/a5_scope32/m5/results/per_input_scored.jsonl,43
cycle2,synthetic32,M5,premise,scope32_011,True,True,complete,,scored,,,,,,,,cycle2/a5_scope32/m5/results/per_input_scored.jsonl,44
cycle2,synthetic32,M5,premise,scope32_012,True,True,complete,,scored,,,,,,,,cycle2/a5_scope32/m5/results/per_input_scored.jsonl,45
cycle2,synthetic32,M5,premise,scope32_013,True,True,complete,,scored,,,,,,,,cycle2/a5_scope32/m5/results/per_input_scored.jsonl,46
cycle2,synthetic32,M5,premise,scope32_014,True,True,complete,,scored,,,,,,,,cycle2/a5_scope32/m5/results/per_input_scored.jsonl,47
cycle2,synthetic32,M5,premise,scope32_015,True,True,complete,,scored,,,,,,,,cycle2/a5_scope32/m5/results/per_input_scored.jsonl,48
cycle2,synthetic32,M5,premise,scope32_016,True,True,complete,,scored,,,,,,,,cycle2/a5_scope32/m5/results/per_input_scored.jsonl,49
cycle2,synthetic32,M5,premise,scope32_017,True,True,complete,,scored,,,,,,,,cycle2/a5_scope32/m5/results/per_input_scored.jsonl,50
cycle2,synthetic32,M5,premise,scope32_018,True,True,complete,,scored,,,,,,,,cycle2/a5_scope32/m5/results/per_input_scored.jsonl,51
cycle2,synthetic32,M5,premise,scope32_019,True,True,complete,,scored,,,,,,,,cycle2/a5_scope32/m5/results/per_input_scored.jsonl,52
cycle2,synthetic32,M5,premise,scope32_020,True,True,complete,,scored,,,,,,,,cycle2/a5_scope32/m5/results/per_input_scored.jsonl,53
cycle2,synthetic32,M5,premise,scope32_021,True,True,complete,,scored,,,,,,,,cycle2/a5_scope32/m5/results/per_input_scored.jsonl,54
cycle2,synthetic32,M5,premise,scope32_022,True,True,complete,,scored,,,,,,,,cycle2/a5_scope32/m5/results/per_input_scored.jsonl,55
cycle2,synthetic32,M5,premise,scope32_023,True,True,complete,,scored,,,,,,,,cycle2/a5_scope32/m5/results/per_input_scored.jsonl,56
cycle2,synthetic32,M5,premise,scope32_024,True,True,complete,,scored,,,,,,,,cycle2/a5_scope32/m5/results/per_input_scored.jsonl,57
cycle2,synthetic32,M5,premise,scope32_025,True,True,complete,,scored,,,,,,,,cycle2/a5_scope32/m5/results/per_input_scored.jsonl,58
cycle2,synthetic32,M5,premise,scope32_026,True,True,complete,,scored,,,,,,,,cycle2/a5_scope32/m5/results/per_input_scored.jsonl,59
cycle2,synthetic32,M5,premise,scope32_027,True,True,complete,,scored,,,,,,,,cycle2/a5_scope32/m5/results/per_input_scored.jsonl,60
cycle2,synthetic32,M5,premise,scope32_028,True,True,complete,,scored,,,,,,,,cycle2/a5_scope32/m5/results/per_input_scored.jsonl,61
cycle2,synthetic32,M5,premise,scope32_029,True,True,complete,,scored,,,,,,,,cycle2/a5_scope32/m5/results/per_input_scored.jsonl,62
cycle2,synthetic32,M5,premise,scope32_030,True,True,complete,,scored,,,,,,,,cycle2/a5_scope32/m5/results/per_input_scored.jsonl,63
cycle2,synthetic32,M5,premise,scope32_031,True,True,complete,,scored,,,,,,,,cycle2/a5_scope32/m5/results/per_input_scored.jsonl,64
cycle2,synthetic32,M5,ordinary_reanswer,scope32_000,True,True,complete,,scored,,,,,,,,cycle2/a5_scope32/m5/results/per_input_scored.jsonl,65
cycle2,synthetic32,M5,ordinary_reanswer,scope32_001,True,True,complete,,scored,,,,,,,,cycle2/a5_scope32/m5/results/per_input_scored.jsonl,66
cycle2,synthetic32,M5,ordinary_reanswer,scope32_002,True,True,complete,,scored,,,,,,,,cycle2/a5_scope32/m5/results/per_input_scored.jsonl,67
cycle2,synthetic32,M5,ordinary_reanswer,scope32_003,True,True,complete,,scored,,,,,,,,cycle2/a5_scope32/m5/results/per_input_scored.jsonl,68
cycle2,synthetic32,M5,ordinary_reanswer,scope32_004,True,True,complete,,scored,,,,,,,,cycle2/a5_scope32/m5/results/per_input_scored.jsonl,69
cycle2,synthetic32,M5,ordinary_reanswer,scope32_005,False,True,complete,,scored,,,,,,,,cycle2/a5_scope32/m5/results/per_input_scored.jsonl,70
cycle2,synthetic32,M5,ordinary_reanswer,scope32_006,True,True,complete,,scored,,,,,,,,cycle2/a5_scope32/m5/results/per_input_scored.jsonl,71
cycle2,synthetic32,M5,ordinary_reanswer,scope32_007,True,True,complete,,scored,,,,,,,,cycle2/a5_scope32/m5/results/per_input_scored.jsonl,72
cycle2,synthetic32,M5,ordinary_reanswer,scope32_008,True,True,complete,,scored,,,,,,,,cycle2/a5_scope32/m5/results/per_input_scored.jsonl,73
cycle2,synthetic32,M5,ordinary_reanswer,scope32_009,True,True,complete,,scored,,,,,,,,cycle2/a5_scope32/m5/results/per_input_scored.jsonl,74
cycle2,synthetic32,M5,ordinary_reanswer,scope32_010,True,True,complete,,scored,,,,,,,,cycle2/a5_scope32/m5/results/per_input_scored.jsonl,75
cycle2,synthetic32,M5,ordinary_reanswer,scope32_011,True,True,complete,,scored,,,,,,,,cycle2/a5_scope32/m5/results/per_input_scored.jsonl,76
cycle2,synthetic32,M5,ordinary_reanswer,scope32_012,True,True,complete,,scored,,,,,,,,cycle2/a5_scope32/m5/results/per_input_scored.jsonl,77
cycle2,synthetic32,M5,ordinary_reanswer,scope32_013,True,True,complete,,scored,,,,,,,,cycle2/a5_scope32/m5/results/per_input_scored.jsonl,78
cycle2,synthetic32,M5,ordinary_reanswer,scope32_014,True,True,complete,,scored,,,,,,,,cycle2/a5_scope32/m5/results/per_input_scored.jsonl,79
cycle2,synthetic32,M5,ordinary_reanswer,scope32_015,True,True,complete,,scored,,,,,,,,cycle2/a5_scope32/m5/results/per_input_scored.jsonl,80
cycle2,synthetic32,M5,ordinary_reanswer,scope32_016,True,True,complete,,scored,,,,,,,,cycle2/a5_scope32/m5/results/per_input_scored.jsonl,81
cycle2,synthetic32,M5,ordinary_reanswer,scope32_017,True,True,complete,,scored,,,,,,,,cycle2/a5_scope32/m5/results/per_input_scored.jsonl,82
cycle2,synthetic32,M5,ordinary_reanswer,scope32_018,True,True,complete,,scored,,,,,,,,cycle2/a5_scope32/m5/results/per_input_scored.jsonl,83
cycle2,synthetic32,M5,ordinary_reanswer,scope32_019,True,True,complete,,scored,,,,,,,,cycle2/a5_scope32/m5/results/per_input_scored.jsonl,84
cycle2,synthetic32,M5,ordinary_reanswer,scope32_020,True,True,complete,,scored,,,,,,,,cycle2/a5_scope32/m5/results/per_input_scored.jsonl,85
cycle2,synthetic32,M5,ordinary_reanswer,scope32_021,True,True,complete,,scored,,,,,,,,cycle2/a5_scope32/m5/results/per_input_scored.jsonl,86
cycle2,synthetic32,M5,ordinary_reanswer,scope32_022,True,True,complete,,scored,,,,,,,,cycle2/a5_scope32/m5/results/per_input_scored.jsonl,87
cycle2,synthetic32,M5,ordinary_reanswer,scope32_023,True,True,complete,,scored,,,,,,,,cycle2/a5_scope32/m5/results/per_input_scored.jsonl,88
cycle2,synthetic32,M5,ordinary_reanswer,scope32_024,True,True,complete,,scored,,,,,,,,cycle2/a5_scope32/m5/results/per_input_scored.jsonl,89
cycle2,synthetic32,M5,ordinary_reanswer,scope32_025,True,True,complete,,scored,,,,,,,,cycle2/a5_scope32/m5/results/per_input_scored.jsonl,90
cycle2,synthetic32,M5,ordinary_reanswer,scope32_026,True,True,complete,,scored,,,,,,,,cycle2/a5_scope32/m5/results/per_input_scored.jsonl,91
cycle2,synthetic32,M5,ordinary_reanswer,scope32_027,True,True,complete,,scored,,,,,,,,cycle2/a5_scope32/m5/results/per_input_scored.jsonl,92
cycle2,synthetic32,M5,ordinary_reanswer,scope32_028,True,True,complete,,scored,,,,,,,,cycle2/a5_scope32/m5/results/per_input_scored.jsonl,93
cycle2,synthetic32,M5,ordinary_reanswer,scope32_029,True,True,complete,,scored,,,,,,,,cycle2/a5_scope32/m5/results/per_input_scored.jsonl,94
cycle2,synthetic32,M5,ordinary_reanswer,scope32_030,True,True,complete,,scored,,,,,,,,cycle2/a5_scope32/m5/results/per_input_scored.jsonl,95
cycle2,synthetic32,M5,ordinary_reanswer,scope32_031,True,True,complete,,scored,,,,,,,,cycle2/a5_scope32/m5/results/per_input_scored.jsonl,96
cycle2,synthetic32,M5,direct_premise_probe,scope32_000,True,True,complete,,scored,,,,,,,,cycle2/a5_scope32/m5/results/per_input_scored.jsonl,97
cycle2,synthetic32,M5,direct_premise_probe,scope32_001,True,True,complete,,scored,,,,,,,,cycle2/a5_scope32/m5/results/per_input_scored.jsonl,98
cycle2,synthetic32,M5,direct_premise_probe,scope32_002,True,True,complete,,scored,,,,,,,,cycle2/a5_scope32/m5/results/per_input_scored.jsonl,99
cycle2,synthetic32,M5,direct_premise_probe,scope32_003,True,True,complete,,scored,,,,,,,,cycle2/a5_scope32/m5/results/per_input_scored.jsonl,100
cycle2,synthetic32,M5,direct_premise_probe,scope32_004,True,True,complete,,scored,,,,,,,,cycle2/a5_scope32/m5/results/per_input_scored.jsonl,101
cycle2,synthetic32,M5,direct_premise_probe,scope32_005,False,True,complete,,scored,,,,,,,,cycle2/a5_scope32/m5/results/per_input_scored.jsonl,102
cycle2,synthetic32,M5,direct_premise_probe,scope32_006,True,True,complete,,scored,,,,,,,,cycle2/a5_scope32/m5/results/per_input_scored.jsonl,103
cycle2,synthetic32,M5,direct_premise_probe,scope32_007,True,True,complete,,scored,,,,,,,,cycle2/a5_scope32/m5/results/per_input_scored.jsonl,104
cycle2,synthetic32,M5,direct_premise_probe,scope32_008,True,True,complete,,scored,,,,,,,,cycle2/a5_scope32/m5/results/per_input_scored.jsonl,105
cycle2,synthetic32,M5,direct_premise_probe,scope32_009,True,True,complete,,scored,,,,,,,,cycle2/a5_scope32/m5/results/per_input_scored.jsonl,106
cycle2,synthetic32,M5,direct_premise_probe,scope32_010,True,True,complete,,scored,,,,,,,,cycle2/a5_scope32/m5/results/per_input_scored.jsonl,107
cycle2,synthetic32,M5,direct_premise_probe,scope32_011,True,True,complete,,scored,,,,,,,,cycle2/a5_scope32/m5/results/per_input_scored.jsonl,108
cycle2,synthetic32,M5,direct_premise_probe,scope32_012,True,True,complete,,scored,,,,,,,,cycle2/a5_scope32/m5/results/per_input_scored.jsonl,109
cycle2,synthetic32,M5,direct_premise_probe,scope32_013,True,True,complete,,scored,,,,,,,,cycle2/a5_scope32/m5/results/per_input_scored.jsonl,110
cycle2,synthetic32,M5,direct_premise_probe,scope32_014,True,True,complete,,scored,,,,,,,,cycle2/a5_scope32/m5/results/per_input_scored.jsonl,111
cycle2,synthetic32,M5,direct_premise_probe,scope32_015,True,True,complete,,scored,,,,,,,,cycle2/a5_scope32/m5/results/per_input_scored.jsonl,112
cycle2,synthetic32,M5,direct_premise_probe,scope32_016,True,True,complete,,scored,,,,,,,,cycle2/a5_scope32/m5/results/per_input_scored.jsonl,113
cycle2,synthetic32,M5,direct_premise_probe,scope32_017,True,True,complete,,scored,,,,,,,,cycle2/a5_scope32/m5/results/per_input_scored.jsonl,114
cycle2,synthetic32,M5,direct_premise_probe,scope32_018,True,True,complete,,scored,,,,,,,,cycle2/a5_scope32/m5/results/per_input_scored.jsonl,115
cycle2,synthetic32,M5,direct_premise_probe,scope32_019,True,True,complete,,scored,,,,,,,,cycle2/a5_scope32/m5/results/per_input_scored.jsonl,116
cycle2,synthetic32,M5,direct_premise_probe,scope32_020,True,True,complete,,scored,,,,,,,,cycle2/a5_scope32/m5/results/per_input_scored.jsonl,117
cycle2,synthetic32,M5,direct_premise_probe,scope32_021,True,True,complete,,scored,,,,,,,,cycle2/a5_scope32/m5/results/per_input_scored.jsonl,118
cycle2,synthetic32,M5,direct_premise_probe,scope32_022,True,True,complete,,scored,,,,,,,,cycle2/a5_scope32/m5/results/per_input_scored.jsonl,119
cycle2,synthetic32,M5,direct_premise_probe,scope32_023,True,True,complete,,scored,,,,,,,,cycle2/a5_scope32/m5/results/per_input_scored.jsonl,120
cycle2,synthetic32,M5,direct_premise_probe,scope32_024,True,True,complete,,scored,,,,,,,,cycle2/a5_scope32/m5/results/per_input_scored.jsonl,121
cycle2,synthetic32,M5,direct_premise_probe,scope32_025,True,True,complete,,scored,,,,,,,,cycle2/a5_scope32/m5/results/per_input_scored.jsonl,122
cycle2,synthetic32,M5,direct_premise_probe,scope32_026,True,True,complete,,scored,,,,,,,,cycle2/a5_scope32/m5/results/per_input_scored.jsonl,123
cycle2,synthetic32,M5,direct_premise_probe,scope32_027,True,True,complete,,scored,,,,,,,,cycle2/a5_scope32/m5/results/per_input_scored.jsonl,124
cycle2,synthetic32,M5,direct_premise_probe,scope32_028,True,True,complete,,scored,,,,,,,,cycle2/a5_scope32/m5/results/per_input_scored.jsonl,125
cycle2,synthetic32,M5,direct_premise_probe,scope32_029,True,True,complete,,scored,,,,,,,,cycle2/a5_scope32/m5/results/per_input_scored.jsonl,126
cycle2,synthetic32,M5,direct_premise_probe,scope32_030,True,True,complete,,scored,,,,,,,,cycle2/a5_scope32/m5/results/per_input_scored.jsonl,127
cycle2,synthetic32,M5,direct_premise_probe,scope32_031,True,True,complete,,scored,,,,,,,,cycle2/a5_scope32/m5/results/per_input_scored.jsonl,128
cycle2,synthetic32,M5,direct_ordinary_probe,scope32_000,True,True,complete,,scored,,,,,,,,cycle2/a5_scope32/m5/results/per_input_scored.jsonl,129
cycle2,synthetic32,M5,direct_ordinary_probe,scope32_001,True,True,complete,,scored,,,,,,,,cycle2/a5_scope32/m5/results/per_input_scored.jsonl,130
cycle2,synthetic32,M5,direct_ordinary_probe,scope32_002,True,True,complete,,scored,,,,,,,,cycle2/a5_scope32/m5/results/per_input_scored.jsonl,131
cycle2,synthetic32,M5,direct_ordinary_probe,scope32_003,True,True,complete,,scored,,,,,,,,cycle2/a5_scope32/m5/results/per_input_scored.jsonl,132
cycle2,synthetic32,M5,direct_ordinary_probe,scope32_004,True,True,complete,,scored,,,,,,,,cycle2/a5_scope32/m5/results/per_input_scored.jsonl,133
cycle2,synthetic32,M5,direct_ordinary_probe,scope32_005,False,True,complete,,scored,,,,,,,,cycle2/a5_scope32/m5/results/per_input_scored.jsonl,134
cycle2,synthetic32,M5,direct_ordinary_probe,scope32_006,True,True,complete,,scored,,,,,,,,cycle2/a5_scope32/m5/results/per_input_scored.jsonl,135
cycle2,synthetic32,M5,direct_ordinary_probe,scope32_007,True,True,complete,,scored,,,,,,,,cycle2/a5_scope32/m5/results/per_input_scored.jsonl,136
cycle2,synthetic32,M5,direct_ordinary_probe,scope32_008,True,True,complete,,scored,,,,,,,,cycle2/a5_scope32/m5/results/per_input_scored.jsonl,137
cycle2,synthetic32,M5,direct_ordinary_probe,scope32_009,True,True,complete,,scored,,,,,,,,cycle2/a5_scope32/m5/results/per_input_scored.jsonl,138
cycle2,synthetic32,M5,direct_ordinary_probe,scope32_010,True,True,complete,,scored,,,,,,,,cycle2/a5_scope32/m5/results/per_input_scored.jsonl,139
cycle2,synthetic32,M5,direct_ordinary_probe,scope32_011,True,True,complete,,scored,,,,,,,,cycle2/a5_scope32/m5/results/per_input_scored.jsonl,140
cycle2,synthetic32,M5,direct_ordinary_probe,scope32_012,True,True,complete,,scored,,,,,,,,cycle2/a5_scope32/m5/results/per_input_scored.jsonl,141
cycle2,synthetic32,M5,direct_ordinary_probe,scope32_013,True,True,complete,,scored,,,,,,,,cycle2/a5_scope32/m5/results/per_input_scored.jsonl,142
cycle2,synthetic32,M5,direct_ordinary_probe,scope32_014,True,True,complete,,scored,,,,,,,,cycle2/a5_scope32/m5/results/per_input_scored.jsonl,143
cycle2,synthetic32,M5,direct_ordinary_probe,scope32_015,True,True,complete,,scored,,,,,,,,cycle2/a5_scope32/m5/results/per_input_scored.jsonl,144
cycle2,synthetic32,M5,direct_ordinary_probe,scope32_016,True,True,complete,,scored,,,,,,,,cycle2/a5_scope32/m5/results/per_input_scored.jsonl,145
cycle2,synthetic32,M5,direct_ordinary_probe,scope32_017,True,True,complete,,scored,,,,,,,,cycle2/a5_scope32/m5/results/per_input_scored.jsonl,146
cycle2,synthetic32,M5,direct_ordinary_probe,scope32_018,True,True,complete,,scored,,,,,,,,cycle2/a5_scope32/m5/results/per_input_scored.jsonl,147
cycle2,synthetic32,M5,direct_ordinary_probe,scope32_019,True,True,complete,,scored,,,,,,,,cycle2/a5_scope32/m5/results/per_input_scored.jsonl,148
cycle2,synthetic32,M5,direct_ordinary_probe,scope32_020,True,True,complete,,scored,,,,,,,,cycle2/a5_scope32/m5/results/per_input_scored.jsonl,149
cycle2,synthetic32,M5,direct_ordinary_probe,scope32_021,True,True,complete,,scored,,,,,,,,cycle2/a5_scope32/m5/results/per_input_scored.jsonl,150
cycle2,synthetic32,M5,direct_ordinary_probe,scope32_022,True,True,complete,,scored,,,,,,,,cycle2/a5_scope32/m5/results/per_input_scored.jsonl,151
cycle2,synthetic32,M5,direct_ordinary_probe,scope32_023,True,True,complete,,scored,,,,,,,,cycle2/a5_scope32/m5/results/per_input_scored.jsonl,152
cycle2,synthetic32,M5,direct_ordinary_probe,scope32_024,True,True,complete,,scored,,,,,,,,cycle2/a5_scope32/m5/results/per_input_scored.jsonl,153
cycle2,synthetic32,M5,direct_ordinary_probe,scope32_025,True,True,complete,,scored,,,,,,,,cycle2/a5_scope32/m5/results/per_input_scored.jsonl,154
cycle2,synthetic32,M5,direct_ordinary_probe,scope32_026,True,True,complete,,scored,,,,,,,,cycle2/a5_scope32/m5/results/per_input_scored.jsonl,155
cycle2,synthetic32,M5,direct_ordinary_probe,scope32_027,True,True,complete,,scored,,,,,,,,cycle2/a5_scope32/m5/results/per_input_scored.jsonl,156
cycle2,synthetic32,M5,direct_ordinary_probe,scope32_028,True,True,complete,,scored,,,,,,,,cycle2/a5_scope32/m5/results/per_input_scored.jsonl,157
cycle2,synthetic32,M5,direct_ordinary_probe,scope32_029,True,True,complete,,scored,,,,,,,,cycle2/a5_scope32/m5/results/per_input_scored.jsonl,158
cycle2,synthetic32,M5,direct_ordinary_probe,scope32_030,True,True,complete,,scored,,,,,,,,cycle2/a5_scope32/m5/results/per_input_scored.jsonl,159
cycle2,synthetic32,M5,direct_ordinary_probe,scope32_031,True,True,complete,,scored,,,,,,,,cycle2/a5_scope32/m5/results/per_input_scored.jsonl,160
