published_document,source_document,label,original_target,resolved_local_target
docs/research/cf_moa_experiment_report.md,/home/data3/txy/docs/research/cf_moa_experiment_report.md,执行计划快照,/home/data3/txy/Documents/Codex/2026-09-21/cf_moa/plan_revision_20260923/before/cf_moa/CF_MED_MoA_Router_Five_Agents_Execution_Plan.md,/home/data3/txy/Documents/Codex/2026-09-21/cf_moa/plan_revision_20260923/before/cf_moa/CF_MED_MoA_Router_Five_Agents_Execution_Plan.md
docs/research/cf_moa_experiment_report.md,/home/data3/txy/docs/research/cf_moa_experiment_report.md,采用版清单,/home/data3/txy/Documents/Codex/2026-09-21/cf_moa/historical_versions.json,/home/data3/txy/Documents/Codex/2026-09-21/cf_moa/historical_versions.json
docs/research/cf_moa_experiment_report.md,/home/data3/txy/docs/research/cf_moa_experiment_report.md,迁移收据,/home/data3/txy/Documents/Codex/2026-09-21/cf_moa/stage_a_replay/migration_receipt.json,/home/data3/txy/Documents/Codex/2026-09-21/cf_moa/stage_a_replay/migration_receipt.json
docs/research/cf_moa_experiment_report.md,/home/data3/txy/docs/research/cf_moa_experiment_report.md,完整旧入口回放收据,/home/data3/txy/Documents/Codex/2026-09-21/cf_moa/stage_a_replay/candidate_replay.json,/home/data3/txy/Documents/Codex/2026-09-21/cf_moa/stage_a_replay/candidate_replay.json
docs/research/cf_moa_experiment_report.md,/home/data3/txy/docs/research/cf_moa_experiment_report.md,运行与隔离包,/home/data3/txy/Documents/Codex/2026-09-21/cf_moa/cpu_preparation/README.md,/home/data3/txy/Documents/Codex/2026-09-21/cf_moa/cpu_preparation/README.md
docs/research/cf_moa_experiment_report.md,/home/data3/txy/docs/research/cf_moa_experiment_report.md,当时的冻结就绪清单,/home/data3/txy/Documents/Codex/2026-09-21/cf_moa/cpu_preparation/freeze_readiness.json,/home/data3/txy/Documents/Codex/2026-09-21/cf_moa/cpu_preparation/freeze_readiness.json
docs/research/cf_moa_experiment_report.md,/home/data3/txy/docs/research/cf_moa_experiment_report.md,M4 请求收据,/home/data3/txy/Documents/Codex/2026-09-21/cf_moa/a4_config_repair/m4/requests/receipt.json,/home/data3/txy/Documents/Codex/2026-09-21/cf_moa/a4_config_repair/m4/requests/receipt.json
docs/research/cf_moa_experiment_report.md,/home/data3/txy/docs/research/cf_moa_experiment_report.md,M5 请求收据,/home/data3/txy/Documents/Codex/2026-09-21/cf_moa/a4_config_repair/m5/requests/receipt.json,/home/data3/txy/Documents/Codex/2026-09-21/cf_moa/a4_config_repair/m5/requests/receipt.json
docs/research/cf_moa_experiment_report.md,/home/data3/txy/docs/research/cf_moa_experiment_report.md,M4 输出回放,/home/data3/txy/Documents/Codex/2026-09-21/cf_moa/a4_config_repair/m4/replay/receipt.json,/home/data3/txy/Documents/Codex/2026-09-21/cf_moa/a4_config_repair/m4/replay/receipt.json
docs/research/cf_moa_experiment_report.md,/home/data3/txy/docs/research/cf_moa_experiment_report.md,M5 输出回放,/home/data3/txy/Documents/Codex/2026-09-21/cf_moa/a4_config_repair/m5/replay/receipt.json,/home/data3/txy/Documents/Codex/2026-09-21/cf_moa/a4_config_repair/m5/replay/receipt.json
docs/research/cf_moa_experiment_report.md,/home/data3/txy/docs/research/cf_moa_experiment_report.md,BOS 请求计数核查,/home/data3/txy/Documents/Codex/2026-09-21/cf_moa/a4_config_repair/runtime_token_check/,/home/data3/txy/Documents/Codex/2026-09-21/cf_moa/a4_config_repair/runtime_token_check
docs/research/cf_moa_experiment_report.md,/home/data3/txy/docs/research/cf_moa_experiment_report.md,`output_kind` 同批重验,/home/data3/txy/Documents/Codex/2026-09-21/cf_moa/restart_20260922/output_kind_revalidation/receipt.json,/home/data3/txy/Documents/Codex/2026-09-21/cf_moa/restart_20260922/output_kind_revalidation/receipt.json
docs/research/cf_moa_experiment_report.md,/home/data3/txy/docs/research/cf_moa_experiment_report.md,真实验收成本,/home/data3/txy/Documents/Codex/2026-09-21/cf_moa/restart_20260922/a4_cost_inventory.json,/home/data3/txy/Documents/Codex/2026-09-21/cf_moa/restart_20260922/a4_cost_inventory.json
docs/research/cf_moa_experiment_report.md,/home/data3/txy/docs/research/cf_moa_experiment_report.md,222 请求诊断收据,/home/data3/txy/Documents/Codex/2026-09-21/cf_moa/restart_20260922/a1_schema_pause/receipt.json,/home/data3/txy/Documents/Codex/2026-09-21/cf_moa/restart_20260922/a1_schema_pause/receipt.json
docs/research/cf_moa_experiment_report.md,/home/data3/txy/docs/research/cf_moa_experiment_report.md,保存核验,/home/data3/txy/Documents/Codex/2026-09-21/cf_moa/restart_20260922/a1_schema_pause/progress_and_preservation.json,/home/data3/txy/Documents/Codex/2026-09-21/cf_moa/restart_20260922/a1_schema_pause/progress_and_preservation.json
docs/research/cf_moa_experiment_report.md,/home/data3/txy/docs/research/cf_moa_experiment_report.md,前后 diff、快照与命令索引,/home/data3/txy/Documents/Codex/2026-09-21/cf_moa/a1_schema_repair_20260922/README.md,/home/data3/txy/Documents/Codex/2026-09-21/cf_moa/a1_schema_repair_20260922/README.md
docs/research/cf_moa_experiment_report.md,/home/data3/txy/docs/research/cf_moa_experiment_report.md,16 次请求验收,/home/data3/txy/Documents/Codex/2026-09-21/cf_moa/a1_schema_repair_20260922/live_request_acceptance.json,/home/data3/txy/Documents/Codex/2026-09-21/cf_moa/a1_schema_repair_20260922/live_request_acceptance.json
docs/research/cf_moa_experiment_report.md,/home/data3/txy/docs/research/cf_moa_experiment_report.md,保留失败的 smoke 收据,/home/data3/txy/Documents/Codex/2026-09-21/cf_moa/a1_schema_repair_20260922/smoke_acceptance.json,/home/data3/txy/Documents/Codex/2026-09-21/cf_moa/a1_schema_repair_20260922/smoke_acceptance.json
docs/research/cf_moa_experiment_report.md,/home/data3/txy/docs/research/cf_moa_experiment_report.md,统计与方法说明,/home/data3/txy/Documents/Codex/2026-09-21/cf_moa/a1_schema_repair_20260922/d00003_trace_diagnosis/README.md,/home/data3/txy/Documents/Codex/2026-09-21/cf_moa/a1_schema_repair_20260922/d00003_trace_diagnosis/README.md
docs/research/cf_moa_experiment_report.md,/home/data3/txy/docs/research/cf_moa_experiment_report.md,明确失败身份,/home/data3/txy/Documents/Codex/2026-09-21/cf_moa/a1_schema_repair_20260922/d00003_trace_diagnosis/failure_status.json,/home/data3/txy/Documents/Codex/2026-09-21/cf_moa/a1_schema_repair_20260922/d00003_trace_diagnosis/failure_status.json
docs/research/cf_moa_experiment_report.md,/home/data3/txy/docs/research/cf_moa_experiment_report.md,首版与两臂运行包,/home/data3/txy/Documents/Codex/2026-09-21/cf_moa/a1_v2_20260922/README.md,/home/data3/txy/Documents/Codex/2026-09-21/cf_moa/a1_v2_20260922/README.md
docs/research/cf_moa_experiment_report.md,/home/data3/txy/docs/research/cf_moa_experiment_report.md,请求及同响应回放,/home/data3/txy/Documents/Codex/2026-09-21/cf_moa/a1_v2_20260922/comparison_acceptance_and_replay.json,/home/data3/txy/Documents/Codex/2026-09-21/cf_moa/a1_v2_20260922/comparison_acceptance_and_replay.json
docs/research/cf_moa_experiment_report.md,/home/data3/txy/docs/research/cf_moa_experiment_report.md,适用范围拆分,/home/data3/txy/Documents/Codex/2026-09-21/cf_moa/a1_v2_20260922/cpu_preflight/applicability_summary.json,/home/data3/txy/Documents/Codex/2026-09-21/cf_moa/a1_v2_20260922/cpu_preflight/applicability_summary.json
docs/research/cf_moa_experiment_report.md,/home/data3/txy/docs/research/cf_moa_experiment_report.md,r3 请求及回放,/home/data3/txy/Documents/Codex/2026-09-21/cf_moa/a1_v2_relational_20260922/acceptance_and_replay.json,/home/data3/txy/Documents/Codex/2026-09-21/cf_moa/a1_v2_relational_20260922/acceptance_and_replay.json
docs/research/cf_moa_experiment_report.md,/home/data3/txy/docs/research/cf_moa_experiment_report.md,格式可达性诊断,/home/data3/txy/Documents/Codex/2026-09-21/cf_moa/a1_v2_relational_20260922/format_reachability.json,/home/data3/txy/Documents/Codex/2026-09-21/cf_moa/a1_v2_relational_20260922/format_reachability.json
docs/research/cf_moa_experiment_report.md,/home/data3/txy/docs/research/cf_moa_experiment_report.md,r4 请求与回放,/home/data3/txy/Documents/Codex/2026-09-21/cf_moa/a1_v2_relational_20260922/whitespace_diagnostic/acceptance_and_replay.json,/home/data3/txy/Documents/Codex/2026-09-21/cf_moa/a1_v2_relational_20260922/whitespace_diagnostic/acceptance_and_replay.json
docs/research/cf_moa_experiment_report.md,/home/data3/txy/docs/research/cf_moa_experiment_report.md,完整开发审阅与不采用决定,/home/data3/txy/Documents/Codex/2026-09-21/cf_moa/a1_v2_relational_20260922/relation_codes/complete/development_review.json,/home/data3/txy/Documents/Codex/2026-09-21/cf_moa/a1_v2_relational_20260922/relation_codes/complete/development_review.json
docs/research/cf_moa_experiment_report.md,/home/data3/txy/docs/research/cf_moa_experiment_report.md,M4 原生评分收据,/home/data3/txy/Documents/Codex/2026-09-21/cf_moa/a1_v2_relational_20260922/relation_codes/complete/m4_scores/receipt.json,/home/data3/txy/Documents/Codex/2026-09-21/cf_moa/a1_v2_relational_20260922/relation_codes/complete/m4_scores/receipt.json
docs/research/cf_moa_experiment_report.md,/home/data3/txy/docs/research/cf_moa_experiment_report.md,M5 原生评分收据,/home/data3/txy/Documents/Codex/2026-09-21/cf_moa/a1_v2_relational_20260922/relation_codes/complete/m5_scores/receipt.json,/home/data3/txy/Documents/Codex/2026-09-21/cf_moa/a1_v2_relational_20260922/relation_codes/complete/m5_scores/receipt.json
docs/research/cf_moa_experiment_report.md,/home/data3/txy/docs/research/cf_moa_experiment_report.md,原 smoke 诊断,/home/data3/txy/Documents/Codex/2026-09-21/cf_moa/a5_f_preparation/smoke_diagnosis/receipt.json,/home/data3/txy/Documents/Codex/2026-09-21/cf_moa/a5_f_preparation/smoke_diagnosis/receipt.json
docs/research/cf_moa_experiment_report.md,/home/data3/txy/docs/research/cf_moa_experiment_report.md,结构修订目录,/home/data3/txy/Documents/Codex/2026-09-21/cf_moa/a5_f_preparation/structural_compat_cpu/,/home/data3/txy/Documents/Codex/2026-09-21/cf_moa/a5_f_preparation/structural_compat_cpu
docs/research/cf_moa_experiment_report.md,/home/data3/txy/docs/research/cf_moa_experiment_report.md,修订 smoke 诊断,/home/data3/txy/Documents/Codex/2026-09-21/cf_moa/a5_f_preparation/structural_compat_cpu/smoke_diagnosis/receipt.json,/home/data3/txy/Documents/Codex/2026-09-21/cf_moa/a5_f_preparation/structural_compat_cpu/smoke_diagnosis/receipt.json
docs/research/cf_moa_experiment_report.md,/home/data3/txy/docs/research/cf_moa_experiment_report.md,用户取舍记录,/home/data3/txy/Documents/Codex/2026-09-21/cf_moa/a5_f_preparation/a5_non_adoption_decision.json,/home/data3/txy/Documents/Codex/2026-09-21/cf_moa/a5_f_preparation/a5_non_adoption_decision.json
docs/research/cf_moa_experiment_report.md,/home/data3/txy/docs/research/cf_moa_experiment_report.md,阶段总报告,/home/data3/txy/Documents/Codex/2026-09-21/cf_moa/a5_f_preparation/f_complete/combined_stage_report.json,/home/data3/txy/Documents/Codex/2026-09-21/cf_moa/a5_f_preparation/f_complete/combined_stage_report.json
docs/research/cf_moa_experiment_report.md,/home/data3/txy/docs/research/cf_moa_experiment_report.md,F 完整制品,/home/data3/txy/Documents/Codex/2026-09-21/cf_moa/a5_f_preparation/f_complete/,/home/data3/txy/Documents/Codex/2026-09-21/cf_moa/a5_f_preparation/f_complete
docs/research/cf_moa_experiment_report.md,/home/data3/txy/docs/research/cf_moa_experiment_report.md,强旧逐题来源与资源,/home/data3/txy/Documents/Codex/2026-09-21/cf_moa/a5_f_preparation/strong_legacy_complete/,/home/data3/txy/Documents/Codex/2026-09-21/cf_moa/a5_f_preparation/strong_legacy_complete
docs/research/cf_moa_experiment_report.md,/home/data3/txy/docs/research/cf_moa_experiment_report.md,r2 修复及 smoke,/home/data3/txy/Documents/Codex/2026-09-21/cf_moa/single_agent_preparation/stable_tool_json_r2/,/home/data3/txy/Documents/Codex/2026-09-21/cf_moa/single_agent_preparation/stable_tool_json_r2
docs/research/cf_moa_experiment_report.md,/home/data3/txy/docs/research/cf_moa_experiment_report.md,双骨干停止汇总,/home/data3/txy/Documents/Codex/2026-09-21/cf_moa/single_agent_preparation/stable_tool_json_r2/development/stopped_stage_report.json,/home/data3/txy/Documents/Codex/2026-09-21/cf_moa/single_agent_preparation/stable_tool_json_r2/development/stopped_stage_report.json
docs/research/cf_moa_experiment_report.md,/home/data3/txy/docs/research/cf_moa_experiment_report.md,角色配置具体审阅,/home/data3/txy/Documents/Codex/2026-09-21/cf_moa/router_aggregation_preparation/control_alignment_preparation/adopted_role_profile_preparation/README.md,/home/data3/txy/Documents/Codex/2026-09-21/cf_moa/router_aggregation_preparation/control_alignment_preparation/adopted_role_profile_preparation/README.md
docs/research/cf_moa_experiment_report.md,/home/data3/txy/docs/research/cf_moa_experiment_report.md,smoke 状态与成本,/home/data3/txy/Documents/Codex/2026-09-21/cf_moa/a2_control_preparation/live/stage_report.json,/home/data3/txy/Documents/Codex/2026-09-21/cf_moa/a2_control_preparation/live/stage_report.json
docs/research/cf_moa_experiment_report.md,/home/data3/txy/docs/research/cf_moa_experiment_report.md,历史/新 parser 同响应诊断,/home/data3/txy/Documents/Codex/2026-09-21/cf_moa/a2_control_preparation/live/parser_parity_diagnosis.json,/home/data3/txy/Documents/Codex/2026-09-21/cf_moa/a2_control_preparation/live/parser_parity_diagnosis.json
docs/research/cf_moa_experiment_report.md,/home/data3/txy/docs/research/cf_moa_experiment_report.md,无 gold 政策保真修复,/home/data3/txy/Documents/Codex/2026-09-21/cf_moa/a2_control_preparation/report_preparation/policy_replay_fix/README.md,/home/data3/txy/Documents/Codex/2026-09-21/cf_moa/a2_control_preparation/report_preparation/policy_replay_fix/README.md
docs/research/cf_moa_experiment_report.md,/home/data3/txy/docs/research/cf_moa_experiment_report.md,离线逐题机制 trace,/home/data3/txy/Documents/Codex/2026-09-21/cf_moa/a2_control_preparation/offline_controls/mechanism_trace.jsonl,/home/data3/txy/Documents/Codex/2026-09-21/cf_moa/a2_control_preparation/offline_controls/mechanism_trace.jsonl
docs/research/cf_moa_experiment_report.md,/home/data3/txy/docs/research/cf_moa_experiment_report.md,分析与区间,/home/data3/txy/Documents/Codex/2026-09-21/cf_moa/a2_control_preparation/offline_controls/analysis.json,/home/data3/txy/Documents/Codex/2026-09-21/cf_moa/a2_control_preparation/offline_controls/analysis.json
docs/research/cf_moa_experiment_report.md,/home/data3/txy/docs/research/cf_moa_experiment_report.md,原缺陷与来源,/home/data3/txy/Documents/Codex/2026-09-21/cf_moa/a3_edit_preparation/findings.json,/home/data3/txy/Documents/Codex/2026-09-21/cf_moa/a3_edit_preparation/findings.json
docs/research/cf_moa_experiment_report.md,/home/data3/txy/docs/research/cf_moa_experiment_report.md,实际初始预检失败,/home/data3/txy/Documents/Codex/2026-09-21/cf_moa/a3_edit_preparation/captured_editor_preflight.json,/home/data3/txy/Documents/Codex/2026-09-21/cf_moa/a3_edit_preparation/captured_editor_preflight.json
docs/research/cf_moa_experiment_report.md,/home/data3/txy/docs/research/cf_moa_experiment_report.md,修复收据,/home/data3/txy/Documents/Codex/2026-09-21/cf_moa/a3_edit_preparation/repair/receipt.json,/home/data3/txy/Documents/Codex/2026-09-21/cf_moa/a3_edit_preparation/repair/receipt.json
docs/research/cf_moa_experiment_report.md,/home/data3/txy/docs/research/cf_moa_experiment_report.md,完整 diff,/home/data3/txy/Documents/Codex/2026-09-21/cf_moa/a3_edit_preparation/repair/source_diff.patch,/home/data3/txy/Documents/Codex/2026-09-21/cf_moa/a3_edit_preparation/repair/source_diff.patch
docs/research/cf_moa_experiment_report.md,/home/data3/txy/docs/research/cf_moa_experiment_report.md,准备 v2 收据,/home/data3/txy/Documents/Codex/2026-09-21/cf_moa/a3_edit_preparation/controls/prepared_v2/receipt.json,/home/data3/txy/Documents/Codex/2026-09-21/cf_moa/a3_edit_preparation/controls/prepared_v2/receipt.json
docs/research/cf_moa_experiment_report.md,/home/data3/txy/docs/research/cf_moa_experiment_report.md,profile 差异,/home/data3/txy/Documents/Codex/2026-09-21/cf_moa/a3_edit_preparation/controls/design_review/score_profile_comparison.json,/home/data3/txy/Documents/Codex/2026-09-21/cf_moa/a3_edit_preparation/controls/design_review/score_profile_comparison.json
docs/research/cf_moa_experiment_report.md,/home/data3/txy/docs/research/cf_moa_experiment_report.md,配对独立审查,/home/data3/txy/Documents/Codex/2026-09-21/cf_moa/a3_edit_preparation/controls/execution_review/design_review.md,/home/data3/txy/Documents/Codex/2026-09-21/cf_moa/a3_edit_preparation/controls/execution_review/design_review.md
docs/research/cf_moa_experiment_report.md,/home/data3/txy/docs/research/cf_moa_experiment_report.md,242 输入与实际预检收据,/home/data3/txy/Documents/Codex/2026-09-21/cf_moa/a3_edit_preparation/controls/paired_execution/data_preflight/results/receipt.json,/home/data3/txy/Documents/Codex/2026-09-21/cf_moa/a3_edit_preparation/controls/paired_execution/data_preflight/results/receipt.json
docs/research/cf_moa_experiment_report.md,/home/data3/txy/docs/research/cf_moa_experiment_report.md,固定计划,/home/data3/txy/Documents/Codex/2026-09-21/cf_moa/complementarity_preparation/plan.json,/home/data3/txy/Documents/Codex/2026-09-21/cf_moa/complementarity_preparation/plan.json
docs/research/cf_moa_experiment_report.md,/home/data3/txy/docs/research/cf_moa_experiment_report.md,完整分析收据,/home/data3/txy/Documents/Codex/2026-09-21/cf_moa/complementarity_preparation/analysis/results_v2/receipt.json,/home/data3/txy/Documents/Codex/2026-09-21/cf_moa/complementarity_preparation/analysis/results_v2/receipt.json
docs/research/cf_moa_experiment_report.md,/home/data3/txy/docs/research/cf_moa_experiment_report.md,独立结果核对,/home/data3/txy/Documents/Codex/2026-09-21/cf_moa/complementarity_preparation/analysis/independent_checks/actual_analysis_comparison.json,/home/data3/txy/Documents/Codex/2026-09-21/cf_moa/complementarity_preparation/analysis/independent_checks/actual_analysis_comparison.json
docs/research/cf_moa_experiment_report.md,/home/data3/txy/docs/research/cf_moa_experiment_report.md,家族不确定性,/home/data3/txy/Documents/Codex/2026-09-21/cf_moa/complementarity_preparation/analysis/uncertainty/results/report.json,/home/data3/txy/Documents/Codex/2026-09-21/cf_moa/complementarity_preparation/analysis/uncertainty/results/report.json
docs/research/cf_moa_experiment_report.md,/home/data3/txy/docs/research/cf_moa_experiment_report.md,重放核验,/home/data3/txy/Documents/Codex/2026-09-21/cf_moa/complementarity_preparation/analysis/replay_20260923_0210/verification.json,/home/data3/txy/Documents/Codex/2026-09-21/cf_moa/complementarity_preparation/analysis/replay_20260923_0210/verification.json
docs/research/cf_moa_experiment_report.md,/home/data3/txy/docs/research/cf_moa_experiment_report.md,归因摘要,/home/data3/txy/Documents/Codex/2026-09-21/cf_moa/incremental_revision_20260923/trace_attribution/summary.json,/home/data3/txy/Documents/Codex/2026-09-21/cf_moa/incremental_revision_20260923/trace_attribution/summary.json
docs/research/cf_moa_experiment_report.md,/home/data3/txy/docs/research/cf_moa_experiment_report.md,验收收据,/home/data3/txy/Documents/Codex/2026-09-21/cf_moa/incremental_revision_20260923/trace_attribution/acceptance_receipt.json,/home/data3/txy/Documents/Codex/2026-09-21/cf_moa/incremental_revision_20260923/trace_attribution/acceptance_receipt.json
docs/research/cf_moa_experiment_report.md,/home/data3/txy/docs/research/cf_moa_experiment_report.md,A2收据,/home/data3/txy/Documents/Codex/2026-09-21/cf_moa/incremental_revision_20260923/a2_native_parser/receipt.json,/home/data3/txy/Documents/Codex/2026-09-21/cf_moa/incremental_revision_20260923/a2_native_parser/receipt.json
docs/research/cf_moa_experiment_report.md,/home/data3/txy/docs/research/cf_moa_experiment_report.md,B收据,/home/data3/txy/Documents/Codex/2026-09-21/cf_moa/incremental_revision_20260923/baseline_contract/v2/receipt.json,/home/data3/txy/Documents/Codex/2026-09-21/cf_moa/incremental_revision_20260923/baseline_contract/v2/receipt.json
docs/research/cf_moa_experiment_report.md,/home/data3/txy/docs/research/cf_moa_experiment_report.md,负结果决定,/home/data3/txy/Documents/Codex/2026-09-21/cf_moa/incremental_revision_20260923/smoke/negative_diagnosis/decision.json,/home/data3/txy/Documents/Codex/2026-09-21/cf_moa/incremental_revision_20260923/smoke/negative_diagnosis/decision.json
docs/research/cf_moa_experiment_report.md,/home/data3/txy/docs/research/cf_moa_experiment_report.md,执行验收,/home/data3/txy/Documents/Codex/2026-09-21/cf_moa/incremental_revision_20260923/smoke/independent_acceptance/receipt.json,/home/data3/txy/Documents/Codex/2026-09-21/cf_moa/incremental_revision_20260923/smoke/independent_acceptance/receipt.json
docs/research/cf_moa_experiment_report.md,/home/data3/txy/docs/research/cf_moa_experiment_report.md,完整物理费用,/home/data3/txy/Documents/Codex/2026-09-21/cf_moa/incremental_revision_20260923/a3_development_preparation/live_acceptance/full_panel_physical_cost.json,/home/data3/txy/Documents/Codex/2026-09-21/cf_moa/incremental_revision_20260923/a3_development_preparation/live_acceptance/full_panel_physical_cost.json
docs/research/cf_moa_experiment_report.md,/home/data3/txy/docs/research/cf_moa_experiment_report.md,开发验收,/home/data3/txy/Documents/Codex/2026-09-21/cf_moa/incremental_revision_20260923/a3_development_preparation/live_acceptance/receipt.json,/home/data3/txy/Documents/Codex/2026-09-21/cf_moa/incremental_revision_20260923/a3_development_preparation/live_acceptance/receipt.json
docs/research/cf_moa_experiment_report.md,/home/data3/txy/docs/research/cf_moa_experiment_report.md,质量汇总,/home/data3/txy/Documents/Codex/2026-09-21/cf_moa/incremental_revision_20260923/a3_quality_analysis/results/summary.json,/home/data3/txy/Documents/Codex/2026-09-21/cf_moa/incremental_revision_20260923/a3_quality_analysis/results/summary.json
docs/research/cf_moa_experiment_report.md,/home/data3/txy/docs/research/cf_moa_experiment_report.md,未采用决定,/home/data3/txy/Documents/Codex/2026-09-21/cf_moa/incremental_revision_20260923/a3_quality_analysis/non_adoption_decision.json,/home/data3/txy/Documents/Codex/2026-09-21/cf_moa/incremental_revision_20260923/a3_quality_analysis/non_adoption_decision.json
docs/research/cf_moa_experiment_report.md,/home/data3/txy/docs/research/cf_moa_experiment_report.md,独立计数核验,/home/data3/txy/Documents/Codex/2026-09-21/cf_moa/incremental_revision_20260923/a3_quality_analysis/independent_count_audit.json,/home/data3/txy/Documents/Codex/2026-09-21/cf_moa/incremental_revision_20260923/a3_quality_analysis/independent_count_audit.json
docs/research/cf_moa_experiment_report.md,/home/data3/txy/docs/research/cf_moa_experiment_report.md,成本账,/home/data3/txy/Documents/Codex/2026-09-21/cf_moa/incremental_revision_20260923/cost_so_far.json,/home/data3/txy/Documents/Codex/2026-09-21/cf_moa/incremental_revision_20260923/cost_so_far.json
docs/research/cf_moa_experiment_report.md,/home/data3/txy/docs/research/cf_moa_experiment_report.md,缓存审阅包,/home/data3/txy/Documents/Codex/2026-09-21/cf_moa/effect_first_revision_20260923/cached_review/README.md,/home/data3/txy/Documents/Codex/2026-09-21/cf_moa/effect_first_revision_20260923/cached_review/README.md
docs/research/cf_moa_experiment_report.md,/home/data3/txy/docs/research/cf_moa_experiment_report.md,完整评分,/home/data3/txy/Documents/Codex/2026-09-21/cf_moa/effect_first_revision_20260923/quality34/results/summary.json,/home/data3/txy/Documents/Codex/2026-09-21/cf_moa/effect_first_revision_20260923/quality34/results/summary.json
docs/research/cf_moa_experiment_report.md,/home/data3/txy/docs/research/cf_moa_experiment_report.md,逐条解释,/home/data3/txy/Documents/Codex/2026-09-21/cf_moa/effect_first_revision_20260923/quality34/interpretation/README.md,/home/data3/txy/Documents/Codex/2026-09-21/cf_moa/effect_first_revision_20260923/quality34/interpretation/README.md
docs/research/cf_moa_experiment_report.md,/home/data3/txy/docs/research/cf_moa_experiment_report.md,A5完整评分,/home/data3/txy/Documents/Codex/2026-09-21/cf_moa/effect_first_revision_20260923/a5_quality121/results/summary.json,/home/data3/txy/Documents/Codex/2026-09-21/cf_moa/effect_first_revision_20260923/a5_quality121/results/summary.json
docs/research/cf_moa_experiment_report.md,/home/data3/txy/docs/research/cf_moa_experiment_report.md,多选组合结果,/home/data3/txy/Documents/Codex/2026-09-21/cf_moa/effect_first_revision_20260923/readout_multi9_r2/composite_results/summary.json,/home/data3/txy/Documents/Codex/2026-09-21/cf_moa/effect_first_revision_20260923/readout_multi9_r2/composite_results/summary.json
docs/research/cf_moa_experiment_report.md,/home/data3/txy/docs/research/cf_moa_experiment_report.md,第一轮决定,/home/data3/txy/Documents/Codex/2026-09-21/cf_moa/effect_first_revision_20260923/non_adoption_decision.json,/home/data3/txy/Documents/Codex/2026-09-21/cf_moa/effect_first_revision_20260923/non_adoption_decision.json
docs/research/cf_moa_experiment_report.md,/home/data3/txy/docs/research/cf_moa_experiment_report.md,A1评分,/home/data3/txy/Documents/Codex/2026-09-21/cf_moa/effect_first_revision_20260923/cycle2/a1_target34/results/summary.json,/home/data3/txy/Documents/Codex/2026-09-21/cf_moa/effect_first_revision_20260923/cycle2/a1_target34/results/summary.json
docs/research/cf_moa_experiment_report.md,/home/data3/txy/docs/research/cf_moa_experiment_report.md,变化审阅,/home/data3/txy/Documents/Codex/2026-09-21/cf_moa/effect_first_revision_20260923/cycle2/a1_target34/interpretation/changed_case_review.md,/home/data3/txy/Documents/Codex/2026-09-21/cf_moa/effect_first_revision_20260923/cycle2/a1_target34/interpretation/changed_case_review.md
docs/research/cf_moa_experiment_report.md,/home/data3/txy/docs/research/cf_moa_experiment_report.md,直接读出结果,/home/data3/txy/Documents/Codex/2026-09-21/cf_moa/effect_first_revision_20260923/cycle2/a1_target34/direct_verdict_readout/results/summary.json,/home/data3/txy/Documents/Codex/2026-09-21/cf_moa/effect_first_revision_20260923/cycle2/a1_target34/direct_verdict_readout/results/summary.json
docs/research/cf_moa_experiment_report.md,/home/data3/txy/docs/research/cf_moa_experiment_report.md,A3归因,/home/data3/txy/Documents/Codex/2026-09-21/cf_moa/effect_first_revision_20260923/cycle2/a3_original8/interpretation.json,/home/data3/txy/Documents/Codex/2026-09-21/cf_moa/effect_first_revision_20260923/cycle2/a3_original8/interpretation.json
docs/research/cf_moa_experiment_report.md,/home/data3/txy/docs/research/cf_moa_experiment_report.md,A5 Scope32比较,/home/data3/txy/Documents/Codex/2026-09-21/cf_moa/effect_first_revision_20260923/cycle2/a5_scope32/comparison.json,/home/data3/txy/Documents/Codex/2026-09-21/cf_moa/effect_first_revision_20260923/cycle2/a5_scope32/comparison.json
docs/research/cf_moa_experiment_report.md,/home/data3/txy/docs/research/cf_moa_experiment_report.md,第二轮决定及成本,/home/data3/txy/Documents/Codex/2026-09-21/cf_moa/effect_first_revision_20260923/cycle2/decision.json,/home/data3/txy/Documents/Codex/2026-09-21/cf_moa/effect_first_revision_20260923/cycle2/decision.json
docs/research/cf_moa_experiment_report.md,/home/data3/txy/docs/research/cf_moa_experiment_report.md,检索收据,/home/data3/txy/Documents/Codex/2026-09-21/cf_moa/effect_first_revision_20260923/cycle3/retrieval/completed_tool_receipt.json,/home/data3/txy/Documents/Codex/2026-09-21/cf_moa/effect_first_revision_20260923/cycle3/retrieval/completed_tool_receipt.json
docs/research/cf_moa_experiment_report.md,/home/data3/txy/docs/research/cf_moa_experiment_report.md,固定资料审阅,/home/data3/txy/Documents/Codex/2026-09-21/cf_moa/effect_first_revision_20260923/cycle3/retrieval/fixed_sample_relevance.json,/home/data3/txy/Documents/Codex/2026-09-21/cf_moa/effect_first_revision_20260923/cycle3/retrieval/fixed_sample_relevance.json
docs/research/cf_moa_experiment_report.md,/home/data3/txy/docs/research/cf_moa_experiment_report.md,三臂比较,/home/data3/txy/Documents/Codex/2026-09-21/cf_moa/effect_first_revision_20260923/cycle3/answer34/interpretation/comparison.json,/home/data3/txy/Documents/Codex/2026-09-21/cf_moa/effect_first_revision_20260923/cycle3/answer34/interpretation/comparison.json
docs/research/cf_moa_experiment_report.md,/home/data3/txy/docs/research/cf_moa_experiment_report.md,实际入口,/home/data3/txy/Documents/Codex/2026-09-21/cf_moa/effect_first_revision_20260923/cycle4/actual_entry_receipt.json,/home/data3/txy/Documents/Codex/2026-09-21/cf_moa/effect_first_revision_20260923/cycle4/actual_entry_receipt.json
docs/research/cf_moa_experiment_report.md,/home/data3/txy/docs/research/cf_moa_experiment_report.md,完整比较,/home/data3/txy/Documents/Codex/2026-09-21/cf_moa/effect_first_revision_20260923/cycle4/analysis/comparison.json,/home/data3/txy/Documents/Codex/2026-09-21/cf_moa/effect_first_revision_20260923/cycle4/analysis/comparison.json
docs/research/cf_moa_experiment_report.md,/home/data3/txy/docs/research/cf_moa_experiment_report.md,逐变化路径,/home/data3/txy/Documents/Codex/2026-09-21/cf_moa/effect_first_revision_20260923/cycle4/analysis/changed_paths.json,/home/data3/txy/Documents/Codex/2026-09-21/cf_moa/effect_first_revision_20260923/cycle4/analysis/changed_paths.json
docs/research/cf_moa_experiment_report.md,/home/data3/txy/docs/research/cf_moa_experiment_report.md,诊断合同审阅,/home/data3/txy/Documents/Codex/2026-09-21/cf_moa/effect_first_revision_20260923/cycle4/native_diagnosis_contract_diagnosis.json,/home/data3/txy/Documents/Codex/2026-09-21/cf_moa/effect_first_revision_20260923/cycle4/native_diagnosis_contract_diagnosis.json
docs/research/cf_moa_experiment_report.md,/home/data3/txy/docs/research/cf_moa_experiment_report.md,第四轮未采用决定,/home/data3/txy/Documents/Codex/2026-09-21/cf_moa/effect_first_revision_20260923/cycle4/decision.json,/home/data3/txy/Documents/Codex/2026-09-21/cf_moa/effect_first_revision_20260923/cycle4/decision.json
docs/research/cf_moa_experiment_report.md,/home/data3/txy/docs/research/cf_moa_experiment_report.md,资源交接记录,../workspace.md#gpu-reservation-handoff-20260923,/home/data3/txy/docs/workspace.md#gpu-reservation-handoff-20260923
docs/research/cf_moa_experiment_report.md,/home/data3/txy/docs/research/cf_moa_experiment_report.md,释放收据,/home/data3/txy/Documents/Codex/2026-09-21/cf_moa/publication_v3_20260923/gpu_release_receipt.json,/home/data3/txy/Documents/Codex/2026-09-21/cf_moa/publication_v3_20260923/gpu_release_receipt.json
docs/research/cf_moa_experiment_report.md,/home/data3/txy/docs/research/cf_moa_experiment_report.md,第一轮,/home/data3/txy/Documents/Codex/2026-09-21/cf_moa/effect_first_revision_20260923/cost_so_far.json,/home/data3/txy/Documents/Codex/2026-09-21/cf_moa/effect_first_revision_20260923/cost_so_far.json
docs/research/cf_moa_experiment_report.md,/home/data3/txy/docs/research/cf_moa_experiment_report.md,第二轮,/home/data3/txy/Documents/Codex/2026-09-21/cf_moa/effect_first_revision_20260923/cycle2/cost.json,/home/data3/txy/Documents/Codex/2026-09-21/cf_moa/effect_first_revision_20260923/cycle2/cost.json
docs/research/cf_moa_experiment_report.md,/home/data3/txy/docs/research/cf_moa_experiment_report.md,第三轮,/home/data3/txy/Documents/Codex/2026-09-21/cf_moa/effect_first_revision_20260923/cycle3/cost.json,/home/data3/txy/Documents/Codex/2026-09-21/cf_moa/effect_first_revision_20260923/cycle3/cost.json
docs/research/cf_moa_experiment_report.md,/home/data3/txy/docs/research/cf_moa_experiment_report.md,第四轮,/home/data3/txy/Documents/Codex/2026-09-21/cf_moa/effect_first_revision_20260923/cycle4/analysis/cost.json,/home/data3/txy/Documents/Codex/2026-09-21/cf_moa/effect_first_revision_20260923/cycle4/analysis/cost.json
docs/research/cf_moa_experiment_report.md,/home/data3/txy/docs/research/cf_moa_experiment_report.md,效果优先第一轮索引,/home/data3/txy/Documents/Codex/2026-09-21/cf_moa/effect_first_revision_20260923/delivery_index.json,/home/data3/txy/Documents/Codex/2026-09-21/cf_moa/effect_first_revision_20260923/delivery_index.json
docs/research/cf_moa_experiment_report.md,/home/data3/txy/docs/research/cf_moa_experiment_report.md,第二轮索引,/home/data3/txy/Documents/Codex/2026-09-21/cf_moa/effect_first_revision_20260923/cycle2/delivery_index.json,/home/data3/txy/Documents/Codex/2026-09-21/cf_moa/effect_first_revision_20260923/cycle2/delivery_index.json
docs/research/cf_moa_experiment_report.md,/home/data3/txy/docs/research/cf_moa_experiment_report.md,第三轮索引,/home/data3/txy/Documents/Codex/2026-09-21/cf_moa/effect_first_revision_20260923/cycle3/delivery_index.json,/home/data3/txy/Documents/Codex/2026-09-21/cf_moa/effect_first_revision_20260923/cycle3/delivery_index.json
docs/research/cf_moa_experiment_report.md,/home/data3/txy/docs/research/cf_moa_experiment_report.md,第四轮索引,/home/data3/txy/Documents/Codex/2026-09-21/cf_moa/effect_first_revision_20260923/cycle4/delivery_index.json,/home/data3/txy/Documents/Codex/2026-09-21/cf_moa/effect_first_revision_20260923/cycle4/delivery_index.json
docs/research/cf_moa_experiment_report.md,/home/data3/txy/docs/research/cf_moa_experiment_report.md,工作区发布记录,../workspace.md,/home/data3/txy/docs/workspace.md
docs/research/cf_moa_experiment_report.md,/home/data3/txy/docs/research/cf_moa_experiment_report.md,旧分数核对,/home/data3/txy/Documents/Codex/2026-09-23/cf_moa_minimal_revision_20260923/natural_scope/historical_score_check.json,/home/data3/txy/Documents/Codex/2026-09-23/cf_moa_minimal_revision_20260923/natural_scope/historical_score_check.json
docs/research/cf_moa_experiment_report.md,/home/data3/txy/docs/research/cf_moa_experiment_report.md,固定范围及来源说明,/home/data3/txy/Documents/Codex/2026-09-23/cf_moa_minimal_revision_20260923/natural_scope/README.md,/home/data3/txy/Documents/Codex/2026-09-23/cf_moa_minimal_revision_20260923/natural_scope/README.md
docs/research/cf_moa_experiment_report.md,/home/data3/txy/docs/research/cf_moa_experiment_report.md,成员manifest,/home/data3/txy/Documents/Codex/2026-09-23/cf_moa_minimal_revision_20260923/natural_scope/manifest.json,/home/data3/txy/Documents/Codex/2026-09-23/cf_moa_minimal_revision_20260923/natural_scope/manifest.json
docs/research/cf_moa_experiment_report.md,/home/data3/txy/docs/research/cf_moa_experiment_report.md,旧评分复用,/home/data3/txy/Documents/Codex/2026-09-23/cf_moa_minimal_revision_20260923/natural_scope/offline/receipt.json,/home/data3/txy/Documents/Codex/2026-09-23/cf_moa_minimal_revision_20260923/natural_scope/offline/receipt.json
docs/research/cf_moa.md,/home/data3/txy/docs/research/cf_moa.md,上传的执行计划,/home/data3/txy/.codex/attachments/288ca16f-8a4c-4f0f-91f1-fa554ee6a4e4/CF_MED_MoA_Router_Five_Agents_Execution_Plan.md,/home/data3/txy/.codex/attachments/288ca16f-8a4c-4f0f-91f1-fa554ee6a4e4/CF_MED_MoA_Router_Five_Agents_Execution_Plan.md
docs/research/cf_moa.md,/home/data3/txy/docs/research/cf_moa.md,R1,optimization.md#r1-core-head-delivery,/home/data3/txy/docs/research/optimization.md#r1-core-head-delivery
docs/research/cf_moa.md,/home/data3/txy/docs/research/cf_moa.md,R2,r2_support_head.md#r2-execution-guide,/home/data3/txy/docs/research/r2_support_head.md#r2-execution-guide
docs/research/cf_moa.md,/home/data3/txy/docs/research/cf_moa.md,R3,r3_candidate_comparison.md#r3-head-delivery,/home/data3/txy/docs/research/r3_candidate_comparison.md#r3-head-delivery
docs/research/cf_moa.md,/home/data3/txy/docs/research/cf_moa.md,R4,r4_consequence_head.md#r4-physiology-method,/home/data3/txy/docs/research/r4_consequence_head.md#r4-physiology-method
docs/research/cf_moa.md,/home/data3/txy/docs/research/cf_moa.md,R5,r5_invariance_head.md#r5-final-delivery,/home/data3/txy/docs/research/r5_invariance_head.md#r5-final-delivery
docs/research/cf_moa.md,/home/data3/txy/docs/research/cf_moa.md,原生协议,../evaluation/protocol.md,/home/data3/txy/docs/evaluation/protocol.md
docs/research/cf_moa.md,/home/data3/txy/docs/research/cf_moa.md,新控制层,/home/data3/txy/cf_moa/controller/legacy_router.py,/home/data3/txy/cf_moa/controller/legacy_router.py
docs/research/cf_moa.md,/home/data3/txy/docs/research/cf_moa.md,离线回放驱动,/home/data3/txy/cf_moa/evaluation/replay_legacy.py,/home/data3/txy/cf_moa/evaluation/replay_legacy.py
docs/research/cf_moa.md,/home/data3/txy/docs/research/cf_moa.md,采用版本清单,/home/data3/txy/Documents/Codex/2026-09-21/cf_moa/historical_versions.json,/home/data3/txy/Documents/Codex/2026-09-21/cf_moa/historical_versions.json
docs/research/cf_moa.md,/home/data3/txy/docs/research/cf_moa.md,迁移收据,/home/data3/txy/Documents/Codex/2026-09-21/cf_moa/stage_a_replay/migration_receipt.json,/home/data3/txy/Documents/Codex/2026-09-21/cf_moa/stage_a_replay/migration_receipt.json
docs/research/cf_moa.md,/home/data3/txy/docs/research/cf_moa.md,完整回放收据,/home/data3/txy/Documents/Codex/2026-09-21/cf_moa/stage_a_replay/candidate_replay.json,/home/data3/txy/Documents/Codex/2026-09-21/cf_moa/stage_a_replay/candidate_replay.json
docs/research/cf_moa.md,/home/data3/txy/docs/research/cf_moa.md,逐题原生结果,/home/data3/txy/Documents/Codex/2026-09-21/cf_moa/stage_a_replay/candidate_replay_scored.jsonl,/home/data3/txy/Documents/Codex/2026-09-21/cf_moa/stage_a_replay/candidate_replay_scored.jsonl
docs/research/cf_moa.md,/home/data3/txy/docs/research/cf_moa.md,日志,/home/data3/txy/Documents/Codex/2026-09-21/cf_moa/stage_a_replay.log,/home/data3/txy/Documents/Codex/2026-09-21/cf_moa/stage_a_replay.log
docs/research/cf_moa.md,/home/data3/txy/docs/research/cf_moa.md,运行包,/home/data3/txy/Documents/Codex/2026-09-21/cf_moa/README.md,/home/data3/txy/Documents/Codex/2026-09-21/cf_moa/README.md
docs/research/cf_moa.md,/home/data3/txy/docs/research/cf_moa.md,输入/提议合同,/home/data3/txy/cf_moa/contracts.py,/home/data3/txy/cf_moa/contracts.py
docs/research/cf_moa.md,/home/data3/txy/docs/research/cf_moa.md,来源定位,/home/data3/txy/cf_moa/tools/provenance.py,/home/data3/txy/cf_moa/tools/provenance.py
docs/research/cf_moa.md,/home/data3/txy/docs/research/cf_moa.md,逐次请求/预算/成本记录,/home/data3/txy/cf_moa/tools/adapters.py,/home/data3/txy/cf_moa/tools/adapters.py
docs/research/cf_moa.md,/home/data3/txy/docs/research/cf_moa.md,9项单元测试,/home/data3/txy/cf_moa/tests/test_contracts.py,/home/data3/txy/cf_moa/tests/test_contracts.py
docs/research/cf_moa.md,/home/data3/txy/docs/research/cf_moa.md,旧F适配回放,/home/data3/txy/cf_moa/evaluation/replay_f_adapter.py,/home/data3/txy/cf_moa/evaluation/replay_f_adapter.py
docs/research/cf_moa.md,/home/data3/txy/docs/research/cf_moa.md,收据,/home/data3/txy/Documents/Codex/2026-09-21/cf_moa/stage_b_f_replay/receipt.json,/home/data3/txy/Documents/Codex/2026-09-21/cf_moa/stage_b_f_replay/receipt.json
docs/research/cf_moa.md,/home/data3/txy/docs/research/cf_moa.md,专家封装输出,/home/data3/txy/Documents/Codex/2026-09-21/cf_moa/stage_b_f_replay/proposals.jsonl,/home/data3/txy/Documents/Codex/2026-09-21/cf_moa/stage_b_f_replay/proposals.jsonl
docs/research/cf_moa.md,/home/data3/txy/docs/research/cf_moa.md,逐次请求trace,/home/data3/txy/Documents/Codex/2026-09-21/cf_moa/stage_b_f_replay/calls.jsonl,/home/data3/txy/Documents/Codex/2026-09-21/cf_moa/stage_b_f_replay/calls.jsonl
docs/research/cf_moa.md,/home/data3/txy/docs/research/cf_moa.md,单元测试日志,/home/data3/txy/Documents/Codex/2026-09-21/cf_moa/stage_b_tests.log,/home/data3/txy/Documents/Codex/2026-09-21/cf_moa/stage_b_tests.log
docs/research/cf_moa.md,/home/data3/txy/docs/research/cf_moa.md,新增A4回调,/home/data3/txy/cf_moa/agents/a4_intervention_execution.py,/home/data3/txy/cf_moa/agents/a4_intervention_execution.py
docs/research/cf_moa.md,/home/data3/txy/docs/research/cf_moa.md,公共回调,/home/data3/txy/cf_moa/tools/adapters.py:61,/home/data3/txy/cf_moa/tools/adapters.py:61
docs/research/cf_moa.md,/home/data3/txy/docs/research/cf_moa.md,静态问题收据及四份配置,/home/data3/txy/Documents/Codex/2026-09-21/cf_moa/pause_a4_generation_config/issue.json,/home/data3/txy/Documents/Codex/2026-09-21/cf_moa/pause_a4_generation_config/issue.json
docs/research/cf_moa.md,/home/data3/txy/docs/research/cf_moa.md,暂停前代码快照,/home/data3/txy/Documents/Codex/2026-09-21/cf_moa/pause_a4_generation_config/code_before_resolution.tar.gz,/home/data3/txy/Documents/Codex/2026-09-21/cf_moa/pause_a4_generation_config/code_before_resolution.tar.gz
docs/research/cf_moa.md,/home/data3/txy/docs/research/cf_moa.md,代码哈希清单,/home/data3/txy/Documents/Codex/2026-09-21/cf_moa/pause_a4_generation_config/code_manifest.json,/home/data3/txy/Documents/Codex/2026-09-21/cf_moa/pause_a4_generation_config/code_manifest.json
docs/research/cf_moa.md,/home/data3/txy/docs/research/cf_moa.md,明确采用配置绑定,/home/data3/txy/cf_moa/tools/adopted.py,/home/data3/txy/cf_moa/tools/adopted.py
docs/research/cf_moa.md,/home/data3/txy/docs/research/cf_moa.md,M4配置,/home/data3/txy/cf_moa/configs/a4_m4.json,/home/data3/txy/cf_moa/configs/a4_m4.json
docs/research/cf_moa.md,/home/data3/txy/docs/research/cf_moa.md,M5配置,/home/data3/txy/cf_moa/configs/a4_m5.json,/home/data3/txy/cf_moa/configs/a4_m5.json
docs/research/cf_moa.md,/home/data3/txy/docs/research/cf_moa.md,依赖清单,/home/data3/txy/cf_moa/configs/a4_sources.json,/home/data3/txy/cf_moa/configs/a4_sources.json
docs/research/cf_moa.md,/home/data3/txy/docs/research/cf_moa.md,M4请求收据,/home/data3/txy/Documents/Codex/2026-09-21/cf_moa/a4_config_repair/m4/requests/receipt.json,/home/data3/txy/Documents/Codex/2026-09-21/cf_moa/a4_config_repair/m4/requests/receipt.json
docs/research/cf_moa.md,/home/data3/txy/docs/research/cf_moa.md,M5请求收据,/home/data3/txy/Documents/Codex/2026-09-21/cf_moa/a4_config_repair/m5/requests/receipt.json,/home/data3/txy/Documents/Codex/2026-09-21/cf_moa/a4_config_repair/m5/requests/receipt.json
docs/research/cf_moa.md,/home/data3/txy/docs/research/cf_moa.md,M4回放收据,/home/data3/txy/Documents/Codex/2026-09-21/cf_moa/a4_config_repair/m4/replay/receipt.json,/home/data3/txy/Documents/Codex/2026-09-21/cf_moa/a4_config_repair/m4/replay/receipt.json
docs/research/cf_moa.md,/home/data3/txy/docs/research/cf_moa.md,M5回放收据,/home/data3/txy/Documents/Codex/2026-09-21/cf_moa/a4_config_repair/m5/replay/receipt.json,/home/data3/txy/Documents/Codex/2026-09-21/cf_moa/a4_config_repair/m5/replay/receipt.json
docs/research/cf_moa.md,/home/data3/txy/docs/research/cf_moa.md,真实检查驱动,/home/data3/txy/cf_moa/evaluation/a4_live_check.py,/home/data3/txy/cf_moa/evaluation/a4_live_check.py
docs/research/cf_moa.md,/home/data3/txy/docs/research/cf_moa.md,a4_live_check/m4,/home/data3/txy/Documents/Codex/2026-09-21/cf_moa/a4_live_check/m4/status.json,/home/data3/txy/Documents/Codex/2026-09-21/cf_moa/a4_live_check/m4/status.json
docs/research/cf_moa.md,/home/data3/txy/docs/research/cf_moa.md,m5,/home/data3/txy/Documents/Codex/2026-09-21/cf_moa/a4_live_check/m5/status.json,/home/data3/txy/Documents/Codex/2026-09-21/cf_moa/a4_live_check/m5/status.json
docs/research/cf_moa.md,/home/data3/txy/docs/research/cf_moa.md,旧F回放,/home/data3/txy/cf_moa/evaluation/replay_f_adapter.py,/home/data3/txy/cf_moa/evaluation/replay_f_adapter.py
docs/research/cf_moa.md,/home/data3/txy/docs/research/cf_moa.md,失败日志,/home/data3/txy/Documents/Codex/2026-09-21/cf_moa/stage_c_f_physical_replay.log,/home/data3/txy/Documents/Codex/2026-09-21/cf_moa/stage_c_f_physical_replay.log
docs/research/cf_moa.md,/home/data3/txy/docs/research/cf_moa.md,a4运行token核查,/home/data3/txy/Documents/Codex/2026-09-21/cf_moa/a4_config_repair/runtime_token_check/,/home/data3/txy/Documents/Codex/2026-09-21/cf_moa/a4_config_repair/runtime_token_check
docs/research/cf_moa.md,/home/data3/txy/docs/research/cf_moa.md,F修复后物理回放,/home/data3/txy/Documents/Codex/2026-09-21/cf_moa/stage_c_f_physical_replay_fixed/,/home/data3/txy/Documents/Codex/2026-09-21/cf_moa/stage_c_f_physical_replay_fixed
docs/research/cf_moa.md,/home/data3/txy/docs/research/cf_moa.md,A1,/home/data3/txy/cf_moa/agents/a1_support_completion.py,/home/data3/txy/cf_moa/agents/a1_support_completion.py
docs/research/cf_moa.md,/home/data3/txy/docs/research/cf_moa.md,A5,/home/data3/txy/cf_moa/agents/a5_robust_readout.py,/home/data3/txy/cf_moa/agents/a5_robust_readout.py
docs/research/cf_moa.md,/home/data3/txy/docs/research/cf_moa.md,A3编辑,/home/data3/txy/cf_moa/tools/bounded_edits.py,/home/data3/txy/cf_moa/tools/bounded_edits.py
docs/research/cf_moa.md,/home/data3/txy/docs/research/cf_moa.md,独立运行器,/home/data3/txy/cf_moa/evaluation/native_runner.py,/home/data3/txy/cf_moa/evaluation/native_runner.py
docs/research/cf_moa.md,/home/data3/txy/docs/research/cf_moa.md,新候选设置,/home/data3/txy/cf_moa/configs/prototype.json,/home/data3/txy/cf_moa/configs/prototype.json
docs/research/cf_moa.md,/home/data3/txy/docs/research/cf_moa.md,原生评分接口,/home/data3/txy/cf_moa/evaluation/native_scoring.py,/home/data3/txy/cf_moa/evaluation/native_scoring.py
docs/research/cf_moa.md,/home/data3/txy/docs/research/cf_moa.md,互补矩阵函数,/home/data3/txy/cf_moa/evaluation/complementarity.py,/home/data3/txy/cf_moa/evaluation/complementarity.py
docs/research/cf_moa.md,/home/data3/txy/docs/research/cf_moa.md,配对指标,/home/data3/txy/cf_moa/evaluation/paired_metrics.py,/home/data3/txy/cf_moa/evaluation/paired_metrics.py
docs/research/cf_moa.md,/home/data3/txy/docs/research/cf_moa.md,stage_c_unit_final.log,/home/data3/txy/Documents/Codex/2026-09-21/cf_moa/stage_c_unit_final.log,/home/data3/txy/Documents/Codex/2026-09-21/cf_moa/stage_c_unit_final.log
docs/research/cf_moa.md,/home/data3/txy/docs/research/cf_moa.md,准备程序,/home/data3/txy/cf_moa/evaluation/prepare_development.py,/home/data3/txy/cf_moa/evaluation/prepare_development.py
docs/research/cf_moa.md,/home/data3/txy/docs/research/cf_moa.md,推理目录,/home/data3/txy/Documents/Codex/2026-09-21/cf_moa/cpu_preparation/development/inference/,/home/data3/txy/Documents/Codex/2026-09-21/cf_moa/cpu_preparation/development/inference
docs/research/cf_moa.md,/home/data3/txy/docs/research/cf_moa.md,offline目录,/home/data3/txy/Documents/Codex/2026-09-21/cf_moa/cpu_preparation/development/offline/,/home/data3/txy/Documents/Codex/2026-09-21/cf_moa/cpu_preparation/development/offline
docs/research/cf_moa.md,/home/data3/txy/docs/research/cf_moa.md,独立评分CLI,/home/data3/txy/cf_moa/evaluation/score_run.py,/home/data3/txy/cf_moa/evaluation/score_run.py
docs/research/cf_moa.md,/home/data3/txy/docs/research/cf_moa.md,CPU首请求预检,/home/data3/txy/cf_moa/evaluation/preflight_development.py,/home/data3/txy/cf_moa/evaluation/preflight_development.py
docs/research/cf_moa.md,/home/data3/txy/docs/research/cf_moa.md,独立运行器,/home/data3/txy/cf_moa/evaluation/native_runner.py,/home/data3/txy/cf_moa/evaluation/native_runner.py
docs/research/cf_moa.md,/home/data3/txy/docs/research/cf_moa.md,逐请求日志,/home/data3/txy/cf_moa/evaluation/journal.py,/home/data3/txy/cf_moa/evaluation/journal.py
docs/research/cf_moa.md,/home/data3/txy/docs/research/cf_moa.md,38项测试,/home/data3/txy/Documents/Codex/2026-09-21/cf_moa/cpu_preparation/unit_final.log,/home/data3/txy/Documents/Codex/2026-09-21/cf_moa/cpu_preparation/unit_final.log
docs/research/cf_moa.md,/home/data3/txy/docs/research/cf_moa.md,核心对照计划,/home/data3/txy/cf_moa/configs/control_plan.json,/home/data3/txy/cf_moa/configs/control_plan.json
docs/research/cf_moa.md,/home/data3/txy/docs/research/cf_moa.md,冻结就绪清单,/home/data3/txy/Documents/Codex/2026-09-21/cf_moa/cpu_preparation/freeze_readiness.json,/home/data3/txy/Documents/Codex/2026-09-21/cf_moa/cpu_preparation/freeze_readiness.json
docs/research/cf_moa.md,/home/data3/txy/docs/research/cf_moa.md,成本清单,/home/data3/txy/Documents/Codex/2026-09-21/cf_moa/cpu_preparation/cost_inventory.json,/home/data3/txy/Documents/Codex/2026-09-21/cf_moa/cpu_preparation/cost_inventory.json
docs/research/cf_moa.md,/home/data3/txy/docs/research/cf_moa.md,运行包入口,/home/data3/txy/Documents/Codex/2026-09-21/cf_moa/cpu_preparation/README.md,/home/data3/txy/Documents/Codex/2026-09-21/cf_moa/cpu_preparation/README.md
docs/research/cf_moa.md,/home/data3/txy/docs/research/cf_moa.md,193份锁定来源逐项SHA-256未变,/home/data3/txy/Documents/Codex/2026-09-21/cf_moa/cpu_preparation/preservation.json,/home/data3/txy/Documents/Codex/2026-09-21/cf_moa/cpu_preparation/preservation.json
docs/research/cf_moa.md,/home/data3/txy/docs/research/cf_moa.md,CPU快照清单,/home/data3/txy/Documents/Codex/2026-09-21/cf_moa/cpu_preparation/checkpoint_manifest.json,/home/data3/txy/Documents/Codex/2026-09-21/cf_moa/cpu_preparation/checkpoint_manifest.json
docs/research/cf_moa.md,/home/data3/txy/docs/research/cf_moa.md,重启检查,/home/data3/txy/Documents/Codex/2026-09-21/cf_moa/restart_20260922/restart_check.json,/home/data3/txy/Documents/Codex/2026-09-21/cf_moa/restart_20260922/restart_check.json
docs/research/cf_moa.md,/home/data3/txy/docs/research/cf_moa.md,初始失败收据与代码,/home/data3/txy/Documents/Codex/2026-09-21/cf_moa/restart_20260922/output_kind_issue/,/home/data3/txy/Documents/Codex/2026-09-21/cf_moa/restart_20260922/output_kind_issue
docs/research/cf_moa.md,/home/data3/txy/docs/research/cf_moa.md,同批次重验,/home/data3/txy/Documents/Codex/2026-09-21/cf_moa/restart_20260922/output_kind_revalidation/receipt.json,/home/data3/txy/Documents/Codex/2026-09-21/cf_moa/restart_20260922/output_kind_revalidation/receipt.json
docs/research/cf_moa.md,/home/data3/txy/docs/research/cf_moa.md,A4成本收据,/home/data3/txy/Documents/Codex/2026-09-21/cf_moa/restart_20260922/a4_cost_inventory.json,/home/data3/txy/Documents/Codex/2026-09-21/cf_moa/restart_20260922/a4_cost_inventory.json
docs/research/cf_moa.md,/home/data3/txy/docs/research/cf_moa.md,39项程序测试,/home/data3/txy/Documents/Codex/2026-09-21/cf_moa/restart_20260922/unit_engine_boundary.log,/home/data3/txy/Documents/Codex/2026-09-21/cf_moa/restart_20260922/unit_engine_boundary.log
docs/research/cf_moa.md,/home/data3/txy/docs/research/cf_moa.md,独立采集代码快照清单,/home/data3/txy/Documents/Codex/2026-09-21/cf_moa/restart_20260922/expert_snapshot_manifest.json,/home/data3/txy/Documents/Codex/2026-09-21/cf_moa/restart_20260922/expert_snapshot_manifest.json
docs/research/cf_moa.md,/home/data3/txy/docs/research/cf_moa.md,队列脚本,/home/data3/txy/Documents/Codex/2026-09-21/cf_moa/restart_20260922/run_independent_queue.py,/home/data3/txy/Documents/Codex/2026-09-21/cf_moa/restart_20260922/run_independent_queue.py
docs/research/cf_moa.md,/home/data3/txy/docs/research/cf_moa.md,重启运行包,/home/data3/txy/Documents/Codex/2026-09-21/cf_moa/restart_20260922/README.md,/home/data3/txy/Documents/Codex/2026-09-21/cf_moa/restart_20260922/README.md
docs/research/cf_moa.md,/home/data3/txy/docs/research/cf_moa.md,首段进度与成本快照,/home/data3/txy/Documents/Codex/2026-09-21/cf_moa/restart_20260922/initial_queue_progress.json,/home/data3/txy/Documents/Codex/2026-09-21/cf_moa/restart_20260922/initial_queue_progress.json
docs/research/cf_moa.md,/home/data3/txy/docs/research/cf_moa.md,诊断程序,/home/data3/txy/Documents/Codex/2026-09-21/cf_moa/restart_20260922/diagnose_a1_schema.py,/home/data3/txy/Documents/Codex/2026-09-21/cf_moa/restart_20260922/diagnose_a1_schema.py
docs/research/cf_moa.md,/home/data3/txy/docs/research/cf_moa.md,逐请求诊断与收据,/home/data3/txy/Documents/Codex/2026-09-21/cf_moa/restart_20260922/a1_schema_pause/receipt.json,/home/data3/txy/Documents/Codex/2026-09-21/cf_moa/restart_20260922/a1_schema_pause/receipt.json
docs/research/cf_moa.md,/home/data3/txy/docs/research/cf_moa.md,保存核验,/home/data3/txy/Documents/Codex/2026-09-21/cf_moa/restart_20260922/a1_schema_pause/progress_and_preservation.json,/home/data3/txy/Documents/Codex/2026-09-21/cf_moa/restart_20260922/a1_schema_pause/progress_and_preservation.json
docs/research/cf_moa.md,/home/data3/txy/docs/research/cf_moa.md,失败边界检查,/home/data3/txy/Documents/Codex/2026-09-21/cf_moa/restart_20260922/a1_schema_pause/grammar_feasibility.json,/home/data3/txy/Documents/Codex/2026-09-21/cf_moa/restart_20260922/a1_schema_pause/grammar_feasibility.json
docs/research/cf_moa.md,/home/data3/txy/docs/research/cf_moa.md,候选可行性收据,/home/data3/txy/Documents/Codex/2026-09-21/cf_moa/restart_20260922/a1_schema_pause/explicit_bound_feasibility.json,/home/data3/txy/Documents/Codex/2026-09-21/cf_moa/restart_20260922/a1_schema_pause/explicit_bound_feasibility.json
docs/research/cf_moa.md,/home/data3/txy/docs/research/cf_moa.md,真实入口收据,/home/data3/txy/Documents/Codex/2026-09-21/cf_moa/a1_schema_repair_20260922/live_request_acceptance.json,/home/data3/txy/Documents/Codex/2026-09-21/cf_moa/a1_schema_repair_20260922/live_request_acceptance.json
docs/research/cf_moa.md,/home/data3/txy/docs/research/cf_moa.md,完整smoke验收,/home/data3/txy/Documents/Codex/2026-09-21/cf_moa/a1_schema_repair_20260922/smoke_acceptance.json,/home/data3/txy/Documents/Codex/2026-09-21/cf_moa/a1_schema_repair_20260922/smoke_acceptance.json
docs/research/cf_moa.md,/home/data3/txy/docs/research/cf_moa.md,具体不兼容点,/home/data3/txy/Documents/Codex/2026-09-21/cf_moa/a1_schema_repair_20260922/m5_output_limit_issue.json,/home/data3/txy/Documents/Codex/2026-09-21/cf_moa/a1_schema_repair_20260922/m5_output_limit_issue.json
docs/research/cf_moa.md,/home/data3/txy/docs/research/cf_moa.md,44项测试,/home/data3/txy/Documents/Codex/2026-09-21/cf_moa/a1_schema_repair_20260922/unit_output_contract_stop.log,/home/data3/txy/Documents/Codex/2026-09-21/cf_moa/a1_schema_repair_20260922/unit_output_contract_stop.log
docs/research/cf_moa.md,/home/data3/txy/docs/research/cf_moa.md,成本清单,/home/data3/txy/Documents/Codex/2026-09-21/cf_moa/a1_schema_repair_20260922/cost_inventory.json,/home/data3/txy/Documents/Codex/2026-09-21/cf_moa/a1_schema_repair_20260922/cost_inventory.json
docs/research/cf_moa.md,/home/data3/txy/docs/research/cf_moa.md,preservation_after.json,/home/data3/txy/Documents/Codex/2026-09-21/cf_moa/a1_schema_repair_20260922/preservation_after.json,/home/data3/txy/Documents/Codex/2026-09-21/cf_moa/a1_schema_repair_20260922/preservation_after.json
docs/research/cf_moa.md,/home/data3/txy/docs/research/cf_moa.md,本次修复包,/home/data3/txy/Documents/Codex/2026-09-21/cf_moa/a1_schema_repair_20260922/README.md,/home/data3/txy/Documents/Codex/2026-09-21/cf_moa/a1_schema_repair_20260922/README.md
docs/research/cf_moa.md,/home/data3/txy/docs/research/cf_moa.md,d00003_trace_diagnosis,/home/data3/txy/Documents/Codex/2026-09-21/cf_moa/a1_schema_repair_20260922/d00003_trace_diagnosis/README.md,/home/data3/txy/Documents/Codex/2026-09-21/cf_moa/a1_schema_repair_20260922/d00003_trace_diagnosis/README.md
docs/research/cf_moa.md,/home/data3/txy/docs/research/cf_moa.md,failure_status.json,/home/data3/txy/Documents/Codex/2026-09-21/cf_moa/a1_schema_repair_20260922/d00003_trace_diagnosis/failure_status.json,/home/data3/txy/Documents/Codex/2026-09-21/cf_moa/a1_schema_repair_20260922/d00003_trace_diagnosis/failure_status.json
docs/research/cf_moa.md,/home/data3/txy/docs/research/cf_moa.md,初版与对照验收/回放,/home/data3/txy/Documents/Codex/2026-09-21/cf_moa/a1_v2_20260922/initial_acceptance_and_replay.json,/home/data3/txy/Documents/Codex/2026-09-21/cf_moa/a1_v2_20260922/initial_acceptance_and_replay.json
docs/research/cf_moa.md,/home/data3/txy/docs/research/cf_moa.md,两臂验收/回放,/home/data3/txy/Documents/Codex/2026-09-21/cf_moa/a1_v2_20260922/comparison_acceptance_and_replay.json,/home/data3/txy/Documents/Codex/2026-09-21/cf_moa/a1_v2_20260922/comparison_acceptance_and_replay.json
docs/research/cf_moa.md,/home/data3/txy/docs/research/cf_moa.md,交付运行包,/home/data3/txy/Documents/Codex/2026-09-21/cf_moa/a1_v2_20260922/README.md,/home/data3/txy/Documents/Codex/2026-09-21/cf_moa/a1_v2_20260922/README.md
docs/research/cf_moa.md,/home/data3/txy/docs/research/cf_moa.md,全量CPU收据,/home/data3/txy/Documents/Codex/2026-09-21/cf_moa/a1_v2_20260922/cpu_preflight/receipt.json,/home/data3/txy/Documents/Codex/2026-09-21/cf_moa/a1_v2_20260922/cpu_preflight/receipt.json
docs/research/cf_moa.md,/home/data3/txy/docs/research/cf_moa.md,适用范围拆分,/home/data3/txy/Documents/Codex/2026-09-21/cf_moa/a1_v2_20260922/cpu_preflight/applicability_summary.json,/home/data3/txy/Documents/Codex/2026-09-21/cf_moa/a1_v2_20260922/cpu_preflight/applicability_summary.json
docs/research/cf_moa.md,/home/data3/txy/docs/research/cf_moa.md,交付状态,/home/data3/txy/Documents/Codex/2026-09-21/cf_moa/a1_v2_20260922/delivery_status.json,/home/data3/txy/Documents/Codex/2026-09-21/cf_moa/a1_v2_20260922/delivery_status.json
docs/research/cf_moa.md,/home/data3/txy/docs/research/cf_moa.md,最终核验,/home/data3/txy/Documents/Codex/2026-09-21/cf_moa/a1_v2_20260922/final_verification.json,/home/data3/txy/Documents/Codex/2026-09-21/cf_moa/a1_v2_20260922/final_verification.json
docs/research/cf_moa.md,/home/data3/txy/docs/research/cf_moa.md,旧R1开发回放驱动,/home/data3/txy/cf_moa/evaluation/replay_legacy_development.py,/home/data3/txy/cf_moa/evaluation/replay_legacy_development.py
docs/research/cf_moa.md,/home/data3/txy/docs/research/cf_moa.md,代码,/home/data3/txy/cf_moa/controller/evidence_highlighting.py,/home/data3/txy/cf_moa/controller/evidence_highlighting.py
docs/research/cf_moa.md,/home/data3/txy/docs/research/cf_moa.md,配置,/home/data3/txy/cf_moa/configs/evidence_highlighting.json,/home/data3/txy/cf_moa/configs/evidence_highlighting.json
docs/research/cf_moa.md,/home/data3/txy/docs/research/cf_moa.md,控制循环,/home/data3/txy/cf_moa/controller/single_agent_tools.py,/home/data3/txy/cf_moa/controller/single_agent_tools.py
docs/research/cf_moa.md,/home/data3/txy/docs/research/cf_moa.md,共用工具,/home/data3/txy/cf_moa/tools/single_agent_tools.py,/home/data3/txy/cf_moa/tools/single_agent_tools.py
docs/research/cf_moa.md,/home/data3/txy/docs/research/cf_moa.md,单独配置,/home/data3/txy/cf_moa/configs/single_agent_tools.json,/home/data3/txy/cf_moa/configs/single_agent_tools.json
docs/research/cf_moa.md,/home/data3/txy/docs/research/cf_moa.md,对照实现,/home/data3/txy/cf_moa/controller/a2_controls.py,/home/data3/txy/cf_moa/controller/a2_controls.py
docs/research/cf_moa.md,/home/data3/txy/docs/research/cf_moa.md,无模型准备入口,/home/data3/txy/cf_moa/evaluation/prepare_a2_controls.py,/home/data3/txy/cf_moa/evaluation/prepare_a2_controls.py
docs/research/cf_moa.md,/home/data3/txy/docs/research/cf_moa.md,固定配置,/home/data3/txy/cf_moa/configs/a2_controls.json,/home/data3/txy/cf_moa/configs/a2_controls.json
docs/research/cf_moa.md,/home/data3/txy/docs/research/cf_moa.md,准备收据,/home/data3/txy/Documents/Codex/2026-09-21/cf_moa/a2_control_preparation/prepared/receipt.json,/home/data3/txy/Documents/Codex/2026-09-21/cf_moa/a2_control_preparation/prepared/receipt.json
docs/research/cf_moa.md,/home/data3/txy/docs/research/cf_moa.md,失败与修复索引,/home/data3/txy/Documents/Codex/2026-09-21/cf_moa/a2_control_preparation/README.md,/home/data3/txy/Documents/Codex/2026-09-21/cf_moa/a2_control_preparation/README.md
docs/research/cf_moa.md,/home/data3/txy/docs/research/cf_moa.md,源码/配置manifest,/home/data3/txy/Documents/Codex/2026-09-21/cf_moa/a2_control_preparation/manifest.json,/home/data3/txy/Documents/Codex/2026-09-21/cf_moa/a2_control_preparation/manifest.json
docs/research/cf_moa.md,/home/data3/txy/docs/research/cf_moa.md,修复与diff,/home/data3/txy/Documents/Codex/2026-09-21/cf_moa/a2_control_preparation/runner_validation/acceptance_fix/receipt.json,/home/data3/txy/Documents/Codex/2026-09-21/cf_moa/a2_control_preparation/runner_validation/acceptance_fix/receipt.json
docs/research/cf_moa.md,/home/data3/txy/docs/research/cf_moa.md,实际保存阶段检查,/home/data3/txy/Documents/Codex/2026-09-21/cf_moa/a2_control_preparation/runner_validation/acceptance_fix/saved_smoke_gate_audit.json,/home/data3/txy/Documents/Codex/2026-09-21/cf_moa/a2_control_preparation/runner_validation/acceptance_fix/saved_smoke_gate_audit.json
docs/research/cf_moa.md,/home/data3/txy/docs/research/cf_moa.md,A2机制对照报告器,/home/data3/txy/cf_moa/evaluation/a2_control_report.py,/home/data3/txy/cf_moa/evaluation/a2_control_report.py
docs/research/cf_moa.md,/home/data3/txy/docs/research/cf_moa.md,报告代码与命令记录,/home/data3/txy/Documents/Codex/2026-09-21/cf_moa/a2_control_preparation/report_preparation/README.md,/home/data3/txy/Documents/Codex/2026-09-21/cf_moa/a2_control_preparation/report_preparation/README.md
docs/research/cf_moa.md,/home/data3/txy/docs/research/cf_moa.md,合并测试日志,/home/data3/txy/Documents/Codex/2026-09-21/cf_moa/a2_control_preparation/runner_validation/integrated/unit.log,/home/data3/txy/Documents/Codex/2026-09-21/cf_moa/a2_control_preparation/runner_validation/integrated/unit.log
docs/research/cf_moa.md,/home/data3/txy/docs/research/cf_moa.md,修复diff与收据,/home/data3/txy/Documents/Codex/2026-09-21/cf_moa/a2_control_preparation/report_preparation/policy_replay_fix/README.md,/home/data3/txy/Documents/Codex/2026-09-21/cf_moa/a2_control_preparation/report_preparation/policy_replay_fix/README.md
docs/research/cf_moa.md,/home/data3/txy/docs/research/cf_moa.md,无gold核验收据,/home/data3/txy/Documents/Codex/2026-09-21/cf_moa/a2_control_preparation/runner_validation/integrated/saved_cpu_policy_audit.json,/home/data3/txy/Documents/Codex/2026-09-21/cf_moa/a2_control_preparation/runner_validation/integrated/saved_cpu_policy_audit.json
docs/research/cf_moa.md,/home/data3/txy/docs/research/cf_moa.md,最终测试日志,/home/data3/txy/Documents/Codex/2026-09-21/cf_moa/a2_control_preparation/runner_validation/integrated/unit_after_policy_audit.log,/home/data3/txy/Documents/Codex/2026-09-21/cf_moa/a2_control_preparation/runner_validation/integrated/unit_after_policy_audit.log
docs/research/cf_moa.md,/home/data3/txy/docs/research/cf_moa.md,M4四臂报告,/home/data3/txy/Documents/Codex/2026-09-21/cf_moa/a2_control_preparation/offline_controls/m4/report.json,/home/data3/txy/Documents/Codex/2026-09-21/cf_moa/a2_control_preparation/offline_controls/m4/report.json
docs/research/cf_moa.md,/home/data3/txy/docs/research/cf_moa.md,M5四臂报告,/home/data3/txy/Documents/Codex/2026-09-21/cf_moa/a2_control_preparation/offline_controls/m5/report.json,/home/data3/txy/Documents/Codex/2026-09-21/cf_moa/a2_control_preparation/offline_controls/m5/report.json
docs/research/cf_moa.md,/home/data3/txy/docs/research/cf_moa.md,逐题机制trace,/home/data3/txy/Documents/Codex/2026-09-21/cf_moa/a2_control_preparation/offline_controls/mechanism_trace.jsonl,/home/data3/txy/Documents/Codex/2026-09-21/cf_moa/a2_control_preparation/offline_controls/mechanism_trace.jsonl
docs/research/cf_moa.md,/home/data3/txy/docs/research/cf_moa.md,原结果一致性与区间,/home/data3/txy/Documents/Codex/2026-09-21/cf_moa/a2_control_preparation/offline_controls/analysis.json,/home/data3/txy/Documents/Codex/2026-09-21/cf_moa/a2_control_preparation/offline_controls/analysis.json
docs/research/cf_moa.md,/home/data3/txy/docs/research/cf_moa.md,复现脚本、45项来源哈希与结构化证据,/home/data3/txy/Documents/Codex/2026-09-21/cf_moa/a3_edit_preparation/findings.json,/home/data3/txy/Documents/Codex/2026-09-21/cf_moa/a3_edit_preparation/findings.json
docs/research/cf_moa.md,/home/data3/txy/docs/research/cf_moa.md,实际输入与缓存前缀核验,/home/data3/txy/Documents/Codex/2026-09-21/cf_moa/a3_edit_preparation/input_audit_receipt.json,/home/data3/txy/Documents/Codex/2026-09-21/cf_moa/a3_edit_preparation/input_audit_receipt.json
docs/research/cf_moa.md,/home/data3/txy/docs/research/cf_moa.md,两骨干物理请求与预检记录,/home/data3/txy/Documents/Codex/2026-09-21/cf_moa/a3_edit_preparation/captured_editor_preflight.json,/home/data3/txy/Documents/Codex/2026-09-21/cf_moa/a3_edit_preparation/captured_editor_preflight.json
docs/research/cf_moa.md,/home/data3/txy/docs/research/cf_moa.md,总验收收据,/home/data3/txy/Documents/Codex/2026-09-21/cf_moa/a3_edit_preparation/repair/receipt.json,/home/data3/txy/Documents/Codex/2026-09-21/cf_moa/a3_edit_preparation/repair/receipt.json
docs/research/cf_moa.md,/home/data3/txy/docs/research/cf_moa.md,完整diff,/home/data3/txy/Documents/Codex/2026-09-21/cf_moa/a3_edit_preparation/repair/source_diff.patch,/home/data3/txy/Documents/Codex/2026-09-21/cf_moa/a3_edit_preparation/repair/source_diff.patch
docs/research/cf_moa.md,/home/data3/txy/docs/research/cf_moa.md,运行索引,/home/data3/txy/Documents/Codex/2026-09-21/cf_moa/a3_edit_preparation/repair/README.md,/home/data3/txy/Documents/Codex/2026-09-21/cf_moa/a3_edit_preparation/repair/README.md
docs/research/cf_moa.md,/home/data3/txy/docs/research/cf_moa.md,精确记录,/home/data3/txy/Documents/Codex/2026-09-21/cf_moa/a3_edit_preparation/controls/correction.json,/home/data3/txy/Documents/Codex/2026-09-21/cf_moa/a3_edit_preparation/controls/correction.json
docs/research/cf_moa.md,/home/data3/txy/docs/research/cf_moa.md,控制准备收据,/home/data3/txy/Documents/Codex/2026-09-21/cf_moa/a3_edit_preparation/controls/receipt.json,/home/data3/txy/Documents/Codex/2026-09-21/cf_moa/a3_edit_preparation/controls/receipt.json
docs/research/cf_moa.md,/home/data3/txy/docs/research/cf_moa.md,当前prepared_v2,/home/data3/txy/Documents/Codex/2026-09-21/cf_moa/a3_edit_preparation/controls/prepared_v2/receipt.json,/home/data3/txy/Documents/Codex/2026-09-21/cf_moa/a3_edit_preparation/controls/prepared_v2/receipt.json
docs/research/cf_moa.md,/home/data3/txy/docs/research/cf_moa.md,命令与逐题制品导航,/home/data3/txy/Documents/Codex/2026-09-21/cf_moa/a3_edit_preparation/controls/README.md,/home/data3/txy/Documents/Codex/2026-09-21/cf_moa/a3_edit_preparation/controls/README.md
docs/research/cf_moa.md,/home/data3/txy/docs/research/cf_moa.md,运行索引,/home/data3/txy/Documents/Codex/2026-09-21/cf_moa/complementarity_preparation/analysis/README.md,/home/data3/txy/Documents/Codex/2026-09-21/cf_moa/complementarity_preparation/analysis/README.md
docs/research/cf_moa.md,/home/data3/txy/docs/research/cf_moa.md,完整分析收据,/home/data3/txy/Documents/Codex/2026-09-21/cf_moa/complementarity_preparation/analysis/results_v2/receipt.json,/home/data3/txy/Documents/Codex/2026-09-21/cf_moa/complementarity_preparation/analysis/results_v2/receipt.json
docs/research/cf_moa.md,/home/data3/txy/docs/research/cf_moa.md,独立数值核对,/home/data3/txy/Documents/Codex/2026-09-21/cf_moa/complementarity_preparation/analysis/independent_checks/actual_analysis_comparison.json,/home/data3/txy/Documents/Codex/2026-09-21/cf_moa/complementarity_preparation/analysis/independent_checks/actual_analysis_comparison.json
docs/research/cf_moa.md,/home/data3/txy/docs/research/cf_moa.md,家族不确定性,/home/data3/txy/Documents/Codex/2026-09-21/cf_moa/complementarity_preparation/analysis/uncertainty/results/report.json,/home/data3/txy/Documents/Codex/2026-09-21/cf_moa/complementarity_preparation/analysis/uncertainty/results/report.json
docs/research/cf_moa.md,/home/data3/txy/docs/research/cf_moa.md,本次运行索引,/home/data3/txy/Documents/Codex/2026-09-21/cf_moa/complementarity_preparation/analysis/replay_20260923_0210/README.md,/home/data3/txy/Documents/Codex/2026-09-21/cf_moa/complementarity_preparation/analysis/replay_20260923_0210/README.md
docs/research/cf_moa.md,/home/data3/txy/docs/research/cf_moa.md,新分析收据,/home/data3/txy/Documents/Codex/2026-09-21/cf_moa/complementarity_preparation/analysis/replay_20260923_0210/results/receipt.json,/home/data3/txy/Documents/Codex/2026-09-21/cf_moa/complementarity_preparation/analysis/replay_20260923_0210/results/receipt.json
docs/research/cf_moa.md,/home/data3/txy/docs/research/cf_moa.md,逐字节及来源核验,/home/data3/txy/Documents/Codex/2026-09-21/cf_moa/complementarity_preparation/analysis/replay_20260923_0210/verification.json,/home/data3/txy/Documents/Codex/2026-09-21/cf_moa/complementarity_preparation/analysis/replay_20260923_0210/verification.json
docs/research/cf_moa.md,/home/data3/txy/docs/research/cf_moa.md,配对控制实现,/home/data3/txy/cf_moa/controller/a3_paired_controls.py,/home/data3/txy/cf_moa/controller/a3_paired_controls.py
docs/research/cf_moa.md,/home/data3/txy/docs/research/cf_moa.md,持久runner,/home/data3/txy/cf_moa/evaluation/a3_paired_runner.py,/home/data3/txy/cf_moa/evaluation/a3_paired_runner.py
docs/research/cf_moa.md,/home/data3/txy/docs/research/cf_moa.md,独立审查记录,/home/data3/txy/Documents/Codex/2026-09-21/cf_moa/a3_edit_preparation/controls/execution_review/design_review.md,/home/data3/txy/Documents/Codex/2026-09-21/cf_moa/a3_edit_preparation/controls/execution_review/design_review.md
docs/research/cf_moa.md,/home/data3/txy/docs/research/cf_moa.md,共同冻结清单校验器,/home/data3/txy/cf_moa/evaluation/freeze_manifest.py,/home/data3/txy/cf_moa/evaluation/freeze_manifest.py
docs/research/cf_moa.md,/home/data3/txy/docs/research/cf_moa.md,配对CPU运行索引,/home/data3/txy/Documents/Codex/2026-09-21/cf_moa/a3_edit_preparation/controls/paired_execution/README.md,/home/data3/txy/Documents/Codex/2026-09-21/cf_moa/a3_edit_preparation/controls/paired_execution/README.md
docs/research/cf_moa.md,/home/data3/txy/docs/research/cf_moa.md,真实输入与预检收据,/home/data3/txy/Documents/Codex/2026-09-21/cf_moa/a3_edit_preparation/controls/paired_execution/data_preflight/results/receipt.json,/home/data3/txy/Documents/Codex/2026-09-21/cf_moa/a3_edit_preparation/controls/paired_execution/data_preflight/results/receipt.json
docs/research/cf_moa.md,/home/data3/txy/docs/research/cf_moa.md,冻结准备收据,/home/data3/txy/Documents/Codex/2026-09-21/cf_moa/freeze_preparation/receipt.json,/home/data3/txy/Documents/Codex/2026-09-21/cf_moa/freeze_preparation/receipt.json
docs/research/cf_moa.md,/home/data3/txy/docs/research/cf_moa.md,本轮运行索引,/home/data3/txy/Documents/Codex/2026-09-21/cf_moa/router_aggregation_preparation/README.md,/home/data3/txy/Documents/Codex/2026-09-21/cf_moa/router_aggregation_preparation/README.md
docs/research/cf_moa.md,/home/data3/txy/docs/research/cf_moa.md,独立审查,/home/data3/txy/Documents/Codex/2026-09-21/cf_moa/router_aggregation_preparation/integration_review/controller_review.md,/home/data3/txy/Documents/Codex/2026-09-21/cf_moa/router_aggregation_preparation/integration_review/controller_review.md
docs/research/cf_moa.md,/home/data3/txy/docs/research/cf_moa.md,本轮完整收据,/home/data3/txy/Documents/Codex/2026-09-21/cf_moa/router_aggregation_preparation/receipt.json,/home/data3/txy/Documents/Codex/2026-09-21/cf_moa/router_aggregation_preparation/receipt.json
docs/research/cf_moa.md,/home/data3/txy/docs/research/cf_moa.md,固定源码预检收据,/home/data3/txy/Documents/Codex/2026-09-21/cf_moa/router_aggregation_preparation/data_preflight/results_v2/receipt.json,/home/data3/txy/Documents/Codex/2026-09-21/cf_moa/router_aggregation_preparation/data_preflight/results_v2/receipt.json
docs/research/cf_moa.md,/home/data3/txy/docs/research/cf_moa.md,缓存衔接包,/home/data3/txy/Documents/Codex/2026-09-21/cf_moa/router_aggregation_preparation/cached_prefix/README.md,/home/data3/txy/Documents/Codex/2026-09-21/cf_moa/router_aggregation_preparation/cached_prefix/README.md
docs/research/cf_moa.md,/home/data3/txy/docs/research/cf_moa.md,总收据,/home/data3/txy/Documents/Codex/2026-09-21/cf_moa/router_aggregation_preparation/cached_prefix/receipt.json,/home/data3/txy/Documents/Codex/2026-09-21/cf_moa/router_aggregation_preparation/cached_prefix/receipt.json
docs/research/cf_moa.md,/home/data3/txy/docs/research/cf_moa.md,真实trace独立核验,/home/data3/txy/Documents/Codex/2026-09-21/cf_moa/router_aggregation_preparation/cached_prefix/live_independent_check.json,/home/data3/txy/Documents/Codex/2026-09-21/cf_moa/router_aggregation_preparation/cached_prefix/live_independent_check.json
docs/research/cf_moa.md,/home/data3/txy/docs/research/cf_moa.md,工程回归,/home/data3/txy/Documents/Codex/2026-09-21/cf_moa/router_aggregation_preparation/cached_prefix/post_smoke_repair/engineering_acceptance.json,/home/data3/txy/Documents/Codex/2026-09-21/cf_moa/router_aggregation_preparation/cached_prefix/post_smoke_repair/engineering_acceptance.json
docs/research/cf_moa.md,/home/data3/txy/docs/research/cf_moa.md,evaluation_bridge,/home/data3/txy/Documents/Codex/2026-09-21/cf_moa/router_aggregation_preparation/decoder_contract_preparation/evaluation_bridge/README.md,/home/data3/txy/Documents/Codex/2026-09-21/cf_moa/router_aggregation_preparation/decoder_contract_preparation/evaluation_bridge/README.md
docs/research/cf_moa.md,/home/data3/txy/docs/research/cf_moa.md,独立live审计,/home/data3/txy/Documents/Codex/2026-09-21/cf_moa/router_aggregation_preparation/decoder_contract_preparation/live_independent_check.json,/home/data3/txy/Documents/Codex/2026-09-21/cf_moa/router_aggregation_preparation/decoder_contract_preparation/live_independent_check.json
docs/research/cf_moa.md,/home/data3/txy/docs/research/cf_moa.md,输出预算与截断审计,/home/data3/txy/Documents/Codex/2026-09-21/cf_moa/router_aggregation_preparation/decoder_contract_preparation/output_budget_audit.json,/home/data3/txy/Documents/Codex/2026-09-21/cf_moa/router_aggregation_preparation/decoder_contract_preparation/output_budget_audit.json
docs/research/cf_moa.md,/home/data3/txy/docs/research/cf_moa.md,完整逐题trace与成本,/home/data3/txy/Documents/Codex/2026-09-21/cf_moa/router_aggregation_preparation/compact_aggregation_preparation/smoke_stage_status.json,/home/data3/txy/Documents/Codex/2026-09-21/cf_moa/router_aggregation_preparation/compact_aggregation_preparation/smoke_stage_status.json
docs/research/cf_moa.md,/home/data3/txy/docs/research/cf_moa.md,完整开发预检,/home/data3/txy/Documents/Codex/2026-09-21/cf_moa/router_aggregation_preparation/compact_aggregation_preparation/full_preflight/receipt.json,/home/data3/txy/Documents/Codex/2026-09-21/cf_moa/router_aggregation_preparation/compact_aggregation_preparation/full_preflight/receipt.json
docs/research/cf_moa.md,/home/data3/txy/docs/research/cf_moa.md,独立trace验收,/home/data3/txy/Documents/Codex/2026-09-21/cf_moa/router_aggregation_preparation/compact_aggregation_preparation/live_independent_check.json,/home/data3/txy/Documents/Codex/2026-09-21/cf_moa/router_aggregation_preparation/compact_aggregation_preparation/live_independent_check.json
docs/research/cf_moa.md,/home/data3/txy/docs/research/cf_moa.md,截断诊断,/home/data3/txy/Documents/Codex/2026-09-21/cf_moa/router_aggregation_preparation/compact_aggregation_preparation/truncation_diagnosis.json,/home/data3/txy/Documents/Codex/2026-09-21/cf_moa/router_aggregation_preparation/compact_aggregation_preparation/truncation_diagnosis.json
docs/research/cf_moa.md,/home/data3/txy/docs/research/cf_moa.md,评分与逐题制品,/home/data3/txy/Documents/Codex/2026-09-21/cf_moa/router_aggregation_preparation/compact_aggregation_preparation/pure_top1/scoring/receipt.json,/home/data3/txy/Documents/Codex/2026-09-21/cf_moa/router_aggregation_preparation/compact_aggregation_preparation/pure_top1/scoring/receipt.json
docs/research/cf_moa.md,/home/data3/txy/docs/research/cf_moa.md,独立评分核对,/home/data3/txy/Documents/Codex/2026-09-21/cf_moa/router_aggregation_preparation/compact_aggregation_preparation/pure_top1/scoring/independent_check.json,/home/data3/txy/Documents/Codex/2026-09-21/cf_moa/router_aggregation_preparation/compact_aggregation_preparation/pure_top1/scoring/independent_check.json
docs/research/cf_moa.md,/home/data3/txy/docs/research/cf_moa.md,独立交叉核验,/home/data3/txy/Documents/Codex/2026-09-21/cf_moa/router_aggregation_preparation/compact_aggregation_preparation/pure_top1_scoring_independent_check.json,/home/data3/txy/Documents/Codex/2026-09-21/cf_moa/router_aggregation_preparation/compact_aggregation_preparation/pure_top1_scoring_independent_check.json
docs/research/cf_moa.md,/home/data3/txy/docs/research/cf_moa.md,阶段总收据,/home/data3/txy/Documents/Codex/2026-09-21/cf_moa/router_aggregation_preparation/compact_aggregation_preparation/receipt.json,/home/data3/txy/Documents/Codex/2026-09-21/cf_moa/router_aggregation_preparation/compact_aggregation_preparation/receipt.json
docs/research/cf_moa.md,/home/data3/txy/docs/research/cf_moa.md,交付源核验,/home/data3/txy/Documents/Codex/2026-09-21/cf_moa/router_aggregation_preparation/compact_aggregation_preparation/root_delivery_check.json,/home/data3/txy/Documents/Codex/2026-09-21/cf_moa/router_aggregation_preparation/compact_aggregation_preparation/root_delivery_check.json
docs/research/cf_moa.md,/home/data3/txy/docs/research/cf_moa.md,阶段终态,/home/data3/txy/Documents/Codex/2026-09-21/cf_moa/router_aggregation_preparation/aggregation_audit_v2_preparation/smoke_stage_status.json,/home/data3/txy/Documents/Codex/2026-09-21/cf_moa/router_aggregation_preparation/aggregation_audit_v2_preparation/smoke_stage_status.json
docs/research/cf_moa.md,/home/data3/txy/docs/research/cf_moa.md,完整CPU预检,/home/data3/txy/Documents/Codex/2026-09-21/cf_moa/router_aggregation_preparation/aggregation_audit_v2_preparation/preflight/receipt.json,/home/data3/txy/Documents/Codex/2026-09-21/cf_moa/router_aggregation_preparation/aggregation_audit_v2_preparation/preflight/receipt.json
docs/research/cf_moa.md,/home/data3/txy/docs/research/cf_moa.md,真实入口独立核验,/home/data3/txy/Documents/Codex/2026-09-21/cf_moa/router_aggregation_preparation/aggregation_audit_v2_preparation/live_independent_check.json,/home/data3/txy/Documents/Codex/2026-09-21/cf_moa/router_aggregation_preparation/aggregation_audit_v2_preparation/live_independent_check.json
docs/research/cf_moa.md,/home/data3/txy/docs/research/cf_moa.md,结构及长度诊断,/home/data3/txy/Documents/Codex/2026-09-21/cf_moa/router_aggregation_preparation/aggregation_audit_v2_preparation/semantic_failure_diagnosis.json,/home/data3/txy/Documents/Codex/2026-09-21/cf_moa/router_aggregation_preparation/aggregation_audit_v2_preparation/semantic_failure_diagnosis.json
docs/research/cf_moa.md,/home/data3/txy/docs/research/cf_moa.md,未激活扩展准备,/home/data3/txy/Documents/Codex/2026-09-21/cf_moa/router_aggregation_preparation/aggregation_audit_v2_preparation/extension_preparation/receipt.json,/home/data3/txy/Documents/Codex/2026-09-21/cf_moa/router_aggregation_preparation/aggregation_audit_v2_preparation/extension_preparation/receipt.json
docs/research/cf_moa.md,/home/data3/txy/docs/research/cf_moa.md,本轮总收据,/home/data3/txy/Documents/Codex/2026-09-21/cf_moa/router_aggregation_preparation/aggregation_audit_v2_preparation/receipt.json,/home/data3/txy/Documents/Codex/2026-09-21/cf_moa/router_aggregation_preparation/aggregation_audit_v2_preparation/receipt.json
docs/research/cf_moa.md,/home/data3/txy/docs/research/cf_moa.md,最终交付核验,/home/data3/txy/Documents/Codex/2026-09-21/cf_moa/router_aggregation_preparation/aggregation_audit_v2_preparation/root_delivery_check.json,/home/data3/txy/Documents/Codex/2026-09-21/cf_moa/router_aggregation_preparation/aggregation_audit_v2_preparation/root_delivery_check.json
docs/research/cf_moa.md,/home/data3/txy/docs/research/cf_moa.md,核心对照准备包,/home/data3/txy/Documents/Codex/2026-09-21/cf_moa/router_aggregation_preparation/control_alignment_preparation/README.md,/home/data3/txy/Documents/Codex/2026-09-21/cf_moa/router_aggregation_preparation/control_alignment_preparation/README.md
docs/research/cf_moa.md,/home/data3/txy/docs/research/cf_moa.md,固定规范,/home/data3/txy/Documents/Codex/2026-09-21/cf_moa/router_aggregation_preparation/control_alignment_preparation/fixed_control_specification.json,/home/data3/txy/Documents/Codex/2026-09-21/cf_moa/router_aggregation_preparation/control_alignment_preparation/fixed_control_specification.json
docs/research/cf_moa.md,/home/data3/txy/docs/research/cf_moa.md,完整状态,/home/data3/txy/Documents/Codex/2026-09-21/cf_moa/router_aggregation_preparation/control_alignment_preparation/readiness.json,/home/data3/txy/Documents/Codex/2026-09-21/cf_moa/router_aggregation_preparation/control_alignment_preparation/readiness.json
docs/research/cf_moa.md,/home/data3/txy/docs/research/cf_moa.md,入口及当前计划,/home/data3/txy/Documents/Codex/2026-09-21/cf_moa/router_aggregation_preparation/control_alignment_preparation/executor_preparation/README.md,/home/data3/txy/Documents/Codex/2026-09-21/cf_moa/router_aggregation_preparation/control_alignment_preparation/executor_preparation/README.md
docs/research/cf_moa.md,/home/data3/txy/docs/research/cf_moa.md,收据,/home/data3/txy/Documents/Codex/2026-09-21/cf_moa/router_aggregation_preparation/control_alignment_preparation/executor_preparation/receipt.json,/home/data3/txy/Documents/Codex/2026-09-21/cf_moa/router_aggregation_preparation/control_alignment_preparation/executor_preparation/receipt.json
docs/research/cf_moa.md,/home/data3/txy/docs/research/cf_moa.md,553请求复用审计,/home/data3/txy/Documents/Codex/2026-09-21/cf_moa/router_aggregation_preparation/control_alignment_preparation/executor_preparation/reuse_audit.md,/home/data3/txy/Documents/Codex/2026-09-21/cf_moa/router_aggregation_preparation/control_alignment_preparation/executor_preparation/reuse_audit.md
docs/research/cf_moa.md,/home/data3/txy/docs/research/cf_moa.md,真实smoke独立收据,/home/data3/txy/Documents/Codex/2026-09-21/cf_moa/router_aggregation_preparation/reason_codes_crossfield_preparation/live_independent_check.json,/home/data3/txy/Documents/Codex/2026-09-21/cf_moa/router_aggregation_preparation/reason_codes_crossfield_preparation/live_independent_check.json
docs/research/cf_moa.md,/home/data3/txy/docs/research/cf_moa.md,扩展helper与边界,/home/data3/txy/Documents/Codex/2026-09-21/cf_moa/router_aggregation_preparation/reason_codes_crossfield_preparation/extension_preparation/README.md,/home/data3/txy/Documents/Codex/2026-09-21/cf_moa/router_aggregation_preparation/reason_codes_crossfield_preparation/extension_preparation/README.md
docs/research/cf_moa.md,/home/data3/txy/docs/research/cf_moa.md,当前参考资源与收据,/home/data3/txy/Documents/Codex/2026-09-21/cf_moa/router_aggregation_preparation/reason_codes_crossfield_preparation/control_reference_preparation/README.md,/home/data3/txy/Documents/Codex/2026-09-21/cf_moa/router_aggregation_preparation/reason_codes_crossfield_preparation/control_reference_preparation/README.md
docs/research/cf_moa.md,/home/data3/txy/docs/research/cf_moa.md,外部守卫修订验收,/home/data3/txy/Documents/Codex/2026-09-21/cf_moa/router_aggregation_preparation/reason_codes_crossfield_preparation/extension_preparation/review_repair_receipt.json,/home/data3/txy/Documents/Codex/2026-09-21/cf_moa/router_aggregation_preparation/reason_codes_crossfield_preparation/extension_preparation/review_repair_receipt.json
docs/research/cf_moa.md,/home/data3/txy/docs/research/cf_moa.md,固定扩展启动清单,/home/data3/txy/Documents/Codex/2026-09-21/cf_moa/router_aggregation_preparation/reason_codes_crossfield_preparation/extension_launch.json,/home/data3/txy/Documents/Codex/2026-09-21/cf_moa/router_aggregation_preparation/reason_codes_crossfield_preparation/extension_launch.json
docs/research/cf_moa.md,/home/data3/txy/docs/research/cf_moa.md,CPU原响应诊断,/home/data3/txy/Documents/Codex/2026-09-21/cf_moa/router_aggregation_preparation/reason_codes_crossfield_preparation/extension_truncation_diagnosis.json,/home/data3/txy/Documents/Codex/2026-09-21/cf_moa/router_aggregation_preparation/reason_codes_crossfield_preparation/extension_truncation_diagnosis.json
docs/research/cf_moa.md,/home/data3/txy/docs/research/cf_moa.md,独立终态审计,/home/data3/txy/Documents/Codex/2026-09-21/cf_moa/router_aggregation_preparation/reason_codes_crossfield_preparation/extension_terminal_independent_check.json,/home/data3/txy/Documents/Codex/2026-09-21/cf_moa/router_aggregation_preparation/reason_codes_crossfield_preparation/extension_terminal_independent_check.json
docs/research/cf_moa.md,/home/data3/txy/docs/research/cf_moa.md,242逐题终态清单,/home/data3/txy/Documents/Codex/2026-09-21/cf_moa/router_aggregation_preparation/reason_codes_crossfield_preparation/full_scope_status.jsonl,/home/data3/txy/Documents/Codex/2026-09-21/cf_moa/router_aggregation_preparation/reason_codes_crossfield_preparation/full_scope_status.jsonl
docs/research/cf_moa.md,/home/data3/txy/docs/research/cf_moa.md,终态保护复核,/home/data3/txy/Documents/Codex/2026-09-21/cf_moa/router_aggregation_preparation/reason_codes_crossfield_preparation/preservation_terminal.json,/home/data3/txy/Documents/Codex/2026-09-21/cf_moa/router_aggregation_preparation/reason_codes_crossfield_preparation/preservation_terminal.json
docs/research/cf_moa.md,/home/data3/txy/docs/research/cf_moa.md,诊断独立验收,/home/data3/txy/Documents/Codex/2026-09-21/cf_moa/router_aggregation_preparation/reason_codes_crossfield_preparation/extension_diagnosis_independent.json,/home/data3/txy/Documents/Codex/2026-09-21/cf_moa/router_aggregation_preparation/reason_codes_crossfield_preparation/extension_diagnosis_independent.json
docs/research/cf_moa.md,/home/data3/txy/docs/research/cf_moa.md,入口与明确缺口,/home/data3/txy/Documents/Codex/2026-09-21/cf_moa/router_aggregation_preparation/control_alignment_preparation/executor_preparation/old_response_import/README.md,/home/data3/txy/Documents/Codex/2026-09-21/cf_moa/router_aggregation_preparation/control_alignment_preparation/executor_preparation/old_response_import/README.md
docs/research/cf_moa.md,/home/data3/txy/docs/research/cf_moa.md,最终收据,/home/data3/txy/Documents/Codex/2026-09-21/cf_moa/router_aggregation_preparation/control_alignment_preparation/executor_preparation/old_response_import/final_receipt.json,/home/data3/txy/Documents/Codex/2026-09-21/cf_moa/router_aggregation_preparation/control_alignment_preparation/executor_preparation/old_response_import/final_receipt.json
docs/research/cf_moa.md,/home/data3/txy/docs/research/cf_moa.md,总收据,/home/data3/txy/Documents/Codex/2026-09-21/cf_moa/router_aggregation_preparation/reason_codes_crossfield_preparation/receipt.json,/home/data3/txy/Documents/Codex/2026-09-21/cf_moa/router_aggregation_preparation/reason_codes_crossfield_preparation/receipt.json
docs/research/cf_moa.md,/home/data3/txy/docs/research/cf_moa.md,根终检,/home/data3/txy/Documents/Codex/2026-09-21/cf_moa/router_aggregation_preparation/reason_codes_crossfield_preparation/root_delivery_check.json,/home/data3/txy/Documents/Codex/2026-09-21/cf_moa/router_aggregation_preparation/reason_codes_crossfield_preparation/root_delivery_check.json
docs/research/cf_moa.md,/home/data3/txy/docs/research/cf_moa.md,实现审阅,/home/data3/txy/Documents/Codex/2026-09-21/cf_moa/router_aggregation_preparation/native_explanation_stability_preparation/implementation_review.md,/home/data3/txy/Documents/Codex/2026-09-21/cf_moa/router_aggregation_preparation/native_explanation_stability_preparation/implementation_review.md
docs/research/cf_moa.md,/home/data3/txy/docs/research/cf_moa.md,全量CPU收据,/home/data3/txy/Documents/Codex/2026-09-21/cf_moa/router_aggregation_preparation/native_explanation_stability_preparation/preflight/receipt.json,/home/data3/txy/Documents/Codex/2026-09-21/cf_moa/router_aggregation_preparation/native_explanation_stability_preparation/preflight/receipt.json
docs/research/cf_moa.md,/home/data3/txy/docs/research/cf_moa.md,实现收据,/home/data3/txy/Documents/Codex/2026-09-21/cf_moa/router_aggregation_preparation/control_alignment_preparation/executor_preparation/sampling_replay_execution/implementation_receipt.json,/home/data3/txy/Documents/Codex/2026-09-21/cf_moa/router_aggregation_preparation/control_alignment_preparation/executor_preparation/sampling_replay_execution/implementation_receipt.json
docs/research/cf_moa.md,/home/data3/txy/docs/research/cf_moa.md,固定12收据,/home/data3/txy/Documents/Codex/2026-09-21/cf_moa/router_aggregation_preparation/native_explanation_stability_preparation/smoke_receipt.json,/home/data3/txy/Documents/Codex/2026-09-21/cf_moa/router_aggregation_preparation/native_explanation_stability_preparation/smoke_receipt.json
docs/research/cf_moa.md,/home/data3/txy/docs/research/cf_moa.md,实际入口验真,/home/data3/txy/Documents/Codex/2026-09-21/cf_moa/router_aggregation_preparation/native_explanation_stability_preparation/live_independent_check.json,/home/data3/txy/Documents/Codex/2026-09-21/cf_moa/router_aggregation_preparation/native_explanation_stability_preparation/live_independent_check.json
docs/research/cf_moa.md,/home/data3/txy/docs/research/cf_moa.md,扩展启动,/home/data3/txy/Documents/Codex/2026-09-21/cf_moa/router_aggregation_preparation/native_explanation_stability_preparation/extension_launch.json,/home/data3/txy/Documents/Codex/2026-09-21/cf_moa/router_aggregation_preparation/native_explanation_stability_preparation/extension_launch.json
docs/research/cf_moa.md,/home/data3/txy/docs/research/cf_moa.md,全242逐题状态,/home/data3/txy/Documents/Codex/2026-09-21/cf_moa/router_aggregation_preparation/native_explanation_stability_preparation/full_scope_status.jsonl,/home/data3/txy/Documents/Codex/2026-09-21/cf_moa/router_aggregation_preparation/native_explanation_stability_preparation/full_scope_status.jsonl
docs/research/cf_moa.md,/home/data3/txy/docs/research/cf_moa.md,完整分母收据,/home/data3/txy/Documents/Codex/2026-09-21/cf_moa/router_aggregation_preparation/native_explanation_stability_preparation/full_scope_receipt.json,/home/data3/txy/Documents/Codex/2026-09-21/cf_moa/router_aggregation_preparation/native_explanation_stability_preparation/full_scope_receipt.json
docs/research/cf_moa.md,/home/data3/txy/docs/research/cf_moa.md,独立终态收据,/home/data3/txy/Documents/Codex/2026-09-21/cf_moa/router_aggregation_preparation/native_explanation_stability_preparation/extension_terminal_independent_check.json,/home/data3/txy/Documents/Codex/2026-09-21/cf_moa/router_aggregation_preparation/native_explanation_stability_preparation/extension_terminal_independent_check.json
docs/research/cf_moa.md,/home/data3/txy/docs/research/cf_moa.md,实际tokenizer原响应诊断,/home/data3/txy/Documents/Codex/2026-09-21/cf_moa/router_aggregation_preparation/native_explanation_stability_preparation/extension_truncation_diagnosis_corrected.json,/home/data3/txy/Documents/Codex/2026-09-21/cf_moa/router_aggregation_preparation/native_explanation_stability_preparation/extension_truncation_diagnosis_corrected.json
docs/research/cf_moa.md,/home/data3/txy/docs/research/cf_moa.md,全分母及诊断独立核验,/home/data3/txy/Documents/Codex/2026-09-21/cf_moa/router_aggregation_preparation/native_explanation_stability_preparation/extension_diagnosis_independent.json,/home/data3/txy/Documents/Codex/2026-09-21/cf_moa/router_aggregation_preparation/native_explanation_stability_preparation/extension_diagnosis_independent.json
docs/research/cf_moa.md,/home/data3/txy/docs/research/cf_moa.md,总收据,/home/data3/txy/Documents/Codex/2026-09-21/cf_moa/router_aggregation_preparation/native_explanation_stability_preparation/receipt.json,/home/data3/txy/Documents/Codex/2026-09-21/cf_moa/router_aggregation_preparation/native_explanation_stability_preparation/receipt.json
docs/research/cf_moa.md,/home/data3/txy/docs/research/cf_moa.md,根交付核验,/home/data3/txy/Documents/Codex/2026-09-21/cf_moa/router_aggregation_preparation/native_explanation_stability_preparation/root_delivery_check.json,/home/data3/txy/Documents/Codex/2026-09-21/cf_moa/router_aggregation_preparation/native_explanation_stability_preparation/root_delivery_check.json
docs/research/cf_moa.md,/home/data3/txy/docs/research/cf_moa.md,最终收据,/home/data3/txy/Documents/Codex/2026-09-21/cf_moa/router_aggregation_preparation/control_alignment_preparation/executor_preparation/sampling_replay_execution/replayed_reference/final_receipt.json,/home/data3/txy/Documents/Codex/2026-09-21/cf_moa/router_aggregation_preparation/control_alignment_preparation/executor_preparation/sampling_replay_execution/replayed_reference/final_receipt.json
docs/research/cf_moa.md,/home/data3/txy/docs/research/cf_moa.md,独立终检,/home/data3/txy/Documents/Codex/2026-09-21/cf_moa/router_aggregation_preparation/control_alignment_preparation/executor_preparation/sampling_replay_execution/terminal_independent_review/receipt.json,/home/data3/txy/Documents/Codex/2026-09-21/cf_moa/router_aggregation_preparation/control_alignment_preparation/executor_preparation/sampling_replay_execution/terminal_independent_review/receipt.json
docs/research/cf_moa.md,/home/data3/txy/docs/research/cf_moa.md,新参考验收,/home/data3/txy/Documents/Codex/2026-09-21/cf_moa/router_aggregation_preparation/native_explanation_stability_preparation/control_reference_preparation/independent_check.json,/home/data3/txy/Documents/Codex/2026-09-21/cf_moa/router_aggregation_preparation/native_explanation_stability_preparation/control_reference_preparation/independent_check.json
docs/research/cf_moa.md,/home/data3/txy/docs/research/cf_moa.md,明确复用manifest,/home/data3/txy/Documents/Codex/2026-09-21/cf_moa/router_aggregation_preparation/native_explanation_stability_preparation/control_reference_preparation/replay_reuse_binding/manifest.json,/home/data3/txy/Documents/Codex/2026-09-21/cf_moa/router_aggregation_preparation/native_explanation_stability_preparation/control_reference_preparation/replay_reuse_binding/manifest.json
docs/research/cf_moa.md,/home/data3/txy/docs/research/cf_moa.md,独立绑定核验,/home/data3/txy/Documents/Codex/2026-09-21/cf_moa/router_aggregation_preparation/native_explanation_stability_preparation/control_reference_preparation/replay_reuse_binding/independent_check.json,/home/data3/txy/Documents/Codex/2026-09-21/cf_moa/router_aggregation_preparation/native_explanation_stability_preparation/control_reference_preparation/replay_reuse_binding/independent_check.json
docs/research/cf_moa.md,/home/data3/txy/docs/research/cf_moa.md,准备边界与制品导航,/home/data3/txy/Documents/Codex/2026-09-21/cf_moa/router_aggregation_preparation/multiexpert_cached_preparation/README.md,/home/data3/txy/Documents/Codex/2026-09-21/cf_moa/router_aggregation_preparation/multiexpert_cached_preparation/README.md
docs/research/cf_moa.md,/home/data3/txy/docs/research/cf_moa.md,来源差异说明,/home/data3/txy/Documents/Codex/2026-09-21/cf_moa/router_aggregation_preparation/multiexpert_cached_preparation/source_drift_review.json,/home/data3/txy/Documents/Codex/2026-09-21/cf_moa/router_aggregation_preparation/multiexpert_cached_preparation/source_drift_review.json
docs/research/cf_moa.md,/home/data3/txy/docs/research/cf_moa.md,reader验收,/home/data3/txy/Documents/Codex/2026-09-21/cf_moa/router_aggregation_preparation/multiexpert_cached_preparation/reader_validation_receipt.json,/home/data3/txy/Documents/Codex/2026-09-21/cf_moa/router_aggregation_preparation/multiexpert_cached_preparation/reader_validation_receipt.json
docs/research/cf_moa.md,/home/data3/txy/docs/research/cf_moa.md,独立限范围接受,/home/data3/txy/Documents/Codex/2026-09-21/cf_moa/router_aggregation_preparation/multiexpert_cached_preparation/root_reader_acceptance.json,/home/data3/txy/Documents/Codex/2026-09-21/cf_moa/router_aggregation_preparation/multiexpert_cached_preparation/root_reader_acceptance.json
docs/research/cf_moa.md,/home/data3/txy/docs/research/cf_moa.md,具体差异、来源和最小实现边界,/home/data3/txy/Documents/Codex/2026-09-21/cf_moa/router_aggregation_preparation/control_alignment_preparation/adopted_role_profile_preparation/README.md,/home/data3/txy/Documents/Codex/2026-09-21/cf_moa/router_aggregation_preparation/control_alignment_preparation/adopted_role_profile_preparation/README.md
docs/research/cf_moa.md,/home/data3/txy/docs/research/cf_moa.md,实际请求预检包,/home/data3/txy/Documents/Codex/2026-09-21/cf_moa/router_aggregation_preparation/multiexpert_cached_preparation/request_preflight/,/home/data3/txy/Documents/Codex/2026-09-21/cf_moa/router_aggregation_preparation/multiexpert_cached_preparation/request_preflight
docs/research/cf_moa.md,/home/data3/txy/docs/research/cf_moa.md,控制器可达性包,/home/data3/txy/Documents/Codex/2026-09-21/cf_moa/router_aggregation_preparation/multiexpert_cached_preparation/controller_reachability_preparation/,/home/data3/txy/Documents/Codex/2026-09-21/cf_moa/router_aggregation_preparation/multiexpert_cached_preparation/controller_reachability_preparation
docs/research/cf_moa.md,/home/data3/txy/docs/research/cf_moa.md,入口实测收据,/home/data3/txy/Documents/Codex/2026-09-21/cf_moa/router_aggregation_preparation/multiexpert_cached_preparation/controller_reachability_preparation/receipt.json,/home/data3/txy/Documents/Codex/2026-09-21/cf_moa/router_aggregation_preparation/multiexpert_cached_preparation/controller_reachability_preparation/receipt.json
docs/research/cf_moa.md,/home/data3/txy/docs/research/cf_moa.md,独立限范围核验,/home/data3/txy/Documents/Codex/2026-09-21/cf_moa/router_aggregation_preparation/multiexpert_cached_preparation/controller_reachability_preparation/root_check.json,/home/data3/txy/Documents/Codex/2026-09-21/cf_moa/router_aggregation_preparation/multiexpert_cached_preparation/controller_reachability_preparation/root_check.json
docs/research/cf_moa.md,/home/data3/txy/docs/research/cf_moa.md,补查预算收据,/home/data3/txy/Documents/Codex/2026-09-21/cf_moa/router_aggregation_preparation/multiexpert_cached_preparation/controller_reachability_preparation/additional_budget_receipt.json,/home/data3/txy/Documents/Codex/2026-09-21/cf_moa/router_aggregation_preparation/multiexpert_cached_preparation/controller_reachability_preparation/additional_budget_receipt.json
docs/research/cf_moa.md,/home/data3/txy/docs/research/cf_moa.md,全量收据,/home/data3/txy/Documents/Codex/2026-09-21/cf_moa/router_aggregation_preparation/multiexpert_cached_preparation/request_preflight/full/receipt.json,/home/data3/txy/Documents/Codex/2026-09-21/cf_moa/router_aggregation_preparation/multiexpert_cached_preparation/request_preflight/full/receipt.json
docs/research/cf_moa.md,/home/data3/txy/docs/research/cf_moa.md,独立预检收据,/home/data3/txy/Documents/Codex/2026-09-21/cf_moa/router_aggregation_preparation/multiexpert_cached_preparation/request_preflight/independent/receipt.json,/home/data3/txy/Documents/Codex/2026-09-21/cf_moa/router_aggregation_preparation/multiexpert_cached_preparation/request_preflight/independent/receipt.json
docs/research/cf_moa.md,/home/data3/txy/docs/research/cf_moa.md,场景与成本收据,/home/data3/txy/Documents/Codex/2026-09-21/cf_moa/router_aggregation_preparation/multiexpert_cached_preparation/additional_check_lifecycle_preparation/attempt2/receipt.json,/home/data3/txy/Documents/Codex/2026-09-21/cf_moa/router_aggregation_preparation/multiexpert_cached_preparation/additional_check_lifecycle_preparation/attempt2/receipt.json
docs/research/cf_moa.md,/home/data3/txy/docs/research/cf_moa.md,首次失败,/home/data3/txy/Documents/Codex/2026-09-21/cf_moa/router_aggregation_preparation/multiexpert_cached_preparation/additional_check_lifecycle_preparation/diagnostic_failure.json,/home/data3/txy/Documents/Codex/2026-09-21/cf_moa/router_aggregation_preparation/multiexpert_cached_preparation/additional_check_lifecycle_preparation/diagnostic_failure.json
docs/research/cf_moa.md,/home/data3/txy/docs/research/cf_moa.md,原始与合成分类账本,/home/data3/txy/Documents/Codex/2026-09-21/cf_moa/router_aggregation_preparation/multiexpert_cached_preparation/additional_check_lifecycle_preparation/terminal_counter_receipt.json,/home/data3/txy/Documents/Codex/2026-09-21/cf_moa/router_aggregation_preparation/multiexpert_cached_preparation/additional_check_lifecycle_preparation/terminal_counter_receipt.json
docs/research/cf_moa.md,/home/data3/txy/docs/research/cf_moa.md,生命周期独审,/home/data3/txy/Documents/Codex/2026-09-21/cf_moa/router_aggregation_preparation/multiexpert_cached_preparation/additional_check_lifecycle_preparation/independent_terminal.json,/home/data3/txy/Documents/Codex/2026-09-21/cf_moa/router_aggregation_preparation/multiexpert_cached_preparation/additional_check_lifecycle_preparation/independent_terminal.json
docs/research/cf_moa.md,/home/data3/txy/docs/research/cf_moa.md,证据清单说明,/home/data3/txy/Documents/Codex/2026-09-21/cf_moa/freeze_preparation/evidence_inventory_20260923/README.md,/home/data3/txy/Documents/Codex/2026-09-21/cf_moa/freeze_preparation/evidence_inventory_20260923/README.md
docs/research/cf_moa.md,/home/data3/txy/docs/research/cf_moa.md,新草稿,/home/data3/txy/Documents/Codex/2026-09-21/cf_moa/freeze_preparation/evidence_inventory_20260923/current_unfrozen_draft.json,/home/data3/txy/Documents/Codex/2026-09-21/cf_moa/freeze_preparation/evidence_inventory_20260923/current_unfrozen_draft.json
docs/research/cf_moa.md,/home/data3/txy/docs/research/cf_moa.md,实际拒绝报告,/home/data3/txy/Documents/Codex/2026-09-21/cf_moa/freeze_preparation/evidence_inventory_20260923/validation.json,/home/data3/txy/Documents/Codex/2026-09-21/cf_moa/freeze_preparation/evidence_inventory_20260923/validation.json
docs/research/cf_moa.md,/home/data3/txy/docs/research/cf_moa.md,独立收据,/home/data3/txy/Documents/Codex/2026-09-21/cf_moa/freeze_preparation/evidence_inventory_20260923/independent_check.json,/home/data3/txy/Documents/Codex/2026-09-21/cf_moa/freeze_preparation/evidence_inventory_20260923/independent_check.json
docs/research/cf_moa.md,/home/data3/txy/docs/research/cf_moa.md,完整设计边界与预定验收建议,/home/data3/txy/Documents/Codex/2026-09-21/cf_moa/router_aggregation_preparation/native_explanation_stability_preparation/evidence_first_design_review/README.md,/home/data3/txy/Documents/Codex/2026-09-21/cf_moa/router_aggregation_preparation/native_explanation_stability_preparation/evidence_first_design_review/README.md
docs/research/cf_moa.md,/home/data3/txy/docs/research/cf_moa.md,evidence_first_preparation,/home/data3/txy/Documents/Codex/2026-09-21/cf_moa/router_aggregation_preparation/native_explanation_stability_preparation/evidence_first_preparation/,/home/data3/txy/Documents/Codex/2026-09-21/cf_moa/router_aggregation_preparation/native_explanation_stability_preparation/evidence_first_preparation
docs/research/cf_moa.md,/home/data3/txy/docs/research/cf_moa.md,组件收据,/home/data3/txy/Documents/Codex/2026-09-21/cf_moa/router_aggregation_preparation/native_explanation_stability_preparation/evidence_first_preparation/component_receipt.json,/home/data3/txy/Documents/Codex/2026-09-21/cf_moa/router_aggregation_preparation/native_explanation_stability_preparation/evidence_first_preparation/component_receipt.json
docs/research/cf_moa.md,/home/data3/txy/docs/research/cf_moa.md,独立审阅,/home/data3/txy/Documents/Codex/2026-09-21/cf_moa/router_aggregation_preparation/native_explanation_stability_preparation/evidence_first_preparation/independent_component_review.json,/home/data3/txy/Documents/Codex/2026-09-21/cf_moa/router_aggregation_preparation/native_explanation_stability_preparation/evidence_first_preparation/independent_component_review.json
docs/research/cf_moa.md,/home/data3/txy/docs/research/cf_moa.md,注册包,/home/data3/txy/Documents/Codex/2026-09-21/cf_moa/router_aggregation_preparation/native_explanation_stability_preparation/evidence_first_preparation/registration/application_receipt.json,/home/data3/txy/Documents/Codex/2026-09-21/cf_moa/router_aggregation_preparation/native_explanation_stability_preparation/evidence_first_preparation/registration/application_receipt.json
docs/research/cf_moa.md,/home/data3/txy/docs/research/cf_moa.md,入口验收终态,/home/data3/txy/Documents/Codex/2026-09-21/cf_moa/router_aggregation_preparation/native_explanation_stability_preparation/evidence_first_preparation/registration/receipt.json,/home/data3/txy/Documents/Codex/2026-09-21/cf_moa/router_aggregation_preparation/native_explanation_stability_preparation/evidence_first_preparation/registration/receipt.json
docs/research/cf_moa.md,/home/data3/txy/docs/research/cf_moa.md,固定预检收据,/home/data3/txy/Documents/Codex/2026-09-21/cf_moa/router_aggregation_preparation/native_explanation_stability_preparation/evidence_first_preparation/preflight_fixed/receipt.json,/home/data3/txy/Documents/Codex/2026-09-21/cf_moa/router_aggregation_preparation/native_explanation_stability_preparation/evidence_first_preparation/preflight_fixed/receipt.json
docs/research/cf_moa.md,/home/data3/txy/docs/research/cf_moa.md,全量收据,/home/data3/txy/Documents/Codex/2026-09-21/cf_moa/router_aggregation_preparation/native_explanation_stability_preparation/evidence_first_preparation/preflight_full/receipt.json,/home/data3/txy/Documents/Codex/2026-09-21/cf_moa/router_aggregation_preparation/native_explanation_stability_preparation/evidence_first_preparation/preflight_full/receipt.json
docs/research/cf_moa.md,/home/data3/txy/docs/research/cf_moa.md,启动前核对记录,/home/data3/txy/Documents/Codex/2026-09-21/cf_moa/router_aggregation_preparation/native_explanation_stability_preparation/evidence_first_preparation/gpu_preparation/prelaunch_reconciliation.json,/home/data3/txy/Documents/Codex/2026-09-21/cf_moa/router_aggregation_preparation/native_explanation_stability_preparation/evidence_first_preparation/gpu_preparation/prelaunch_reconciliation.json
docs/research/cf_moa.md,/home/data3/txy/docs/research/cf_moa.md,资源参考收据,/home/data3/txy/Documents/Codex/2026-09-21/cf_moa/router_aggregation_preparation/native_explanation_stability_preparation/evidence_first_preparation/control_reference_preparation/receipt.json,/home/data3/txy/Documents/Codex/2026-09-21/cf_moa/router_aggregation_preparation/native_explanation_stability_preparation/evidence_first_preparation/control_reference_preparation/receipt.json
docs/research/cf_moa.md,/home/data3/txy/docs/research/cf_moa.md,逐题资源表,/home/data3/txy/Documents/Codex/2026-09-21/cf_moa/router_aggregation_preparation/native_explanation_stability_preparation/evidence_first_preparation/control_reference_preparation/reference_resources.jsonl,/home/data3/txy/Documents/Codex/2026-09-21/cf_moa/router_aggregation_preparation/native_explanation_stability_preparation/evidence_first_preparation/control_reference_preparation/reference_resources.jsonl
docs/research/cf_moa.md,/home/data3/txy/docs/research/cf_moa.md,剩余113×2执行器,/home/data3/txy/Documents/Codex/2026-09-21/cf_moa/router_aggregation_preparation/native_explanation_stability_preparation/evidence_first_preparation/extension_preparation/run_remaining.py,/home/data3/txy/Documents/Codex/2026-09-21/cf_moa/router_aggregation_preparation/native_explanation_stability_preparation/evidence_first_preparation/extension_preparation/run_remaining.py
docs/research/cf_moa.md,/home/data3/txy/docs/research/cf_moa.md,修复收据,/home/data3/txy/Documents/Codex/2026-09-21/cf_moa/router_aggregation_preparation/native_explanation_stability_preparation/evidence_first_preparation/check_fixed_live_repair_summary.json,/home/data3/txy/Documents/Codex/2026-09-21/cf_moa/router_aggregation_preparation/native_explanation_stability_preparation/evidence_first_preparation/check_fixed_live_repair_summary.json
docs/research/cf_moa.md,/home/data3/txy/docs/research/cf_moa.md,16题验收,/home/data3/txy/Documents/Codex/2026-09-21/cf_moa/router_aggregation_preparation/native_explanation_stability_preparation/evidence_first_preparation/fixed_live_receipt.json,/home/data3/txy/Documents/Codex/2026-09-21/cf_moa/router_aggregation_preparation/native_explanation_stability_preparation/evidence_first_preparation/fixed_live_receipt.json
docs/research/cf_moa.md,/home/data3/txy/docs/research/cf_moa.md,扩展manifest,/home/data3/txy/Documents/Codex/2026-09-21/cf_moa/router_aggregation_preparation/native_explanation_stability_preparation/evidence_first_preparation/extension_run/manifest.json,/home/data3/txy/Documents/Codex/2026-09-21/cf_moa/router_aggregation_preparation/native_explanation_stability_preparation/evidence_first_preparation/extension_run/manifest.json
docs/research/cf_moa.md,/home/data3/txy/docs/research/cf_moa.md,完整242终态收据,/home/data3/txy/Documents/Codex/2026-09-21/cf_moa/router_aggregation_preparation/native_explanation_stability_preparation/evidence_first_preparation/full_scope_receipt.json,/home/data3/txy/Documents/Codex/2026-09-21/cf_moa/router_aggregation_preparation/native_explanation_stability_preparation/evidence_first_preparation/full_scope_receipt.json
docs/research/cf_moa.md,/home/data3/txy/docs/research/cf_moa.md,checker交付,/home/data3/txy/Documents/Codex/2026-09-21/cf_moa/router_aggregation_preparation/native_explanation_stability_preparation/evidence_first_preparation/extension_preparation/checker_delivery.json,/home/data3/txy/Documents/Codex/2026-09-21/cf_moa/router_aggregation_preparation/native_explanation_stability_preparation/evidence_first_preparation/extension_preparation/checker_delivery.json
docs/research/cf_moa.md,/home/data3/txy/docs/research/cf_moa.md,结构与长度诊断,/home/data3/txy/Documents/Codex/2026-09-21/cf_moa/router_aggregation_preparation/native_explanation_stability_preparation/evidence_first_preparation/extension_truncation_diagnosis.json,/home/data3/txy/Documents/Codex/2026-09-21/cf_moa/router_aggregation_preparation/native_explanation_stability_preparation/evidence_first_preparation/extension_truncation_diagnosis.json
docs/research/cf_moa.md,/home/data3/txy/docs/research/cf_moa.md,只读诊断代码,/home/data3/txy/Documents/Codex/2026-09-21/cf_moa/router_aggregation_preparation/native_explanation_stability_preparation/evidence_first_preparation/diagnose_extension.py,/home/data3/txy/Documents/Codex/2026-09-21/cf_moa/router_aggregation_preparation/native_explanation_stability_preparation/evidence_first_preparation/diagnose_extension.py
docs/research/cf_moa.md,/home/data3/txy/docs/research/cf_moa.md,日志,/home/data3/txy/Documents/Codex/2026-09-21/cf_moa/router_aggregation_preparation/native_explanation_stability_preparation/evidence_first_preparation/extension_truncation_diagnosis.log,/home/data3/txy/Documents/Codex/2026-09-21/cf_moa/router_aggregation_preparation/native_explanation_stability_preparation/evidence_first_preparation/extension_truncation_diagnosis.log
docs/research/cf_moa.md,/home/data3/txy/docs/research/cf_moa.md,来源绑定说明,/home/data3/txy/Documents/Codex/2026-09-21/cf_moa/router_aggregation_preparation/multiexpert_cached_preparation/evidence_first_source_binding_preparation/README.md,/home/data3/txy/Documents/Codex/2026-09-21/cf_moa/router_aggregation_preparation/multiexpert_cached_preparation/evidence_first_source_binding_preparation/README.md
docs/research/cf_moa.md,/home/data3/txy/docs/research/cf_moa.md,收据,/home/data3/txy/Documents/Codex/2026-09-21/cf_moa/router_aggregation_preparation/multiexpert_cached_preparation/evidence_first_source_binding_preparation/receipt.json,/home/data3/txy/Documents/Codex/2026-09-21/cf_moa/router_aggregation_preparation/multiexpert_cached_preparation/evidence_first_source_binding_preparation/receipt.json
docs/research/cf_moa.md,/home/data3/txy/docs/research/cf_moa.md,有界方案及本地代码依据,/home/data3/txy/Documents/Codex/2026-09-21/cf_moa/router_aggregation_preparation/native_explanation_stability_preparation/evidence_first_preparation/stability_review/proposal_only.md,/home/data3/txy/Documents/Codex/2026-09-21/cf_moa/router_aggregation_preparation/native_explanation_stability_preparation/evidence_first_preparation/stability_review/proposal_only.md
docs/research/cf_moa.md,/home/data3/txy/docs/research/cf_moa.md,准备包,/home/data3/txy/Documents/Codex/2026-09-21/cf_moa/router_aggregation_preparation/native_explanation_stability_preparation/evidence_first_preparation/stability_preparation,/home/data3/txy/Documents/Codex/2026-09-21/cf_moa/router_aggregation_preparation/native_explanation_stability_preparation/evidence_first_preparation/stability_preparation
docs/research/cf_moa.md,/home/data3/txy/docs/research/cf_moa.md,注册验收,/home/data3/txy/Documents/Codex/2026-09-21/cf_moa/router_aggregation_preparation/native_explanation_stability_preparation/evidence_first_preparation/stability_preparation/registration_receipt.json,/home/data3/txy/Documents/Codex/2026-09-21/cf_moa/router_aggregation_preparation/native_explanation_stability_preparation/evidence_first_preparation/stability_preparation/registration_receipt.json
docs/research/cf_moa.md,/home/data3/txy/docs/research/cf_moa.md,实际penalty验收,/home/data3/txy/Documents/Codex/2026-09-21/cf_moa/router_aggregation_preparation/native_explanation_stability_preparation/evidence_first_preparation/stability_preparation/penalty_kernel_receipt.json,/home/data3/txy/Documents/Codex/2026-09-21/cf_moa/router_aggregation_preparation/native_explanation_stability_preparation/evidence_first_preparation/stability_preparation/penalty_kernel_receipt.json
docs/research/cf_moa.md,/home/data3/txy/docs/research/cf_moa.md,固定预检,/home/data3/txy/Documents/Codex/2026-09-21/cf_moa/router_aggregation_preparation/native_explanation_stability_preparation/evidence_first_preparation/stability_preparation/preflight_fixed/receipt.json,/home/data3/txy/Documents/Codex/2026-09-21/cf_moa/router_aggregation_preparation/native_explanation_stability_preparation/evidence_first_preparation/stability_preparation/preflight_fixed/receipt.json
docs/research/cf_moa.md,/home/data3/txy/docs/research/cf_moa.md,正式运行manifest,/home/data3/txy/Documents/Codex/2026-09-21/cf_moa/router_aggregation_preparation/native_explanation_stability_preparation/evidence_first_preparation/stability_preparation/live_run/manifest.json,/home/data3/txy/Documents/Codex/2026-09-21/cf_moa/router_aggregation_preparation/native_explanation_stability_preparation/evidence_first_preparation/stability_preparation/live_run/manifest.json
docs/research/cf_moa.md,/home/data3/txy/docs/research/cf_moa.md,运行状态,/home/data3/txy/Documents/Codex/2026-09-21/cf_moa/router_aggregation_preparation/native_explanation_stability_preparation/evidence_first_preparation/stability_preparation/live_run/stage_status.json,/home/data3/txy/Documents/Codex/2026-09-21/cf_moa/router_aggregation_preparation/native_explanation_stability_preparation/evidence_first_preparation/stability_preparation/live_run/stage_status.json
docs/research/cf_moa.md,/home/data3/txy/docs/research/cf_moa.md,同预算资源绑定,/home/data3/txy/Documents/Codex/2026-09-21/cf_moa/router_aggregation_preparation/native_explanation_stability_preparation/evidence_first_preparation/stability_preparation/control_reference_preparation/receipt.json,/home/data3/txy/Documents/Codex/2026-09-21/cf_moa/router_aggregation_preparation/native_explanation_stability_preparation/evidence_first_preparation/stability_preparation/control_reference_preparation/receipt.json
docs/research/cf_moa.md,/home/data3/txy/docs/research/cf_moa.md,实际入口收据,/home/data3/txy/Documents/Codex/2026-09-21/cf_moa/router_aggregation_preparation/native_explanation_stability_preparation/evidence_first_preparation/stability_preparation/fixed_live_receipt.json,/home/data3/txy/Documents/Codex/2026-09-21/cf_moa/router_aggregation_preparation/native_explanation_stability_preparation/evidence_first_preparation/stability_preparation/fixed_live_receipt.json
docs/research/cf_moa.md,/home/data3/txy/docs/research/cf_moa.md,扩展manifest,/home/data3/txy/Documents/Codex/2026-09-21/cf_moa/router_aggregation_preparation/native_explanation_stability_preparation/evidence_first_preparation/stability_preparation/extension_run/manifest.json,/home/data3/txy/Documents/Codex/2026-09-21/cf_moa/router_aggregation_preparation/native_explanation_stability_preparation/evidence_first_preparation/stability_preparation/extension_run/manifest.json
docs/research/cf_moa.md,/home/data3/txy/docs/research/cf_moa.md,阶段状态,/home/data3/txy/Documents/Codex/2026-09-21/cf_moa/router_aggregation_preparation/native_explanation_stability_preparation/evidence_first_preparation/stability_preparation/extension_run/stage_status.json,/home/data3/txy/Documents/Codex/2026-09-21/cf_moa/router_aggregation_preparation/native_explanation_stability_preparation/evidence_first_preparation/stability_preparation/extension_run/stage_status.json
docs/research/cf_moa.md,/home/data3/txy/docs/research/cf_moa.md,合并准备,/home/data3/txy/Documents/Codex/2026-09-21/cf_moa/router_aggregation_preparation/native_explanation_stability_preparation/evidence_first_preparation/stability_preparation/assembly_preparation_receipt.json,/home/data3/txy/Documents/Codex/2026-09-21/cf_moa/router_aggregation_preparation/native_explanation_stability_preparation/evidence_first_preparation/stability_preparation/assembly_preparation_receipt.json
docs/research/cf_moa.md,/home/data3/txy/docs/research/cf_moa.md,独立派生状态,/home/data3/txy/Documents/Codex/2026-09-21/cf_moa/freeze_preparation/strong_control_status_from_rows/receipt.json,/home/data3/txy/Documents/Codex/2026-09-21/cf_moa/freeze_preparation/strong_control_status_from_rows/receipt.json
docs/research/cf_moa.md,/home/data3/txy/docs/research/cf_moa.md,固定采样预检,/home/data3/txy/Documents/Codex/2026-09-21/cf_moa/router_aggregation_preparation/native_explanation_stability_preparation/evidence_first_preparation/stability_preparation/native_sampling_control/prepared/receipt.json,/home/data3/txy/Documents/Codex/2026-09-21/cf_moa/router_aggregation_preparation/native_explanation_stability_preparation/evidence_first_preparation/stability_preparation/native_sampling_control/prepared/receipt.json
docs/research/cf_moa.md,/home/data3/txy/docs/research/cf_moa.md,GPU阶段,/home/data3/txy/Documents/Codex/2026-09-21/cf_moa/router_aggregation_preparation/native_explanation_stability_preparation/evidence_first_preparation/stability_preparation/native_sampling_control/live_smoke/stage_status.json,/home/data3/txy/Documents/Codex/2026-09-21/cf_moa/router_aggregation_preparation/native_explanation_stability_preparation/evidence_first_preparation/stability_preparation/native_sampling_control/live_smoke/stage_status.json
docs/research/cf_moa.md,/home/data3/txy/docs/research/cf_moa.md,数据构建记录,../data/construction.md#cf-moa-independent-summary-exposure,/home/data3/txy/docs/data/construction.md#cf-moa-independent-summary-exposure
docs/research/cf_moa.md,/home/data3/txy/docs/research/cf_moa.md,终态收据,/home/data3/txy/Documents/Codex/2026-09-21/cf_moa/router_aggregation_preparation/native_explanation_stability_preparation/evidence_first_preparation/stability_preparation/native_sampling_control/terminal_receipt.json,/home/data3/txy/Documents/Codex/2026-09-21/cf_moa/router_aggregation_preparation/native_explanation_stability_preparation/evidence_first_preparation/stability_preparation/native_sampling_control/terminal_receipt.json
docs/research/cf_moa.md,/home/data3/txy/docs/research/cf_moa.md,扩展准备,/home/data3/txy/Documents/Codex/2026-09-21/cf_moa/router_aggregation_preparation/native_explanation_stability_preparation/evidence_first_preparation/stability_preparation/native_sampling_control/extension_prepared/receipt.json,/home/data3/txy/Documents/Codex/2026-09-21/cf_moa/router_aggregation_preparation/native_explanation_stability_preparation/evidence_first_preparation/stability_preparation/native_sampling_control/extension_prepared/receipt.json
docs/research/cf_moa.md,/home/data3/txy/docs/research/cf_moa.md,运行状态,/home/data3/txy/Documents/Codex/2026-09-21/cf_moa/router_aggregation_preparation/native_explanation_stability_preparation/evidence_first_preparation/stability_preparation/native_sampling_control/live_extension/stage_status.json,/home/data3/txy/Documents/Codex/2026-09-21/cf_moa/router_aggregation_preparation/native_explanation_stability_preparation/evidence_first_preparation/stability_preparation/native_sampling_control/live_extension/stage_status.json
docs/research/cf_moa.md,/home/data3/txy/docs/research/cf_moa.md,完整原生评分入口,/home/data3/txy/Documents/Codex/2026-09-21/cf_moa/router_aggregation_preparation/native_explanation_stability_preparation/evidence_first_preparation/stability_preparation/native_sampling_control/score_complete.py,/home/data3/txy/Documents/Codex/2026-09-21/cf_moa/router_aggregation_preparation/native_explanation_stability_preparation/evidence_first_preparation/stability_preparation/native_sampling_control/score_complete.py
docs/research/cf_moa.md,/home/data3/txy/docs/research/cf_moa.md,多专家固定准备,/home/data3/txy/Documents/Codex/2026-09-21/cf_moa/router_aggregation_preparation/native_explanation_stability_preparation/evidence_first_preparation/stability_preparation/multiexpert_preparation/prepared/receipt.json,/home/data3/txy/Documents/Codex/2026-09-21/cf_moa/router_aggregation_preparation/native_explanation_stability_preparation/evidence_first_preparation/stability_preparation/multiexpert_preparation/prepared/receipt.json
docs/research/cf_moa.md,/home/data3/txy/docs/research/cf_moa.md,现场快照,/home/data3/txy/Documents/Codex/2026-09-21/cf_moa/router_aggregation_preparation/native_explanation_stability_preparation/evidence_first_preparation/stability_preparation/resource_observation_20260923_0532.json,/home/data3/txy/Documents/Codex/2026-09-21/cf_moa/router_aggregation_preparation/native_explanation_stability_preparation/evidence_first_preparation/stability_preparation/resource_observation_20260923_0532.json
docs/research/cf_moa.md,/home/data3/txy/docs/research/cf_moa.md,完整终态收据,/home/data3/txy/Documents/Codex/2026-09-21/cf_moa/router_aggregation_preparation/native_explanation_stability_preparation/evidence_first_preparation/stability_preparation/full_scope_receipt.json,/home/data3/txy/Documents/Codex/2026-09-21/cf_moa/router_aggregation_preparation/native_explanation_stability_preparation/evidence_first_preparation/stability_preparation/full_scope_receipt.json
docs/research/cf_moa.md,/home/data3/txy/docs/research/cf_moa.md,终态日志,/home/data3/txy/Documents/Codex/2026-09-21/cf_moa/router_aggregation_preparation/native_explanation_stability_preparation/evidence_first_preparation/stability_preparation/extension_terminal_audit.log,/home/data3/txy/Documents/Codex/2026-09-21/cf_moa/router_aggregation_preparation/native_explanation_stability_preparation/evidence_first_preparation/stability_preparation/extension_terminal_audit.log
docs/research/cf_moa.md,/home/data3/txy/docs/research/cf_moa.md,评分收据,/home/data3/txy/Documents/Codex/2026-09-21/cf_moa/router_aggregation_preparation/native_explanation_stability_preparation/evidence_first_preparation/stability_preparation/native_sampling_control/complete_scoring/receipt.json,/home/data3/txy/Documents/Codex/2026-09-21/cf_moa/router_aggregation_preparation/native_explanation_stability_preparation/evidence_first_preparation/stability_preparation/native_sampling_control/complete_scoring/receipt.json
docs/research/cf_moa.md,/home/data3/txy/docs/research/cf_moa.md,对照汇总,/home/data3/txy/Documents/Codex/2026-09-21/cf_moa/router_aggregation_preparation/native_explanation_stability_preparation/evidence_first_preparation/stability_preparation/result_comparison_preparation/complete_comparison/summary.json,/home/data3/txy/Documents/Codex/2026-09-21/cf_moa/router_aggregation_preparation/native_explanation_stability_preparation/evidence_first_preparation/stability_preparation/result_comparison_preparation/complete_comparison/summary.json
docs/research/cf_moa.md,/home/data3/txy/docs/research/cf_moa.md,逐题trace,/home/data3/txy/Documents/Codex/2026-09-21/cf_moa/router_aggregation_preparation/native_explanation_stability_preparation/evidence_first_preparation/stability_preparation/result_comparison_preparation/complete_comparison/per_input_trace.jsonl,/home/data3/txy/Documents/Codex/2026-09-21/cf_moa/router_aggregation_preparation/native_explanation_stability_preparation/evidence_first_preparation/stability_preparation/result_comparison_preparation/complete_comparison/per_input_trace.jsonl
docs/research/cf_moa.md,/home/data3/txy/docs/research/cf_moa.md,诊断,/home/data3/txy/Documents/Codex/2026-09-21/cf_moa/router_aggregation_preparation/native_explanation_stability_preparation/evidence_first_preparation/stability_preparation/semantic_failure_d00047_diagnosis/diagnosis.json,/home/data3/txy/Documents/Codex/2026-09-21/cf_moa/router_aggregation_preparation/native_explanation_stability_preparation/evidence_first_preparation/stability_preparation/semantic_failure_d00047_diagnosis/diagnosis.json
docs/research/cf_moa.md,/home/data3/txy/docs/research/cf_moa.md,原型停止收据,/home/data3/txy/Documents/Codex/2026-09-21/cf_moa/router_aggregation_preparation/native_explanation_stability_preparation/evidence_first_preparation/stability_preparation/nonblank_decoder_preparation/decoder_receipt.json,/home/data3/txy/Documents/Codex/2026-09-21/cf_moa/router_aggregation_preparation/native_explanation_stability_preparation/evidence_first_preparation/stability_preparation/nonblank_decoder_preparation/decoder_receipt.json
docs/research/cf_moa.md,/home/data3/txy/docs/research/cf_moa.md,正式tokenizer最小证据,/home/data3/txy/Documents/Codex/2026-09-21/cf_moa/router_aggregation_preparation/native_explanation_stability_preparation/evidence_first_preparation/stability_preparation/nonblank_decoder_preparation/actual_tokenizer_unicode_probe.json,/home/data3/txy/Documents/Codex/2026-09-21/cf_moa/router_aggregation_preparation/native_explanation_stability_preparation/evidence_first_preparation/stability_preparation/nonblank_decoder_preparation/actual_tokenizer_unicode_probe.json
docs/research/cf_moa.md,/home/data3/txy/docs/research/cf_moa.md,decoder收据,/home/data3/txy/Documents/Codex/2026-09-21/cf_moa/router_aggregation_preparation/native_explanation_stability_preparation/evidence_first_preparation/stability_preparation/nonempty_description_preparation/decoder_receipt.json,/home/data3/txy/Documents/Codex/2026-09-21/cf_moa/router_aggregation_preparation/native_explanation_stability_preparation/evidence_first_preparation/stability_preparation/nonempty_description_preparation/decoder_receipt.json
docs/research/cf_moa.md,/home/data3/txy/docs/research/cf_moa.md,预检收据,/home/data3/txy/Documents/Codex/2026-09-21/cf_moa/router_aggregation_preparation/native_explanation_stability_preparation/evidence_first_preparation/stability_preparation/nonempty_description_preparation/prepared/receipt.json,/home/data3/txy/Documents/Codex/2026-09-21/cf_moa/router_aggregation_preparation/native_explanation_stability_preparation/evidence_first_preparation/stability_preparation/nonempty_description_preparation/prepared/receipt.json
docs/research/cf_moa.md,/home/data3/txy/docs/research/cf_moa.md,manifest,/home/data3/txy/Documents/Codex/2026-09-21/cf_moa/router_aggregation_preparation/native_explanation_stability_preparation/evidence_first_preparation/stability_preparation/nonempty_description_preparation/live_run/manifest.json,/home/data3/txy/Documents/Codex/2026-09-21/cf_moa/router_aggregation_preparation/native_explanation_stability_preparation/evidence_first_preparation/stability_preparation/nonempty_description_preparation/live_run/manifest.json
docs/research/cf_moa.md,/home/data3/txy/docs/research/cf_moa.md,阶段状态,/home/data3/txy/Documents/Codex/2026-09-21/cf_moa/router_aggregation_preparation/native_explanation_stability_preparation/evidence_first_preparation/stability_preparation/nonempty_description_preparation/live_run/stage_status.json,/home/data3/txy/Documents/Codex/2026-09-21/cf_moa/router_aggregation_preparation/native_explanation_stability_preparation/evidence_first_preparation/stability_preparation/nonempty_description_preparation/live_run/stage_status.json
docs/research/cf_moa.md,/home/data3/txy/docs/research/cf_moa.md,真实验收收据,/home/data3/txy/Documents/Codex/2026-09-21/cf_moa/router_aggregation_preparation/native_explanation_stability_preparation/evidence_first_preparation/stability_preparation/nonempty_description_preparation/fixed_live_receipt.json,/home/data3/txy/Documents/Codex/2026-09-21/cf_moa/router_aggregation_preparation/native_explanation_stability_preparation/evidence_first_preparation/stability_preparation/nonempty_description_preparation/fixed_live_receipt.json
docs/research/cf_moa.md,/home/data3/txy/docs/research/cf_moa.md,扩展manifest,/home/data3/txy/Documents/Codex/2026-09-21/cf_moa/router_aggregation_preparation/native_explanation_stability_preparation/evidence_first_preparation/stability_preparation/nonempty_description_preparation/extension_prepared/manifest.json,/home/data3/txy/Documents/Codex/2026-09-21/cf_moa/router_aggregation_preparation/native_explanation_stability_preparation/evidence_first_preparation/stability_preparation/nonempty_description_preparation/extension_prepared/manifest.json
docs/research/cf_moa.md,/home/data3/txy/docs/research/cf_moa.md,阶段状态,/home/data3/txy/Documents/Codex/2026-09-21/cf_moa/router_aggregation_preparation/native_explanation_stability_preparation/evidence_first_preparation/stability_preparation/nonempty_description_preparation/extension_live/stage_status.json,/home/data3/txy/Documents/Codex/2026-09-21/cf_moa/router_aggregation_preparation/native_explanation_stability_preparation/evidence_first_preparation/stability_preparation/nonempty_description_preparation/extension_live/stage_status.json
docs/research/cf_moa.md,/home/data3/txy/docs/research/cf_moa.md,固定范围放行记录,/home/data3/txy/Documents/Codex/2026-09-21/cf_moa/router_aggregation_preparation/native_explanation_stability_preparation/evidence_first_preparation/stability_preparation/nonempty_description_preparation/multiexpert_preparation/root_release.json,/home/data3/txy/Documents/Codex/2026-09-21/cf_moa/router_aggregation_preparation/native_explanation_stability_preparation/evidence_first_preparation/stability_preparation/nonempty_description_preparation/multiexpert_preparation/root_release.json
docs/research/cf_moa.md,/home/data3/txy/docs/research/cf_moa.md,准备收据,/home/data3/txy/Documents/Codex/2026-09-21/cf_moa/router_aggregation_preparation/native_explanation_stability_preparation/evidence_first_preparation/stability_preparation/nonempty_description_preparation/multiexpert_preparation/prepared/receipt.json,/home/data3/txy/Documents/Codex/2026-09-21/cf_moa/router_aggregation_preparation/native_explanation_stability_preparation/evidence_first_preparation/stability_preparation/nonempty_description_preparation/multiexpert_preparation/prepared/receipt.json
docs/research/cf_moa.md,/home/data3/txy/docs/research/cf_moa.md,运行状态,/home/data3/txy/Documents/Codex/2026-09-21/cf_moa/router_aggregation_preparation/native_explanation_stability_preparation/evidence_first_preparation/stability_preparation/nonempty_description_preparation/multiexpert_preparation/live_run/stage_status.json,/home/data3/txy/Documents/Codex/2026-09-21/cf_moa/router_aggregation_preparation/native_explanation_stability_preparation/evidence_first_preparation/stability_preparation/nonempty_description_preparation/multiexpert_preparation/live_run/stage_status.json
docs/research/cf_moa.md,/home/data3/txy/docs/research/cf_moa.md,首错状态,/home/data3/txy/Documents/Codex/2026-09-21/cf_moa/router_aggregation_preparation/native_explanation_stability_preparation/evidence_first_preparation/stability_preparation/nonempty_description_preparation/multiexpert_preparation/live_run/live/m4/status.json,/home/data3/txy/Documents/Codex/2026-09-21/cf_moa/router_aggregation_preparation/native_explanation_stability_preparation/evidence_first_preparation/stability_preparation/nonempty_description_preparation/multiexpert_preparation/live_run/live/m4/status.json
docs/research/cf_moa.md,/home/data3/txy/docs/research/cf_moa.md,完整分母状态,/home/data3/txy/Documents/Codex/2026-09-21/cf_moa/router_aggregation_preparation/native_explanation_stability_preparation/evidence_first_preparation/stability_preparation/nonempty_description_preparation/multiexpert_preparation/live_run/stage_status.json,/home/data3/txy/Documents/Codex/2026-09-21/cf_moa/router_aggregation_preparation/native_explanation_stability_preparation/evidence_first_preparation/stability_preparation/nonempty_description_preparation/multiexpert_preparation/live_run/stage_status.json
docs/research/cf_moa.md,/home/data3/txy/docs/research/cf_moa.md,终态收据,/home/data3/txy/Documents/Codex/2026-09-21/cf_moa/router_aggregation_preparation/native_explanation_stability_preparation/evidence_first_preparation/stability_preparation/nonempty_description_preparation/multiexpert_preparation/fixed_live_receipt.json,/home/data3/txy/Documents/Codex/2026-09-21/cf_moa/router_aggregation_preparation/native_explanation_stability_preparation/evidence_first_preparation/stability_preparation/nonempty_description_preparation/multiexpert_preparation/fixed_live_receipt.json
docs/research/cf_moa.md,/home/data3/txy/docs/research/cf_moa.md,诊断数据,/home/data3/txy/Documents/Codex/2026-09-21/cf_moa/router_aggregation_preparation/native_explanation_stability_preparation/evidence_first_preparation/stability_preparation/nonempty_description_preparation/multiexpert_preparation/d00008_failure_diagnosis/diagnosis.json,/home/data3/txy/Documents/Codex/2026-09-21/cf_moa/router_aggregation_preparation/native_explanation_stability_preparation/evidence_first_preparation/stability_preparation/nonempty_description_preparation/multiexpert_preparation/d00008_failure_diagnosis/diagnosis.json
docs/research/cf_moa.md,/home/data3/txy/docs/research/cf_moa.md,无损合并与原生评分入口,/home/data3/txy/Documents/Codex/2026-09-21/cf_moa/router_aggregation_preparation/native_explanation_stability_preparation/evidence_first_preparation/stability_preparation/nonempty_description_preparation/ASSEMBLY_README.md,/home/data3/txy/Documents/Codex/2026-09-21/cf_moa/router_aggregation_preparation/native_explanation_stability_preparation/evidence_first_preparation/stability_preparation/nonempty_description_preparation/ASSEMBLY_README.md
docs/research/cf_moa.md,/home/data3/txy/docs/research/cf_moa.md,原型README,/home/data3/txy/cf_moa/README.md,/home/data3/txy/cf_moa/README.md
docs/research/cf_moa.md,/home/data3/txy/docs/research/cf_moa.md,三核心对照比较脚本,/home/data3/txy/Documents/Codex/2026-09-21/cf_moa/router_aggregation_preparation/native_explanation_stability_preparation/evidence_first_preparation/stability_preparation/nonempty_description_preparation/compare_complete.py,/home/data3/txy/Documents/Codex/2026-09-21/cf_moa/router_aggregation_preparation/native_explanation_stability_preparation/evidence_first_preparation/stability_preparation/nonempty_description_preparation/compare_complete.py
docs/research/cf_moa.md,/home/data3/txy/docs/research/cf_moa.md,固定单请求放行记录,/home/data3/txy/Documents/Codex/2026-09-21/cf_moa/router_aggregation_preparation/native_explanation_stability_preparation/evidence_first_preparation/stability_preparation/nonempty_description_preparation/multiexpert_preparation/d00008_failure_diagnosis/telemetry_authorization.json,/home/data3/txy/Documents/Codex/2026-09-21/cf_moa/router_aggregation_preparation/native_explanation_stability_preparation/evidence_first_preparation/stability_preparation/nonempty_description_preparation/multiexpert_preparation/d00008_failure_diagnosis/telemetry_authorization.json
docs/research/cf_moa.md,/home/data3/txy/docs/research/cf_moa.md,诊断目录,/home/data3/txy/Documents/Codex/2026-09-21/cf_moa/router_aggregation_preparation/native_explanation_stability_preparation/evidence_first_preparation/stability_preparation/nonempty_description_preparation/multiexpert_preparation/d00008_failure_diagnosis/telemetry_live,/home/data3/txy/Documents/Codex/2026-09-21/cf_moa/router_aggregation_preparation/native_explanation_stability_preparation/evidence_first_preparation/stability_preparation/nonempty_description_preparation/multiexpert_preparation/d00008_failure_diagnosis/telemetry_live
docs/research/cf_moa.md,/home/data3/txy/docs/research/cf_moa.md,单请求终态,/home/data3/txy/Documents/Codex/2026-09-21/cf_moa/router_aggregation_preparation/native_explanation_stability_preparation/evidence_first_preparation/stability_preparation/nonempty_description_preparation/multiexpert_preparation/d00008_failure_diagnosis/telemetry_live/receipt.json,/home/data3/txy/Documents/Codex/2026-09-21/cf_moa/router_aggregation_preparation/native_explanation_stability_preparation/evidence_first_preparation/stability_preparation/nonempty_description_preparation/multiexpert_preparation/d00008_failure_diagnosis/telemetry_live/receipt.json
docs/research/cf_moa.md,/home/data3/txy/docs/research/cf_moa.md,实际token分析,/home/data3/txy/Documents/Codex/2026-09-21/cf_moa/router_aggregation_preparation/native_explanation_stability_preparation/evidence_first_preparation/stability_preparation/nonempty_description_preparation/multiexpert_preparation/d00008_failure_diagnosis/telemetry_analysis.json,/home/data3/txy/Documents/Codex/2026-09-21/cf_moa/router_aggregation_preparation/native_explanation_stability_preparation/evidence_first_preparation/stability_preparation/nonempty_description_preparation/multiexpert_preparation/d00008_failure_diagnosis/telemetry_analysis.json
docs/research/cf_moa.md,/home/data3/txy/docs/research/cf_moa.md,toy收据,/home/data3/txy/Documents/Codex/2026-09-21/cf_moa/router_aggregation_preparation/native_explanation_stability_preparation/evidence_first_preparation/stability_preparation/nonempty_description_preparation/multiexpert_preparation/d00008_failure_diagnosis/toy_eos_union_probe/receipt.json,/home/data3/txy/Documents/Codex/2026-09-21/cf_moa/router_aggregation_preparation/native_explanation_stability_preparation/evidence_first_preparation/stability_preparation/nonempty_description_preparation/multiexpert_preparation/d00008_failure_diagnosis/toy_eos_union_probe/receipt.json
docs/research/cf_moa.md,/home/data3/txy/docs/research/cf_moa.md,说明,/home/data3/txy/Documents/Codex/2026-09-21/cf_moa/router_aggregation_preparation/native_explanation_stability_preparation/evidence_first_preparation/stability_preparation/nonempty_description_preparation/multiexpert_preparation/d00008_failure_diagnosis/toy_eos_union_probe/README.md,/home/data3/txy/Documents/Codex/2026-09-21/cf_moa/router_aggregation_preparation/native_explanation_stability_preparation/evidence_first_preparation/stability_preparation/nonempty_description_preparation/multiexpert_preparation/d00008_failure_diagnosis/toy_eos_union_probe/README.md
docs/research/cf_moa.md,/home/data3/txy/docs/research/cf_moa.md,独立准备目录,/home/data3/txy/Documents/Codex/2026-09-21/cf_moa/router_aggregation_preparation/native_explanation_stability_preparation/evidence_first_preparation/stability_preparation/nonempty_description_preparation/multiexpert_preparation/eos_alignment_preparation,/home/data3/txy/Documents/Codex/2026-09-21/cf_moa/router_aggregation_preparation/native_explanation_stability_preparation/evidence_first_preparation/stability_preparation/nonempty_description_preparation/multiexpert_preparation/eos_alignment_preparation
docs/research/cf_moa.md,/home/data3/txy/docs/research/cf_moa.md,两请求收据,/home/data3/txy/Documents/Codex/2026-09-21/cf_moa/router_aggregation_preparation/native_explanation_stability_preparation/evidence_first_preparation/stability_preparation/nonempty_description_preparation/multiexpert_preparation/eos_alignment_preparation/prepared/receipt.json,/home/data3/txy/Documents/Codex/2026-09-21/cf_moa/router_aggregation_preparation/native_explanation_stability_preparation/evidence_first_preparation/stability_preparation/nonempty_description_preparation/multiexpert_preparation/eos_alignment_preparation/prepared/receipt.json
docs/research/cf_moa.md,/home/data3/txy/docs/research/cf_moa.md,固定11放行,/home/data3/txy/Documents/Codex/2026-09-21/cf_moa/router_aggregation_preparation/native_explanation_stability_preparation/evidence_first_preparation/stability_preparation/nonempty_description_preparation/multiexpert_preparation/eos_alignment_preparation/root_release.json,/home/data3/txy/Documents/Codex/2026-09-21/cf_moa/router_aggregation_preparation/native_explanation_stability_preparation/evidence_first_preparation/stability_preparation/nonempty_description_preparation/multiexpert_preparation/eos_alignment_preparation/root_release.json
docs/research/cf_moa.md,/home/data3/txy/docs/research/cf_moa.md,终态收据,/home/data3/txy/Documents/Codex/2026-09-21/cf_moa/router_aggregation_preparation/native_explanation_stability_preparation/evidence_first_preparation/stability_preparation/nonempty_description_preparation/multiexpert_preparation/eos_alignment_preparation/fixed_live_receipt.json,/home/data3/txy/Documents/Codex/2026-09-21/cf_moa/router_aggregation_preparation/native_explanation_stability_preparation/evidence_first_preparation/stability_preparation/nonempty_description_preparation/multiexpert_preparation/eos_alignment_preparation/fixed_live_receipt.json
docs/research/cf_moa.md,/home/data3/txy/docs/research/cf_moa.md,完整终态,/home/data3/txy/Documents/Codex/2026-09-21/cf_moa/router_aggregation_preparation/native_explanation_stability_preparation/evidence_first_preparation/stability_preparation/nonempty_description_preparation/full_scope_receipt.json,/home/data3/txy/Documents/Codex/2026-09-21/cf_moa/router_aggregation_preparation/native_explanation_stability_preparation/evidence_first_preparation/stability_preparation/nonempty_description_preparation/full_scope_receipt.json
docs/research/cf_moa.md,/home/data3/txy/docs/research/cf_moa.md,无损合并,/home/data3/txy/Documents/Codex/2026-09-21/cf_moa/router_aggregation_preparation/native_explanation_stability_preparation/evidence_first_preparation/stability_preparation/nonempty_description_preparation/complete_run/receipt.json,/home/data3/txy/Documents/Codex/2026-09-21/cf_moa/router_aggregation_preparation/native_explanation_stability_preparation/evidence_first_preparation/stability_preparation/nonempty_description_preparation/complete_run/receipt.json
docs/research/cf_moa.md,/home/data3/txy/docs/research/cf_moa.md,原生评分,/home/data3/txy/Documents/Codex/2026-09-21/cf_moa/router_aggregation_preparation/native_explanation_stability_preparation/evidence_first_preparation/stability_preparation/nonempty_description_preparation/complete_scores/receipt.json,/home/data3/txy/Documents/Codex/2026-09-21/cf_moa/router_aggregation_preparation/native_explanation_stability_preparation/evidence_first_preparation/stability_preparation/nonempty_description_preparation/complete_scores/receipt.json
docs/research/cf_moa.md,/home/data3/txy/docs/research/cf_moa.md,核心对照汇总,/home/data3/txy/Documents/Codex/2026-09-21/cf_moa/router_aggregation_preparation/native_explanation_stability_preparation/evidence_first_preparation/stability_preparation/nonempty_description_preparation/complete_comparison/summary.json,/home/data3/txy/Documents/Codex/2026-09-21/cf_moa/router_aggregation_preparation/native_explanation_stability_preparation/evidence_first_preparation/stability_preparation/nonempty_description_preparation/complete_comparison/summary.json
docs/research/cf_moa.md,/home/data3/txy/docs/research/cf_moa.md,242逐题修复/误伤和成本,/home/data3/txy/Documents/Codex/2026-09-21/cf_moa/router_aggregation_preparation/native_explanation_stability_preparation/evidence_first_preparation/stability_preparation/nonempty_description_preparation/complete_comparison/per_input_trace.jsonl,/home/data3/txy/Documents/Codex/2026-09-21/cf_moa/router_aggregation_preparation/native_explanation_stability_preparation/evidence_first_preparation/stability_preparation/nonempty_description_preparation/complete_comparison/per_input_trace.jsonl
docs/research/cf_moa.md,/home/data3/txy/docs/research/cf_moa.md,预算审计,/home/data3/txy/Documents/Codex/2026-09-21/cf_moa/router_aggregation_preparation/native_explanation_stability_preparation/evidence_first_preparation/stability_preparation/native_sampling_control/budget_scope_audit.json,/home/data3/txy/Documents/Codex/2026-09-21/cf_moa/router_aggregation_preparation/native_explanation_stability_preparation/evidence_first_preparation/stability_preparation/native_sampling_control/budget_scope_audit.json
docs/research/cf_moa.md,/home/data3/txy/docs/research/cf_moa.md,源码重绑定,/home/data3/txy/Documents/Codex/2026-09-21/cf_moa/router_aggregation_preparation/native_explanation_stability_preparation/evidence_first_preparation/stability_preparation/nonempty_description_preparation/multiexpert_preparation/eos_alignment_preparation/extension_jsonl_rebind.json,/home/data3/txy/Documents/Codex/2026-09-21/cf_moa/router_aggregation_preparation/native_explanation_stability_preparation/evidence_first_preparation/stability_preparation/nonempty_description_preparation/multiexpert_preparation/eos_alignment_preparation/extension_jsonl_rebind.json
docs/research/cf_moa.md,/home/data3/txy/docs/research/cf_moa.md,单独诊断,/home/data3/txy/Documents/Codex/2026-09-21/cf_moa/router_aggregation_preparation/native_explanation_stability_preparation/evidence_first_preparation/stability_preparation/nonempty_description_preparation/multiexpert_preparation/eos_alignment_preparation/extension_startup_failure.json,/home/data3/txy/Documents/Codex/2026-09-21/cf_moa/router_aggregation_preparation/native_explanation_stability_preparation/evidence_first_preparation/stability_preparation/nonempty_description_preparation/multiexpert_preparation/eos_alignment_preparation/extension_startup_failure.json
docs/research/cf_moa.md,/home/data3/txy/docs/research/cf_moa.md,新release,/home/data3/txy/Documents/Codex/2026-09-21/cf_moa/router_aggregation_preparation/native_explanation_stability_preparation/evidence_first_preparation/stability_preparation/nonempty_description_preparation/multiexpert_preparation/eos_alignment_preparation/extension_runtime_repair_root_release.json,/home/data3/txy/Documents/Codex/2026-09-21/cf_moa/router_aggregation_preparation/native_explanation_stability_preparation/evidence_first_preparation/stability_preparation/nonempty_description_preparation/multiexpert_preparation/eos_alignment_preparation/extension_runtime_repair_root_release.json
docs/research/cf_moa.md,/home/data3/txy/docs/research/cf_moa.md,修复收据,/home/data3/txy/Documents/Codex/2026-09-21/cf_moa/router_aggregation_preparation/native_explanation_stability_preparation/evidence_first_preparation/stability_preparation/nonempty_description_preparation/multiexpert_preparation/eos_alignment_preparation/extension_runtime_repair_ready.json,/home/data3/txy/Documents/Codex/2026-09-21/cf_moa/router_aggregation_preparation/native_explanation_stability_preparation/evidence_first_preparation/stability_preparation/nonempty_description_preparation/multiexpert_preparation/eos_alignment_preparation/extension_runtime_repair_ready.json
docs/research/cf_moa.md,/home/data3/txy/docs/research/cf_moa.md,运行日志,/home/data3/txy/Documents/Codex/2026-09-21/cf_moa/router_aggregation_preparation/native_explanation_stability_preparation/evidence_first_preparation/stability_preparation/nonempty_description_preparation/multiexpert_preparation/eos_alignment_preparation/extension_runtime_repair_stage.log,/home/data3/txy/Documents/Codex/2026-09-21/cf_moa/router_aggregation_preparation/native_explanation_stability_preparation/evidence_first_preparation/stability_preparation/nonempty_description_preparation/multiexpert_preparation/eos_alignment_preparation/extension_runtime_repair_stage.log
docs/research/cf_moa.md,/home/data3/txy/docs/research/cf_moa.md,独立输出,/home/data3/txy/Documents/Codex/2026-09-21/cf_moa/router_aggregation_preparation/native_explanation_stability_preparation/evidence_first_preparation/stability_preparation/nonempty_description_preparation/multiexpert_preparation/eos_alignment_preparation/extension_runtime_repair_live/stage_status.json,/home/data3/txy/Documents/Codex/2026-09-21/cf_moa/router_aggregation_preparation/native_explanation_stability_preparation/evidence_first_preparation/stability_preparation/nonempty_description_preparation/multiexpert_preparation/eos_alignment_preparation/extension_runtime_repair_live/stage_status.json
docs/research/cf_moa.md,/home/data3/txy/docs/research/cf_moa.md,release,/home/data3/txy/Documents/Codex/2026-09-21/cf_moa/router_aggregation_preparation/native_explanation_stability_preparation/evidence_first_preparation/stability_preparation/native_sampling_control/common_cap_three_draw_control/root_release.json,/home/data3/txy/Documents/Codex/2026-09-21/cf_moa/router_aggregation_preparation/native_explanation_stability_preparation/evidence_first_preparation/stability_preparation/native_sampling_control/common_cap_three_draw_control/root_release.json
docs/research/cf_moa.md,/home/data3/txy/docs/research/cf_moa.md,完成收据,/home/data3/txy/Documents/Codex/2026-09-21/cf_moa/router_aggregation_preparation/native_explanation_stability_preparation/evidence_first_preparation/stability_preparation/nonempty_description_preparation/multiexpert_preparation/eos_alignment_preparation/same_pool_top1_control/receipt.json,/home/data3/txy/Documents/Codex/2026-09-21/cf_moa/router_aggregation_preparation/native_explanation_stability_preparation/evidence_first_preparation/stability_preparation/nonempty_description_preparation/multiexpert_preparation/eos_alignment_preparation/same_pool_top1_control/receipt.json
docs/research/cf_moa.md,/home/data3/txy/docs/research/cf_moa.md,只读核验,/home/data3/txy/Documents/Codex/2026-09-21/cf_moa/router_aggregation_preparation/native_explanation_stability_preparation/evidence_first_preparation/stability_preparation/nonempty_description_preparation/multiexpert_preparation/eos_alignment_preparation/same_pool_top1_control/completion_read_only_check.json,/home/data3/txy/Documents/Codex/2026-09-21/cf_moa/router_aggregation_preparation/native_explanation_stability_preparation/evidence_first_preparation/stability_preparation/nonempty_description_preparation/multiexpert_preparation/eos_alignment_preparation/same_pool_top1_control/completion_read_only_check.json
docs/research/cf_moa.md,/home/data3/txy/docs/research/cf_moa.md,route_breakdown.json,/home/data3/txy/Documents/Codex/2026-09-21/cf_moa/router_aggregation_preparation/native_explanation_stability_preparation/evidence_first_preparation/stability_preparation/nonempty_description_preparation/complete_comparison/route_breakdown.json,/home/data3/txy/Documents/Codex/2026-09-21/cf_moa/router_aggregation_preparation/native_explanation_stability_preparation/evidence_first_preparation/stability_preparation/nonempty_description_preparation/complete_comparison/route_breakdown.json
docs/research/cf_moa.md,/home/data3/txy/docs/research/cf_moa.md,运行快照,/home/data3/txy/Documents/Codex/2026-09-21/cf_moa/a1_v2_relational_20260922/gpu_parallel_runtime_snapshot.json,/home/data3/txy/Documents/Codex/2026-09-21/cf_moa/a1_v2_relational_20260922/gpu_parallel_runtime_snapshot.json
docs/research/cf_moa.md,/home/data3/txy/docs/research/cf_moa.md,评分收据,/home/data3/txy/Documents/Codex/2026-09-21/cf_moa/router_aggregation_preparation/native_explanation_stability_preparation/evidence_first_preparation/stability_preparation/nonempty_description_preparation/multiexpert_preparation/eos_alignment_preparation/same_pool_top1_control/scoring/receipt.json,/home/data3/txy/Documents/Codex/2026-09-21/cf_moa/router_aggregation_preparation/native_explanation_stability_preparation/evidence_first_preparation/stability_preparation/nonempty_description_preparation/multiexpert_preparation/eos_alignment_preparation/same_pool_top1_control/scoring/receipt.json
docs/research/cf_moa.md,/home/data3/txy/docs/research/cf_moa.md,独立EOS扩展终检入口,/home/data3/txy/Documents/Codex/2026-09-21/cf_moa/router_aggregation_preparation/native_explanation_stability_preparation/evidence_first_preparation/stability_preparation/nonempty_description_preparation/multiexpert_preparation/eos_alignment_preparation/check_extension_runtime_repair_terminal.py,/home/data3/txy/Documents/Codex/2026-09-21/cf_moa/router_aggregation_preparation/native_explanation_stability_preparation/evidence_first_preparation/stability_preparation/nonempty_description_preparation/multiexpert_preparation/eos_alignment_preparation/check_extension_runtime_repair_terminal.py
docs/research/cf_moa.md,/home/data3/txy/docs/research/cf_moa.md,固定3draw终检,/home/data3/txy/Documents/Codex/2026-09-21/cf_moa/router_aggregation_preparation/native_explanation_stability_preparation/evidence_first_preparation/stability_preparation/native_sampling_control/common_cap_three_draw_control/check_terminal.py,/home/data3/txy/Documents/Codex/2026-09-21/cf_moa/router_aggregation_preparation/native_explanation_stability_preparation/evidence_first_preparation/stability_preparation/native_sampling_control/common_cap_three_draw_control/check_terminal.py
docs/research/cf_moa.md,/home/data3/txy/docs/research/cf_moa.md,无损合并/评分入口,/home/data3/txy/Documents/Codex/2026-09-21/cf_moa/router_aggregation_preparation/native_explanation_stability_preparation/evidence_first_preparation/stability_preparation/nonempty_description_preparation/multiexpert_preparation/eos_alignment_preparation/assemble_and_score.py,/home/data3/txy/Documents/Codex/2026-09-21/cf_moa/router_aggregation_preparation/native_explanation_stability_preparation/evidence_first_preparation/stability_preparation/nonempty_description_preparation/multiexpert_preparation/eos_alignment_preparation/assemble_and_score.py
docs/research/cf_moa.md,/home/data3/txy/docs/research/cf_moa.md,score_complete.py,/home/data3/txy/Documents/Codex/2026-09-21/cf_moa/router_aggregation_preparation/native_explanation_stability_preparation/evidence_first_preparation/stability_preparation/native_sampling_control/common_cap_three_draw_control/score_complete.py,/home/data3/txy/Documents/Codex/2026-09-21/cf_moa/router_aggregation_preparation/native_explanation_stability_preparation/evidence_first_preparation/stability_preparation/native_sampling_control/common_cap_three_draw_control/score_complete.py
docs/research/cf_moa.md,/home/data3/txy/docs/research/cf_moa.md,M4状态,/home/data3/txy/Documents/Codex/2026-09-21/cf_moa/router_aggregation_preparation/native_explanation_stability_preparation/evidence_first_preparation/stability_preparation/native_sampling_control/common_cap_three_draw_control/live_run/m4/status.json,/home/data3/txy/Documents/Codex/2026-09-21/cf_moa/router_aggregation_preparation/native_explanation_stability_preparation/evidence_first_preparation/stability_preparation/native_sampling_control/common_cap_three_draw_control/live_run/m4/status.json
docs/research/cf_moa.md,/home/data3/txy/docs/research/cf_moa.md,清理,/home/data3/txy/Documents/Codex/2026-09-21/cf_moa/router_aggregation_preparation/native_explanation_stability_preparation/evidence_first_preparation/stability_preparation/native_sampling_control/common_cap_three_draw_control/live_run/m4/engine_cleanup.json,/home/data3/txy/Documents/Codex/2026-09-21/cf_moa/router_aggregation_preparation/native_explanation_stability_preparation/evidence_first_preparation/stability_preparation/native_sampling_control/common_cap_three_draw_control/live_run/m4/engine_cleanup.json
docs/research/cf_moa.md,/home/data3/txy/docs/research/cf_moa.md,M5日志,/home/data3/txy/Documents/Codex/2026-09-21/cf_moa/router_aggregation_preparation/native_explanation_stability_preparation/evidence_first_preparation/stability_preparation/native_sampling_control/common_cap_three_draw_control/live_run/m5.log,/home/data3/txy/Documents/Codex/2026-09-21/cf_moa/router_aggregation_preparation/native_explanation_stability_preparation/evidence_first_preparation/stability_preparation/native_sampling_control/common_cap_three_draw_control/live_run/m5.log
docs/research/cf_moa.md,/home/data3/txy/docs/research/cf_moa.md,三核心控制比较入口,/home/data3/txy/Documents/Codex/2026-09-21/cf_moa/router_aggregation_preparation/native_explanation_stability_preparation/evidence_first_preparation/stability_preparation/nonempty_description_preparation/multiexpert_preparation/eos_alignment_preparation/compare_complete.py,/home/data3/txy/Documents/Codex/2026-09-21/cf_moa/router_aggregation_preparation/native_explanation_stability_preparation/evidence_first_preparation/stability_preparation/nonempty_description_preparation/multiexpert_preparation/eos_alignment_preparation/compare_complete.py
docs/research/cf_moa.md,/home/data3/txy/docs/research/cf_moa.md,资源采样、进度及源码位置,/home/data3/txy/Documents/Codex/2026-09-21/cf_moa/a1_v2_relational_20260922/gpu_cpu_scheduling_diagnosis_20260923.json,/home/data3/txy/Documents/Codex/2026-09-21/cf_moa/a1_v2_relational_20260922/gpu_cpu_scheduling_diagnosis_20260923.json
docs/research/cf_moa.md,/home/data3/txy/docs/research/cf_moa.md,M4里程碑与原状态路径,/home/data3/txy/Documents/Codex/2026-09-21/cf_moa/a1_v2_relational_20260922/multiexpert_M4_complete_milestone.json,/home/data3/txy/Documents/Codex/2026-09-21/cf_moa/a1_v2_relational_20260922/multiexpert_M4_complete_milestone.json
docs/research/cf_moa.md,/home/data3/txy/docs/research/cf_moa.md,终态验收,/home/data3/txy/Documents/Codex/2026-09-21/cf_moa/router_aggregation_preparation/native_explanation_stability_preparation/evidence_first_preparation/stability_preparation/native_sampling_control/common_cap_three_draw_control/terminal_receipt.json,/home/data3/txy/Documents/Codex/2026-09-21/cf_moa/router_aggregation_preparation/native_explanation_stability_preparation/evidence_first_preparation/stability_preparation/native_sampling_control/common_cap_three_draw_control/terminal_receipt.json
docs/research/cf_moa.md,/home/data3/txy/docs/research/cf_moa.md,完整原生评分,/home/data3/txy/Documents/Codex/2026-09-21/cf_moa/router_aggregation_preparation/native_explanation_stability_preparation/evidence_first_preparation/stability_preparation/native_sampling_control/common_cap_three_draw_control/complete_scoring/receipt.json,/home/data3/txy/Documents/Codex/2026-09-21/cf_moa/router_aggregation_preparation/native_explanation_stability_preparation/evidence_first_preparation/stability_preparation/native_sampling_control/common_cap_three_draw_control/complete_scoring/receipt.json
docs/research/cf_moa.md,/home/data3/txy/docs/research/cf_moa.md,实际四计划回归,/home/data3/txy/Documents/Codex/2026-09-21/cf_moa/router_aggregation_preparation/native_explanation_stability_preparation/evidence_first_preparation/stability_preparation/nonempty_description_preparation/multiexpert_preparation/eos_alignment_preparation/assembly_plan_key_fix/regression_receipt.json,/home/data3/txy/Documents/Codex/2026-09-21/cf_moa/router_aggregation_preparation/native_explanation_stability_preparation/evidence_first_preparation/stability_preparation/nonempty_description_preparation/multiexpert_preparation/eos_alignment_preparation/assembly_plan_key_fix/regression_receipt.json
docs/research/cf_moa.md,/home/data3/txy/docs/research/cf_moa.md,单行diff,/home/data3/txy/Documents/Codex/2026-09-21/cf_moa/router_aggregation_preparation/native_explanation_stability_preparation/evidence_first_preparation/stability_preparation/nonempty_description_preparation/multiexpert_preparation/eos_alignment_preparation/assembly_plan_key_fix/schema_field_read.diff,/home/data3/txy/Documents/Codex/2026-09-21/cf_moa/router_aggregation_preparation/native_explanation_stability_preparation/evidence_first_preparation/stability_preparation/nonempty_description_preparation/multiexpert_preparation/eos_alignment_preparation/assembly_plan_key_fix/schema_field_read.diff
docs/research/cf_moa.md,/home/data3/txy/docs/research/cf_moa.md,失败现场,/home/data3/txy/Documents/Codex/2026-09-21/cf_moa/router_aggregation_preparation/native_explanation_stability_preparation/evidence_first_preparation/stability_preparation/nonempty_description_preparation/multiexpert_preparation/eos_alignment_preparation/assembly_plan_key_fix/failure.json,/home/data3/txy/Documents/Codex/2026-09-21/cf_moa/router_aggregation_preparation/native_explanation_stability_preparation/evidence_first_preparation/stability_preparation/nonempty_description_preparation/multiexpert_preparation/eos_alignment_preparation/assembly_plan_key_fix/failure.json
docs/research/cf_moa.md,/home/data3/txy/docs/research/cf_moa.md,原始终态验收,/home/data3/txy/Documents/Codex/2026-09-21/cf_moa/router_aggregation_preparation/native_explanation_stability_preparation/evidence_first_preparation/stability_preparation/nonempty_description_preparation/multiexpert_preparation/eos_alignment_preparation/extension_runtime_repair_live_receipt.json,/home/data3/txy/Documents/Codex/2026-09-21/cf_moa/router_aggregation_preparation/native_explanation_stability_preparation/evidence_first_preparation/stability_preparation/nonempty_description_preparation/multiexpert_preparation/eos_alignment_preparation/extension_runtime_repair_live_receipt.json
docs/research/cf_moa.md,/home/data3/txy/docs/research/cf_moa.md,原生评分收据,/home/data3/txy/Documents/Codex/2026-09-21/cf_moa/router_aggregation_preparation/native_explanation_stability_preparation/evidence_first_preparation/stability_preparation/nonempty_description_preparation/multiexpert_preparation/eos_alignment_preparation/complete_scores/receipt.json,/home/data3/txy/Documents/Codex/2026-09-21/cf_moa/router_aggregation_preparation/native_explanation_stability_preparation/evidence_first_preparation/stability_preparation/nonempty_description_preparation/multiexpert_preparation/eos_alignment_preparation/complete_scores/receipt.json
docs/research/cf_moa.md,/home/data3/txy/docs/research/cf_moa.md,一次扫描脚本,/home/data3/txy/Documents/Codex/2026-09-21/cf_moa/router_aggregation_preparation/native_explanation_stability_preparation/evidence_first_preparation/stability_preparation/nonempty_description_preparation/multiexpert_preparation/eos_alignment_preparation/complete_comparison/evidence_use_report.py,/home/data3/txy/Documents/Codex/2026-09-21/cf_moa/router_aggregation_preparation/native_explanation_stability_preparation/evidence_first_preparation/stability_preparation/nonempty_description_preparation/multiexpert_preparation/eos_alignment_preparation/complete_comparison/evidence_use_report.py
docs/research/cf_moa.md,/home/data3/txy/docs/research/cf_moa.md,242题证据使用分类trace,/home/data3/txy/Documents/Codex/2026-09-21/cf_moa/router_aggregation_preparation/native_explanation_stability_preparation/evidence_first_preparation/stability_preparation/nonempty_description_preparation/multiexpert_preparation/eos_alignment_preparation/complete_comparison/evidence_use_trace.jsonl,/home/data3/txy/Documents/Codex/2026-09-21/cf_moa/router_aggregation_preparation/native_explanation_stability_preparation/evidence_first_preparation/stability_preparation/nonempty_description_preparation/multiexpert_preparation/eos_alignment_preparation/complete_comparison/evidence_use_trace.jsonl
docs/research/cf_moa.md,/home/data3/txy/docs/research/cf_moa.md,工作区发布记录,../workspace.md#cf-moa-process-github-20260923,/home/data3/txy/docs/workspace.md#cf-moa-process-github-20260923
docs/research/cf_moa.md,/home/data3/txy/docs/research/cf_moa.md,修订证据目录,../../Documents/Codex/2026-09-21/cf_moa/plan_revision_20260923/README.md,/home/data3/txy/Documents/Codex/2026-09-21/cf_moa/plan_revision_20260923/README.md
docs/research/cf_moa.md,/home/data3/txy/docs/research/cf_moa.md,收据,../../Documents/Codex/2026-09-21/cf_moa/plan_revision_20260923/receipt.json,/home/data3/txy/Documents/Codex/2026-09-21/cf_moa/plan_revision_20260923/receipt.json
docs/research/cf_moa.md,/home/data3/txy/docs/research/cf_moa.md,本轮目录,../../Documents/Codex/2026-09-21/cf_moa/incremental_revision_20260923/README.md,/home/data3/txy/Documents/Codex/2026-09-21/cf_moa/incremental_revision_20260923/README.md
docs/research/cf_moa.md,/home/data3/txy/docs/research/cf_moa.md,放行manifest,../../Documents/Codex/2026-09-21/cf_moa/incremental_revision_20260923/smoke/release.json,/home/data3/txy/Documents/Codex/2026-09-21/cf_moa/incremental_revision_20260923/smoke/release.json
docs/research/cf_moa.md,/home/data3/txy/docs/research/cf_moa.md,逐题审阅,../../Documents/Codex/2026-09-21/cf_moa/incremental_revision_20260923/trace_attribution/review.md,/home/data3/txy/Documents/Codex/2026-09-21/cf_moa/incremental_revision_20260923/trace_attribution/review.md
docs/research/cf_moa.md,/home/data3/txy/docs/research/cf_moa.md,A2兼容收据,../../Documents/Codex/2026-09-21/cf_moa/incremental_revision_20260923/a2_native_parser/receipt.json,/home/data3/txy/Documents/Codex/2026-09-21/cf_moa/incremental_revision_20260923/a2_native_parser/receipt.json
docs/research/cf_moa.md,/home/data3/txy/docs/research/cf_moa.md,紧凑工具合同,../../Documents/Codex/2026-09-21/cf_moa/incremental_revision_20260923/compact_control/README.md,/home/data3/txy/Documents/Codex/2026-09-21/cf_moa/incremental_revision_20260923/compact_control/README.md
docs/research/cf_moa.md,/home/data3/txy/docs/research/cf_moa.md,暴露元数据清单,../../Documents/Codex/2026-09-21/cf_moa/incremental_revision_20260923/exposure_audit/README.md,/home/data3/txy/Documents/Codex/2026-09-21/cf_moa/incremental_revision_20260923/exposure_audit/README.md
docs/research/cf_moa.md,/home/data3/txy/docs/research/cf_moa.md,新接口,../../cf_moa/controller/baseline_native.py,/home/data3/txy/cf_moa/controller/baseline_native.py
docs/research/cf_moa.md,/home/data3/txy/docs/research/cf_moa.md,242行验收,../../Documents/Codex/2026-09-21/cf_moa/incremental_revision_20260923/baseline_contract/v2/README.md,/home/data3/txy/Documents/Codex/2026-09-21/cf_moa/incremental_revision_20260923/baseline_contract/v2/README.md
docs/research/cf_moa.md,/home/data3/txy/docs/research/cf_moa.md,独立终态验收,../../Documents/Codex/2026-09-21/cf_moa/incremental_revision_20260923/smoke/independent_acceptance/receipt.json,/home/data3/txy/Documents/Codex/2026-09-21/cf_moa/incremental_revision_20260923/smoke/independent_acceptance/receipt.json
docs/research/cf_moa.md,/home/data3/txy/docs/research/cf_moa.md,清理证据,../../Documents/Codex/2026-09-21/cf_moa/incremental_revision_20260923/smoke/lifecycle_cleanup.json,/home/data3/txy/Documents/Codex/2026-09-21/cf_moa/incremental_revision_20260923/smoke/lifecycle_cleanup.json
docs/research/cf_moa.md,/home/data3/txy/docs/research/cf_moa.md,准备manifest,../../Documents/Codex/2026-09-21/cf_moa/incremental_revision_20260923/a3_smoke_preparation/manifest.json,/home/data3/txy/Documents/Codex/2026-09-21/cf_moa/incremental_revision_20260923/a3_smoke_preparation/manifest.json
docs/research/cf_moa.md,/home/data3/txy/docs/research/cf_moa.md,58请求实际入口与原控制器回放,../../Documents/Codex/2026-09-21/cf_moa/incremental_revision_20260923/a3_smoke_preparation/live_acceptance/receipt.json,/home/data3/txy/Documents/Codex/2026-09-21/cf_moa/incremental_revision_20260923/a3_smoke_preparation/live_acceptance/receipt.json
docs/research/cf_moa.md,/home/data3/txy/docs/research/cf_moa.md,诊断决定,../../Documents/Codex/2026-09-21/cf_moa/incremental_revision_20260923/smoke/negative_diagnosis/decision.json,/home/data3/txy/Documents/Codex/2026-09-21/cf_moa/incremental_revision_20260923/smoke/negative_diagnosis/decision.json
docs/research/cf_moa.md,/home/data3/txy/docs/research/cf_moa.md,独立复核,../../Documents/Codex/2026-09-21/cf_moa/incremental_revision_20260923/a3_smoke_preparation/live_acceptance/independent_review/receipt.json,/home/data3/txy/Documents/Codex/2026-09-21/cf_moa/incremental_revision_20260923/a3_smoke_preparation/live_acceptance/independent_review/receipt.json
docs/research/cf_moa.md,/home/data3/txy/docs/research/cf_moa.md,新manifest,../../Documents/Codex/2026-09-21/cf_moa/incremental_revision_20260923/a3_development_preparation/manifest.json,/home/data3/txy/Documents/Codex/2026-09-21/cf_moa/incremental_revision_20260923/a3_development_preparation/manifest.json
docs/research/cf_moa.md,/home/data3/txy/docs/research/cf_moa.md,离线质量协议,../../Documents/Codex/2026-09-21/cf_moa/incremental_revision_20260923/a3_quality_analysis/protocol.json,/home/data3/txy/Documents/Codex/2026-09-21/cf_moa/incremental_revision_20260923/a3_quality_analysis/protocol.json
docs/research/cf_moa.md,/home/data3/txy/docs/research/cf_moa.md,开发终态验收,../../Documents/Codex/2026-09-21/cf_moa/incremental_revision_20260923/a3_development_preparation/live_acceptance/receipt.json,/home/data3/txy/Documents/Codex/2026-09-21/cf_moa/incremental_revision_20260923/a3_development_preparation/live_acceptance/receipt.json
docs/research/cf_moa.md,/home/data3/txy/docs/research/cf_moa.md,费用,../../Documents/Codex/2026-09-21/cf_moa/incremental_revision_20260923/a3_development_preparation/live_acceptance/full_panel_physical_cost.json,/home/data3/txy/Documents/Codex/2026-09-21/cf_moa/incremental_revision_20260923/a3_development_preparation/live_acceptance/full_panel_physical_cost.json
docs/research/cf_moa.md,/home/data3/txy/docs/research/cf_moa.md,执行结构,../../Documents/Codex/2026-09-21/cf_moa/incremental_revision_20260923/a3_development_preparation/live_acceptance/execution_structure.json,/home/data3/txy/Documents/Codex/2026-09-21/cf_moa/incremental_revision_20260923/a3_development_preparation/live_acceptance/execution_structure.json
docs/research/cf_moa.md,/home/data3/txy/docs/research/cf_moa.md,原生汇总,../../Documents/Codex/2026-09-21/cf_moa/incremental_revision_20260923/a3_quality_analysis/results/summary.json,/home/data3/txy/Documents/Codex/2026-09-21/cf_moa/incremental_revision_20260923/a3_quality_analysis/results/summary.json
docs/research/cf_moa.md,/home/data3/txy/docs/research/cf_moa.md,逐题结果,../../Documents/Codex/2026-09-21/cf_moa/incremental_revision_20260923/a3_quality_analysis/results/unique_inputs.jsonl,/home/data3/txy/Documents/Codex/2026-09-21/cf_moa/incremental_revision_20260923/a3_quality_analysis/results/unique_inputs.jsonl
docs/research/cf_moa.md,/home/data3/txy/docs/research/cf_moa.md,原生覆盖单元,../../Documents/Codex/2026-09-21/cf_moa/incremental_revision_20260923/a3_quality_analysis/results/native_unit_metrics_panel.json,/home/data3/txy/Documents/Codex/2026-09-21/cf_moa/incremental_revision_20260923/a3_quality_analysis/results/native_unit_metrics_panel.json
docs/research/cf_moa.md,/home/data3/txy/docs/research/cf_moa.md,未采用决定,../../Documents/Codex/2026-09-21/cf_moa/incremental_revision_20260923/a3_quality_analysis/non_adoption_decision.json,/home/data3/txy/Documents/Codex/2026-09-21/cf_moa/incremental_revision_20260923/a3_quality_analysis/non_adoption_decision.json
docs/research/cf_moa.md,/home/data3/txy/docs/research/cf_moa.md,成本账,../../Documents/Codex/2026-09-21/cf_moa/incremental_revision_20260923/cost_so_far.json,/home/data3/txy/Documents/Codex/2026-09-21/cf_moa/incremental_revision_20260923/cost_so_far.json
docs/research/cf_moa.md,/home/data3/txy/docs/research/cf_moa.md,独立计数复核,../../Documents/Codex/2026-09-21/cf_moa/incremental_revision_20260923/a3_quality_analysis/independent_count_audit.json,/home/data3/txy/Documents/Codex/2026-09-21/cf_moa/incremental_revision_20260923/a3_quality_analysis/independent_count_audit.json
docs/research/cf_moa.md,/home/data3/txy/docs/research/cf_moa.md,工作区记录,../workspace.md#cf-moa-incremental-v2-github-20260923,/home/data3/txy/docs/workspace.md#cf-moa-incremental-v2-github-20260923
docs/research/cf_moa.md,/home/data3/txy/docs/research/cf_moa.md,发布包,../../Documents/Codex/2026-09-21/cf_moa/publication_v2_20260923/README.md,/home/data3/txy/Documents/Codex/2026-09-21/cf_moa/publication_v2_20260923/README.md
docs/research/cf_moa.md,/home/data3/txy/docs/research/cf_moa.md,工作区记录,../workspace.md#cf-moa-incremental-v2-github-20260923,/home/data3/txy/docs/workspace.md#cf-moa-incremental-v2-github-20260923
docs/research/cf_moa.md,/home/data3/txy/docs/research/cf_moa.md,运行包,../../Documents/Codex/2026-09-21/cf_moa/effect_first_revision_20260923/README.md,/home/data3/txy/Documents/Codex/2026-09-21/cf_moa/effect_first_revision_20260923/README.md
docs/research/cf_moa.md,/home/data3/txy/docs/research/cf_moa.md,缓存审阅,../../Documents/Codex/2026-09-21/cf_moa/effect_first_revision_20260923/cached_review/README.md,/home/data3/txy/Documents/Codex/2026-09-21/cf_moa/effect_first_revision_20260923/cached_review/README.md
docs/research/cf_moa.md,/home/data3/txy/docs/research/cf_moa.md,quality34,../../Documents/Codex/2026-09-21/cf_moa/effect_first_revision_20260923/quality34/plan.json,/home/data3/txy/Documents/Codex/2026-09-21/cf_moa/effect_first_revision_20260923/quality34/plan.json
docs/research/cf_moa.md,/home/data3/txy/docs/research/cf_moa.md,A5包,../../Documents/Codex/2026-09-21/cf_moa/effect_first_revision_20260923/a5_preparation/README.md,/home/data3/txy/Documents/Codex/2026-09-21/cf_moa/effect_first_revision_20260923/a5_preparation/README.md
docs/research/cf_moa.md,/home/data3/txy/docs/research/cf_moa.md,独立分支收据,../../Documents/Codex/2026-09-21/cf_moa/effect_first_revision_20260923/readout_ar_v2_preparation/receipt.json,/home/data3/txy/Documents/Codex/2026-09-21/cf_moa/effect_first_revision_20260923/readout_ar_v2_preparation/receipt.json
docs/research/cf_moa.md,/home/data3/txy/docs/research/cf_moa.md,范围收据,../../Documents/Codex/2026-09-21/cf_moa/effect_first_revision_20260923/paired_preparation/scope_summary.json,/home/data3/txy/Documents/Codex/2026-09-21/cf_moa/effect_first_revision_20260923/paired_preparation/scope_summary.json
docs/research/cf_moa.md,/home/data3/txy/docs/research/cf_moa.md,a5_quality121,../../Documents/Codex/2026-09-21/cf_moa/effect_first_revision_20260923/a5_quality121/plan.json,/home/data3/txy/Documents/Codex/2026-09-21/cf_moa/effect_first_revision_20260923/a5_quality121/plan.json
docs/research/cf_moa.md,/home/data3/txy/docs/research/cf_moa.md,合成方案,../../Documents/Codex/2026-09-21/cf_moa/effect_first_revision_20260923/a5_preparation/synthetic_run_plan.json,/home/data3/txy/Documents/Codex/2026-09-21/cf_moa/effect_first_revision_20260923/a5_preparation/synthetic_run_plan.json
docs/research/cf_moa.md,/home/data3/txy/docs/research/cf_moa.md,检查收据,../../Documents/Codex/2026-09-21/cf_moa/effect_first_revision_20260923/a5_preparation/prelaunch_review.json,/home/data3/txy/Documents/Codex/2026-09-21/cf_moa/effect_first_revision_20260923/a5_preparation/prelaunch_review.json
docs/research/cf_moa.md,/home/data3/txy/docs/research/cf_moa.md,quality34结果,../../Documents/Codex/2026-09-21/cf_moa/effect_first_revision_20260923/quality34/results/summary.json,/home/data3/txy/Documents/Codex/2026-09-21/cf_moa/effect_first_revision_20260923/quality34/results/summary.json
docs/research/cf_moa.md,/home/data3/txy/docs/research/cf_moa.md,准备,../../Documents/Codex/2026-09-21/cf_moa/effect_first_revision_20260923/readout_multi9_r2/preparation_receipt.json,/home/data3/txy/Documents/Codex/2026-09-21/cf_moa/effect_first_revision_20260923/readout_multi9_r2/preparation_receipt.json
docs/research/cf_moa.md,/home/data3/txy/docs/research/cf_moa.md,本次放行,../../Documents/Codex/2026-09-21/cf_moa/effect_first_revision_20260923/readout_multi9_r2/release.json,/home/data3/txy/Documents/Codex/2026-09-21/cf_moa/effect_first_revision_20260923/readout_multi9_r2/release.json
docs/research/cf_moa.md,/home/data3/txy/docs/research/cf_moa.md,完整原生评分,../../Documents/Codex/2026-09-21/cf_moa/effect_first_revision_20260923/a5_quality121/results/summary.json,/home/data3/txy/Documents/Codex/2026-09-21/cf_moa/effect_first_revision_20260923/a5_quality121/results/summary.json
docs/research/cf_moa.md,/home/data3/txy/docs/research/cf_moa.md,范围/调用/方法成本,../../Documents/Codex/2026-09-21/cf_moa/effect_first_revision_20260923/a5_quality121/results/a5_detail/summary.json,/home/data3/txy/Documents/Codex/2026-09-21/cf_moa/effect_first_revision_20260923/a5_quality121/results/a5_detail/summary.json
docs/research/cf_moa.md,/home/data3/txy/docs/research/cf_moa.md,配对结果,../../Documents/Codex/2026-09-21/cf_moa/effect_first_revision_20260923/a5_quality121/results/pairs/pair_summary.json,/home/data3/txy/Documents/Codex/2026-09-21/cf_moa/effect_first_revision_20260923/a5_quality121/results/pairs/pair_summary.json
docs/research/cf_moa.md,/home/data3/txy/docs/research/cf_moa.md,M4,../../Documents/Codex/2026-09-21/cf_moa/effect_first_revision_20260923/synthetic_live/m4/results/summary.json,/home/data3/txy/Documents/Codex/2026-09-21/cf_moa/effect_first_revision_20260923/synthetic_live/m4/results/summary.json
docs/research/cf_moa.md,/home/data3/txy/docs/research/cf_moa.md,M5,../../Documents/Codex/2026-09-21/cf_moa/effect_first_revision_20260923/synthetic_live/m5/results/summary.json,/home/data3/txy/Documents/Codex/2026-09-21/cf_moa/effect_first_revision_20260923/synthetic_live/m5/results/summary.json
docs/research/cf_moa.md,/home/data3/txy/docs/research/cf_moa.md,验收,../../Documents/Codex/2026-09-21/cf_moa/effect_first_revision_20260923/a5_preparation/completed_live_integrity.json,/home/data3/txy/Documents/Codex/2026-09-21/cf_moa/effect_first_revision_20260923/a5_preparation/completed_live_integrity.json
docs/research/cf_moa.md,/home/data3/txy/docs/research/cf_moa.md,完整9题组合,../../Documents/Codex/2026-09-21/cf_moa/effect_first_revision_20260923/readout_multi9_r2/composite_results/summary.json,/home/data3/txy/Documents/Codex/2026-09-21/cf_moa/effect_first_revision_20260923/readout_multi9_r2/composite_results/summary.json
docs/research/cf_moa.md,/home/data3/txy/docs/research/cf_moa.md,新实际入口,../../Documents/Codex/2026-09-21/cf_moa/effect_first_revision_20260923/readout_multi9_r2/live_integrity.json,/home/data3/txy/Documents/Codex/2026-09-21/cf_moa/effect_first_revision_20260923/readout_multi9_r2/live_integrity.json
docs/research/cf_moa.md,/home/data3/txy/docs/research/cf_moa.md,逐条解释,../../Documents/Codex/2026-09-21/cf_moa/effect_first_revision_20260923/quality34/interpretation/README.md,/home/data3/txy/Documents/Codex/2026-09-21/cf_moa/effect_first_revision_20260923/quality34/interpretation/README.md
docs/research/cf_moa.md,/home/data3/txy/docs/research/cf_moa.md,non_adoption_decision.json,../../Documents/Codex/2026-09-21/cf_moa/effect_first_revision_20260923/non_adoption_decision.json,/home/data3/txy/Documents/Codex/2026-09-21/cf_moa/effect_first_revision_20260923/non_adoption_decision.json
docs/research/cf_moa.md,/home/data3/txy/docs/research/cf_moa.md,成本账,../../Documents/Codex/2026-09-21/cf_moa/effect_first_revision_20260923/cost_so_far.json,/home/data3/txy/Documents/Codex/2026-09-21/cf_moa/effect_first_revision_20260923/cost_so_far.json
docs/research/cf_moa.md,/home/data3/txy/docs/research/cf_moa.md,交付索引,../../Documents/Codex/2026-09-21/cf_moa/effect_first_revision_20260923/delivery_index.json,/home/data3/txy/Documents/Codex/2026-09-21/cf_moa/effect_first_revision_20260923/delivery_index.json
docs/research/cf_moa.md,/home/data3/txy/docs/research/cf_moa.md,固定计划,../../Documents/Codex/2026-09-21/cf_moa/effect_first_revision_20260923/cycle2/a3_original8/plan.json,/home/data3/txy/Documents/Codex/2026-09-21/cf_moa/effect_first_revision_20260923/cycle2/a3_original8/plan.json
docs/research/cf_moa.md,/home/data3/txy/docs/research/cf_moa.md,完整评分,../../Documents/Codex/2026-09-21/cf_moa/effect_first_revision_20260923/cycle2/a3_original8/results/summary.json,/home/data3/txy/Documents/Codex/2026-09-21/cf_moa/effect_first_revision_20260923/cycle2/a3_original8/results/summary.json
docs/research/cf_moa.md,/home/data3/txy/docs/research/cf_moa.md,comparison.json,../../Documents/Codex/2026-09-21/cf_moa/effect_first_revision_20260923/cycle2/a5_scope32/comparison.json,/home/data3/txy/Documents/Codex/2026-09-21/cf_moa/effect_first_revision_20260923/cycle2/a5_scope32/comparison.json
docs/research/cf_moa.md,/home/data3/txy/docs/research/cf_moa.md,真实入口验收,../../Documents/Codex/2026-09-21/cf_moa/effect_first_revision_20260923/cycle2/a5_scope32/actual_execution_receipt.json,/home/data3/txy/Documents/Codex/2026-09-21/cf_moa/effect_first_revision_20260923/cycle2/a5_scope32/actual_execution_receipt.json
docs/research/cf_moa.md,/home/data3/txy/docs/research/cf_moa.md,有限语义核查,../../Documents/Codex/2026-09-21/cf_moa/effect_first_revision_20260923/cycle2/a5_scope32/comparison.md,/home/data3/txy/Documents/Codex/2026-09-21/cf_moa/effect_first_revision_20260923/cycle2/a5_scope32/comparison.md
docs/research/cf_moa.md,/home/data3/txy/docs/research/cf_moa.md,真实入口有限抽查,../../Documents/Codex/2026-09-21/cf_moa/effect_first_revision_20260923/cycle2/a1_target34/interpretation/actual_entry_sample.json,/home/data3/txy/Documents/Codex/2026-09-21/cf_moa/effect_first_revision_20260923/cycle2/a1_target34/interpretation/actual_entry_sample.json
docs/research/cf_moa.md,/home/data3/txy/docs/research/cf_moa.md,interpretation.json,../../Documents/Codex/2026-09-21/cf_moa/effect_first_revision_20260923/cycle2/a3_original8/interpretation.json,/home/data3/txy/Documents/Codex/2026-09-21/cf_moa/effect_first_revision_20260923/cycle2/a3_original8/interpretation.json
docs/research/cf_moa.md,/home/data3/txy/docs/research/cf_moa.md,完整评分,../../Documents/Codex/2026-09-21/cf_moa/effect_first_revision_20260923/cycle2/a1_target34/results/summary.json,/home/data3/txy/Documents/Codex/2026-09-21/cf_moa/effect_first_revision_20260923/cycle2/a1_target34/results/summary.json
docs/research/cf_moa.md,/home/data3/txy/docs/research/cf_moa.md,实际逐题解释,../../Documents/Codex/2026-09-21/cf_moa/effect_first_revision_20260923/cycle2/a1_target34/interpretation/a1_target_interpretation.json,/home/data3/txy/Documents/Codex/2026-09-21/cf_moa/effect_first_revision_20260923/cycle2/a1_target34/interpretation/a1_target_interpretation.json
docs/research/cf_moa.md,/home/data3/txy/docs/research/cf_moa.md,配对分析,../../Documents/Codex/2026-09-21/cf_moa/effect_first_revision_20260923/cycle2/a1_target34/paired_results/pair_summary.json,/home/data3/txy/Documents/Codex/2026-09-21/cf_moa/effect_first_revision_20260923/cycle2/a1_target34/paired_results/pair_summary.json
docs/research/cf_moa.md,/home/data3/txy/docs/research/cf_moa.md,12条改判逐题审阅,../../Documents/Codex/2026-09-21/cf_moa/effect_first_revision_20260923/cycle2/a1_target34/interpretation/changed_case_review.md,/home/data3/txy/Documents/Codex/2026-09-21/cf_moa/effect_first_revision_20260923/cycle2/a1_target34/interpretation/changed_case_review.md
docs/research/cf_moa.md,/home/data3/txy/docs/research/cf_moa.md,固定协议,../../Documents/Codex/2026-09-21/cf_moa/effect_first_revision_20260923/cycle2/a1_target34/direct_verdict_readout/plan.json,/home/data3/txy/Documents/Codex/2026-09-21/cf_moa/effect_first_revision_20260923/cycle2/a1_target34/direct_verdict_readout/plan.json
docs/research/cf_moa.md,/home/data3/txy/docs/research/cf_moa.md,新身份结果,../../Documents/Codex/2026-09-21/cf_moa/effect_first_revision_20260923/cycle2/a1_target34/direct_verdict_readout/results/summary.json,/home/data3/txy/Documents/Codex/2026-09-21/cf_moa/effect_first_revision_20260923/cycle2/a1_target34/direct_verdict_readout/results/summary.json
docs/research/cf_moa.md,/home/data3/txy/docs/research/cf_moa.md,第二轮交付索引,../../Documents/Codex/2026-09-21/cf_moa/effect_first_revision_20260923/cycle2/delivery_index.json,/home/data3/txy/Documents/Codex/2026-09-21/cf_moa/effect_first_revision_20260923/cycle2/delivery_index.json
docs/research/cf_moa.md,/home/data3/txy/docs/research/cf_moa.md,decision.json,../../Documents/Codex/2026-09-21/cf_moa/effect_first_revision_20260923/cycle2/decision.json,/home/data3/txy/Documents/Codex/2026-09-21/cf_moa/effect_first_revision_20260923/cycle2/decision.json
docs/research/cf_moa.md,/home/data3/txy/docs/research/cf_moa.md,cost.json,../../Documents/Codex/2026-09-21/cf_moa/effect_first_revision_20260923/cycle2/cost.json,/home/data3/txy/Documents/Codex/2026-09-21/cf_moa/effect_first_revision_20260923/cycle2/cost.json
docs/research/cf_moa.md,/home/data3/txy/docs/research/cf_moa.md,资源主记录,../workspace.md#gpu-reservation-handoff-20260923,/home/data3/txy/docs/workspace.md#gpu-reservation-handoff-20260923
docs/research/cf_moa.md,/home/data3/txy/docs/research/cf_moa.md,资源源码核查,../workspace.md#gpu-reservation-handoff-20260923,/home/data3/txy/docs/workspace.md#gpu-reservation-handoff-20260923
docs/research/cf_moa.md,/home/data3/txy/docs/research/cf_moa.md,评分,../../Documents/Codex/2026-09-21/cf_moa/effect_first_revision_20260923/cycle3/answer34/results/summary.json,/home/data3/txy/Documents/Codex/2026-09-21/cf_moa/effect_first_revision_20260923/cycle3/answer34/results/summary.json
docs/research/cf_moa.md,/home/data3/txy/docs/research/cf_moa.md,三臂比较,../../Documents/Codex/2026-09-21/cf_moa/effect_first_revision_20260923/cycle3/answer34/interpretation/comparison.md,/home/data3/txy/Documents/Codex/2026-09-21/cf_moa/effect_first_revision_20260923/cycle3/answer34/interpretation/comparison.md
docs/research/cf_moa.md,/home/data3/txy/docs/research/cf_moa.md,未采用决定,../../Documents/Codex/2026-09-21/cf_moa/effect_first_revision_20260923/cycle3/decision.json,/home/data3/txy/Documents/Codex/2026-09-21/cf_moa/effect_first_revision_20260923/cycle3/decision.json
docs/research/cf_moa.md,/home/data3/txy/docs/research/cf_moa.md,cost,../../Documents/Codex/2026-09-21/cf_moa/effect_first_revision_20260923/cycle3/cost.json,/home/data3/txy/Documents/Codex/2026-09-21/cf_moa/effect_first_revision_20260923/cycle3/cost.json
docs/research/cf_moa.md,/home/data3/txy/docs/research/cf_moa.md,运行收据,../../Documents/Codex/2026-09-21/cf_moa/effect_first_revision_20260923/cycle3/execution_receipt.json,/home/data3/txy/Documents/Codex/2026-09-21/cf_moa/effect_first_revision_20260923/cycle3/execution_receipt.json
docs/research/cf_moa.md,/home/data3/txy/docs/research/cf_moa.md,实测收据,../../Documents/Codex/2026-09-21/cf_moa/effect_first_revision_20260923/cycle3/profile_memory_live_receipt.json,/home/data3/txy/Documents/Codex/2026-09-21/cf_moa/effect_first_revision_20260923/cycle3/profile_memory_live_receipt.json
docs/research/cf_moa.md,/home/data3/txy/docs/research/cf_moa.md,交付索引,../../Documents/Codex/2026-09-21/cf_moa/effect_first_revision_20260923/cycle3/delivery_index.json,/home/data3/txy/Documents/Codex/2026-09-21/cf_moa/effect_first_revision_20260923/cycle3/delivery_index.json
docs/research/cf_moa.md,/home/data3/txy/docs/research/cf_moa.md,cycle4,../../Documents/Codex/2026-09-21/cf_moa/effect_first_revision_20260923/cycle4/README.md,/home/data3/txy/Documents/Codex/2026-09-21/cf_moa/effect_first_revision_20260923/cycle4/README.md
docs/research/cf_moa.md,/home/data3/txy/docs/research/cf_moa.md,实际入口,../../Documents/Codex/2026-09-21/cf_moa/effect_first_revision_20260923/cycle4/actual_entry_receipt.json,/home/data3/txy/Documents/Codex/2026-09-21/cf_moa/effect_first_revision_20260923/cycle4/actual_entry_receipt.json
docs/research/cf_moa.md,/home/data3/txy/docs/research/cf_moa.md,固定样本诊断,../../Documents/Codex/2026-09-21/cf_moa/effect_first_revision_20260923/cycle4/fixed_entry_sample_diagnosis.md,/home/data3/txy/Documents/Codex/2026-09-21/cf_moa/effect_first_revision_20260923/cycle4/fixed_entry_sample_diagnosis.md
docs/research/cf_moa.md,/home/data3/txy/docs/research/cf_moa.md,完整比较,../../Documents/Codex/2026-09-21/cf_moa/effect_first_revision_20260923/cycle4/analysis/comparison.md,/home/data3/txy/Documents/Codex/2026-09-21/cf_moa/effect_first_revision_20260923/cycle4/analysis/comparison.md
docs/research/cf_moa.md,/home/data3/txy/docs/research/cf_moa.md,逐变化路径,../../Documents/Codex/2026-09-21/cf_moa/effect_first_revision_20260923/cycle4/analysis/changed_paths.json,/home/data3/txy/Documents/Codex/2026-09-21/cf_moa/effect_first_revision_20260923/cycle4/analysis/changed_paths.json
docs/research/cf_moa.md,/home/data3/txy/docs/research/cf_moa.md,诊断合同审阅,../../Documents/Codex/2026-09-21/cf_moa/effect_first_revision_20260923/cycle4/native_diagnosis_contract_diagnosis.json,/home/data3/txy/Documents/Codex/2026-09-21/cf_moa/effect_first_revision_20260923/cycle4/native_diagnosis_contract_diagnosis.json
docs/research/cf_moa.md,/home/data3/txy/docs/research/cf_moa.md,未采用决定,../../Documents/Codex/2026-09-21/cf_moa/effect_first_revision_20260923/cycle4/decision.json,/home/data3/txy/Documents/Codex/2026-09-21/cf_moa/effect_first_revision_20260923/cycle4/decision.json
docs/research/cf_moa.md,/home/data3/txy/docs/research/cf_moa.md,费用,../../Documents/Codex/2026-09-21/cf_moa/effect_first_revision_20260923/cycle4/analysis/cost.json,/home/data3/txy/Documents/Codex/2026-09-21/cf_moa/effect_first_revision_20260923/cycle4/analysis/cost.json
docs/research/cf_moa.md,/home/data3/txy/docs/research/cf_moa.md,交付索引,../../Documents/Codex/2026-09-21/cf_moa/effect_first_revision_20260923/cycle4/delivery_index.json,/home/data3/txy/Documents/Codex/2026-09-21/cf_moa/effect_first_revision_20260923/cycle4/delivery_index.json
docs/research/cf_moa.md,/home/data3/txy/docs/research/cf_moa.md,工作区记录,../workspace.md#gpu-reservation-handoff-20260923,/home/data3/txy/docs/workspace.md#gpu-reservation-handoff-20260923
docs/research/cf_moa.md,/home/data3/txy/docs/research/cf_moa.md,工作区记录,../workspace.md#cf-moa-effect-first-v3-github-20260923,/home/data3/txy/docs/workspace.md#cf-moa-effect-first-v3-github-20260923
docs/research/cf_moa.md,/home/data3/txy/docs/research/cf_moa.md,工作区发布记录,../workspace.md#cf-moa-effect-first-v3-github-20260923,/home/data3/txy/docs/workspace.md#cf-moa-effect-first-v3-github-20260923
docs/research/cf_moa.md,/home/data3/txy/docs/research/cf_moa.md,完整分析,../../Documents/Codex/2026-09-23/cf_moa_minimal_revision_20260923/analysis/report.md,/home/data3/txy/Documents/Codex/2026-09-23/cf_moa_minimal_revision_20260923/analysis/report.md
